fazenda,data,pluvio_id,tipo,mm_bruto,mm
RDM,2026-08-17,RDM-101,pivo,0.0,0.0
RDM,2026-08-17,RDM-102,pivo,0.0,0.0
RDM,2026-08-17,RDM-103,pivo,0.0,0.0
RDM,2026-08-17,RDM-104,pivo,0.0,0.0
RDM,2026-08-17,RDM-105,pivo,0.0,0.0
RDM,2026-08-17,RDM-106,pivo,0.0,0.0
RDM,2026-08-17,RDM-107,pivo,0.0,0.0
RDM,2026-08-17,RDM-108,pivo,0.0,0.0
RDM,2026-08-17,RDM-109,pivo,0.0,0.0
RDM,2026-08-17,RDM-110,pivo,0.0,0.0
RDM,2026-08-17,RDM-112,pivo,0.0,0.0
RDM,2026-08-17,RDM-113,pivo,0.0,0.0
RDM,2026-08-17,RDM-114,pivo,0.0,0.0
RDM,2026-08-17,RDM-115,pivo,0.0,0.0
RDM,2026-08-17,RDM-116,pivo,0.0,0.0
RDM,2026-08-17,RDM-117,pivo,0.0,0.0
RDM,2026-08-17,RDM-118,pivo,0.0,0.0
RDM,2026-08-17,RDM-119,pivo,0.0,0.0
RDM,2026-08-17,RDM-120,pivo,0.0,0.0
RDM,2026-08-17,RDM-121,pivo,0.0,0.0
RDM,2026-08-17,RDM-122,pivo,0.0,0.0
RDM,2026-08-17,RDM-123,pivo,0.0,0.0
RDM,2026-08-17,RDM-124,pivo,0.0,0.0
RDM,2026-08-17,RDM-125,pivo,0.9,0.9
RDM,2026-08-17,RDM-126,pivo,0.0,0.0
RDM,2026-08-17,RDM-127,pivo,0.0,0.0
RDM,2026-08-17,RDM-128,pivo,0.0,0.0
RDM,2026-08-17,RDM-129,pivo,0.0,0.0
RDM,2026-08-17,RDM-130,pivo,0.0,0.0
RDM,2026-08-17,RDM-131,pivo,0.0,0.0
RDM,2026-08-17,RDM-132,pivo,0.0,0.0
RDM,2026-08-17,RDM-133,pivo,0.0,0.0
RDM,2026-08-17,RDM-SC17D8,estacao,0.0,0.0
RDM,2026-08-17,RDM-SC1A38,estacao,0.0,0.0
RDM,2026-08-17,RDM-SC1A4C,estacao,0.0,0.0
RDM,2026-08-17,RDM-SC1AA8,estacao,0.0,0.0
RDM,2026-08-17,RDM-SC1B34,estacao,0.0,0.0
RDM,2026-08-17,RDM-SC1BA8,estacao,0.0,0.0
RDM,2026-08-16,RDM-101,pivo,0.0,0.0
RDM,2026-08-16,RDM-102,pivo,0.0,0.0
RDM,2026-08-16,RDM-103,pivo,0.0,0.0
RDM,2026-08-16,RDM-104,pivo,0.0,0.0
RDM,2026-08-16,RDM-105,pivo,0.0,0.0
RDM,2026-08-16,RDM-106,pivo,0.0,0.0
RDM,2026-08-16,RDM-107,pivo,0.0,0.0
RDM,2026-08-16,RDM-108,pivo,0.0,0.0
RDM,2026-08-16,RDM-109,pivo,0.0,0.0
RDM,2026-08-16,RDM-110,pivo,0.0,0.0
RDM,2026-08-16,RDM-112,pivo,0.0,0.0
RDM,2026-08-16,RDM-113,pivo,0.0,0.0
RDM,2026-08-16,RDM-114,pivo,0.0,0.0
RDM,2026-08-16,RDM-115,pivo,0.0,0.0
RDM,2026-08-16,RDM-116,pivo,0.0,0.0
RDM,2026-08-16,RDM-117,pivo,0.0,0.0
RDM,2026-08-16,RDM-118,pivo,0.0,0.0
RDM,2026-08-16,RDM-119,pivo,0.0,0.0
RDM,2026-08-16,RDM-120,pivo,0.0,0.0
RDM,2026-08-16,RDM-121,pivo,0.0,0.0
RDM,2026-08-16,RDM-122,pivo,0.0,0.0
RDM,2026-08-16,RDM-123,pivo,0.0,0.0
RDM,2026-08-16,RDM-124,pivo,0.0,0.0
RDM,2026-08-16,RDM-125,pivo,0.0,0.0
RDM,2026-08-16,RDM-126,pivo,0.0,0.0
RDM,2026-08-16,RDM-127,pivo,0.0,0.0
RDM,2026-08-16,RDM-128,pivo,0.0,0.0
RDM,2026-08-16,RDM-129,pivo,0.0,0.0
RDM,2026-08-16,RDM-130,pivo,0.76,0.76
RDM,2026-08-16,RDM-131,pivo,0.76,0.76
RDM,2026-08-16,RDM-132,pivo,6.9,6.9
RDM,2026-08-16,RDM-133,pivo,0.0,0.0
RDM,2026-08-16,RDM-SC17D8,estacao,0.0,0.0
RDM,2026-08-16,RDM-SC1A38,estacao,0.0,0.0
RDM,2026-08-16,RDM-SC1A4C,estacao,0.0,0.0
RDM,2026-08-16,RDM-SC1AA8,estacao,0.0,0.0
RDM,2026-08-16,RDM-SC1B34,estacao,0.0,0.0
RDM,2026-08-16,RDM-SC1BA8,estacao,0.0,0.0
RDM,2026-08-15,RDM-101,pivo,0.0,0.0
RDM,2026-08-15,RDM-102,pivo,0.0,0.0
RDM,2026-08-15,RDM-103,pivo,0.0,0.0
RDM,2026-08-15,RDM-104,pivo,0.0,0.0
RDM,2026-08-15,RDM-105,pivo,0.0,0.0
RDM,2026-08-15,RDM-106,pivo,0.0,0.0
RDM,2026-08-15,RDM-107,pivo,0.0,0.0
RDM,2026-08-15,RDM-108,pivo,0.0,0.0
RDM,2026-08-15,RDM-109,pivo,0.0,0.0
RDM,2026-08-15,RDM-110,pivo,0.0,0.0
RDM,2026-08-15,RDM-112,pivo,0.0,0.0
RDM,2026-08-15,RDM-113,pivo,0.0,0.0
RDM,2026-08-15,RDM-114,pivo,0.0,0.0
RDM,2026-08-15,RDM-115,pivo,0.0,0.0
RDM,2026-08-15,RDM-116,pivo,0.0,0.0
RDM,2026-08-15,RDM-117,pivo,0.0,0.0
RDM,2026-08-15,RDM-118,pivo,0.0,0.0
RDM,2026-08-15,RDM-119,pivo,0.0,0.0
RDM,2026-08-15,RDM-120,pivo,0.0,0.0
RDM,2026-08-15,RDM-121,pivo,0.0,0.0
RDM,2026-08-15,RDM-122,pivo,0.0,0.0
RDM,2026-08-15,RDM-123,pivo,0.0,0.0
RDM,2026-08-15,RDM-124,pivo,0.0,0.0
RDM,2026-08-15,RDM-125,pivo,0.3,0.3
RDM,2026-08-15,RDM-126,pivo,0.0,0.0
RDM,2026-08-15,RDM-127,pivo,0.0,0.0
RDM,2026-08-15,RDM-128,pivo,0.0,0.0
RDM,2026-08-15,RDM-129,pivo,0.0,0.0
RDM,2026-08-15,RDM-130,pivo,0.0,0.0
RDM,2026-08-15,RDM-131,pivo,0.25,0.25
RDM,2026-08-15,RDM-132,pivo,0.0,0.0
RDM,2026-08-15,RDM-133,pivo,0.0,0.0
RDM,2026-08-15,RDM-SC17D8,estacao,0.0,0.0
RDM,2026-08-15,RDM-SC1A38,estacao,0.0,0.0
RDM,2026-08-15,RDM-SC1A4C,estacao,0.0,0.0
RDM,2026-08-15,RDM-SC1AA8,estacao,0.0,0.0
RDM,2026-08-15,RDM-SC1B34,estacao,0.0,0.0
RDM,2026-08-15,RDM-SC1BA8,estacao,0.0,0.0
RDM,2026-08-14,RDM-101,pivo,0.0,0.0
RDM,2026-08-14,RDM-102,pivo,0.0,0.0
RDM,2026-08-14,RDM-103,pivo,0.0,0.0
RDM,2026-08-14,RDM-104,pivo,0.0,0.0
RDM,2026-08-14,RDM-105,pivo,0.0,0.0
RDM,2026-08-14,RDM-106,pivo,0.0,0.0
RDM,2026-08-14,RDM-107,pivo,0.0,0.0
RDM,2026-08-14,RDM-108,pivo,0.0,0.0
RDM,2026-08-14,RDM-109,pivo,0.0,0.0
RDM,2026-08-14,RDM-110,pivo,0.0,0.0
RDM,2026-08-14,RDM-112,pivo,0.0,0.0
RDM,2026-08-14,RDM-113,pivo,0.0,0.0
RDM,2026-08-14,RDM-114,pivo,0.0,0.0
RDM,2026-08-14,RDM-115,pivo,0.0,0.0
RDM,2026-08-14,RDM-116,pivo,1.02,1.02
RDM,2026-08-14,RDM-117,pivo,0.0,0.0
RDM,2026-08-14,RDM-118,pivo,0.0,0.0
RDM,2026-08-14,RDM-119,pivo,0.0,0.0
RDM,2026-08-14,RDM-120,pivo,0.0,0.0
RDM,2026-08-14,RDM-121,pivo,0.0,0.0
RDM,2026-08-14,RDM-122,pivo,0.0,0.0
RDM,2026-08-14,RDM-123,pivo,0.0,0.0
RDM,2026-08-14,RDM-124,pivo,0.0,0.0
RDM,2026-08-14,RDM-125,pivo,0.0,0.0
RDM,2026-08-14,RDM-126,pivo,0.0,0.0
RDM,2026-08-14,RDM-127,pivo,0.0,0.0
RDM,2026-08-14,RDM-128,pivo,0.0,0.0
RDM,2026-08-14,RDM-129,pivo,0.0,0.0
RDM,2026-08-14,RDM-130,pivo,0.0,0.0
RDM,2026-08-14,RDM-131,pivo,0.0,0.0
RDM,2026-08-14,RDM-132,pivo,6.3,6.3
RDM,2026-08-14,RDM-133,pivo,0.25,0.25
RDM,2026-08-14,RDM-SC17D8,estacao,0.0,0.0
RDM,2026-08-14,RDM-SC1A38,estacao,0.0,0.0
RDM,2026-08-14,RDM-SC1A4C,estacao,0.0,0.0
RDM,2026-08-14,RDM-SC1AA8,estacao,0.0,0.0
RDM,2026-08-14,RDM-SC1B34,estacao,0.0,0.0
RDM,2026-08-14,RDM-SC1BA8,estacao,0.0,0.0
RDM,2026-08-13,RDM-101,pivo,0.0,0.0
RDM,2026-08-13,RDM-102,pivo,0.0,0.0
RDM,2026-08-13,RDM-103,pivo,0.0,0.0
RDM,2026-08-13,RDM-104,pivo,0.0,0.0
RDM,2026-08-13,RDM-105,pivo,0.0,0.0
RDM,2026-08-13,RDM-106,pivo,0.0,0.0
RDM,2026-08-13,RDM-107,pivo,0.0,0.0
RDM,2026-08-13,RDM-108,pivo,0.0,0.0
RDM,2026-08-13,RDM-109,pivo,0.0,0.0
RDM,2026-08-13,RDM-110,pivo,0.0,0.0
RDM,2026-08-13,RDM-112,pivo,0.0,0.0
RDM,2026-08-13,RDM-113,pivo,0.0,0.0
RDM,2026-08-13,RDM-114,pivo,0.0,0.0
RDM,2026-08-13,RDM-115,pivo,0.0,0.0
RDM,2026-08-13,RDM-116,pivo,0.0,0.0
RDM,2026-08-13,RDM-117,pivo,0.0,0.0
RDM,2026-08-13,RDM-118,pivo,0.0,0.0
RDM,2026-08-13,RDM-119,pivo,0.0,0.0
RDM,2026-08-13,RDM-120,pivo,0.0,0.0
RDM,2026-08-13,RDM-121,pivo,0.0,0.0
RDM,2026-08-13,RDM-122,pivo,0.0,0.0
RDM,2026-08-13,RDM-123,pivo,0.0,0.0
RDM,2026-08-13,RDM-124,pivo,0.0,0.0
RDM,2026-08-13,RDM-125,pivo,0.0,0.0
RDM,2026-08-13,RDM-126,pivo,0.0,0.0
RDM,2026-08-13,RDM-127,pivo,0.0,0.0
RDM,2026-08-13,RDM-128,pivo,0.0,0.0
RDM,2026-08-13,RDM-129,pivo,0.0,0.0
RDM,2026-08-13,RDM-130,pivo,2.29,2.29
RDM,2026-08-13,RDM-131,pivo,1.27,1.27
RDM,2026-08-13,RDM-132,pivo,0.0,0.0
RDM,2026-08-13,RDM-133,pivo,3.56,3.56
RDM,2026-08-13,RDM-SC17D8,estacao,0.0,0.0
RDM,2026-08-13,RDM-SC1A38,estacao,0.0,0.0
RDM,2026-08-13,RDM-SC1A4C,estacao,0.0,0.0
RDM,2026-08-13,RDM-SC1AA8,estacao,0.0,0.0
RDM,2026-08-13,RDM-SC1B34,estacao,0.0,0.0
RDM,2026-08-13,RDM-SC1BA8,estacao,0.0,0.0
RDM,2026-08-12,RDM-101,pivo,0.0,0.0
RDM,2026-08-12,RDM-102,pivo,0.0,0.0
RDM,2026-08-12,RDM-103,pivo,0.0,0.0
RDM,2026-08-12,RDM-104,pivo,0.0,0.0
RDM,2026-08-12,RDM-105,pivo,0.0,0.0
RDM,2026-08-12,RDM-106,pivo,0.0,0.0
RDM,2026-08-12,RDM-107,pivo,0.0,0.0
RDM,2026-08-12,RDM-108,pivo,0.0,0.0
RDM,2026-08-12,RDM-109,pivo,0.0,0.0
RDM,2026-08-12,RDM-110,pivo,0.0,0.0
RDM,2026-08-12,RDM-112,pivo,0.0,0.0
RDM,2026-08-12,RDM-113,pivo,0.0,0.0
RDM,2026-08-12,RDM-114,pivo,0.0,0.0
RDM,2026-08-12,RDM-115,pivo,0.0,0.0
RDM,2026-08-12,RDM-116,pivo,0.0,0.0
RDM,2026-08-12,RDM-117,pivo,0.0,0.0
RDM,2026-08-12,RDM-118,pivo,0.0,0.0
RDM,2026-08-12,RDM-119,pivo,0.0,0.0
RDM,2026-08-12,RDM-120,pivo,0.0,0.0
RDM,2026-08-12,RDM-121,pivo,0.0,0.0
RDM,2026-08-12,RDM-122,pivo,0.0,0.0
RDM,2026-08-12,RDM-123,pivo,0.0,0.0
RDM,2026-08-12,RDM-124,pivo,0.0,0.0
RDM,2026-08-12,RDM-125,pivo,0.0,0.0
RDM,2026-08-12,RDM-126,pivo,0.0,0.0
RDM,2026-08-12,RDM-127,pivo,0.0,0.0
RDM,2026-08-12,RDM-128,pivo,0.0,0.0
RDM,2026-08-12,RDM-129,pivo,0.0,0.0
RDM,2026-08-12,RDM-130,pivo,0.0,0.0
RDM,2026-08-12,RDM-131,pivo,0.0,0.0
RDM,2026-08-12,RDM-132,pivo,6.0,6.0
RDM,2026-08-12,RDM-133,pivo,6.1,6.1
RDM,2026-08-12,RDM-SC17D8,estacao,0.0,0.0
RDM,2026-08-12,RDM-SC1A38,estacao,0.0,0.0
RDM,2026-08-12,RDM-SC1A4C,estacao,0.0,0.0
RDM,2026-08-12,RDM-SC1AA8,estacao,0.0,0.0
RDM,2026-08-12,RDM-SC1B34,estacao,0.0,0.0
RDM,2026-08-12,RDM-SC1BA8,estacao,0.0,0.0
RDM,2026-08-11,RDM-101,pivo,0.0,0.0
RDM,2026-08-11,RDM-102,pivo,0.0,0.0
RDM,2026-08-11,RDM-103,pivo,0.0,0.0
RDM,2026-08-11,RDM-104,pivo,0.0,0.0
RDM,2026-08-11,RDM-105,pivo,0.0,0.0
RDM,2026-08-11,RDM-106,pivo,0.0,0.0
RDM,2026-08-11,RDM-107,pivo,0.0,0.0
RDM,2026-08-11,RDM-108,pivo,0.0,0.0
RDM,2026-08-11,RDM-109,pivo,0.0,0.0
RDM,2026-08-11,RDM-110,pivo,0.0,0.0
RDM,2026-08-11,RDM-112,pivo,0.0,0.0
RDM,2026-08-11,RDM-113,pivo,0.0,0.0
RDM,2026-08-11,RDM-114,pivo,0.0,0.0
RDM,2026-08-11,RDM-115,pivo,0.0,0.0
RDM,2026-08-11,RDM-116,pivo,0.25,0.25
RDM,2026-08-11,RDM-117,pivo,0.0,0.0
RDM,2026-08-11,RDM-118,pivo,0.0,0.0
RDM,2026-08-11,RDM-119,pivo,0.0,0.0
RDM,2026-08-11,RDM-120,pivo,0.0,0.0
RDM,2026-08-11,RDM-121,pivo,0.0,0.0
RDM,2026-08-11,RDM-122,pivo,0.0,0.0
RDM,2026-08-11,RDM-123,pivo,0.0,0.0
RDM,2026-08-11,RDM-124,pivo,0.0,0.0
RDM,2026-08-11,RDM-125,pivo,2.1,2.1
RDM,2026-08-11,RDM-126,pivo,0.0,0.0
RDM,2026-08-11,RDM-127,pivo,0.0,0.0
RDM,2026-08-11,RDM-128,pivo,0.0,0.0
RDM,2026-08-11,RDM-129,pivo,0.0,0.0
RDM,2026-08-11,RDM-130,pivo,0.0,0.0
RDM,2026-08-11,RDM-131,pivo,1.27,1.27
RDM,2026-08-11,RDM-132,pivo,0.0,0.0
RDM,2026-08-11,RDM-133,pivo,2.79,2.79
RDM,2026-08-11,RDM-SC17D8,estacao,0.0,0.0
RDM,2026-08-11,RDM-SC1A38,estacao,0.0,0.0
RDM,2026-08-11,RDM-SC1A4C,estacao,0.0,0.0
RDM,2026-08-11,RDM-SC1AA8,estacao,0.0,0.0
RDM,2026-08-11,RDM-SC1B34,estacao,0.0,0.0
RDM,2026-08-11,RDM-SC1BA8,estacao,0.0,0.0
RDM,2026-08-10,RDM-101,pivo,0.0,0.0
RDM,2026-08-10,RDM-102,pivo,0.0,0.0
RDM,2026-08-10,RDM-103,pivo,0.0,0.0
RDM,2026-08-10,RDM-104,pivo,0.0,0.0
RDM,2026-08-10,RDM-105,pivo,0.0,0.0
RDM,2026-08-10,RDM-106,pivo,0.0,0.0
RDM,2026-08-10,RDM-107,pivo,0.0,0.0
RDM,2026-08-10,RDM-108,pivo,0.0,0.0
RDM,2026-08-10,RDM-109,pivo,0.0,0.0
RDM,2026-08-10,RDM-110,pivo,0.0,0.0
RDM,2026-08-10,RDM-112,pivo,0.0,0.0
RDM,2026-08-10,RDM-113,pivo,0.0,0.0
RDM,2026-08-10,RDM-114,pivo,0.0,0.0
RDM,2026-08-10,RDM-115,pivo,0.0,0.0
RDM,2026-08-10,RDM-116,pivo,0.0,0.0
RDM,2026-08-10,RDM-117,pivo,0.0,0.0
RDM,2026-08-10,RDM-118,pivo,0.0,0.0
RDM,2026-08-10,RDM-119,pivo,0.0,0.0
RDM,2026-08-10,RDM-120,pivo,0.0,0.0
RDM,2026-08-10,RDM-121,pivo,0.0,0.0
RDM,2026-08-10,RDM-122,pivo,0.0,0.0
RDM,2026-08-10,RDM-123,pivo,0.0,0.0
RDM,2026-08-10,RDM-124,pivo,0.0,0.0
RDM,2026-08-10,RDM-125,pivo,0.0,0.0
RDM,2026-08-10,RDM-126,pivo,0.0,0.0
RDM,2026-08-10,RDM-127,pivo,0.0,0.0
RDM,2026-08-10,RDM-128,pivo,0.0,0.0
RDM,2026-08-10,RDM-129,pivo,0.0,0.0
RDM,2026-08-10,RDM-130,pivo,0.51,0.51
RDM,2026-08-10,RDM-131,pivo,0.0,0.0
RDM,2026-08-10,RDM-132,pivo,0.0,0.0
RDM,2026-08-10,RDM-133,pivo,0.51,0.51
RDM,2026-08-10,RDM-SC17D8,estacao,0.0,0.0
RDM,2026-08-10,RDM-SC1A38,estacao,0.0,0.0
RDM,2026-08-10,RDM-SC1A4C,estacao,0.0,0.0
RDM,2026-08-10,RDM-SC1AA8,estacao,0.0,0.0
RDM,2026-08-10,RDM-SC1B34,estacao,0.0,0.0
RDM,2026-08-10,RDM-SC1BA8,estacao,0.0,0.0
RDM,2026-08-09,RDM-101,pivo,0.0,0.0
RDM,2026-08-09,RDM-102,pivo,0.0,0.0
RDM,2026-08-09,RDM-103,pivo,0.0,0.0
RDM,2026-08-09,RDM-104,pivo,0.0,0.0
RDM,2026-08-09,RDM-105,pivo,0.0,0.0
RDM,2026-08-09,RDM-106,pivo,0.0,0.0
RDM,2026-08-09,RDM-107,pivo,0.0,0.0
RDM,2026-08-09,RDM-108,pivo,0.0,0.0
RDM,2026-08-09,RDM-109,pivo,0.0,0.0
RDM,2026-08-09,RDM-110,pivo,0.0,0.0
RDM,2026-08-09,RDM-112,pivo,0.0,0.0
RDM,2026-08-09,RDM-113,pivo,0.0,0.0
RDM,2026-08-09,RDM-114,pivo,0.0,0.0
RDM,2026-08-09,RDM-115,pivo,0.0,0.0
RDM,2026-08-09,RDM-116,pivo,0.0,0.0
RDM,2026-08-09,RDM-117,pivo,0.0,0.0
RDM,2026-08-09,RDM-118,pivo,0.0,0.0
RDM,2026-08-09,RDM-119,pivo,0.0,0.0
RDM,2026-08-09,RDM-120,pivo,0.0,0.0
RDM,2026-08-09,RDM-121,pivo,0.0,0.0
RDM,2026-08-09,RDM-122,pivo,0.0,0.0
RDM,2026-08-09,RDM-123,pivo,0.0,0.0
RDM,2026-08-09,RDM-124,pivo,0.0,0.0
RDM,2026-08-09,RDM-125,pivo,0.0,0.0
RDM,2026-08-09,RDM-126,pivo,0.0,0.0
RDM,2026-08-09,RDM-127,pivo,0.0,0.0
RDM,2026-08-09,RDM-128,pivo,0.0,0.0
RDM,2026-08-09,RDM-129,pivo,0.0,0.0
RDM,2026-08-09,RDM-130,pivo,0.0,0.0
RDM,2026-08-09,RDM-131,pivo,2.03,2.03
RDM,2026-08-09,RDM-132,pivo,4.8,4.8
RDM,2026-08-09,RDM-133,pivo,5.33,5.33
RDM,2026-08-09,RDM-SC17D8,estacao,0.0,0.0
RDM,2026-08-09,RDM-SC1A38,estacao,0.0,0.0
RDM,2026-08-09,RDM-SC1A4C,estacao,0.0,0.0
RDM,2026-08-09,RDM-SC1AA8,estacao,0.0,0.0
RDM,2026-08-09,RDM-SC1B34,estacao,0.0,0.0
RDM,2026-08-09,RDM-SC1BA8,estacao,0.0,0.0
RDM,2026-08-08,RDM-101,pivo,0.0,0.0
RDM,2026-08-08,RDM-102,pivo,0.0,0.0
RDM,2026-08-08,RDM-103,pivo,0.0,0.0
RDM,2026-08-08,RDM-104,pivo,0.0,0.0
RDM,2026-08-08,RDM-105,pivo,0.0,0.0
RDM,2026-08-08,RDM-106,pivo,0.0,0.0
RDM,2026-08-08,RDM-107,pivo,0.0,0.0
RDM,2026-08-08,RDM-108,pivo,0.0,0.0
RDM,2026-08-08,RDM-109,pivo,0.0,0.0
RDM,2026-08-08,RDM-110,pivo,0.0,0.0
RDM,2026-08-08,RDM-112,pivo,0.0,0.0
RDM,2026-08-08,RDM-113,pivo,0.0,0.0
RDM,2026-08-08,RDM-114,pivo,0.0,0.0
RDM,2026-08-08,RDM-115,pivo,0.0,0.0
RDM,2026-08-08,RDM-116,pivo,4.83,4.83
RDM,2026-08-08,RDM-117,pivo,0.0,0.0
RDM,2026-08-08,RDM-118,pivo,0.0,0.0
RDM,2026-08-08,RDM-119,pivo,0.0,0.0
RDM,2026-08-08,RDM-120,pivo,0.0,0.0
RDM,2026-08-08,RDM-121,pivo,0.0,0.0
RDM,2026-08-08,RDM-122,pivo,0.0,0.0
RDM,2026-08-08,RDM-123,pivo,0.0,0.0
RDM,2026-08-08,RDM-124,pivo,0.0,0.0
RDM,2026-08-08,RDM-125,pivo,0.0,0.0
RDM,2026-08-08,RDM-126,pivo,0.0,0.0
RDM,2026-08-08,RDM-127,pivo,0.0,0.0
RDM,2026-08-08,RDM-128,pivo,0.0,0.0
RDM,2026-08-08,RDM-129,pivo,0.0,0.0
RDM,2026-08-08,RDM-130,pivo,0.0,0.0
RDM,2026-08-08,RDM-131,pivo,0.0,0.0
RDM,2026-08-08,RDM-132,pivo,5.7,5.7
RDM,2026-08-08,RDM-133,pivo,8.13,8.13
RDM,2026-08-08,RDM-SC17D8,estacao,0.0,0.0
RDM,2026-08-08,RDM-SC1A38,estacao,0.0,0.0
RDM,2026-08-08,RDM-SC1A4C,estacao,0.0,0.0
RDM,2026-08-08,RDM-SC1AA8,estacao,0.0,0.0
RDM,2026-08-08,RDM-SC1B34,estacao,0.0,0.0
RDM,2026-08-08,RDM-SC1BA8,estacao,0.0,0.0
RDM,2026-08-07,RDM-101,pivo,0.0,0.0
RDM,2026-08-07,RDM-102,pivo,0.0,0.0
RDM,2026-08-07,RDM-103,pivo,0.0,0.0
RDM,2026-08-07,RDM-104,pivo,0.0,0.0
RDM,2026-08-07,RDM-105,pivo,0.0,0.0
RDM,2026-08-07,RDM-106,pivo,0.0,0.0
RDM,2026-08-07,RDM-107,pivo,0.0,0.0
RDM,2026-08-07,RDM-108,pivo,0.0,0.0
RDM,2026-08-07,RDM-109,pivo,0.0,0.0
RDM,2026-08-07,RDM-110,pivo,0.0,0.0
RDM,2026-08-07,RDM-112,pivo,0.0,0.0
RDM,2026-08-07,RDM-113,pivo,0.0,0.0
RDM,2026-08-07,RDM-114,pivo,0.0,0.0
RDM,2026-08-07,RDM-115,pivo,0.0,0.0
RDM,2026-08-07,RDM-116,pivo,0.0,0.0
RDM,2026-08-07,RDM-117,pivo,0.0,0.0
RDM,2026-08-07,RDM-118,pivo,0.0,0.0
RDM,2026-08-07,RDM-119,pivo,0.0,0.0
RDM,2026-08-07,RDM-120,pivo,0.0,0.0
RDM,2026-08-07,RDM-121,pivo,0.0,0.0
RDM,2026-08-07,RDM-122,pivo,0.0,0.0
RDM,2026-08-07,RDM-123,pivo,0.0,0.0
RDM,2026-08-07,RDM-124,pivo,0.0,0.0
RDM,2026-08-07,RDM-125,pivo,0.0,0.0
RDM,2026-08-07,RDM-126,pivo,0.0,0.0
RDM,2026-08-07,RDM-127,pivo,0.0,0.0
RDM,2026-08-07,RDM-128,pivo,0.0,0.0
RDM,2026-08-07,RDM-129,pivo,0.0,0.0
RDM,2026-08-07,RDM-130,pivo,0.0,0.0
RDM,2026-08-07,RDM-131,pivo,0.51,0.51
RDM,2026-08-07,RDM-132,pivo,0.0,0.0
RDM,2026-08-07,RDM-133,pivo,0.0,0.0
RDM,2026-08-07,RDM-SC17D8,estacao,0.0,0.0
RDM,2026-08-07,RDM-SC1A38,estacao,0.0,0.0
RDM,2026-08-07,RDM-SC1A4C,estacao,0.0,0.0
RDM,2026-08-07,RDM-SC1AA8,estacao,0.0,0.0
RDM,2026-08-07,RDM-SC1B34,estacao,0.0,0.0
RDM,2026-08-07,RDM-SC1BA8,estacao,0.0,0.0
RDM,2026-08-06,RDM-101,pivo,0.0,0.0
RDM,2026-08-06,RDM-102,pivo,0.0,0.0
RDM,2026-08-06,RDM-103,pivo,0.0,0.0
RDM,2026-08-06,RDM-104,pivo,0.0,0.0
RDM,2026-08-06,RDM-105,pivo,0.0,0.0
RDM,2026-08-06,RDM-106,pivo,0.0,0.0
RDM,2026-08-06,RDM-107,pivo,0.0,0.0
RDM,2026-08-06,RDM-108,pivo,0.0,0.0
RDM,2026-08-06,RDM-109,pivo,0.0,0.0
RDM,2026-08-06,RDM-110,pivo,0.0,0.0
RDM,2026-08-06,RDM-112,pivo,0.0,0.0
RDM,2026-08-06,RDM-113,pivo,0.0,0.0
RDM,2026-08-06,RDM-114,pivo,0.0,0.0
RDM,2026-08-06,RDM-115,pivo,0.0,0.0
RDM,2026-08-06,RDM-116,pivo,0.76,0.76
RDM,2026-08-06,RDM-117,pivo,0.0,0.0
RDM,2026-08-06,RDM-118,pivo,0.0,0.0
RDM,2026-08-06,RDM-119,pivo,0.0,0.0
RDM,2026-08-06,RDM-120,pivo,0.0,0.0
RDM,2026-08-06,RDM-121,pivo,0.0,0.0
RDM,2026-08-06,RDM-122,pivo,0.0,0.0
RDM,2026-08-06,RDM-123,pivo,0.0,0.0
RDM,2026-08-06,RDM-124,pivo,0.0,0.0
RDM,2026-08-06,RDM-125,pivo,0.0,0.0
RDM,2026-08-06,RDM-126,pivo,0.0,0.0
RDM,2026-08-06,RDM-127,pivo,0.0,0.0
RDM,2026-08-06,RDM-128,pivo,0.0,0.0
RDM,2026-08-06,RDM-129,pivo,0.0,0.0
RDM,2026-08-06,RDM-130,pivo,0.0,0.0
RDM,2026-08-06,RDM-131,pivo,0.51,0.51
RDM,2026-08-06,RDM-132,pivo,0.0,0.0
RDM,2026-08-06,RDM-133,pivo,0.0,0.0
RDM,2026-08-06,RDM-SC17D8,estacao,0.0,0.0
RDM,2026-08-06,RDM-SC1A38,estacao,0.0,0.0
RDM,2026-08-06,RDM-SC1A4C,estacao,0.0,0.0
RDM,2026-08-06,RDM-SC1AA8,estacao,0.0,0.0
RDM,2026-08-06,RDM-SC1B34,estacao,0.0,0.0
RDM,2026-08-06,RDM-SC1BA8,estacao,0.0,0.0
RDM,2026-04-25,RDM-101,pivo,0.0,0.0
RDM,2026-04-25,RDM-102,pivo,0.0,0.0
RDM,2026-04-25,RDM-103,pivo,0.0,0.0
RDM,2026-04-25,RDM-104,pivo,0.0,0.0
RDM,2026-04-25,RDM-105,pivo,0.0,0.0
RDM,2026-04-25,RDM-106,pivo,0.0,0.0
RDM,2026-04-25,RDM-107,pivo,0.0,0.0
RDM,2026-04-25,RDM-108,pivo,0.0,0.0
RDM,2026-04-25,RDM-109,pivo,0.0,0.0
RDM,2026-04-25,RDM-110,pivo,0.0,0.0
RDM,2026-04-25,RDM-112,pivo,0.0,0.0
RDM,2026-04-25,RDM-113,pivo,0.0,0.0
RDM,2026-04-25,RDM-114,pivo,0.0,0.0
RDM,2026-04-25,RDM-115,pivo,0.0,0.0
RDM,2026-04-25,RDM-116,pivo,0.0,0.0
RDM,2026-04-25,RDM-117,pivo,0.0,0.0
RDM,2026-04-25,RDM-118,pivo,0.0,0.0
RDM,2026-04-25,RDM-119,pivo,0.0,0.0
RDM,2026-04-25,RDM-120,pivo,0.0,0.0
RDM,2026-04-25,RDM-121,pivo,0.0,0.0
RDM,2026-04-25,RDM-122,pivo,0.0,0.0
RDM,2026-04-25,RDM-123,pivo,0.0,0.0
RDM,2026-04-25,RDM-124,pivo,0.0,0.0
RDM,2026-04-25,RDM-125,pivo,0.0,0.0
RDM,2026-04-25,RDM-126,pivo,0.0,0.0
RDM,2026-04-25,RDM-127,pivo,0.0,0.0
RDM,2026-04-25,RDM-128,pivo,0.0,0.0
RDM,2026-04-25,RDM-129,pivo,0.0,0.0
RDM,2026-04-25,RDM-130,pivo,0.0,0.0
RDM,2026-04-25,RDM-131,pivo,0.0,0.0
RDM,2026-04-25,RDM-132,pivo,3.6,3.6
RDM,2026-04-25,RDM-133,pivo,0.0,0.0
RDM,2026-04-25,RDM-SC17D8,estacao,0.0,0.0
RDM,2026-04-25,RDM-SC1A38,estacao,0.0,0.0
RDM,2026-04-25,RDM-SC1A4C,estacao,0.0,0.0
RDM,2026-04-25,RDM-SC1AA8,estacao,0.0,0.0
RDM,2026-04-25,RDM-SC1B34,estacao,0.0,0.0
RDM,2026-04-25,RDM-SC1BA8,estacao,0.0,0.0
RDM,2026-04-18,RDM-101,pivo,0.0,0.0
RDM,2026-04-18,RDM-102,pivo,0.0,0.0
RDM,2026-04-18,RDM-103,pivo,0.0,0.0
RDM,2026-04-18,RDM-104,pivo,0.0,0.0
RDM,2026-04-18,RDM-105,pivo,0.0,0.0
RDM,2026-04-18,RDM-106,pivo,0.0,0.0
RDM,2026-04-18,RDM-107,pivo,0.0,0.0
RDM,2026-04-18,RDM-108,pivo,0.0,0.0
RDM,2026-04-18,RDM-109,pivo,0.0,0.0
RDM,2026-04-18,RDM-110,pivo,0.0,0.0
RDM,2026-04-18,RDM-112,pivo,0.0,0.0
RDM,2026-04-18,RDM-113,pivo,0.0,0.0
RDM,2026-04-18,RDM-114,pivo,0.0,0.0
RDM,2026-04-18,RDM-115,pivo,0.0,0.0
RDM,2026-04-18,RDM-116,pivo,0.0,0.0
RDM,2026-04-18,RDM-117,pivo,0.0,0.0
RDM,2026-04-18,RDM-118,pivo,0.0,0.0
RDM,2026-04-18,RDM-119,pivo,0.0,0.0
RDM,2026-04-18,RDM-120,pivo,0.0,0.0
RDM,2026-04-18,RDM-121,pivo,0.0,0.0
RDM,2026-04-18,RDM-122,pivo,0.0,0.0
RDM,2026-04-18,RDM-123,pivo,0.0,0.0
RDM,2026-04-18,RDM-124,pivo,0.0,0.0
RDM,2026-04-18,RDM-125,pivo,0.0,0.0
RDM,2026-04-18,RDM-126,pivo,0.0,0.0
RDM,2026-04-18,RDM-127,pivo,0.0,0.0
RDM,2026-04-18,RDM-128,pivo,0.0,0.0
RDM,2026-04-18,RDM-129,pivo,0.0,0.0
RDM,2026-04-18,RDM-130,pivo,0.0,0.0
RDM,2026-04-18,RDM-131,pivo,4.06,4.06
RDM,2026-04-18,RDM-132,pivo,3.6,3.6
RDM,2026-04-18,RDM-133,pivo,0.0,0.0
RDM,2026-04-18,RDM-SC17D8,estacao,0.0,0.0
RDM,2026-04-18,RDM-SC1A38,estacao,0.0,0.0
RDM,2026-04-18,RDM-SC1A4C,estacao,0.0,0.0
RDM,2026-04-18,RDM-SC1AA8,estacao,0.3,0.3
RDM,2026-04-18,RDM-SC1B34,estacao,0.0,0.0
RDM,2026-04-18,RDM-SC1BA8,estacao,0.0,0.0
RDM,2026-04-17,RDM-101,pivo,0.0,0.0
RDM,2026-04-17,RDM-102,pivo,0.0,0.0
RDM,2026-04-17,RDM-103,pivo,0.0,0.0
RDM,2026-04-17,RDM-104,pivo,0.0,0.0
RDM,2026-04-17,RDM-105,pivo,0.0,0.0
RDM,2026-04-17,RDM-106,pivo,0.0,0.0
RDM,2026-04-17,RDM-107,pivo,0.0,0.0
RDM,2026-04-17,RDM-108,pivo,3.3,3.3
RDM,2026-04-17,RDM-109,pivo,0.0,0.0
RDM,2026-04-17,RDM-110,pivo,0.0,0.0
RDM,2026-04-17,RDM-112,pivo,0.0,0.0
RDM,2026-04-17,RDM-113,pivo,0.0,0.0
RDM,2026-04-17,RDM-114,pivo,0.0,0.0
RDM,2026-04-17,RDM-115,pivo,0.0,0.0
RDM,2026-04-17,RDM-116,pivo,0.0,0.0
RDM,2026-04-17,RDM-117,pivo,0.0,0.0
RDM,2026-04-17,RDM-118,pivo,0.0,0.0
RDM,2026-04-17,RDM-119,pivo,0.0,0.0
RDM,2026-04-17,RDM-120,pivo,0.0,0.0
RDM,2026-04-17,RDM-121,pivo,0.0,0.0
RDM,2026-04-17,RDM-122,pivo,0.0,0.0
RDM,2026-04-17,RDM-123,pivo,0.0,0.0
RDM,2026-04-17,RDM-124,pivo,0.0,0.0
RDM,2026-04-17,RDM-125,pivo,0.0,0.0
RDM,2026-04-17,RDM-126,pivo,0.0,0.0
RDM,2026-04-17,RDM-127,pivo,0.0,0.0
RDM,2026-04-17,RDM-128,pivo,0.0,0.0
RDM,2026-04-17,RDM-129,pivo,0.0,0.0
RDM,2026-04-17,RDM-130,pivo,0.0,0.0
RDM,2026-04-17,RDM-131,pivo,4.06,4.06
RDM,2026-04-17,RDM-132,pivo,3.0,3.0
RDM,2026-04-17,RDM-133,pivo,0.0,0.0
RDM,2026-04-17,RDM-SC17D8,estacao,7.5,7.5
RDM,2026-04-17,RDM-SC1A38,estacao,1.2,1.2
RDM,2026-04-17,RDM-SC1A4C,estacao,1.2,1.2
RDM,2026-04-17,RDM-SC1AA8,estacao,7.2,7.2
RDM,2026-04-17,RDM-SC1B34,estacao,0.3,0.3
RDM,2026-04-17,RDM-SC1BA8,estacao,4.8,4.8
RDM,2026-04-14,RDM-101,pivo,0.0,0.0
RDM,2026-04-14,RDM-102,pivo,0.0,0.0
RDM,2026-04-14,RDM-103,pivo,0.0,0.0
RDM,2026-04-14,RDM-104,pivo,0.0,0.0
RDM,2026-04-14,RDM-105,pivo,0.0,0.0
RDM,2026-04-14,RDM-106,pivo,0.0,0.0
RDM,2026-04-14,RDM-107,pivo,0.0,0.0
RDM,2026-04-14,RDM-108,pivo,0.0,0.0
RDM,2026-04-14,RDM-109,pivo,0.0,0.0
RDM,2026-04-14,RDM-110,pivo,0.0,0.0
RDM,2026-04-14,RDM-112,pivo,0.0,0.0
RDM,2026-04-14,RDM-113,pivo,0.0,0.0
RDM,2026-04-14,RDM-114,pivo,0.0,0.0
RDM,2026-04-14,RDM-115,pivo,0.0,0.0
RDM,2026-04-14,RDM-116,pivo,0.0,0.0
RDM,2026-04-14,RDM-117,pivo,0.0,0.0
RDM,2026-04-14,RDM-118,pivo,0.0,0.0
RDM,2026-04-14,RDM-119,pivo,0.0,0.0
RDM,2026-04-14,RDM-120,pivo,0.0,0.0
RDM,2026-04-14,RDM-121,pivo,0.0,0.0
RDM,2026-04-14,RDM-122,pivo,0.0,0.0
RDM,2026-04-14,RDM-123,pivo,0.0,0.0
RDM,2026-04-14,RDM-124,pivo,0.0,0.0
RDM,2026-04-14,RDM-125,pivo,0.0,0.0
RDM,2026-04-14,RDM-126,pivo,0.0,0.0
RDM,2026-04-14,RDM-127,pivo,0.0,0.0
RDM,2026-04-14,RDM-128,pivo,0.0,0.0
RDM,2026-04-14,RDM-129,pivo,0.0,0.0
RDM,2026-04-14,RDM-130,pivo,0.0,0.0
RDM,2026-04-14,RDM-131,pivo,0.0,0.0
RDM,2026-04-14,RDM-132,pivo,0.0,0.0
RDM,2026-04-14,RDM-133,pivo,0.25,0.25
RDM,2026-04-14,RDM-SC17D8,estacao,0.0,0.0
RDM,2026-04-14,RDM-SC1A38,estacao,0.0,0.0
RDM,2026-04-14,RDM-SC1A4C,estacao,0.0,0.0
RDM,2026-04-14,RDM-SC1AA8,estacao,0.0,0.0
RDM,2026-04-14,RDM-SC1B34,estacao,0.0,0.0
RDM,2026-04-14,RDM-SC1BA8,estacao,0.0,0.0
RDM,2026-04-13,RDM-101,pivo,0.0,0.0
RDM,2026-04-13,RDM-102,pivo,0.25,0.25
RDM,2026-04-13,RDM-103,pivo,0.0,0.0
RDM,2026-04-13,RDM-104,pivo,0.0,0.0
RDM,2026-04-13,RDM-105,pivo,0.0,0.0
RDM,2026-04-13,RDM-106,pivo,0.0,0.0
RDM,2026-04-13,RDM-107,pivo,0.0,0.0
RDM,2026-04-13,RDM-108,pivo,0.0,0.0
RDM,2026-04-13,RDM-109,pivo,0.0,0.0
RDM,2026-04-13,RDM-110,pivo,0.0,0.0
RDM,2026-04-13,RDM-112,pivo,0.0,0.0
RDM,2026-04-13,RDM-113,pivo,0.0,0.0
RDM,2026-04-13,RDM-114,pivo,0.0,0.0
RDM,2026-04-13,RDM-115,pivo,0.0,0.0
RDM,2026-04-13,RDM-116,pivo,0.0,0.0
RDM,2026-04-13,RDM-117,pivo,0.0,0.0
RDM,2026-04-13,RDM-118,pivo,0.0,0.0
RDM,2026-04-13,RDM-119,pivo,0.0,0.0
RDM,2026-04-13,RDM-120,pivo,0.0,0.0
RDM,2026-04-13,RDM-121,pivo,0.0,0.0
RDM,2026-04-13,RDM-122,pivo,0.0,0.0
RDM,2026-04-13,RDM-123,pivo,0.0,0.0
RDM,2026-04-13,RDM-124,pivo,0.0,0.0
RDM,2026-04-13,RDM-125,pivo,0.0,0.0
RDM,2026-04-13,RDM-126,pivo,0.0,0.0
RDM,2026-04-13,RDM-127,pivo,0.51,0.51
RDM,2026-04-13,RDM-128,pivo,0.0,0.0
RDM,2026-04-13,RDM-129,pivo,0.0,0.0
RDM,2026-04-13,RDM-130,pivo,0.0,0.0
RDM,2026-04-13,RDM-131,pivo,0.0,0.0
RDM,2026-04-13,RDM-132,pivo,0.0,0.0
RDM,2026-04-13,RDM-133,pivo,0.0,0.0
RDM,2026-04-13,RDM-SC17D8,estacao,0.3,0.3
RDM,2026-04-13,RDM-SC1A38,estacao,0.0,0.0
RDM,2026-04-13,RDM-SC1A4C,estacao,0.0,0.0
RDM,2026-04-13,RDM-SC1AA8,estacao,0.0,0.0
RDM,2026-04-13,RDM-SC1B34,estacao,7.2,7.2
RDM,2026-04-13,RDM-SC1BA8,estacao,2.7,2.7
RDM,2026-04-12,RDM-101,pivo,0.0,0.0
RDM,2026-04-12,RDM-102,pivo,0.25,0.25
RDM,2026-04-12,RDM-103,pivo,0.0,0.0
RDM,2026-04-12,RDM-104,pivo,0.0,0.0
RDM,2026-04-12,RDM-105,pivo,0.51,0.51
RDM,2026-04-12,RDM-106,pivo,0.0,0.0
RDM,2026-04-12,RDM-107,pivo,0.0,0.0
RDM,2026-04-12,RDM-108,pivo,0.0,0.0
RDM,2026-04-12,RDM-109,pivo,0.0,0.0
RDM,2026-04-12,RDM-110,pivo,0.9,0.9
RDM,2026-04-12,RDM-112,pivo,0.0,0.0
RDM,2026-04-12,RDM-113,pivo,0.0,0.0
RDM,2026-04-12,RDM-114,pivo,0.0,0.0
RDM,2026-04-12,RDM-115,pivo,0.0,0.0
RDM,2026-04-12,RDM-116,pivo,0.0,0.0
RDM,2026-04-12,RDM-117,pivo,0.0,0.0
RDM,2026-04-12,RDM-118,pivo,0.0,0.0
RDM,2026-04-12,RDM-119,pivo,0.0,0.0
RDM,2026-04-12,RDM-120,pivo,0.0,0.0
RDM,2026-04-12,RDM-121,pivo,0.0,0.0
RDM,2026-04-12,RDM-122,pivo,0.0,0.0
RDM,2026-04-12,RDM-123,pivo,0.0,0.0
RDM,2026-04-12,RDM-124,pivo,0.0,0.0
RDM,2026-04-12,RDM-125,pivo,0.0,0.0
RDM,2026-04-12,RDM-126,pivo,0.0,0.0
RDM,2026-04-12,RDM-127,pivo,0.0,0.0
RDM,2026-04-12,RDM-128,pivo,0.0,0.0
RDM,2026-04-12,RDM-129,pivo,0.0,0.0
RDM,2026-04-12,RDM-130,pivo,0.0,0.0
RDM,2026-04-12,RDM-131,pivo,0.0,0.0
RDM,2026-04-12,RDM-132,pivo,0.0,0.0
RDM,2026-04-12,RDM-133,pivo,0.0,0.0
RDM,2026-04-12,RDM-SC17D8,estacao,0.6,0.6
RDM,2026-04-12,RDM-SC1A38,estacao,0.0,0.0
RDM,2026-04-12,RDM-SC1A4C,estacao,0.0,0.0
RDM,2026-04-12,RDM-SC1AA8,estacao,0.0,0.0
RDM,2026-04-12,RDM-SC1B34,estacao,0.0,0.0
RDM,2026-04-12,RDM-SC1BA8,estacao,0.0,0.0
RDM,2026-04-11,RDM-101,pivo,0.0,0.0
RDM,2026-04-11,RDM-102,pivo,0.0,0.0
RDM,2026-04-11,RDM-103,pivo,0.0,0.0
RDM,2026-04-11,RDM-104,pivo,0.0,0.0
RDM,2026-04-11,RDM-105,pivo,0.0,0.0
RDM,2026-04-11,RDM-106,pivo,0.0,0.0
RDM,2026-04-11,RDM-107,pivo,0.0,0.0
RDM,2026-04-11,RDM-108,pivo,0.0,0.0
RDM,2026-04-11,RDM-109,pivo,0.25,0.25
RDM,2026-04-11,RDM-110,pivo,0.0,0.0
RDM,2026-04-11,RDM-112,pivo,0.0,0.0
RDM,2026-04-11,RDM-113,pivo,0.3,0.3
RDM,2026-04-11,RDM-114,pivo,0.0,0.0
RDM,2026-04-11,RDM-115,pivo,0.76,0.76
RDM,2026-04-11,RDM-116,pivo,0.25,0.25
RDM,2026-04-11,RDM-117,pivo,0.0,0.0
RDM,2026-04-11,RDM-118,pivo,0.0,0.0
RDM,2026-04-11,RDM-119,pivo,0.0,0.0
RDM,2026-04-11,RDM-120,pivo,0.0,0.0
RDM,2026-04-11,RDM-121,pivo,0.0,0.0
RDM,2026-04-11,RDM-122,pivo,0.0,0.0
RDM,2026-04-11,RDM-123,pivo,0.0,0.0
RDM,2026-04-11,RDM-124,pivo,0.0,0.0
RDM,2026-04-11,RDM-125,pivo,0.0,0.0
RDM,2026-04-11,RDM-126,pivo,0.0,0.0
RDM,2026-04-11,RDM-127,pivo,0.0,0.0
RDM,2026-04-11,RDM-128,pivo,0.0,0.0
RDM,2026-04-11,RDM-129,pivo,0.0,0.0
RDM,2026-04-11,RDM-130,pivo,0.0,0.0
RDM,2026-04-11,RDM-131,pivo,0.0,0.0
RDM,2026-04-11,RDM-132,pivo,0.0,0.0
RDM,2026-04-11,RDM-133,pivo,0.0,0.0
RDM,2026-04-11,RDM-SC17D8,estacao,0.0,0.0
RDM,2026-04-11,RDM-SC1A38,estacao,0.3,0.3
RDM,2026-04-11,RDM-SC1A4C,estacao,0.0,0.0
RDM,2026-04-11,RDM-SC1AA8,estacao,0.0,0.0
RDM,2026-04-11,RDM-SC1B34,estacao,0.3,0.3
RDM,2026-04-11,RDM-SC1BA8,estacao,0.0,0.0
RDM,2026-04-10,RDM-101,pivo,5.25,5.25
RDM,2026-04-10,RDM-102,pivo,2.25,2.25
RDM,2026-04-10,RDM-103,pivo,5.08,5.08
RDM,2026-04-10,RDM-104,pivo,3.56,3.56
RDM,2026-04-10,RDM-105,pivo,1.78,1.78
RDM,2026-04-10,RDM-106,pivo,0.76,0.76
RDM,2026-04-10,RDM-107,pivo,2.7,2.7
RDM,2026-04-10,RDM-108,pivo,2.03,2.03
RDM,2026-04-10,RDM-109,pivo,2.79,2.79
RDM,2026-04-10,RDM-110,pivo,0.3,0.3
RDM,2026-04-10,RDM-112,pivo,2.29,2.29
RDM,2026-04-10,RDM-113,pivo,1.2,1.2
RDM,2026-04-10,RDM-114,pivo,1.25,1.25
RDM,2026-04-10,RDM-115,pivo,1.02,1.02
RDM,2026-04-10,RDM-116,pivo,3.56,3.56
RDM,2026-04-10,RDM-117,pivo,4.2,4.2
RDM,2026-04-10,RDM-118,pivo,10.57,10.57
RDM,2026-04-10,RDM-119,pivo,6.35,6.35
RDM,2026-04-10,RDM-120,pivo,11.43,11.43
RDM,2026-04-10,RDM-121,pivo,16.76,16.76
RDM,2026-04-10,RDM-122,pivo,10.24,10.24
RDM,2026-04-10,RDM-123,pivo,8.38,8.38
RDM,2026-04-10,RDM-124,pivo,19.2,19.2
RDM,2026-04-10,RDM-125,pivo,15.3,15.3
RDM,2026-04-10,RDM-126,pivo,4.2,4.2
RDM,2026-04-10,RDM-127,pivo,7.11,7.11
RDM,2026-04-10,RDM-128,pivo,3.05,3.05
RDM,2026-04-10,RDM-129,pivo,4.32,4.32
RDM,2026-04-10,RDM-130,pivo,2.03,2.03
RDM,2026-04-10,RDM-131,pivo,2.29,2.29
RDM,2026-04-10,RDM-132,pivo,1.2,1.2
RDM,2026-04-10,RDM-133,pivo,22.35,22.35
RDM,2026-04-10,RDM-SC17D8,estacao,4.2,4.2
RDM,2026-04-10,RDM-SC1A38,estacao,3.0,3.0
RDM,2026-04-10,RDM-SC1A4C,estacao,2.7,2.7
RDM,2026-04-10,RDM-SC1AA8,estacao,9.9,9.9
RDM,2026-04-10,RDM-SC1B34,estacao,6.0,6.0
RDM,2026-04-10,RDM-SC1BA8,estacao,3.6,3.6
RDM,2026-04-09,RDM-101,pivo,0.0,0.0
RDM,2026-04-09,RDM-102,pivo,0.0,0.0
RDM,2026-04-09,RDM-103,pivo,0.0,0.0
RDM,2026-04-09,RDM-104,pivo,0.0,0.0
RDM,2026-04-09,RDM-105,pivo,0.0,0.0
RDM,2026-04-09,RDM-106,pivo,0.0,0.0
RDM,2026-04-09,RDM-107,pivo,0.0,0.0
RDM,2026-04-09,RDM-108,pivo,0.0,0.0
RDM,2026-04-09,RDM-109,pivo,0.0,0.0
RDM,2026-04-09,RDM-110,pivo,0.0,0.0
RDM,2026-04-09,RDM-112,pivo,0.0,0.0
RDM,2026-04-09,RDM-113,pivo,0.0,0.0
RDM,2026-04-09,RDM-114,pivo,0.5,0.5
RDM,2026-04-09,RDM-115,pivo,0.0,0.0
RDM,2026-04-09,RDM-116,pivo,3.3,3.3
RDM,2026-04-09,RDM-117,pivo,5.7,5.7
RDM,2026-04-09,RDM-118,pivo,0.0,0.0
RDM,2026-04-09,RDM-119,pivo,6.86,6.86
RDM,2026-04-09,RDM-120,pivo,0.25,0.25
RDM,2026-04-09,RDM-121,pivo,2.79,2.79
RDM,2026-04-09,RDM-122,pivo,0.0,0.0
RDM,2026-04-09,RDM-123,pivo,0.0,0.0
RDM,2026-04-09,RDM-124,pivo,13.2,13.2
RDM,2026-04-09,RDM-125,pivo,27.3,27.3
RDM,2026-04-09,RDM-126,pivo,22.5,22.5
RDM,2026-04-09,RDM-127,pivo,9.91,9.91
RDM,2026-04-09,RDM-128,pivo,15.75,15.75
RDM,2026-04-09,RDM-129,pivo,1.52,1.52
RDM,2026-04-09,RDM-130,pivo,0.76,0.76
RDM,2026-04-09,RDM-131,pivo,0.0,0.0
RDM,2026-04-09,RDM-132,pivo,2.7,2.7
RDM,2026-04-09,RDM-133,pivo,25.65,25.65
RDM,2026-04-09,RDM-SC17D8,estacao,0.6,0.6
RDM,2026-04-09,RDM-SC1A38,estacao,0.0,0.0
RDM,2026-04-09,RDM-SC1A4C,estacao,0.0,0.0
RDM,2026-04-09,RDM-SC1AA8,estacao,15.6,15.6
RDM,2026-04-09,RDM-SC1B34,estacao,0.3,0.3
RDM,2026-04-09,RDM-SC1BA8,estacao,0.0,0.0
RDM,2026-04-08,RDM-101,pivo,0.0,0.0
RDM,2026-04-08,RDM-102,pivo,0.0,0.0
RDM,2026-04-08,RDM-103,pivo,0.0,0.0
RDM,2026-04-08,RDM-104,pivo,0.0,0.0
RDM,2026-04-08,RDM-105,pivo,0.0,0.0
RDM,2026-04-08,RDM-106,pivo,0.0,0.0
RDM,2026-04-08,RDM-107,pivo,0.0,0.0
RDM,2026-04-08,RDM-108,pivo,0.0,0.0
RDM,2026-04-08,RDM-109,pivo,4.06,4.06
RDM,2026-04-08,RDM-110,pivo,0.0,0.0
RDM,2026-04-08,RDM-112,pivo,0.0,0.0
RDM,2026-04-08,RDM-113,pivo,0.0,0.0
RDM,2026-04-08,RDM-114,pivo,0.0,0.0
RDM,2026-04-08,RDM-115,pivo,0.0,0.0
RDM,2026-04-08,RDM-116,pivo,0.0,0.0
RDM,2026-04-08,RDM-117,pivo,0.0,0.0
RDM,2026-04-08,RDM-118,pivo,0.0,0.0
RDM,2026-04-08,RDM-119,pivo,0.0,0.0
RDM,2026-04-08,RDM-120,pivo,0.0,0.0
RDM,2026-04-08,RDM-121,pivo,0.0,0.0
RDM,2026-04-08,RDM-122,pivo,0.0,0.0
RDM,2026-04-08,RDM-123,pivo,0.0,0.0
RDM,2026-04-08,RDM-124,pivo,0.6,0.6
RDM,2026-04-08,RDM-125,pivo,0.0,0.0
RDM,2026-04-08,RDM-126,pivo,0.0,0.0
RDM,2026-04-08,RDM-127,pivo,0.0,0.0
RDM,2026-04-08,RDM-128,pivo,0.0,0.0
RDM,2026-04-08,RDM-129,pivo,0.0,0.0
RDM,2026-04-08,RDM-130,pivo,0.0,0.0
RDM,2026-04-08,RDM-131,pivo,0.0,0.0
RDM,2026-04-08,RDM-132,pivo,1.8,1.8
RDM,2026-04-08,RDM-133,pivo,0.0,0.0
RDM,2026-04-08,RDM-SC17D8,estacao,0.0,0.0
RDM,2026-04-08,RDM-SC1A38,estacao,0.0,0.0
RDM,2026-04-08,RDM-SC1A4C,estacao,0.0,0.0
RDM,2026-04-08,RDM-SC1AA8,estacao,0.0,0.0
RDM,2026-04-08,RDM-SC1B34,estacao,0.0,0.0
RDM,2026-04-08,RDM-SC1BA8,estacao,0.0,0.0
RDM,2026-04-06,RDM-101,pivo,0.25,0.25
RDM,2026-04-06,RDM-102,pivo,0.0,0.0
RDM,2026-04-06,RDM-103,pivo,4.32,4.32
RDM,2026-04-06,RDM-104,pivo,0.51,0.51
RDM,2026-04-06,RDM-105,pivo,9.14,9.14
RDM,2026-04-06,RDM-106,pivo,2.29,2.29
RDM,2026-04-06,RDM-107,pivo,7.2,7.2
RDM,2026-04-06,RDM-108,pivo,2.54,2.54
RDM,2026-04-06,RDM-109,pivo,0.25,0.25
RDM,2026-04-06,RDM-110,pivo,0.3,0.3
RDM,2026-04-06,RDM-112,pivo,0.0,0.0
RDM,2026-04-06,RDM-113,pivo,0.0,0.0
RDM,2026-04-06,RDM-114,pivo,0.0,0.0
RDM,2026-04-06,RDM-115,pivo,0.0,0.0
RDM,2026-04-06,RDM-116,pivo,0.25,0.25
RDM,2026-04-06,RDM-117,pivo,0.0,0.0
RDM,2026-04-06,RDM-118,pivo,0.0,0.0
RDM,2026-04-06,RDM-119,pivo,0.0,0.0
RDM,2026-04-06,RDM-120,pivo,0.0,0.0
RDM,2026-04-06,RDM-121,pivo,0.0,0.0
RDM,2026-04-06,RDM-122,pivo,1.02,1.02
RDM,2026-04-06,RDM-123,pivo,0.0,0.0
RDM,2026-04-06,RDM-124,pivo,0.0,0.0
RDM,2026-04-06,RDM-125,pivo,0.0,0.0
RDM,2026-04-06,RDM-126,pivo,0.0,0.0
RDM,2026-04-06,RDM-127,pivo,0.25,0.25
RDM,2026-04-06,RDM-128,pivo,0.0,0.0
RDM,2026-04-06,RDM-129,pivo,0.0,0.0
RDM,2026-04-06,RDM-130,pivo,0.0,0.0
RDM,2026-04-06,RDM-131,pivo,0.0,0.0
RDM,2026-04-06,RDM-132,pivo,0.0,0.0
RDM,2026-04-06,RDM-133,pivo,0.0,0.0
RDM,2026-04-06,RDM-SC17D8,estacao,0.0,0.0
RDM,2026-04-06,RDM-SC1A38,estacao,0.0,0.0
RDM,2026-04-06,RDM-SC1A4C,estacao,1.8,1.8
RDM,2026-04-06,RDM-SC1AA8,estacao,0.0,0.0
RDM,2026-04-06,RDM-SC1B34,estacao,0.3,0.3
RDM,2026-04-06,RDM-SC1BA8,estacao,0.0,0.0
RDM,2026-04-02,RDM-101,pivo,0.0,0.0
RDM,2026-04-02,RDM-102,pivo,0.0,0.0
RDM,2026-04-02,RDM-103,pivo,0.0,0.0
RDM,2026-04-02,RDM-104,pivo,0.0,0.0
RDM,2026-04-02,RDM-105,pivo,0.0,0.0
RDM,2026-04-02,RDM-106,pivo,0.0,0.0
RDM,2026-04-02,RDM-107,pivo,0.0,0.0
RDM,2026-04-02,RDM-108,pivo,0.0,0.0
RDM,2026-04-02,RDM-109,pivo,0.0,0.0
RDM,2026-04-02,RDM-110,pivo,0.0,0.0
RDM,2026-04-02,RDM-112,pivo,0.0,0.0
RDM,2026-04-02,RDM-113,pivo,0.0,0.0
RDM,2026-04-02,RDM-114,pivo,0.0,0.0
RDM,2026-04-02,RDM-115,pivo,0.0,0.0
RDM,2026-04-02,RDM-116,pivo,0.25,0.25
RDM,2026-04-02,RDM-117,pivo,0.0,0.0
RDM,2026-04-02,RDM-118,pivo,0.0,0.0
RDM,2026-04-02,RDM-119,pivo,0.0,0.0
RDM,2026-04-02,RDM-120,pivo,0.25,0.25
RDM,2026-04-02,RDM-121,pivo,0.0,0.0
RDM,2026-04-02,RDM-122,pivo,0.0,0.0
RDM,2026-04-02,RDM-123,pivo,0.0,0.0
RDM,2026-04-02,RDM-124,pivo,0.0,0.0
RDM,2026-04-02,RDM-125,pivo,0.0,0.0
RDM,2026-04-02,RDM-126,pivo,0.0,0.0
RDM,2026-04-02,RDM-127,pivo,0.0,0.0
RDM,2026-04-02,RDM-128,pivo,0.0,0.0
RDM,2026-04-02,RDM-129,pivo,0.0,0.0
RDM,2026-04-02,RDM-130,pivo,0.0,0.0
RDM,2026-04-02,RDM-131,pivo,0.0,0.0
RDM,2026-04-02,RDM-132,pivo,0.0,0.0
RDM,2026-04-02,RDM-133,pivo,0.0,0.0
RDM,2026-04-02,RDM-SC17D8,estacao,0.0,0.0
RDM,2026-04-02,RDM-SC1A38,estacao,0.0,0.0
RDM,2026-04-02,RDM-SC1A4C,estacao,0.3,0.3
RDM,2026-04-02,RDM-SC1AA8,estacao,0.0,0.0
RDM,2026-04-02,RDM-SC1B34,estacao,0.0,0.0
RDM,2026-04-02,RDM-SC1BA8,estacao,0.0,0.0
RDM,2026-04-01,RDM-101,pivo,29.75,29.75
RDM,2026-04-01,RDM-102,pivo,26.75,26.75
RDM,2026-04-01,RDM-103,pivo,31.24,31.24
RDM,2026-04-01,RDM-104,pivo,29.72,29.72
RDM,2026-04-01,RDM-105,pivo,39.37,39.37
RDM,2026-04-01,RDM-106,pivo,26.67,26.67
RDM,2026-04-01,RDM-107,pivo,47.7,47.7
RDM,2026-04-01,RDM-108,pivo,35.56,35.56
RDM,2026-04-01,RDM-109,pivo,27.43,27.43
RDM,2026-04-01,RDM-110,pivo,28.9,28.9
RDM,2026-04-01,RDM-112,pivo,33.78,33.78
RDM,2026-04-01,RDM-113,pivo,42.0,42.0
RDM,2026-04-01,RDM-114,pivo,37.25,37.25
RDM,2026-04-01,RDM-115,pivo,37.08,37.08
RDM,2026-04-01,RDM-116,pivo,31.24,31.24
RDM,2026-04-01,RDM-117,pivo,42.0,42.0
RDM,2026-04-01,RDM-118,pivo,28.0,28.0
RDM,2026-04-01,RDM-119,pivo,28.19,28.19
RDM,2026-04-01,RDM-120,pivo,28.19,28.19
RDM,2026-04-01,RDM-121,pivo,27.43,27.43
RDM,2026-04-01,RDM-122,pivo,40.0,40.0
RDM,2026-04-01,RDM-123,pivo,37.84,37.84
RDM,2026-04-01,RDM-124,pivo,34.5,34.5
RDM,2026-04-01,RDM-125,pivo,20.1,20.1
RDM,2026-04-01,RDM-126,pivo,33.9,33.9
RDM,2026-04-01,RDM-127,pivo,25.15,25.15
RDM,2026-04-01,RDM-128,pivo,26.67,26.67
RDM,2026-04-01,RDM-129,pivo,29.97,29.97
RDM,2026-04-01,RDM-130,pivo,30.85,30.85
RDM,2026-04-01,RDM-131,pivo,31.24,31.24
RDM,2026-04-01,RDM-132,pivo,36.9,36.9
RDM,2026-04-01,RDM-133,pivo,25.4,25.4
RDM,2026-04-01,RDM-SC17D8,estacao,52.5,52.5
RDM,2026-04-01,RDM-SC1A38,estacao,31.8,31.8
RDM,2026-04-01,RDM-SC1A4C,estacao,42.0,42.0
RDM,2026-04-01,RDM-SC1AA8,estacao,39.6,39.6
RDM,2026-04-01,RDM-SC1B34,estacao,45.3,45.3
RDM,2026-04-01,RDM-SC1BA8,estacao,36.9,36.9
RDM,2026-03-31,RDM-101,pivo,0.25,0.25
RDM,2026-03-31,RDM-102,pivo,0.0,0.0
RDM,2026-03-31,RDM-103,pivo,0.0,0.0
RDM,2026-03-31,RDM-104,pivo,0.0,0.0
RDM,2026-03-31,RDM-105,pivo,0.0,0.0
RDM,2026-03-31,RDM-106,pivo,0.0,0.0
RDM,2026-03-31,RDM-107,pivo,0.3,0.3
RDM,2026-03-31,RDM-108,pivo,0.0,0.0
RDM,2026-03-31,RDM-109,pivo,0.0,0.0
RDM,2026-03-31,RDM-110,pivo,0.0,0.0
RDM,2026-03-31,RDM-112,pivo,2.79,2.79
RDM,2026-03-31,RDM-113,pivo,5.4,5.4
RDM,2026-03-31,RDM-114,pivo,5.0,5.0
RDM,2026-03-31,RDM-115,pivo,6.86,6.86
RDM,2026-03-31,RDM-116,pivo,4.06,4.06
RDM,2026-03-31,RDM-117,pivo,6.0,6.0
RDM,2026-03-31,RDM-118,pivo,5.0,5.0
RDM,2026-03-31,RDM-119,pivo,3.05,3.05
RDM,2026-03-31,RDM-120,pivo,7.11,7.11
RDM,2026-03-31,RDM-121,pivo,7.11,7.11
RDM,2026-03-31,RDM-122,pivo,7.24,7.24
RDM,2026-03-31,RDM-123,pivo,4.06,4.06
RDM,2026-03-31,RDM-124,pivo,5.2,5.2
RDM,2026-03-31,RDM-125,pivo,4.2,4.2
RDM,2026-03-31,RDM-126,pivo,6.6,6.6
RDM,2026-03-31,RDM-127,pivo,6.6,6.6
RDM,2026-03-31,RDM-128,pivo,4.06,4.06
RDM,2026-03-31,RDM-129,pivo,4.06,4.06
RDM,2026-03-31,RDM-130,pivo,3.05,3.05
RDM,2026-03-31,RDM-131,pivo,2.79,2.79
RDM,2026-03-31,RDM-132,pivo,3.9,3.9
RDM,2026-03-31,RDM-133,pivo,5.25,5.25
RDM,2026-03-31,RDM-SC17D8,estacao,0.9,0.9
RDM,2026-03-31,RDM-SC1A38,estacao,8.4,8.4
RDM,2026-03-31,RDM-SC1A4C,estacao,0.0,0.0
RDM,2026-03-31,RDM-SC1AA8,estacao,3.3,3.3
RDM,2026-03-31,RDM-SC1B34,estacao,0.0,0.0
RDM,2026-03-31,RDM-SC1BA8,estacao,4.5,4.5
RDM,2026-03-30,RDM-101,pivo,6.25,6.25
RDM,2026-03-30,RDM-102,pivo,9.0,9.0
RDM,2026-03-30,RDM-103,pivo,8.38,8.38
RDM,2026-03-30,RDM-104,pivo,7.87,7.87
RDM,2026-03-30,RDM-105,pivo,8.64,8.64
RDM,2026-03-30,RDM-106,pivo,10.16,10.16
RDM,2026-03-30,RDM-107,pivo,15.3,15.3
RDM,2026-03-30,RDM-108,pivo,12.95,12.95
RDM,2026-03-30,RDM-109,pivo,9.14,9.14
RDM,2026-03-30,RDM-110,pivo,9.3,9.3
RDM,2026-03-30,RDM-112,pivo,2.29,2.29
RDM,2026-03-30,RDM-113,pivo,4.2,4.2
RDM,2026-03-30,RDM-114,pivo,2.0,2.0
RDM,2026-03-30,RDM-115,pivo,3.3,3.3
RDM,2026-03-30,RDM-116,pivo,2.29,2.29
RDM,2026-03-30,RDM-117,pivo,3.6,3.6
RDM,2026-03-30,RDM-118,pivo,1.0,1.0
RDM,2026-03-30,RDM-119,pivo,2.29,2.29
RDM,2026-03-30,RDM-120,pivo,1.78,1.78
RDM,2026-03-30,RDM-121,pivo,2.03,2.03
RDM,2026-03-30,RDM-122,pivo,1.2,1.2
RDM,2026-03-30,RDM-123,pivo,2.29,2.29
RDM,2026-03-30,RDM-124,pivo,3.6,3.6
RDM,2026-03-30,RDM-125,pivo,6.6,6.6
RDM,2026-03-30,RDM-126,pivo,3.3,3.3
RDM,2026-03-30,RDM-127,pivo,8.64,8.64
RDM,2026-03-30,RDM-128,pivo,3.81,3.81
RDM,2026-03-30,RDM-129,pivo,10.92,10.92
RDM,2026-03-30,RDM-130,pivo,5.84,5.84
RDM,2026-03-30,RDM-131,pivo,7.87,7.87
RDM,2026-03-30,RDM-132,pivo,8.7,8.7
RDM,2026-03-30,RDM-133,pivo,7.37,7.37
RDM,2026-03-30,RDM-SC17D8,estacao,3.0,3.0
RDM,2026-03-30,RDM-SC1A38,estacao,2.4,2.4
RDM,2026-03-30,RDM-SC1A4C,estacao,19.5,19.5
RDM,2026-03-30,RDM-SC1AA8,estacao,3.0,3.0
RDM,2026-03-30,RDM-SC1B34,estacao,17.7,17.7
RDM,2026-03-30,RDM-SC1BA8,estacao,5.4,5.4
RDM,2026-03-27,RDM-101,pivo,0.0,0.0
RDM,2026-03-27,RDM-102,pivo,0.0,0.0
RDM,2026-03-27,RDM-103,pivo,0.0,0.0
RDM,2026-03-27,RDM-104,pivo,0.0,0.0
RDM,2026-03-27,RDM-105,pivo,0.0,0.0
RDM,2026-03-27,RDM-106,pivo,0.0,0.0
RDM,2026-03-27,RDM-107,pivo,0.0,0.0
RDM,2026-03-27,RDM-108,pivo,0.0,0.0
RDM,2026-03-27,RDM-109,pivo,0.0,0.0
RDM,2026-03-27,RDM-110,pivo,0.0,0.0
RDM,2026-03-27,RDM-112,pivo,0.0,0.0
RDM,2026-03-27,RDM-113,pivo,0.0,0.0
RDM,2026-03-27,RDM-114,pivo,0.0,0.0
RDM,2026-03-27,RDM-115,pivo,0.0,0.0
RDM,2026-03-27,RDM-116,pivo,0.0,0.0
RDM,2026-03-27,RDM-117,pivo,0.0,0.0
RDM,2026-03-27,RDM-118,pivo,0.0,0.0
RDM,2026-03-27,RDM-119,pivo,0.0,0.0
RDM,2026-03-27,RDM-120,pivo,0.0,0.0
RDM,2026-03-27,RDM-121,pivo,0.25,0.25
RDM,2026-03-27,RDM-122,pivo,0.0,0.0
RDM,2026-03-27,RDM-123,pivo,0.0,0.0
RDM,2026-03-27,RDM-124,pivo,0.0,0.0
RDM,2026-03-27,RDM-125,pivo,0.0,0.0
RDM,2026-03-27,RDM-126,pivo,0.0,0.0
RDM,2026-03-27,RDM-127,pivo,0.0,0.0
RDM,2026-03-27,RDM-128,pivo,0.0,0.0
RDM,2026-03-27,RDM-129,pivo,0.0,0.0
RDM,2026-03-27,RDM-130,pivo,0.0,0.0
RDM,2026-03-27,RDM-131,pivo,0.0,0.0
RDM,2026-03-27,RDM-132,pivo,0.0,0.0
RDM,2026-03-27,RDM-133,pivo,0.0,0.0
RDM,2026-03-27,RDM-SC17D8,estacao,1.8,1.8
RDM,2026-03-27,RDM-SC1A38,estacao,0.0,0.0
RDM,2026-03-27,RDM-SC1A4C,estacao,0.9,0.9
RDM,2026-03-27,RDM-SC1AA8,estacao,0.0,0.0
RDM,2026-03-27,RDM-SC1B34,estacao,0.0,0.0
RDM,2026-03-27,RDM-SC1BA8,estacao,0.0,0.0
RDM,2026-03-26,RDM-101,pivo,0.0,0.0
RDM,2026-03-26,RDM-102,pivo,0.25,0.25
RDM,2026-03-26,RDM-103,pivo,0.0,0.0
RDM,2026-03-26,RDM-104,pivo,0.0,0.0
RDM,2026-03-26,RDM-105,pivo,0.0,0.0
RDM,2026-03-26,RDM-106,pivo,0.25,0.25
RDM,2026-03-26,RDM-107,pivo,0.0,0.0
RDM,2026-03-26,RDM-108,pivo,0.0,0.0
RDM,2026-03-26,RDM-109,pivo,0.0,0.0
RDM,2026-03-26,RDM-110,pivo,0.0,0.0
RDM,2026-03-26,RDM-112,pivo,0.0,0.0
RDM,2026-03-26,RDM-113,pivo,0.0,0.0
RDM,2026-03-26,RDM-114,pivo,0.0,0.0
RDM,2026-03-26,RDM-115,pivo,0.0,0.0
RDM,2026-03-26,RDM-116,pivo,0.0,0.0
RDM,2026-03-26,RDM-117,pivo,0.0,0.0
RDM,2026-03-26,RDM-118,pivo,0.0,0.0
RDM,2026-03-26,RDM-119,pivo,0.0,0.0
RDM,2026-03-26,RDM-120,pivo,0.25,0.25
RDM,2026-03-26,RDM-121,pivo,0.0,0.0
RDM,2026-03-26,RDM-122,pivo,0.0,0.0
RDM,2026-03-26,RDM-123,pivo,0.0,0.0
RDM,2026-03-26,RDM-124,pivo,0.0,0.0
RDM,2026-03-26,RDM-125,pivo,0.0,0.0
RDM,2026-03-26,RDM-126,pivo,0.0,0.0
RDM,2026-03-26,RDM-127,pivo,0.0,0.0
RDM,2026-03-26,RDM-128,pivo,0.0,0.0
RDM,2026-03-26,RDM-129,pivo,0.0,0.0
RDM,2026-03-26,RDM-130,pivo,0.0,0.0
RDM,2026-03-26,RDM-131,pivo,0.0,0.0
RDM,2026-03-26,RDM-132,pivo,0.0,0.0
RDM,2026-03-26,RDM-133,pivo,0.0,0.0
RDM,2026-03-26,RDM-SC17D8,estacao,0.0,0.0
RDM,2026-03-26,RDM-SC1A38,estacao,0.0,0.0
RDM,2026-03-26,RDM-SC1A4C,estacao,0.0,0.0
RDM,2026-03-26,RDM-SC1AA8,estacao,0.0,0.0
RDM,2026-03-26,RDM-SC1B34,estacao,1.5,1.5
RDM,2026-03-26,RDM-SC1BA8,estacao,0.0,0.0
RDM,2026-03-25,RDM-101,pivo,10.25,10.25
RDM,2026-03-25,RDM-102,pivo,9.0,9.0
RDM,2026-03-25,RDM-103,pivo,10.67,10.67
RDM,2026-03-25,RDM-104,pivo,10.41,10.41
RDM,2026-03-25,RDM-105,pivo,10.41,10.41
RDM,2026-03-25,RDM-106,pivo,10.16,10.16
RDM,2026-03-25,RDM-107,pivo,13.5,13.5
RDM,2026-03-25,RDM-108,pivo,10.92,10.92
RDM,2026-03-25,RDM-109,pivo,9.14,9.14
RDM,2026-03-25,RDM-110,pivo,7.45,7.45
RDM,2026-03-25,RDM-112,pivo,9.91,9.91
RDM,2026-03-25,RDM-113,pivo,7.5,7.5
RDM,2026-03-25,RDM-114,pivo,9.0,9.0
RDM,2026-03-25,RDM-115,pivo,10.16,10.16
RDM,2026-03-25,RDM-116,pivo,8.13,8.13
RDM,2026-03-25,RDM-117,pivo,12.3,12.3
RDM,2026-03-25,RDM-118,pivo,7.8,7.8
RDM,2026-03-25,RDM-119,pivo,8.64,8.64
RDM,2026-03-25,RDM-120,pivo,6.35,6.35
RDM,2026-03-25,RDM-121,pivo,7.37,7.37
RDM,2026-03-25,RDM-122,pivo,6.41,6.41
RDM,2026-03-25,RDM-123,pivo,8.36,8.36
RDM,2026-03-25,RDM-124,pivo,9.3,9.3
RDM,2026-03-25,RDM-125,pivo,10.4,10.4
RDM,2026-03-25,RDM-126,pivo,11.1,11.1
RDM,2026-03-25,RDM-127,pivo,10.41,10.41
RDM,2026-03-25,RDM-128,pivo,10.67,10.67
RDM,2026-03-25,RDM-129,pivo,12.95,12.95
RDM,2026-03-25,RDM-130,pivo,8.89,8.89
RDM,2026-03-25,RDM-131,pivo,9.4,9.4
RDM,2026-03-25,RDM-132,pivo,12.3,12.3
RDM,2026-03-25,RDM-133,pivo,13.72,13.72
RDM,2026-03-25,RDM-SC17D8,estacao,10.8,10.8
RDM,2026-03-25,RDM-SC1A38,estacao,10.8,10.8
RDM,2026-03-25,RDM-SC1A4C,estacao,13.2,13.2
RDM,2026-03-25,RDM-SC1AA8,estacao,8.4,8.4
RDM,2026-03-25,RDM-SC1B34,estacao,11.7,11.7
RDM,2026-03-25,RDM-SC1BA8,estacao,12.6,12.6
RDM,2026-03-24,RDM-101,pivo,41.5,41.5
RDM,2026-03-24,RDM-102,pivo,42.75,42.75
RDM,2026-03-24,RDM-103,pivo,39.88,39.88
RDM,2026-03-24,RDM-104,pivo,46.48,46.48
RDM,2026-03-24,RDM-105,pivo,28.7,28.7
RDM,2026-03-24,RDM-106,pivo,47.24,47.24
RDM,2026-03-24,RDM-107,pivo,19.8,19.8
RDM,2026-03-24,RDM-108,pivo,40.39,40.39
RDM,2026-03-24,RDM-109,pivo,30.23,30.23
RDM,2026-03-24,RDM-110,pivo,35.7,35.7
RDM,2026-03-24,RDM-112,pivo,51.56,51.56
RDM,2026-03-24,RDM-113,pivo,60.9,60.9
RDM,2026-03-24,RDM-114,pivo,59.5,59.5
RDM,2026-03-24,RDM-115,pivo,64.77,64.77
RDM,2026-03-24,RDM-116,pivo,61.72,61.72
RDM,2026-03-24,RDM-117,pivo,77.4,77.4
RDM,2026-03-24,RDM-118,pivo,57.41,57.41
RDM,2026-03-24,RDM-119,pivo,55.12,55.12
RDM,2026-03-24,RDM-120,pivo,46.48,46.48
RDM,2026-03-24,RDM-121,pivo,41.66,41.66
RDM,2026-03-24,RDM-122,pivo,49.25,49.25
RDM,2026-03-24,RDM-123,pivo,31.5,31.5
RDM,2026-03-24,RDM-124,pivo,41.4,41.4
RDM,2026-03-24,RDM-125,pivo,47.4,47.4
RDM,2026-03-24,RDM-126,pivo,45.9,45.9
RDM,2026-03-24,RDM-127,pivo,43.69,43.69
RDM,2026-03-24,RDM-128,pivo,43.43,43.43
RDM,2026-03-24,RDM-129,pivo,49.02,49.02
RDM,2026-03-24,RDM-130,pivo,43.18,43.18
RDM,2026-03-24,RDM-131,pivo,50.8,50.8
RDM,2026-03-24,RDM-132,pivo,46.8,46.8
RDM,2026-03-24,RDM-133,pivo,44.2,44.2
RDM,2026-03-24,RDM-SC17D8,estacao,30.6,30.6
RDM,2026-03-24,RDM-SC1A38,estacao,49.5,49.5
RDM,2026-03-24,RDM-SC1A4C,estacao,14.7,14.7
RDM,2026-03-24,RDM-SC1AA8,estacao,55.5,55.5
RDM,2026-03-24,RDM-SC1B34,estacao,18.3,18.3
RDM,2026-03-24,RDM-SC1BA8,estacao,32.4,32.4
RDM,2026-03-23,RDM-101,pivo,1.0,1.0
RDM,2026-03-23,RDM-102,pivo,4.75,4.75
RDM,2026-03-23,RDM-103,pivo,0.25,0.25
RDM,2026-03-23,RDM-104,pivo,0.0,0.0
RDM,2026-03-23,RDM-105,pivo,0.0,0.0
RDM,2026-03-23,RDM-106,pivo,0.0,0.0
RDM,2026-03-23,RDM-107,pivo,0.0,0.0
RDM,2026-03-23,RDM-108,pivo,0.0,0.0
RDM,2026-03-23,RDM-109,pivo,0.0,0.0
RDM,2026-03-23,RDM-110,pivo,0.0,0.0
RDM,2026-03-23,RDM-112,pivo,10.67,10.67
RDM,2026-03-23,RDM-113,pivo,8.1,8.1
RDM,2026-03-23,RDM-114,pivo,11.0,11.0
RDM,2026-03-23,RDM-115,pivo,8.64,8.64
RDM,2026-03-23,RDM-116,pivo,10.41,10.41
RDM,2026-03-23,RDM-117,pivo,17.7,17.7
RDM,2026-03-23,RDM-118,pivo,14.2,14.2
RDM,2026-03-23,RDM-119,pivo,26.67,26.67
RDM,2026-03-23,RDM-120,pivo,20.57,20.57
RDM,2026-03-23,RDM-121,pivo,26.67,26.67
RDM,2026-03-23,RDM-122,pivo,18.2,18.2
RDM,2026-03-23,RDM-123,pivo,16.0,16.0
RDM,2026-03-23,RDM-124,pivo,21.6,21.6
RDM,2026-03-23,RDM-125,pivo,14.7,14.7
RDM,2026-03-23,RDM-126,pivo,20.7,20.7
RDM,2026-03-23,RDM-127,pivo,22.61,22.61
RDM,2026-03-23,RDM-128,pivo,32.77,32.77
RDM,2026-03-23,RDM-129,pivo,31.5,31.5
RDM,2026-03-23,RDM-130,pivo,26.92,26.92
RDM,2026-03-23,RDM-131,pivo,12.7,12.7
RDM,2026-03-23,RDM-132,pivo,12.9,12.9
RDM,2026-03-23,RDM-133,pivo,15.49,15.49
RDM,2026-03-23,RDM-SC17D8,estacao,14.7,14.7
RDM,2026-03-23,RDM-SC1A38,estacao,16.8,16.8
RDM,2026-03-23,RDM-SC1A4C,estacao,0.0,0.0
RDM,2026-03-23,RDM-SC1AA8,estacao,18.0,18.0
RDM,2026-03-23,RDM-SC1B34,estacao,0.0,0.0
RDM,2026-03-23,RDM-SC1BA8,estacao,15.3,15.3
RDM,2026-03-22,RDM-101,pivo,2.25,2.25
RDM,2026-03-22,RDM-102,pivo,7.25,7.25
RDM,2026-03-22,RDM-103,pivo,4.32,4.32
RDM,2026-03-22,RDM-104,pivo,6.86,6.86
RDM,2026-03-22,RDM-105,pivo,3.3,3.3
RDM,2026-03-22,RDM-106,pivo,3.05,3.05
RDM,2026-03-22,RDM-107,pivo,3.3,3.3
RDM,2026-03-22,RDM-108,pivo,4.06,4.06
RDM,2026-03-22,RDM-109,pivo,11.18,11.18
RDM,2026-03-22,RDM-110,pivo,6.3,6.3
RDM,2026-03-22,RDM-112,pivo,3.05,3.05
RDM,2026-03-22,RDM-113,pivo,1.5,1.5
RDM,2026-03-22,RDM-114,pivo,2.0,2.0
RDM,2026-03-22,RDM-115,pivo,1.27,1.27
RDM,2026-03-22,RDM-116,pivo,1.27,1.27
RDM,2026-03-22,RDM-117,pivo,0.3,0.3
RDM,2026-03-22,RDM-118,pivo,2.0,2.0
RDM,2026-03-22,RDM-119,pivo,0.51,0.51
RDM,2026-03-22,RDM-120,pivo,3.81,3.81
RDM,2026-03-22,RDM-121,pivo,0.51,0.51
RDM,2026-03-22,RDM-122,pivo,3.66,3.66
RDM,2026-03-22,RDM-123,pivo,7.11,7.11
RDM,2026-03-22,RDM-124,pivo,0.9,0.9
RDM,2026-03-22,RDM-125,pivo,0.0,0.0
RDM,2026-03-22,RDM-126,pivo,0.0,0.0
RDM,2026-03-22,RDM-127,pivo,0.51,0.51
RDM,2026-03-22,RDM-128,pivo,0.25,0.25
RDM,2026-03-22,RDM-129,pivo,4.06,4.06
RDM,2026-03-22,RDM-130,pivo,1.27,1.27
RDM,2026-03-22,RDM-131,pivo,1.78,1.78
RDM,2026-03-22,RDM-132,pivo,3.3,3.3
RDM,2026-03-22,RDM-133,pivo,0.25,0.25
RDM,2026-03-22,RDM-SC17D8,estacao,10.2,10.2
RDM,2026-03-22,RDM-SC1A38,estacao,0.6,0.6
RDM,2026-03-22,RDM-SC1A4C,estacao,2.4,2.4
RDM,2026-03-22,RDM-SC1AA8,estacao,3.9,3.9
RDM,2026-03-22,RDM-SC1B34,estacao,11.4,11.4
RDM,2026-03-22,RDM-SC1BA8,estacao,4.5,4.5
RDM,2026-03-21,RDM-101,pivo,1.25,1.25
RDM,2026-03-21,RDM-102,pivo,1.0,1.0
RDM,2026-03-21,RDM-103,pivo,1.52,1.52
RDM,2026-03-21,RDM-104,pivo,1.02,1.02
RDM,2026-03-21,RDM-105,pivo,1.27,1.27
RDM,2026-03-21,RDM-106,pivo,1.52,1.52
RDM,2026-03-21,RDM-107,pivo,1.8,1.8
RDM,2026-03-21,RDM-108,pivo,3.3,3.3
RDM,2026-03-21,RDM-109,pivo,2.03,2.03
RDM,2026-03-21,RDM-110,pivo,1.0,1.0
RDM,2026-03-21,RDM-112,pivo,6.78,6.78
RDM,2026-03-21,RDM-113,pivo,9.0,9.0
RDM,2026-03-21,RDM-114,pivo,8.75,8.75
RDM,2026-03-21,RDM-115,pivo,17.53,17.53
RDM,2026-03-21,RDM-116,pivo,5.33,5.33
RDM,2026-03-21,RDM-117,pivo,24.6,24.6
RDM,2026-03-21,RDM-118,pivo,5.89,5.89
RDM,2026-03-21,RDM-119,pivo,13.46,13.46
RDM,2026-03-21,RDM-120,pivo,5.08,5.08
RDM,2026-03-21,RDM-121,pivo,23.37,23.37
RDM,2026-03-21,RDM-122,pivo,8.56,8.56
RDM,2026-03-21,RDM-123,pivo,11.43,11.43
RDM,2026-03-21,RDM-124,pivo,16.8,16.8
RDM,2026-03-21,RDM-125,pivo,23.1,23.1
RDM,2026-03-21,RDM-126,pivo,26.1,26.1
RDM,2026-03-21,RDM-127,pivo,19.3,19.3
RDM,2026-03-21,RDM-128,pivo,21.08,21.08
RDM,2026-03-21,RDM-129,pivo,32.26,32.26
RDM,2026-03-21,RDM-130,pivo,28.7,28.7
RDM,2026-03-21,RDM-131,pivo,34.29,34.29
RDM,2026-03-21,RDM-132,pivo,20.7,20.7
RDM,2026-03-21,RDM-133,pivo,12.95,12.95
RDM,2026-03-21,RDM-SC17D8,estacao,2.7,2.7
RDM,2026-03-21,RDM-SC1A38,estacao,1.8,1.8
RDM,2026-03-21,RDM-SC1A4C,estacao,1.8,1.8
RDM,2026-03-21,RDM-SC1AA8,estacao,2.7,2.7
RDM,2026-03-21,RDM-SC1B34,estacao,3.9,3.9
RDM,2026-03-21,RDM-SC1BA8,estacao,5.4,5.4
RDM,2026-03-20,RDM-101,pivo,18.75,18.75
RDM,2026-03-20,RDM-102,pivo,8.75,8.75
RDM,2026-03-20,RDM-103,pivo,3.81,3.81
RDM,2026-03-20,RDM-104,pivo,5.08,5.08
RDM,2026-03-20,RDM-105,pivo,3.05,3.05
RDM,2026-03-20,RDM-106,pivo,2.29,2.29
RDM,2026-03-20,RDM-107,pivo,2.1,2.1
RDM,2026-03-20,RDM-108,pivo,2.54,2.54
RDM,2026-03-20,RDM-109,pivo,4.83,4.83
RDM,2026-03-20,RDM-110,pivo,1.2,1.2
RDM,2026-03-20,RDM-112,pivo,27.43,27.43
RDM,2026-03-20,RDM-113,pivo,12.6,12.6
RDM,2026-03-20,RDM-114,pivo,21.25,21.25
RDM,2026-03-20,RDM-115,pivo,16.76,16.76
RDM,2026-03-20,RDM-116,pivo,26.67,26.67
RDM,2026-03-20,RDM-117,pivo,26.4,26.4
RDM,2026-03-20,RDM-118,pivo,24.5,24.5
RDM,2026-03-20,RDM-119,pivo,26.92,26.92
RDM,2026-03-20,RDM-120,pivo,16.51,16.51
RDM,2026-03-20,RDM-121,pivo,10.92,10.92
RDM,2026-03-20,RDM-122,pivo,16.07,16.07
RDM,2026-03-20,RDM-123,pivo,16.26,16.26
RDM,2026-03-20,RDM-124,pivo,12.3,12.3
RDM,2026-03-20,RDM-125,pivo,13.5,13.5
RDM,2026-03-20,RDM-126,pivo,18.6,18.6
RDM,2026-03-20,RDM-127,pivo,27.18,27.18
RDM,2026-03-20,RDM-128,pivo,20.07,20.07
RDM,2026-03-20,RDM-129,pivo,26.92,26.92
RDM,2026-03-20,RDM-130,pivo,8.89,8.89
RDM,2026-03-20,RDM-131,pivo,11.43,11.43
RDM,2026-03-20,RDM-132,pivo,10.8,10.8
RDM,2026-03-20,RDM-133,pivo,16.0,16.0
RDM,2026-03-20,RDM-SC17D8,estacao,26.1,26.1
RDM,2026-03-20,RDM-SC1A38,estacao,8.7,8.7
RDM,2026-03-20,RDM-SC1A4C,estacao,3.9,3.9
RDM,2026-03-20,RDM-SC1AA8,estacao,21.3,21.3
RDM,2026-03-20,RDM-SC1B34,estacao,12.3,12.3
RDM,2026-03-20,RDM-SC1BA8,estacao,5.1,5.1
RDM,2026-03-18,RDM-101,pivo,0.5,0.5
RDM,2026-03-18,RDM-102,pivo,0.0,0.0
RDM,2026-03-18,RDM-103,pivo,0.0,0.0
RDM,2026-03-18,RDM-104,pivo,0.0,0.0
RDM,2026-03-18,RDM-105,pivo,0.0,0.0
RDM,2026-03-18,RDM-106,pivo,0.0,0.0
RDM,2026-03-18,RDM-107,pivo,0.0,0.0
RDM,2026-03-18,RDM-108,pivo,0.0,0.0
RDM,2026-03-18,RDM-109,pivo,0.0,0.0
RDM,2026-03-18,RDM-110,pivo,0.0,0.0
RDM,2026-03-18,RDM-112,pivo,0.0,0.0
RDM,2026-03-18,RDM-113,pivo,0.0,0.0
RDM,2026-03-18,RDM-114,pivo,0.0,0.0
RDM,2026-03-18,RDM-115,pivo,0.0,0.0
RDM,2026-03-18,RDM-116,pivo,0.0,0.0
RDM,2026-03-18,RDM-117,pivo,0.0,0.0
RDM,2026-03-18,RDM-118,pivo,0.0,0.0
RDM,2026-03-18,RDM-119,pivo,0.0,0.0
RDM,2026-03-18,RDM-120,pivo,0.25,0.25
RDM,2026-03-18,RDM-121,pivo,0.0,0.0
RDM,2026-03-18,RDM-122,pivo,0.0,0.0
RDM,2026-03-18,RDM-123,pivo,0.0,0.0
RDM,2026-03-18,RDM-124,pivo,0.0,0.0
RDM,2026-03-18,RDM-125,pivo,0.0,0.0
RDM,2026-03-18,RDM-126,pivo,0.0,0.0
RDM,2026-03-18,RDM-127,pivo,0.0,0.0
RDM,2026-03-18,RDM-128,pivo,0.0,0.0
RDM,2026-03-18,RDM-129,pivo,0.0,0.0
RDM,2026-03-18,RDM-130,pivo,0.0,0.0
RDM,2026-03-18,RDM-131,pivo,0.0,0.0
RDM,2026-03-18,RDM-132,pivo,0.0,0.0
RDM,2026-03-18,RDM-133,pivo,0.0,0.0
RDM,2026-03-18,RDM-SC17D8,estacao,0.0,0.0
RDM,2026-03-18,RDM-SC1A38,estacao,0.0,0.0
RDM,2026-03-18,RDM-SC1A4C,estacao,0.0,0.0
RDM,2026-03-18,RDM-SC1AA8,estacao,0.0,0.0
RDM,2026-03-18,RDM-SC1B34,estacao,0.0,0.0
RDM,2026-03-18,RDM-SC1BA8,estacao,0.0,0.0
RDM,2026-03-17,RDM-101,pivo,0.0,0.0
RDM,2026-03-17,RDM-102,pivo,0.0,0.0
RDM,2026-03-17,RDM-103,pivo,0.0,0.0
RDM,2026-03-17,RDM-104,pivo,0.0,0.0
RDM,2026-03-17,RDM-105,pivo,0.0,0.0
RDM,2026-03-17,RDM-106,pivo,0.0,0.0
RDM,2026-03-17,RDM-107,pivo,0.0,0.0
RDM,2026-03-17,RDM-108,pivo,0.0,0.0
RDM,2026-03-17,RDM-109,pivo,0.0,0.0
RDM,2026-03-17,RDM-110,pivo,0.0,0.0
RDM,2026-03-17,RDM-112,pivo,0.0,0.0
RDM,2026-03-17,RDM-113,pivo,0.0,0.0
RDM,2026-03-17,RDM-114,pivo,0.0,0.0
RDM,2026-03-17,RDM-115,pivo,0.0,0.0
RDM,2026-03-17,RDM-116,pivo,0.51,0.51
RDM,2026-03-17,RDM-117,pivo,0.0,0.0
RDM,2026-03-17,RDM-118,pivo,0.0,0.0
RDM,2026-03-17,RDM-119,pivo,0.0,0.0
RDM,2026-03-17,RDM-120,pivo,0.0,0.0
RDM,2026-03-17,RDM-121,pivo,0.0,0.0
RDM,2026-03-17,RDM-122,pivo,0.0,0.0
RDM,2026-03-17,RDM-123,pivo,0.0,0.0
RDM,2026-03-17,RDM-124,pivo,0.0,0.0
RDM,2026-03-17,RDM-125,pivo,0.0,0.0
RDM,2026-03-17,RDM-126,pivo,0.0,0.0
RDM,2026-03-17,RDM-127,pivo,0.0,0.0
RDM,2026-03-17,RDM-128,pivo,0.0,0.0
RDM,2026-03-17,RDM-129,pivo,0.0,0.0
RDM,2026-03-17,RDM-130,pivo,0.0,0.0
RDM,2026-03-17,RDM-131,pivo,0.0,0.0
RDM,2026-03-17,RDM-132,pivo,0.0,0.0
RDM,2026-03-17,RDM-133,pivo,0.0,0.0
RDM,2026-03-17,RDM-SC17D8,estacao,0.0,0.0
RDM,2026-03-17,RDM-SC1A38,estacao,0.9,0.9
RDM,2026-03-17,RDM-SC1A4C,estacao,0.0,0.0
RDM,2026-03-17,RDM-SC1AA8,estacao,0.0,0.0
RDM,2026-03-17,RDM-SC1B34,estacao,0.0,0.0
RDM,2026-03-17,RDM-SC1BA8,estacao,3.9,3.9
RDM,2026-03-16,RDM-101,pivo,10.0,10.0
RDM,2026-03-16,RDM-102,pivo,17.25,17.25
RDM,2026-03-16,RDM-103,pivo,10.67,10.67
RDM,2026-03-16,RDM-104,pivo,22.1,22.1
RDM,2026-03-16,RDM-105,pivo,10.67,10.67
RDM,2026-03-16,RDM-106,pivo,25.4,25.4
RDM,2026-03-16,RDM-107,pivo,13.2,13.2
RDM,2026-03-16,RDM-108,pivo,21.59,21.59
RDM,2026-03-16,RDM-109,pivo,13.97,13.97
RDM,2026-03-16,RDM-110,pivo,9.0,9.0
RDM,2026-03-16,RDM-112,pivo,9.91,9.91
RDM,2026-03-16,RDM-113,pivo,10.2,10.2
RDM,2026-03-16,RDM-114,pivo,10.0,10.0
RDM,2026-03-16,RDM-115,pivo,9.4,9.4
RDM,2026-03-16,RDM-116,pivo,9.91,9.91
RDM,2026-03-16,RDM-117,pivo,10.5,10.5
RDM,2026-03-16,RDM-118,pivo,10.02,10.02
RDM,2026-03-16,RDM-119,pivo,9.91,9.91
RDM,2026-03-16,RDM-120,pivo,11.43,11.43
RDM,2026-03-16,RDM-121,pivo,10.92,10.92
RDM,2026-03-16,RDM-122,pivo,12.22,12.22
RDM,2026-03-16,RDM-123,pivo,14.73,14.73
RDM,2026-03-16,RDM-124,pivo,10.8,10.8
RDM,2026-03-16,RDM-125,pivo,30.0,30.0
RDM,2026-03-16,RDM-126,pivo,11.7,11.7
RDM,2026-03-16,RDM-127,pivo,9.14,9.14
RDM,2026-03-16,RDM-128,pivo,8.38,8.38
RDM,2026-03-16,RDM-129,pivo,11.18,11.18
RDM,2026-03-16,RDM-130,pivo,7.11,7.11
RDM,2026-03-16,RDM-131,pivo,16.76,16.76
RDM,2026-03-16,RDM-132,pivo,18.3,18.3
RDM,2026-03-16,RDM-133,pivo,8.89,8.89
RDM,2026-03-16,RDM-SC17D8,estacao,12.3,12.3
RDM,2026-03-16,RDM-SC1A38,estacao,12.0,12.0
RDM,2026-03-16,RDM-SC1A4C,estacao,11.7,11.7
RDM,2026-03-16,RDM-SC1AA8,estacao,13.2,13.2
RDM,2026-03-16,RDM-SC1B34,estacao,12.6,12.6
RDM,2026-03-16,RDM-SC1BA8,estacao,12.6,12.6
RDM,2026-03-15,RDM-101,pivo,13.0,13.0
RDM,2026-03-15,RDM-102,pivo,13.25,13.25
RDM,2026-03-15,RDM-103,pivo,20.83,20.83
RDM,2026-03-15,RDM-104,pivo,20.07,20.07
RDM,2026-03-15,RDM-105,pivo,22.1,22.1
RDM,2026-03-15,RDM-106,pivo,23.62,23.62
RDM,2026-03-15,RDM-107,pivo,13.2,13.2
RDM,2026-03-15,RDM-108,pivo,23.88,23.88
RDM,2026-03-15,RDM-109,pivo,8.13,8.13
RDM,2026-03-15,RDM-110,pivo,8.1,8.1
RDM,2026-03-15,RDM-112,pivo,5.08,5.08
RDM,2026-03-15,RDM-113,pivo,3.6,3.6
RDM,2026-03-15,RDM-114,pivo,12.75,12.75
RDM,2026-03-15,RDM-115,pivo,12.7,12.7
RDM,2026-03-15,RDM-116,pivo,32.0,32.0
RDM,2026-03-15,RDM-117,pivo,24.9,24.9
RDM,2026-03-15,RDM-118,pivo,30.04,30.04
RDM,2026-03-15,RDM-119,pivo,18.8,18.8
RDM,2026-03-15,RDM-120,pivo,29.21,29.21
RDM,2026-03-15,RDM-121,pivo,28.19,28.19
RDM,2026-03-15,RDM-122,pivo,21.04,21.04
RDM,2026-03-15,RDM-123,pivo,27.43,27.43
RDM,2026-03-15,RDM-124,pivo,66.9,66.9
RDM,2026-03-15,RDM-125,pivo,63.3,63.3
RDM,2026-03-15,RDM-126,pivo,25.8,25.8
RDM,2026-03-15,RDM-127,pivo,26.67,26.67
RDM,2026-03-15,RDM-128,pivo,16.0,16.0
RDM,2026-03-15,RDM-129,pivo,26.42,26.42
RDM,2026-03-15,RDM-130,pivo,21.59,21.59
RDM,2026-03-15,RDM-131,pivo,25.65,25.65
RDM,2026-03-15,RDM-132,pivo,34.5,34.5
RDM,2026-03-15,RDM-133,pivo,38.61,38.61
RDM,2026-03-15,RDM-SC17D8,estacao,4.8,4.8
RDM,2026-03-15,RDM-SC1A38,estacao,44.4,44.4
RDM,2026-03-15,RDM-SC1A4C,estacao,6.3,6.3
RDM,2026-03-15,RDM-SC1AA8,estacao,23.7,23.7
RDM,2026-03-15,RDM-SC1B34,estacao,9.3,9.3
RDM,2026-03-15,RDM-SC1BA8,estacao,35.1,35.1
RDM,2026-03-14,RDM-101,pivo,0.0,0.0
RDM,2026-03-14,RDM-102,pivo,0.0,0.0
RDM,2026-03-14,RDM-103,pivo,0.0,0.0
RDM,2026-03-14,RDM-104,pivo,0.25,0.25
RDM,2026-03-14,RDM-105,pivo,0.0,0.0
RDM,2026-03-14,RDM-106,pivo,0.0,0.0
RDM,2026-03-14,RDM-107,pivo,0.0,0.0
RDM,2026-03-14,RDM-108,pivo,0.0,0.0
RDM,2026-03-14,RDM-109,pivo,0.0,0.0
RDM,2026-03-14,RDM-110,pivo,0.0,0.0
RDM,2026-03-14,RDM-112,pivo,0.0,0.0
RDM,2026-03-14,RDM-113,pivo,0.0,0.0
RDM,2026-03-14,RDM-114,pivo,0.0,0.0
RDM,2026-03-14,RDM-115,pivo,0.0,0.0
RDM,2026-03-14,RDM-116,pivo,0.0,0.0
RDM,2026-03-14,RDM-117,pivo,0.0,0.0
RDM,2026-03-14,RDM-118,pivo,0.0,0.0
RDM,2026-03-14,RDM-119,pivo,0.0,0.0
RDM,2026-03-14,RDM-120,pivo,0.0,0.0
RDM,2026-03-14,RDM-121,pivo,0.25,0.25
RDM,2026-03-14,RDM-122,pivo,0.0,0.0
RDM,2026-03-14,RDM-123,pivo,0.0,0.0
RDM,2026-03-14,RDM-124,pivo,0.0,0.0
RDM,2026-03-14,RDM-125,pivo,0.0,0.0
RDM,2026-03-14,RDM-126,pivo,0.0,0.0
RDM,2026-03-14,RDM-127,pivo,0.0,0.0
RDM,2026-03-14,RDM-128,pivo,0.0,0.0
RDM,2026-03-14,RDM-129,pivo,0.0,0.0
RDM,2026-03-14,RDM-130,pivo,0.0,0.0
RDM,2026-03-14,RDM-131,pivo,0.0,0.0
RDM,2026-03-14,RDM-132,pivo,0.0,0.0
RDM,2026-03-14,RDM-133,pivo,0.0,0.0
RDM,2026-03-14,RDM-SC17D8,estacao,0.0,0.0
RDM,2026-03-14,RDM-SC1A38,estacao,0.0,0.0
RDM,2026-03-14,RDM-SC1A4C,estacao,0.0,0.0
RDM,2026-03-14,RDM-SC1AA8,estacao,0.0,0.0
RDM,2026-03-14,RDM-SC1B34,estacao,0.0,0.0
RDM,2026-03-14,RDM-SC1BA8,estacao,0.0,0.0
RDM,2026-03-13,RDM-101,pivo,14.75,14.75
RDM,2026-03-13,RDM-102,pivo,17.0,17.0
RDM,2026-03-13,RDM-103,pivo,11.68,11.68
RDM,2026-03-13,RDM-104,pivo,17.02,17.02
RDM,2026-03-13,RDM-105,pivo,7.87,7.87
RDM,2026-03-13,RDM-106,pivo,13.21,13.21
RDM,2026-03-13,RDM-107,pivo,10.2,10.2
RDM,2026-03-13,RDM-108,pivo,8.38,8.38
RDM,2026-03-13,RDM-109,pivo,20.07,20.07
RDM,2026-03-13,RDM-110,pivo,19.44,19.44
RDM,2026-03-13,RDM-112,pivo,22.61,22.61
RDM,2026-03-13,RDM-113,pivo,23.4,23.4
RDM,2026-03-13,RDM-114,pivo,6.5,6.5
RDM,2026-03-13,RDM-115,pivo,8.64,8.64
RDM,2026-03-13,RDM-116,pivo,5.33,5.33
RDM,2026-03-13,RDM-117,pivo,9.3,9.3
RDM,2026-03-13,RDM-118,pivo,2.58,2.58
RDM,2026-03-13,RDM-119,pivo,6.6,6.6
RDM,2026-03-13,RDM-120,pivo,1.27,1.27
RDM,2026-03-13,RDM-121,pivo,2.54,2.54
RDM,2026-03-13,RDM-122,pivo,3.01,3.01
RDM,2026-03-13,RDM-123,pivo,5.59,5.59
RDM,2026-03-13,RDM-124,pivo,5.4,5.4
RDM,2026-03-13,RDM-125,pivo,5.4,5.4
RDM,2026-03-13,RDM-126,pivo,1.8,1.8
RDM,2026-03-13,RDM-127,pivo,1.02,1.02
RDM,2026-03-13,RDM-128,pivo,2.03,2.03
RDM,2026-03-13,RDM-129,pivo,3.05,3.05
RDM,2026-03-13,RDM-130,pivo,5.59,5.59
RDM,2026-03-13,RDM-131,pivo,8.64,8.64
RDM,2026-03-13,RDM-132,pivo,16.5,16.5
RDM,2026-03-13,RDM-133,pivo,1.27,1.27
RDM,2026-03-13,RDM-SC17D8,estacao,9.0,9.0
RDM,2026-03-13,RDM-SC1A38,estacao,3.3,3.3
RDM,2026-03-13,RDM-SC1A4C,estacao,9.0,9.0
RDM,2026-03-13,RDM-SC1AA8,estacao,6.0,6.0
RDM,2026-03-13,RDM-SC1B34,estacao,6.0,6.0
RDM,2026-03-13,RDM-SC1BA8,estacao,0.6,0.6
RDM,2026-03-12,RDM-101,pivo,1.0,1.0
RDM,2026-03-12,RDM-102,pivo,5.0,5.0
RDM,2026-03-12,RDM-103,pivo,2.79,2.79
RDM,2026-03-12,RDM-104,pivo,6.1,6.1
RDM,2026-03-12,RDM-105,pivo,15.75,15.75
RDM,2026-03-12,RDM-106,pivo,16.76,16.76
RDM,2026-03-12,RDM-107,pivo,17.4,17.4
RDM,2026-03-12,RDM-108,pivo,13.21,13.21
RDM,2026-03-12,RDM-109,pivo,10.67,10.67
RDM,2026-03-12,RDM-110,pivo,18.3,18.3
RDM,2026-03-12,RDM-112,pivo,6.1,6.1
RDM,2026-03-12,RDM-113,pivo,1.2,1.2
RDM,2026-03-12,RDM-114,pivo,2.75,2.75
RDM,2026-03-12,RDM-115,pivo,3.05,3.05
RDM,2026-03-12,RDM-116,pivo,7.62,7.62
RDM,2026-03-12,RDM-117,pivo,2.1,2.1
RDM,2026-03-12,RDM-118,pivo,2.48,2.48
RDM,2026-03-12,RDM-119,pivo,7.11,7.11
RDM,2026-03-12,RDM-120,pivo,2.79,2.79
RDM,2026-03-12,RDM-121,pivo,5.08,5.08
RDM,2026-03-12,RDM-122,pivo,9.4,9.4
RDM,2026-03-12,RDM-123,pivo,2.54,2.54
RDM,2026-03-12,RDM-124,pivo,4.8,4.8
RDM,2026-03-12,RDM-125,pivo,13.8,13.8
RDM,2026-03-12,RDM-126,pivo,5.4,5.4
RDM,2026-03-12,RDM-127,pivo,2.79,2.79
RDM,2026-03-12,RDM-128,pivo,5.08,5.08
RDM,2026-03-12,RDM-129,pivo,2.79,2.79
RDM,2026-03-12,RDM-130,pivo,2.29,2.29
RDM,2026-03-12,RDM-131,pivo,4.83,4.83
RDM,2026-03-12,RDM-132,pivo,9.0,9.0
RDM,2026-03-12,RDM-133,pivo,6.35,6.35
RDM,2026-03-12,RDM-SC17D8,estacao,1.5,1.5
RDM,2026-03-12,RDM-SC1A38,estacao,0.3,0.3
RDM,2026-03-12,RDM-SC1A4C,estacao,17.7,17.7
RDM,2026-03-12,RDM-SC1AA8,estacao,4.5,4.5
RDM,2026-03-12,RDM-SC1B34,estacao,23.4,23.4
RDM,2026-03-12,RDM-SC1BA8,estacao,0.0,0.0
RDM,2026-03-11,RDM-101,pivo,0.0,0.0
RDM,2026-03-11,RDM-102,pivo,0.0,0.0
RDM,2026-03-11,RDM-103,pivo,0.0,0.0
RDM,2026-03-11,RDM-104,pivo,0.0,0.0
RDM,2026-03-11,RDM-105,pivo,0.0,0.0
RDM,2026-03-11,RDM-106,pivo,0.0,0.0
RDM,2026-03-11,RDM-107,pivo,0.0,0.0
RDM,2026-03-11,RDM-108,pivo,0.0,0.0
RDM,2026-03-11,RDM-109,pivo,0.0,0.0
RDM,2026-03-11,RDM-110,pivo,0.0,0.0
RDM,2026-03-11,RDM-112,pivo,0.0,0.0
RDM,2026-03-11,RDM-113,pivo,0.0,0.0
RDM,2026-03-11,RDM-114,pivo,0.0,0.0
RDM,2026-03-11,RDM-115,pivo,0.0,0.0
RDM,2026-03-11,RDM-116,pivo,0.0,0.0
RDM,2026-03-11,RDM-117,pivo,0.0,0.0
RDM,2026-03-11,RDM-118,pivo,0.0,0.0
RDM,2026-03-11,RDM-119,pivo,0.0,0.0
RDM,2026-03-11,RDM-120,pivo,0.0,0.0
RDM,2026-03-11,RDM-121,pivo,0.0,0.0
RDM,2026-03-11,RDM-122,pivo,0.0,0.0
RDM,2026-03-11,RDM-123,pivo,0.0,0.0
RDM,2026-03-11,RDM-124,pivo,0.0,0.0
RDM,2026-03-11,RDM-125,pivo,0.0,0.0
RDM,2026-03-11,RDM-126,pivo,0.0,0.0
RDM,2026-03-11,RDM-127,pivo,0.0,0.0
RDM,2026-03-11,RDM-128,pivo,0.0,0.0
RDM,2026-03-11,RDM-129,pivo,0.0,0.0
RDM,2026-03-11,RDM-130,pivo,0.0,0.0
RDM,2026-03-11,RDM-131,pivo,0.0,0.0
RDM,2026-03-11,RDM-132,pivo,0.3,0.3
RDM,2026-03-11,RDM-133,pivo,0.0,0.0
RDM,2026-03-11,RDM-SC17D8,estacao,0.0,0.0
RDM,2026-03-11,RDM-SC1A38,estacao,0.0,0.0
RDM,2026-03-11,RDM-SC1A4C,estacao,0.0,0.0
RDM,2026-03-11,RDM-SC1AA8,estacao,0.0,0.0
RDM,2026-03-11,RDM-SC1B34,estacao,0.0,0.0
RDM,2026-03-11,RDM-SC1BA8,estacao,0.0,0.0
RDM,2026-03-10,RDM-101,pivo,0.0,0.0
RDM,2026-03-10,RDM-102,pivo,0.0,0.0
RDM,2026-03-10,RDM-103,pivo,0.0,0.0
RDM,2026-03-10,RDM-104,pivo,0.0,0.0
RDM,2026-03-10,RDM-105,pivo,0.0,0.0
RDM,2026-03-10,RDM-106,pivo,0.0,0.0
RDM,2026-03-10,RDM-107,pivo,0.0,0.0
RDM,2026-03-10,RDM-108,pivo,0.0,0.0
RDM,2026-03-10,RDM-109,pivo,0.0,0.0
RDM,2026-03-10,RDM-110,pivo,0.6,0.6
RDM,2026-03-10,RDM-112,pivo,0.0,0.0
RDM,2026-03-10,RDM-113,pivo,0.0,0.0
RDM,2026-03-10,RDM-114,pivo,0.0,0.0
RDM,2026-03-10,RDM-115,pivo,0.0,0.0
RDM,2026-03-10,RDM-116,pivo,0.0,0.0
RDM,2026-03-10,RDM-117,pivo,0.0,0.0
RDM,2026-03-10,RDM-118,pivo,0.0,0.0
RDM,2026-03-10,RDM-119,pivo,0.51,0.51
RDM,2026-03-10,RDM-120,pivo,0.0,0.0
RDM,2026-03-10,RDM-121,pivo,0.0,0.0
RDM,2026-03-10,RDM-122,pivo,0.0,0.0
RDM,2026-03-10,RDM-123,pivo,0.51,0.51
RDM,2026-03-10,RDM-124,pivo,0.0,0.0
RDM,2026-03-10,RDM-125,pivo,0.0,0.0
RDM,2026-03-10,RDM-126,pivo,0.0,0.0
RDM,2026-03-10,RDM-127,pivo,0.0,0.0
RDM,2026-03-10,RDM-128,pivo,0.0,0.0
RDM,2026-03-10,RDM-129,pivo,0.0,0.0
RDM,2026-03-10,RDM-130,pivo,0.0,0.0
RDM,2026-03-10,RDM-131,pivo,0.0,0.0
RDM,2026-03-10,RDM-132,pivo,0.0,0.0
RDM,2026-03-10,RDM-133,pivo,0.0,0.0
RDM,2026-03-10,RDM-SC17D8,estacao,0.0,0.0
RDM,2026-03-10,RDM-SC1A38,estacao,0.0,0.0
RDM,2026-03-10,RDM-SC1A4C,estacao,3.9,3.9
RDM,2026-03-10,RDM-SC1AA8,estacao,0.0,0.0
RDM,2026-03-10,RDM-SC1B34,estacao,0.9,0.9
RDM,2026-03-10,RDM-SC1BA8,estacao,0.0,0.0
RDM,2026-03-09,RDM-101,pivo,0.0,0.0
RDM,2026-03-09,RDM-102,pivo,0.0,0.0
RDM,2026-03-09,RDM-103,pivo,0.0,0.0
RDM,2026-03-09,RDM-104,pivo,0.0,0.0
RDM,2026-03-09,RDM-105,pivo,0.0,0.0
RDM,2026-03-09,RDM-106,pivo,0.0,0.0
RDM,2026-03-09,RDM-107,pivo,0.0,0.0
RDM,2026-03-09,RDM-108,pivo,0.0,0.0
RDM,2026-03-09,RDM-109,pivo,0.0,0.0
RDM,2026-03-09,RDM-110,pivo,0.0,0.0
RDM,2026-03-09,RDM-112,pivo,0.0,0.0
RDM,2026-03-09,RDM-113,pivo,0.0,0.0
RDM,2026-03-09,RDM-114,pivo,0.0,0.0
RDM,2026-03-09,RDM-115,pivo,0.0,0.0
RDM,2026-03-09,RDM-116,pivo,0.0,0.0
RDM,2026-03-09,RDM-117,pivo,0.0,0.0
RDM,2026-03-09,RDM-118,pivo,0.0,0.0
RDM,2026-03-09,RDM-119,pivo,0.0,0.0
RDM,2026-03-09,RDM-120,pivo,0.0,0.0
RDM,2026-03-09,RDM-121,pivo,0.0,0.0
RDM,2026-03-09,RDM-122,pivo,0.0,0.0
RDM,2026-03-09,RDM-123,pivo,0.0,0.0
RDM,2026-03-09,RDM-124,pivo,0.6,0.6
RDM,2026-03-09,RDM-125,pivo,0.0,0.0
RDM,2026-03-09,RDM-126,pivo,0.0,0.0
RDM,2026-03-09,RDM-127,pivo,0.0,0.0
RDM,2026-03-09,RDM-128,pivo,0.0,0.0
RDM,2026-03-09,RDM-129,pivo,0.0,0.0
RDM,2026-03-09,RDM-130,pivo,0.0,0.0
RDM,2026-03-09,RDM-131,pivo,0.0,0.0
RDM,2026-03-09,RDM-132,pivo,0.0,0.0
RDM,2026-03-09,RDM-133,pivo,0.0,0.0
RDM,2026-03-09,RDM-SC17D8,estacao,0.0,0.0
RDM,2026-03-09,RDM-SC1A38,estacao,0.0,0.0
RDM,2026-03-09,RDM-SC1A4C,estacao,0.0,0.0
RDM,2026-03-09,RDM-SC1AA8,estacao,0.0,0.0
RDM,2026-03-09,RDM-SC1B34,estacao,0.0,0.0
RDM,2026-03-09,RDM-SC1BA8,estacao,0.0,0.0
RDM,2026-03-07,RDM-101,pivo,0.0,0.0
RDM,2026-03-07,RDM-102,pivo,0.0,0.0
RDM,2026-03-07,RDM-103,pivo,0.0,0.0
RDM,2026-03-07,RDM-104,pivo,0.0,0.0
RDM,2026-03-07,RDM-105,pivo,0.0,0.0
RDM,2026-03-07,RDM-106,pivo,0.0,0.0
RDM,2026-03-07,RDM-107,pivo,0.0,0.0
RDM,2026-03-07,RDM-108,pivo,0.0,0.0
RDM,2026-03-07,RDM-109,pivo,0.0,0.0
RDM,2026-03-07,RDM-110,pivo,0.0,0.0
RDM,2026-03-07,RDM-112,pivo,0.0,0.0
RDM,2026-03-07,RDM-113,pivo,0.0,0.0
RDM,2026-03-07,RDM-114,pivo,0.0,0.0
RDM,2026-03-07,RDM-115,pivo,0.0,0.0
RDM,2026-03-07,RDM-116,pivo,0.0,0.0
RDM,2026-03-07,RDM-117,pivo,0.0,0.0
RDM,2026-03-07,RDM-118,pivo,0.0,0.0
RDM,2026-03-07,RDM-119,pivo,0.0,0.0
RDM,2026-03-07,RDM-120,pivo,0.0,0.0
RDM,2026-03-07,RDM-121,pivo,0.0,0.0
RDM,2026-03-07,RDM-122,pivo,0.0,0.0
RDM,2026-03-07,RDM-123,pivo,0.0,0.0
RDM,2026-03-07,RDM-124,pivo,0.0,0.0
RDM,2026-03-07,RDM-125,pivo,0.3,0.3
RDM,2026-03-07,RDM-126,pivo,0.0,0.0
RDM,2026-03-07,RDM-127,pivo,0.0,0.0
RDM,2026-03-07,RDM-128,pivo,0.0,0.0
RDM,2026-03-07,RDM-129,pivo,0.0,0.0
RDM,2026-03-07,RDM-130,pivo,0.0,0.0
RDM,2026-03-07,RDM-131,pivo,0.0,0.0
RDM,2026-03-07,RDM-132,pivo,0.0,0.0
RDM,2026-03-07,RDM-133,pivo,0.0,0.0
RDM,2026-03-07,RDM-SC17D8,estacao,0.0,0.0
RDM,2026-03-07,RDM-SC1A38,estacao,0.0,0.0
RDM,2026-03-07,RDM-SC1A4C,estacao,0.0,0.0
RDM,2026-03-07,RDM-SC1AA8,estacao,0.0,0.0
RDM,2026-03-07,RDM-SC1B34,estacao,0.0,0.0
RDM,2026-03-07,RDM-SC1BA8,estacao,0.0,0.0
RDM,2026-03-06,RDM-101,pivo,1.0,1.0
RDM,2026-03-06,RDM-102,pivo,0.5,0.5
RDM,2026-03-06,RDM-103,pivo,1.27,1.27
RDM,2026-03-06,RDM-104,pivo,0.76,0.76
RDM,2026-03-06,RDM-105,pivo,1.27,1.27
RDM,2026-03-06,RDM-106,pivo,1.78,1.78
RDM,2026-03-06,RDM-107,pivo,3.0,3.0
RDM,2026-03-06,RDM-108,pivo,1.52,1.52
RDM,2026-03-06,RDM-109,pivo,1.27,1.27
RDM,2026-03-06,RDM-110,pivo,1.02,1.02
RDM,2026-03-06,RDM-112,pivo,1.02,1.02
RDM,2026-03-06,RDM-113,pivo,1.2,1.2
RDM,2026-03-06,RDM-114,pivo,0.25,0.25
RDM,2026-03-06,RDM-115,pivo,0.25,0.25
RDM,2026-03-06,RDM-116,pivo,0.0,0.0
RDM,2026-03-06,RDM-117,pivo,0.3,0.3
RDM,2026-03-06,RDM-118,pivo,0.0,0.0
RDM,2026-03-06,RDM-119,pivo,0.25,0.25
RDM,2026-03-06,RDM-120,pivo,0.0,0.0
RDM,2026-03-06,RDM-121,pivo,0.0,0.0
RDM,2026-03-06,RDM-122,pivo,0.0,0.0
RDM,2026-03-06,RDM-123,pivo,0.0,0.0
RDM,2026-03-06,RDM-124,pivo,0.0,0.0
RDM,2026-03-06,RDM-125,pivo,0.3,0.3
RDM,2026-03-06,RDM-126,pivo,0.3,0.3
RDM,2026-03-06,RDM-127,pivo,0.0,0.0
RDM,2026-03-06,RDM-128,pivo,0.0,0.0
RDM,2026-03-06,RDM-129,pivo,0.0,0.0
RDM,2026-03-06,RDM-130,pivo,0.25,0.25
RDM,2026-03-06,RDM-131,pivo,0.25,0.25
RDM,2026-03-06,RDM-132,pivo,0.0,0.0
RDM,2026-03-06,RDM-133,pivo,0.0,0.0
RDM,2026-03-06,RDM-SC17D8,estacao,0.6,0.6
RDM,2026-03-06,RDM-SC1A38,estacao,0.0,0.0
RDM,2026-03-06,RDM-SC1A4C,estacao,3.0,3.0
RDM,2026-03-06,RDM-SC1AA8,estacao,0.0,0.0
RDM,2026-03-06,RDM-SC1B34,estacao,0.6,0.6
RDM,2026-03-06,RDM-SC1BA8,estacao,0.0,0.0
RDM,2026-03-05,RDM-101,pivo,17.5,17.5
RDM,2026-03-05,RDM-102,pivo,19.5,19.5
RDM,2026-03-05,RDM-103,pivo,20.57,20.57
RDM,2026-03-05,RDM-104,pivo,18.8,18.8
RDM,2026-03-05,RDM-105,pivo,17.53,17.53
RDM,2026-03-05,RDM-106,pivo,15.75,15.75
RDM,2026-03-05,RDM-107,pivo,18.6,18.6
RDM,2026-03-05,RDM-108,pivo,14.73,14.73
RDM,2026-03-05,RDM-109,pivo,17.53,17.53
RDM,2026-03-05,RDM-110,pivo,11.4,11.4
RDM,2026-03-05,RDM-112,pivo,7.37,7.37
RDM,2026-03-05,RDM-113,pivo,22.2,22.2
RDM,2026-03-05,RDM-114,pivo,7.75,7.75
RDM,2026-03-05,RDM-115,pivo,13.21,13.21
RDM,2026-03-05,RDM-116,pivo,7.87,7.87
RDM,2026-03-05,RDM-117,pivo,12.0,12.0
RDM,2026-03-05,RDM-118,pivo,9.55,9.55
RDM,2026-03-05,RDM-119,pivo,10.67,10.67
RDM,2026-03-05,RDM-120,pivo,10.16,10.16
RDM,2026-03-05,RDM-121,pivo,8.64,8.64
RDM,2026-03-05,RDM-122,pivo,10.24,10.24
RDM,2026-03-05,RDM-123,pivo,10.16,10.16
RDM,2026-03-05,RDM-124,pivo,12.9,12.9
RDM,2026-03-05,RDM-125,pivo,34.63,34.63
RDM,2026-03-05,RDM-126,pivo,17.4,17.4
RDM,2026-03-05,RDM-127,pivo,11.43,11.43
RDM,2026-03-05,RDM-128,pivo,13.46,13.46
RDM,2026-03-05,RDM-129,pivo,16.0,16.0
RDM,2026-03-05,RDM-130,pivo,13.97,13.97
RDM,2026-03-05,RDM-131,pivo,18.8,18.8
RDM,2026-03-05,RDM-132,pivo,34.2,34.2
RDM,2026-03-05,RDM-133,pivo,8.89,8.89
RDM,2026-03-05,RDM-SC17D8,estacao,10.8,10.8
RDM,2026-03-05,RDM-SC1A38,estacao,9.3,9.3
RDM,2026-03-05,RDM-SC1A4C,estacao,20.4,20.4
RDM,2026-03-05,RDM-SC1AA8,estacao,16.5,16.5
RDM,2026-03-05,RDM-SC1B34,estacao,8.4,8.4
RDM,2026-03-05,RDM-SC1BA8,estacao,8.1,8.1
RDM,2026-03-04,RDM-101,pivo,8.0,8.0
RDM,2026-03-04,RDM-102,pivo,8.5,8.5
RDM,2026-03-04,RDM-103,pivo,8.13,8.13
RDM,2026-03-04,RDM-104,pivo,9.4,9.4
RDM,2026-03-04,RDM-105,pivo,6.6,6.6
RDM,2026-03-04,RDM-106,pivo,6.6,6.6
RDM,2026-03-04,RDM-107,pivo,7.5,7.5
RDM,2026-03-04,RDM-108,pivo,5.08,5.08
RDM,2026-03-04,RDM-109,pivo,10.16,10.16
RDM,2026-03-04,RDM-110,pivo,13.2,13.2
RDM,2026-03-04,RDM-112,pivo,4.83,4.83
RDM,2026-03-04,RDM-113,pivo,10.5,10.5
RDM,2026-03-04,RDM-114,pivo,3.5,3.5
RDM,2026-03-04,RDM-115,pivo,10.92,10.92
RDM,2026-03-04,RDM-116,pivo,2.03,2.03
RDM,2026-03-04,RDM-117,pivo,6.6,6.6
RDM,2026-03-04,RDM-118,pivo,0.0,0.0
RDM,2026-03-04,RDM-119,pivo,2.03,2.03
RDM,2026-03-04,RDM-120,pivo,0.51,0.51
RDM,2026-03-04,RDM-121,pivo,0.25,0.25
RDM,2026-03-04,RDM-122,pivo,0.0,0.0
RDM,2026-03-04,RDM-123,pivo,0.0,0.0
RDM,2026-03-04,RDM-124,pivo,0.0,0.0
RDM,2026-03-04,RDM-125,pivo,0.6,0.6
RDM,2026-03-04,RDM-126,pivo,0.0,0.0
RDM,2026-03-04,RDM-127,pivo,0.0,0.0
RDM,2026-03-04,RDM-128,pivo,1.52,1.52
RDM,2026-03-04,RDM-129,pivo,0.51,0.51
RDM,2026-03-04,RDM-130,pivo,2.29,2.29
RDM,2026-03-04,RDM-131,pivo,5.59,5.59
RDM,2026-03-04,RDM-132,pivo,7.5,7.5
RDM,2026-03-04,RDM-133,pivo,0.25,0.25
RDM,2026-03-04,RDM-SC17D8,estacao,17.1,17.1
RDM,2026-03-04,RDM-SC1A38,estacao,0.0,0.0
RDM,2026-03-04,RDM-SC1A4C,estacao,6.3,6.3
RDM,2026-03-04,RDM-SC1AA8,estacao,1.5,1.5
RDM,2026-03-04,RDM-SC1B34,estacao,0.0,0.0
RDM,2026-03-04,RDM-SC1BA8,estacao,1.8,1.8
RDM,2026-03-03,RDM-101,pivo,0.75,0.75
RDM,2026-03-03,RDM-102,pivo,1.0,1.0
RDM,2026-03-03,RDM-103,pivo,2.54,2.54
RDM,2026-03-03,RDM-104,pivo,3.05,3.05
RDM,2026-03-03,RDM-105,pivo,3.81,3.81
RDM,2026-03-03,RDM-106,pivo,6.1,6.1
RDM,2026-03-03,RDM-107,pivo,6.9,6.9
RDM,2026-03-03,RDM-108,pivo,9.65,9.65
RDM,2026-03-03,RDM-109,pivo,5.84,5.84
RDM,2026-03-03,RDM-110,pivo,6.9,6.9
RDM,2026-03-03,RDM-112,pivo,1.52,1.52
RDM,2026-03-03,RDM-113,pivo,1.2,1.2
RDM,2026-03-03,RDM-114,pivo,7.25,7.25
RDM,2026-03-03,RDM-115,pivo,10.16,10.16
RDM,2026-03-03,RDM-116,pivo,5.33,5.33
RDM,2026-03-03,RDM-117,pivo,12.0,12.0
RDM,2026-03-03,RDM-118,pivo,5.78,5.78
RDM,2026-03-03,RDM-119,pivo,9.4,9.4
RDM,2026-03-03,RDM-120,pivo,6.86,6.86
RDM,2026-03-03,RDM-121,pivo,6.86,6.86
RDM,2026-03-03,RDM-122,pivo,6.0,6.0
RDM,2026-03-03,RDM-123,pivo,3.3,3.3
RDM,2026-03-03,RDM-124,pivo,1.2,1.2
RDM,2026-03-03,RDM-125,pivo,4.2,4.2
RDM,2026-03-03,RDM-126,pivo,4.5,4.5
RDM,2026-03-03,RDM-127,pivo,3.81,3.81
RDM,2026-03-03,RDM-128,pivo,14.99,14.99
RDM,2026-03-03,RDM-129,pivo,8.89,8.89
RDM,2026-03-03,RDM-130,pivo,8.89,8.89
RDM,2026-03-03,RDM-131,pivo,10.41,10.41
RDM,2026-03-03,RDM-132,pivo,2.7,2.7
RDM,2026-03-03,RDM-133,pivo,3.51,3.51
RDM,2026-03-03,RDM-SC17D8,estacao,7.5,7.5
RDM,2026-03-03,RDM-SC1A38,estacao,3.9,3.9
RDM,2026-03-03,RDM-SC1A4C,estacao,12.0,12.0
RDM,2026-03-03,RDM-SC1AA8,estacao,0.6,0.6
RDM,2026-03-03,RDM-SC1B34,estacao,0.6,0.6
RDM,2026-03-03,RDM-SC1BA8,estacao,12.6,12.6
RDM,2026-03-02,RDM-101,pivo,6.5,6.5
RDM,2026-03-02,RDM-102,pivo,3.5,3.5
RDM,2026-03-02,RDM-103,pivo,1.52,1.52
RDM,2026-03-02,RDM-104,pivo,1.02,1.02
RDM,2026-03-02,RDM-105,pivo,1.52,1.52
RDM,2026-03-02,RDM-106,pivo,1.02,1.02
RDM,2026-03-02,RDM-107,pivo,1.5,1.5
RDM,2026-03-02,RDM-108,pivo,1.02,1.02
RDM,2026-03-02,RDM-109,pivo,1.52,1.52
RDM,2026-03-02,RDM-110,pivo,0.0,0.0
RDM,2026-03-02,RDM-112,pivo,3.05,3.05
RDM,2026-03-02,RDM-113,pivo,0.9,0.9
RDM,2026-03-02,RDM-114,pivo,1.75,1.75
RDM,2026-03-02,RDM-115,pivo,0.51,0.51
RDM,2026-03-02,RDM-116,pivo,3.05,3.05
RDM,2026-03-02,RDM-117,pivo,1.2,1.2
RDM,2026-03-02,RDM-118,pivo,3.44,3.44
RDM,2026-03-02,RDM-119,pivo,0.76,0.76
RDM,2026-03-02,RDM-120,pivo,5.08,5.08
RDM,2026-03-02,RDM-121,pivo,1.78,1.78
RDM,2026-03-02,RDM-122,pivo,3.47,3.47
RDM,2026-03-02,RDM-123,pivo,8.89,8.89
RDM,2026-03-02,RDM-124,pivo,4.2,4.2
RDM,2026-03-02,RDM-125,pivo,3.6,3.6
RDM,2026-03-02,RDM-126,pivo,1.5,1.5
RDM,2026-03-02,RDM-127,pivo,1.02,1.02
RDM,2026-03-02,RDM-128,pivo,0.51,0.51
RDM,2026-03-02,RDM-129,pivo,2.03,2.03
RDM,2026-03-02,RDM-130,pivo,2.03,2.03
RDM,2026-03-02,RDM-131,pivo,0.51,0.51
RDM,2026-03-02,RDM-132,pivo,0.6,0.6
RDM,2026-03-02,RDM-133,pivo,0.76,0.76
RDM,2026-03-02,RDM-SC17D8,estacao,15.9,15.9
RDM,2026-03-02,RDM-SC1A38,estacao,9.9,9.9
RDM,2026-03-02,RDM-SC1A4C,estacao,2.1,2.1
RDM,2026-03-02,RDM-SC1AA8,estacao,12.6,12.6
RDM,2026-03-02,RDM-SC1B34,estacao,19.5,19.5
RDM,2026-03-02,RDM-SC1BA8,estacao,33.6,33.6
RDM,2026-03-01,RDM-101,pivo,14.25,14.25
RDM,2026-03-01,RDM-102,pivo,15.75,15.75
RDM,2026-03-01,RDM-103,pivo,14.22,14.22
RDM,2026-03-01,RDM-104,pivo,17.27,17.27
RDM,2026-03-01,RDM-105,pivo,16.51,16.51
RDM,2026-03-01,RDM-106,pivo,11.18,11.18
RDM,2026-03-01,RDM-107,pivo,20.7,20.7
RDM,2026-03-01,RDM-108,pivo,13.72,13.72
RDM,2026-03-01,RDM-109,pivo,12.19,12.19
RDM,2026-03-01,RDM-110,pivo,11.99,11.99
RDM,2026-03-01,RDM-112,pivo,13.72,13.72
RDM,2026-03-01,RDM-113,pivo,12.3,12.3
RDM,2026-03-01,RDM-114,pivo,15.75,15.75
RDM,2026-03-01,RDM-115,pivo,9.91,9.91
RDM,2026-03-01,RDM-116,pivo,13.46,13.46
RDM,2026-03-01,RDM-117,pivo,14.7,14.7
RDM,2026-03-01,RDM-118,pivo,13.0,13.0
RDM,2026-03-01,RDM-119,pivo,10.67,10.67
RDM,2026-03-01,RDM-120,pivo,13.72,13.72
RDM,2026-03-01,RDM-121,pivo,13.21,13.21
RDM,2026-03-01,RDM-122,pivo,12.7,12.7
RDM,2026-03-01,RDM-123,pivo,12.7,12.7
RDM,2026-03-01,RDM-124,pivo,14.4,14.4
RDM,2026-03-01,RDM-125,pivo,13.8,13.8
RDM,2026-03-01,RDM-126,pivo,11.7,11.7
RDM,2026-03-01,RDM-127,pivo,8.89,8.89
RDM,2026-03-01,RDM-128,pivo,11.43,11.43
RDM,2026-03-01,RDM-129,pivo,11.43,11.43
RDM,2026-03-01,RDM-130,pivo,10.67,10.67
RDM,2026-03-01,RDM-131,pivo,12.45,12.45
RDM,2026-03-01,RDM-132,pivo,10.8,10.8
RDM,2026-03-01,RDM-133,pivo,9.91,9.91
RDM,2026-03-01,RDM-SC17D8,estacao,17.7,17.7
RDM,2026-03-01,RDM-SC1A38,estacao,17.4,17.4
RDM,2026-03-01,RDM-SC1A4C,estacao,24.9,24.9
RDM,2026-03-01,RDM-SC1AA8,estacao,20.7,20.7
RDM,2026-03-01,RDM-SC1B34,estacao,27.3,27.3
RDM,2026-03-01,RDM-SC1BA8,estacao,17.4,17.4
RDM,2026-02-28,RDM-101,pivo,14.0,14.0
RDM,2026-02-28,RDM-102,pivo,18.25,18.25
RDM,2026-02-28,RDM-103,pivo,13.46,13.46
RDM,2026-02-28,RDM-104,pivo,20.57,20.57
RDM,2026-02-28,RDM-105,pivo,19.81,19.81
RDM,2026-02-28,RDM-106,pivo,15.24,15.24
RDM,2026-02-28,RDM-107,pivo,19.5,19.5
RDM,2026-02-28,RDM-108,pivo,14.73,14.73
RDM,2026-02-28,RDM-109,pivo,16.51,16.51
RDM,2026-02-28,RDM-110,pivo,15.2,15.2
RDM,2026-02-28,RDM-112,pivo,10.16,10.16
RDM,2026-02-28,RDM-113,pivo,12.6,12.6
RDM,2026-02-28,RDM-114,pivo,8.75,8.75
RDM,2026-02-28,RDM-115,pivo,10.16,10.16
RDM,2026-02-28,RDM-116,pivo,8.38,8.38
RDM,2026-02-28,RDM-117,pivo,11.4,11.4
RDM,2026-02-28,RDM-118,pivo,9.86,9.86
RDM,2026-02-28,RDM-119,pivo,11.68,11.68
RDM,2026-02-28,RDM-120,pivo,10.92,10.92
RDM,2026-02-28,RDM-121,pivo,16.0,16.0
RDM,2026-02-28,RDM-122,pivo,17.53,17.53
RDM,2026-02-28,RDM-123,pivo,14.48,14.48
RDM,2026-02-28,RDM-124,pivo,21.3,21.3
RDM,2026-02-28,RDM-125,pivo,50.4,50.4
RDM,2026-02-28,RDM-126,pivo,19.2,19.2
RDM,2026-02-28,RDM-127,pivo,14.48,14.48
RDM,2026-02-28,RDM-128,pivo,13.97,13.97
RDM,2026-02-28,RDM-129,pivo,14.48,14.48
RDM,2026-02-28,RDM-130,pivo,8.64,8.64
RDM,2026-02-28,RDM-131,pivo,10.67,10.67
RDM,2026-02-28,RDM-132,pivo,15.0,15.0
RDM,2026-02-28,RDM-133,pivo,18.03,18.03
RDM,2026-02-28,RDM-SC17D8,estacao,14.1,14.1
RDM,2026-02-28,RDM-SC1A38,estacao,19.8,19.8
RDM,2026-02-28,RDM-SC1A4C,estacao,20.4,20.4
RDM,2026-02-28,RDM-SC1AA8,estacao,17.4,17.4
RDM,2026-02-28,RDM-SC1B34,estacao,16.8,16.8
RDM,2026-02-28,RDM-SC1BA8,estacao,32.4,32.4
RDM,2026-02-27,RDM-101,pivo,6.0,6.0
RDM,2026-02-27,RDM-102,pivo,11.0,11.0
RDM,2026-02-27,RDM-103,pivo,5.84,5.84
RDM,2026-02-27,RDM-104,pivo,9.65,9.65
RDM,2026-02-27,RDM-105,pivo,5.84,5.84
RDM,2026-02-27,RDM-106,pivo,9.14,9.14
RDM,2026-02-27,RDM-107,pivo,7.5,7.5
RDM,2026-02-27,RDM-108,pivo,6.86,6.86
RDM,2026-02-27,RDM-109,pivo,9.4,9.4
RDM,2026-02-27,RDM-110,pivo,9.24,9.24
RDM,2026-02-27,RDM-112,pivo,6.35,6.35
RDM,2026-02-27,RDM-113,pivo,7.2,7.2
RDM,2026-02-27,RDM-114,pivo,5.5,5.5
RDM,2026-02-27,RDM-115,pivo,11.68,11.68
RDM,2026-02-27,RDM-116,pivo,5.08,5.08
RDM,2026-02-27,RDM-117,pivo,14.7,14.7
RDM,2026-02-27,RDM-118,pivo,5.23,5.23
RDM,2026-02-27,RDM-119,pivo,9.91,9.91
RDM,2026-02-27,RDM-120,pivo,5.59,5.59
RDM,2026-02-27,RDM-121,pivo,8.38,8.38
RDM,2026-02-27,RDM-122,pivo,6.1,6.1
RDM,2026-02-27,RDM-123,pivo,8.38,8.38
RDM,2026-02-27,RDM-124,pivo,15.6,15.6
RDM,2026-02-27,RDM-125,pivo,21.6,21.6
RDM,2026-02-27,RDM-126,pivo,15.9,15.9
RDM,2026-02-27,RDM-127,pivo,16.51,16.51
RDM,2026-02-27,RDM-128,pivo,18.54,18.54
RDM,2026-02-27,RDM-129,pivo,16.26,16.26
RDM,2026-02-27,RDM-130,pivo,12.19,12.19
RDM,2026-02-27,RDM-131,pivo,14.73,14.73
RDM,2026-02-27,RDM-132,pivo,18.6,18.6
RDM,2026-02-27,RDM-133,pivo,10.41,10.41
RDM,2026-02-27,RDM-SC17D8,estacao,3.0,3.0
RDM,2026-02-27,RDM-SC1A38,estacao,4.5,4.5
RDM,2026-02-27,RDM-SC1A4C,estacao,7.2,7.2
RDM,2026-02-27,RDM-SC1AA8,estacao,2.4,2.4
RDM,2026-02-27,RDM-SC1B34,estacao,3.9,3.9
RDM,2026-02-27,RDM-SC1BA8,estacao,0.9,0.9
RDM,2026-02-26,RDM-101,pivo,2.75,2.75
RDM,2026-02-26,RDM-102,pivo,1.25,1.25
RDM,2026-02-26,RDM-103,pivo,1.78,1.78
RDM,2026-02-26,RDM-104,pivo,4.06,4.06
RDM,2026-02-26,RDM-105,pivo,3.3,3.3
RDM,2026-02-26,RDM-106,pivo,2.54,2.54
RDM,2026-02-26,RDM-107,pivo,4.2,4.2
RDM,2026-02-26,RDM-108,pivo,2.54,2.54
RDM,2026-02-26,RDM-109,pivo,0.76,0.76
RDM,2026-02-26,RDM-110,pivo,1.0,1.0
RDM,2026-02-26,RDM-112,pivo,2.03,2.03
RDM,2026-02-26,RDM-113,pivo,0.3,0.3
RDM,2026-02-26,RDM-114,pivo,1.25,1.25
RDM,2026-02-26,RDM-115,pivo,0.76,0.76
RDM,2026-02-26,RDM-116,pivo,0.76,0.76
RDM,2026-02-26,RDM-117,pivo,0.9,0.9
RDM,2026-02-26,RDM-118,pivo,1.0,1.0
RDM,2026-02-26,RDM-119,pivo,1.52,1.52
RDM,2026-02-26,RDM-120,pivo,0.76,0.76
RDM,2026-02-26,RDM-121,pivo,1.52,1.52
RDM,2026-02-26,RDM-122,pivo,1.27,1.27
RDM,2026-02-26,RDM-123,pivo,2.29,2.29
RDM,2026-02-26,RDM-124,pivo,4.2,4.2
RDM,2026-02-26,RDM-125,pivo,0.9,0.9
RDM,2026-02-26,RDM-126,pivo,3.9,3.9
RDM,2026-02-26,RDM-127,pivo,1.27,1.27
RDM,2026-02-26,RDM-128,pivo,3.81,3.81
RDM,2026-02-26,RDM-129,pivo,2.79,2.79
RDM,2026-02-26,RDM-130,pivo,2.54,2.54
RDM,2026-02-26,RDM-131,pivo,3.3,3.3
RDM,2026-02-26,RDM-132,pivo,1.8,1.8
RDM,2026-02-26,RDM-133,pivo,0.0,0.0
RDM,2026-02-26,RDM-SC17D8,estacao,2.4,2.4
RDM,2026-02-26,RDM-SC1A38,estacao,1.2,1.2
RDM,2026-02-26,RDM-SC1A4C,estacao,2.1,2.1
RDM,2026-02-26,RDM-SC1AA8,estacao,2.7,2.7
RDM,2026-02-26,RDM-SC1B34,estacao,1.8,1.8
RDM,2026-02-26,RDM-SC1BA8,estacao,2.1,2.1
RDM,2026-02-25,RDM-101,pivo,0.5,0.5
RDM,2026-02-25,RDM-102,pivo,0.25,0.25
RDM,2026-02-25,RDM-103,pivo,0.25,0.25
RDM,2026-02-25,RDM-104,pivo,0.25,0.25
RDM,2026-02-25,RDM-105,pivo,0.76,0.76
RDM,2026-02-25,RDM-106,pivo,0.25,0.25
RDM,2026-02-25,RDM-107,pivo,1.2,1.2
RDM,2026-02-25,RDM-108,pivo,0.51,0.51
RDM,2026-02-25,RDM-109,pivo,0.25,0.25
RDM,2026-02-25,RDM-110,pivo,0.0,0.0
RDM,2026-02-25,RDM-112,pivo,0.25,0.25
RDM,2026-02-25,RDM-113,pivo,0.0,0.0
RDM,2026-02-25,RDM-114,pivo,0.0,0.0
RDM,2026-02-25,RDM-115,pivo,0.51,0.51
RDM,2026-02-25,RDM-116,pivo,0.0,0.0
RDM,2026-02-25,RDM-117,pivo,0.9,0.9
RDM,2026-02-25,RDM-118,pivo,0.0,0.0
RDM,2026-02-25,RDM-119,pivo,0.76,0.76
RDM,2026-02-25,RDM-120,pivo,0.51,0.51
RDM,2026-02-25,RDM-121,pivo,1.02,1.02
RDM,2026-02-25,RDM-122,pivo,0.76,0.76
RDM,2026-02-25,RDM-123,pivo,1.52,1.52
RDM,2026-02-25,RDM-124,pivo,2.7,2.7
RDM,2026-02-25,RDM-125,pivo,5.7,5.7
RDM,2026-02-25,RDM-126,pivo,3.9,3.9
RDM,2026-02-25,RDM-127,pivo,5.33,5.33
RDM,2026-02-25,RDM-128,pivo,2.79,2.79
RDM,2026-02-25,RDM-129,pivo,5.08,5.08
RDM,2026-02-25,RDM-130,pivo,2.29,2.29
RDM,2026-02-25,RDM-131,pivo,0.76,0.76
RDM,2026-02-25,RDM-132,pivo,1.2,1.2
RDM,2026-02-25,RDM-133,pivo,2.29,2.29
RDM,2026-02-25,RDM-SC17D8,estacao,0.6,0.6
RDM,2026-02-25,RDM-SC1A38,estacao,0.9,0.9
RDM,2026-02-25,RDM-SC1A4C,estacao,1.5,1.5
RDM,2026-02-25,RDM-SC1AA8,estacao,0.9,0.9
RDM,2026-02-25,RDM-SC1B34,estacao,0.3,0.3
RDM,2026-02-25,RDM-SC1BA8,estacao,0.0,0.0
RDM,2026-02-24,RDM-101,pivo,4.0,4.0
RDM,2026-02-24,RDM-102,pivo,3.25,3.25
RDM,2026-02-24,RDM-103,pivo,3.56,3.56
RDM,2026-02-24,RDM-104,pivo,3.81,3.81
RDM,2026-02-24,RDM-105,pivo,3.3,3.3
RDM,2026-02-24,RDM-106,pivo,4.06,4.06
RDM,2026-02-24,RDM-107,pivo,5.1,5.1
RDM,2026-02-24,RDM-108,pivo,4.32,4.32
RDM,2026-02-24,RDM-109,pivo,3.56,3.56
RDM,2026-02-24,RDM-110,pivo,3.57,3.57
RDM,2026-02-24,RDM-112,pivo,5.08,5.08
RDM,2026-02-24,RDM-113,pivo,3.9,3.9
RDM,2026-02-24,RDM-114,pivo,3.25,3.25
RDM,2026-02-24,RDM-115,pivo,4.83,4.83
RDM,2026-02-24,RDM-116,pivo,3.3,3.3
RDM,2026-02-24,RDM-117,pivo,5.7,5.7
RDM,2026-02-24,RDM-118,pivo,7.41,7.41
RDM,2026-02-24,RDM-119,pivo,6.1,6.1
RDM,2026-02-24,RDM-120,pivo,12.45,12.45
RDM,2026-02-24,RDM-121,pivo,7.11,7.11
RDM,2026-02-24,RDM-122,pivo,13.72,13.72
RDM,2026-02-24,RDM-123,pivo,11.94,11.94
RDM,2026-02-24,RDM-124,pivo,16.5,16.5
RDM,2026-02-24,RDM-125,pivo,12.0,12.0
RDM,2026-02-24,RDM-126,pivo,9.6,9.6
RDM,2026-02-24,RDM-127,pivo,8.64,8.64
RDM,2026-02-24,RDM-128,pivo,7.11,7.11
RDM,2026-02-24,RDM-129,pivo,7.62,7.62
RDM,2026-02-24,RDM-130,pivo,5.08,5.08
RDM,2026-02-24,RDM-131,pivo,5.33,5.33
RDM,2026-02-24,RDM-132,pivo,8.7,8.7
RDM,2026-02-24,RDM-133,pivo,7.37,7.37
RDM,2026-02-24,RDM-SC17D8,estacao,3.9,3.9
RDM,2026-02-24,RDM-SC1A38,estacao,16.2,16.2
RDM,2026-02-24,RDM-SC1A4C,estacao,6.6,6.6
RDM,2026-02-24,RDM-SC1AA8,estacao,7.8,7.8
RDM,2026-02-24,RDM-SC1B34,estacao,15.9,15.9
RDM,2026-02-24,RDM-SC1BA8,estacao,13.2,13.2
RDM,2026-02-23,RDM-101,pivo,0.0,0.0
RDM,2026-02-23,RDM-102,pivo,1.0,1.0
RDM,2026-02-23,RDM-103,pivo,0.0,0.0
RDM,2026-02-23,RDM-104,pivo,0.0,0.0
RDM,2026-02-23,RDM-105,pivo,1.27,1.27
RDM,2026-02-23,RDM-106,pivo,0.0,0.0
RDM,2026-02-23,RDM-107,pivo,0.9,0.9
RDM,2026-02-23,RDM-108,pivo,1.27,1.27
RDM,2026-02-23,RDM-109,pivo,0.51,0.51
RDM,2026-02-23,RDM-110,pivo,0.0,0.0
RDM,2026-02-23,RDM-112,pivo,0.76,0.76
RDM,2026-02-23,RDM-113,pivo,1.8,1.8
RDM,2026-02-23,RDM-114,pivo,1.25,1.25
RDM,2026-02-23,RDM-115,pivo,0.76,0.76
RDM,2026-02-23,RDM-116,pivo,1.52,1.52
RDM,2026-02-23,RDM-117,pivo,5.4,5.4
RDM,2026-02-23,RDM-118,pivo,4.55,4.55
RDM,2026-02-23,RDM-119,pivo,9.91,9.91
RDM,2026-02-23,RDM-120,pivo,12.7,12.7
RDM,2026-02-23,RDM-121,pivo,10.41,10.41
RDM,2026-02-23,RDM-122,pivo,16.76,16.76
RDM,2026-02-23,RDM-123,pivo,14.99,14.99
RDM,2026-02-23,RDM-124,pivo,33.9,33.9
RDM,2026-02-23,RDM-125,pivo,25.2,25.2
RDM,2026-02-23,RDM-126,pivo,13.8,13.8
RDM,2026-02-23,RDM-127,pivo,14.22,14.22
RDM,2026-02-23,RDM-128,pivo,4.06,4.06
RDM,2026-02-23,RDM-129,pivo,8.38,8.38
RDM,2026-02-23,RDM-130,pivo,5.08,5.08
RDM,2026-02-23,RDM-131,pivo,7.37,7.37
RDM,2026-02-23,RDM-132,pivo,6.0,6.0
RDM,2026-02-23,RDM-133,pivo,19.81,19.81
RDM,2026-02-23,RDM-SC17D8,estacao,2.4,2.4
RDM,2026-02-23,RDM-SC1A38,estacao,18.6,18.6
RDM,2026-02-23,RDM-SC1A4C,estacao,0.3,0.3
RDM,2026-02-23,RDM-SC1AA8,estacao,0.0,0.0
RDM,2026-02-23,RDM-SC1B34,estacao,0.6,0.6
RDM,2026-02-23,RDM-SC1BA8,estacao,18.0,18.0
RDM,2026-02-22,RDM-101,pivo,4.5,4.5
RDM,2026-02-22,RDM-102,pivo,3.75,3.75
RDM,2026-02-22,RDM-103,pivo,5.33,5.33
RDM,2026-02-22,RDM-104,pivo,4.06,4.06
RDM,2026-02-22,RDM-105,pivo,6.6,6.6
RDM,2026-02-22,RDM-106,pivo,5.84,5.84
RDM,2026-02-22,RDM-107,pivo,9.3,9.3
RDM,2026-02-22,RDM-108,pivo,4.23,4.23
RDM,2026-02-22,RDM-109,pivo,3.81,3.81
RDM,2026-02-22,RDM-110,pivo,3.8,3.8
RDM,2026-02-22,RDM-112,pivo,7.87,7.87
RDM,2026-02-22,RDM-113,pivo,5.4,5.4
RDM,2026-02-22,RDM-114,pivo,5.5,5.5
RDM,2026-02-22,RDM-115,pivo,7.37,7.37
RDM,2026-02-22,RDM-116,pivo,5.59,5.59
RDM,2026-02-22,RDM-117,pivo,5.4,5.4
RDM,2026-02-22,RDM-118,pivo,4.56,4.56
RDM,2026-02-22,RDM-119,pivo,2.79,2.79
RDM,2026-02-22,RDM-120,pivo,3.81,3.81
RDM,2026-02-22,RDM-121,pivo,7.62,7.62
RDM,2026-02-22,RDM-122,pivo,8.13,8.13
RDM,2026-02-22,RDM-123,pivo,8.13,8.13
RDM,2026-02-22,RDM-124,pivo,7.5,7.5
RDM,2026-02-22,RDM-125,pivo,4.5,4.5
RDM,2026-02-22,RDM-126,pivo,8.1,8.1
RDM,2026-02-22,RDM-127,pivo,2.54,2.54
RDM,2026-02-22,RDM-128,pivo,3.81,3.81
RDM,2026-02-22,RDM-129,pivo,2.79,2.79
RDM,2026-02-22,RDM-130,pivo,2.54,2.54
RDM,2026-02-22,RDM-131,pivo,3.56,3.56
RDM,2026-02-22,RDM-132,pivo,6.3,6.3
RDM,2026-02-22,RDM-133,pivo,4.57,4.57
RDM,2026-02-22,RDM-SC17D8,estacao,6.0,6.0
RDM,2026-02-22,RDM-SC1A38,estacao,9.6,9.6
RDM,2026-02-22,RDM-SC1A4C,estacao,9.9,9.9
RDM,2026-02-22,RDM-SC1AA8,estacao,10.8,10.8
RDM,2026-02-22,RDM-SC1B34,estacao,8.1,8.1
RDM,2026-02-22,RDM-SC1BA8,estacao,7.8,7.8
RDM,2026-02-21,RDM-101,pivo,9.0,9.0
RDM,2026-02-21,RDM-102,pivo,8.5,8.5
RDM,2026-02-21,RDM-103,pivo,7.11,7.11
RDM,2026-02-21,RDM-104,pivo,7.37,7.37
RDM,2026-02-21,RDM-105,pivo,6.86,6.86
RDM,2026-02-21,RDM-106,pivo,7.37,7.37
RDM,2026-02-21,RDM-107,pivo,6.6,6.6
RDM,2026-02-21,RDM-108,pivo,5.56,5.56
RDM,2026-02-21,RDM-109,pivo,6.6,6.6
RDM,2026-02-21,RDM-110,pivo,4.9,4.9
RDM,2026-02-21,RDM-112,pivo,8.38,8.38
RDM,2026-02-21,RDM-113,pivo,5.1,5.1
RDM,2026-02-21,RDM-114,pivo,5.25,5.25
RDM,2026-02-21,RDM-115,pivo,5.33,5.33
RDM,2026-02-21,RDM-116,pivo,3.05,3.05
RDM,2026-02-21,RDM-117,pivo,3.3,3.3
RDM,2026-02-21,RDM-118,pivo,4.86,4.86
RDM,2026-02-21,RDM-119,pivo,4.32,4.32
RDM,2026-02-21,RDM-120,pivo,5.08,5.08
RDM,2026-02-21,RDM-121,pivo,5.33,5.33
RDM,2026-02-21,RDM-122,pivo,6.1,6.1
RDM,2026-02-21,RDM-123,pivo,4.06,4.06
RDM,2026-02-21,RDM-124,pivo,4.8,4.8
RDM,2026-02-21,RDM-125,pivo,3.9,3.9
RDM,2026-02-21,RDM-126,pivo,2.1,2.1
RDM,2026-02-21,RDM-127,pivo,1.52,1.52
RDM,2026-02-21,RDM-128,pivo,2.54,2.54
RDM,2026-02-21,RDM-129,pivo,1.52,1.52
RDM,2026-02-21,RDM-130,pivo,2.03,2.03
RDM,2026-02-21,RDM-131,pivo,3.3,3.3
RDM,2026-02-21,RDM-132,pivo,7.2,7.2
RDM,2026-02-21,RDM-133,pivo,3.56,3.56
RDM,2026-02-21,RDM-SC17D8,estacao,7.8,7.8
RDM,2026-02-21,RDM-SC1A38,estacao,5.7,5.7
RDM,2026-02-21,RDM-SC1A4C,estacao,5.7,5.7
RDM,2026-02-21,RDM-SC1AA8,estacao,4.8,4.8
RDM,2026-02-21,RDM-SC1B34,estacao,5.4,5.4
RDM,2026-02-21,RDM-SC1BA8,estacao,7.2,7.2
RDM,2026-02-20,RDM-101,pivo,35.25,35.25
RDM,2026-02-20,RDM-102,pivo,40.25,40.25
RDM,2026-02-20,RDM-103,pivo,38.35,38.35
RDM,2026-02-20,RDM-104,pivo,34.8,34.8
RDM,2026-02-20,RDM-105,pivo,27.43,27.43
RDM,2026-02-20,RDM-106,pivo,33.27,33.27
RDM,2026-02-20,RDM-107,pivo,33.6,33.6
RDM,2026-02-20,RDM-108,pivo,27.69,27.69
RDM,2026-02-20,RDM-109,pivo,26.16,26.16
RDM,2026-02-20,RDM-110,pivo,29.1,29.1
RDM,2026-02-20,RDM-112,pivo,34.04,34.04
RDM,2026-02-20,RDM-113,pivo,31.8,31.8
RDM,2026-02-20,RDM-114,pivo,42.0,42.0
RDM,2026-02-20,RDM-115,pivo,36.07,36.07
RDM,2026-02-20,RDM-116,pivo,41.15,41.15
RDM,2026-02-20,RDM-117,pivo,46.5,46.5
RDM,2026-02-20,RDM-118,pivo,33.4,33.4
RDM,2026-02-20,RDM-119,pivo,31.75,31.75
RDM,2026-02-20,RDM-120,pivo,27.43,27.43
RDM,2026-02-20,RDM-121,pivo,27.43,27.43
RDM,2026-02-20,RDM-122,pivo,26.16,26.16
RDM,2026-02-20,RDM-123,pivo,20.57,20.57
RDM,2026-02-20,RDM-124,pivo,28.2,28.2
RDM,2026-02-20,RDM-125,pivo,37.5,37.5
RDM,2026-02-20,RDM-126,pivo,35.1,35.1
RDM,2026-02-20,RDM-127,pivo,29.72,29.72
RDM,2026-02-20,RDM-128,pivo,35.31,35.31
RDM,2026-02-20,RDM-129,pivo,31.5,31.5
RDM,2026-02-20,RDM-130,pivo,32.77,32.77
RDM,2026-02-20,RDM-131,pivo,32.51,32.51
RDM,2026-02-20,RDM-132,pivo,43.8,43.8
RDM,2026-02-20,RDM-133,pivo,23.31,23.31
RDM,2026-02-20,RDM-SC17D8,estacao,28.2,28.2
RDM,2026-02-20,RDM-SC1A38,estacao,40.2,40.2
RDM,2026-02-20,RDM-SC1A4C,estacao,27.3,27.3
RDM,2026-02-20,RDM-SC1AA8,estacao,43.5,43.5
RDM,2026-02-20,RDM-SC1B34,estacao,15.3,15.3
RDM,2026-02-20,RDM-SC1BA8,estacao,52.2,52.2
RDM,2026-02-19,RDM-101,pivo,4.5,4.5
RDM,2026-02-19,RDM-102,pivo,3.75,3.75
RDM,2026-02-19,RDM-103,pivo,4.32,4.32
RDM,2026-02-19,RDM-104,pivo,3.81,3.81
RDM,2026-02-19,RDM-105,pivo,4.32,4.32
RDM,2026-02-19,RDM-106,pivo,3.56,3.56
RDM,2026-02-19,RDM-107,pivo,7.5,7.5
RDM,2026-02-19,RDM-108,pivo,5.84,5.84
RDM,2026-02-19,RDM-109,pivo,3.81,3.81
RDM,2026-02-19,RDM-110,pivo,5.1,5.1
RDM,2026-02-19,RDM-112,pivo,3.05,3.05
RDM,2026-02-19,RDM-113,pivo,3.1,3.1
RDM,2026-02-19,RDM-114,pivo,2.5,2.5
RDM,2026-02-19,RDM-115,pivo,3.05,3.05
RDM,2026-02-19,RDM-116,pivo,2.29,2.29
RDM,2026-02-19,RDM-117,pivo,3.3,3.3
RDM,2026-02-19,RDM-118,pivo,1.59,1.59
RDM,2026-02-19,RDM-119,pivo,2.29,2.29
RDM,2026-02-19,RDM-120,pivo,1.02,1.02
RDM,2026-02-19,RDM-121,pivo,1.52,1.52
RDM,2026-02-19,RDM-122,pivo,1.0,1.0
RDM,2026-02-19,RDM-123,pivo,1.02,1.02
RDM,2026-02-19,RDM-124,pivo,1.8,1.8
RDM,2026-02-19,RDM-125,pivo,3.0,3.0
RDM,2026-02-19,RDM-126,pivo,2.7,2.7
RDM,2026-02-19,RDM-127,pivo,2.54,2.54
RDM,2026-02-19,RDM-128,pivo,3.05,3.05
RDM,2026-02-19,RDM-129,pivo,2.54,2.54
RDM,2026-02-19,RDM-130,pivo,2.79,2.79
RDM,2026-02-19,RDM-131,pivo,3.05,3.05
RDM,2026-02-19,RDM-132,pivo,5.1,5.1
RDM,2026-02-19,RDM-133,pivo,2.29,2.29
RDM,2026-02-19,RDM-SC17D8,estacao,4.5,4.5
RDM,2026-02-19,RDM-SC1A38,estacao,0.6,0.6
RDM,2026-02-19,RDM-SC1A4C,estacao,9.3,9.3
RDM,2026-02-19,RDM-SC1AA8,estacao,1.2,1.2
RDM,2026-02-19,RDM-SC1B34,estacao,5.4,5.4
RDM,2026-02-19,RDM-SC1BA8,estacao,0.3,0.3
RDM,2026-02-18,RDM-101,pivo,0.0,0.0
RDM,2026-02-18,RDM-102,pivo,0.0,0.0
RDM,2026-02-18,RDM-103,pivo,0.0,0.0
RDM,2026-02-18,RDM-104,pivo,0.0,0.0
RDM,2026-02-18,RDM-105,pivo,0.0,0.0
RDM,2026-02-18,RDM-106,pivo,0.0,0.0
RDM,2026-02-18,RDM-107,pivo,0.0,0.0
RDM,2026-02-18,RDM-108,pivo,0.0,0.0
RDM,2026-02-18,RDM-109,pivo,0.0,0.0
RDM,2026-02-18,RDM-110,pivo,0.0,0.0
RDM,2026-02-18,RDM-112,pivo,0.0,0.0
RDM,2026-02-18,RDM-113,pivo,0.0,0.0
RDM,2026-02-18,RDM-114,pivo,0.0,0.0
RDM,2026-02-18,RDM-115,pivo,0.0,0.0
RDM,2026-02-18,RDM-116,pivo,0.0,0.0
RDM,2026-02-18,RDM-117,pivo,0.0,0.0
RDM,2026-02-18,RDM-118,pivo,0.0,0.0
RDM,2026-02-18,RDM-119,pivo,0.0,0.0
RDM,2026-02-18,RDM-120,pivo,0.0,0.0
RDM,2026-02-18,RDM-121,pivo,0.0,0.0
RDM,2026-02-18,RDM-122,pivo,0.0,0.0
RDM,2026-02-18,RDM-123,pivo,0.0,0.0
RDM,2026-02-18,RDM-124,pivo,0.0,0.0
RDM,2026-02-18,RDM-125,pivo,0.0,0.0
RDM,2026-02-18,RDM-126,pivo,0.0,0.0
RDM,2026-02-18,RDM-127,pivo,0.0,0.0
RDM,2026-02-18,RDM-128,pivo,0.0,0.0
RDM,2026-02-18,RDM-129,pivo,0.0,0.0
RDM,2026-02-18,RDM-130,pivo,0.0,0.0
RDM,2026-02-18,RDM-131,pivo,0.0,0.0
RDM,2026-02-18,RDM-132,pivo,0.6,0.6
RDM,2026-02-18,RDM-133,pivo,0.0,0.0
RDM,2026-02-18,RDM-SC17D8,estacao,0.0,0.0
RDM,2026-02-18,RDM-SC1A38,estacao,0.0,0.0
RDM,2026-02-18,RDM-SC1A4C,estacao,0.0,0.0
RDM,2026-02-18,RDM-SC1AA8,estacao,0.0,0.0
RDM,2026-02-18,RDM-SC1B34,estacao,0.0,0.0
RDM,2026-02-18,RDM-SC1BA8,estacao,0.0,0.0
RDM,2026-02-17,RDM-101,pivo,0.0,0.0
RDM,2026-02-17,RDM-102,pivo,0.0,0.0
RDM,2026-02-17,RDM-103,pivo,0.51,0.51
RDM,2026-02-17,RDM-104,pivo,0.25,0.25
RDM,2026-02-17,RDM-105,pivo,0.25,0.25
RDM,2026-02-17,RDM-106,pivo,0.25,0.25
RDM,2026-02-17,RDM-107,pivo,0.6,0.6
RDM,2026-02-17,RDM-108,pivo,0.0,0.0
RDM,2026-02-17,RDM-109,pivo,0.0,0.0
RDM,2026-02-17,RDM-110,pivo,0.0,0.0
RDM,2026-02-17,RDM-112,pivo,0.0,0.0
RDM,2026-02-17,RDM-113,pivo,0.0,0.0
RDM,2026-02-17,RDM-114,pivo,0.0,0.0
RDM,2026-02-17,RDM-115,pivo,0.0,0.0
RDM,2026-02-17,RDM-116,pivo,0.0,0.0
RDM,2026-02-17,RDM-117,pivo,0.0,0.0
RDM,2026-02-17,RDM-118,pivo,0.3,0.3
RDM,2026-02-17,RDM-119,pivo,0.0,0.0
RDM,2026-02-17,RDM-120,pivo,0.0,0.0
RDM,2026-02-17,RDM-121,pivo,0.0,0.0
RDM,2026-02-17,RDM-122,pivo,0.0,0.0
RDM,2026-02-17,RDM-123,pivo,0.0,0.0
RDM,2026-02-17,RDM-124,pivo,0.0,0.0
RDM,2026-02-17,RDM-125,pivo,0.0,0.0
RDM,2026-02-17,RDM-126,pivo,0.0,0.0
RDM,2026-02-17,RDM-127,pivo,0.0,0.0
RDM,2026-02-17,RDM-128,pivo,0.0,0.0
RDM,2026-02-17,RDM-129,pivo,0.0,0.0
RDM,2026-02-17,RDM-130,pivo,0.0,0.0
RDM,2026-02-17,RDM-131,pivo,0.0,0.0
RDM,2026-02-17,RDM-132,pivo,0.0,0.0
RDM,2026-02-17,RDM-133,pivo,0.0,0.0
RDM,2026-02-17,RDM-SC17D8,estacao,0.0,0.0
RDM,2026-02-17,RDM-SC1A38,estacao,0.0,0.0
RDM,2026-02-17,RDM-SC1A4C,estacao,0.9,0.9
RDM,2026-02-17,RDM-SC1AA8,estacao,0.0,0.0
RDM,2026-02-17,RDM-SC1B34,estacao,0.0,0.0
RDM,2026-02-17,RDM-SC1BA8,estacao,0.0,0.0
RDM,2026-02-16,RDM-101,pivo,0.0,0.0
RDM,2026-02-16,RDM-102,pivo,0.0,0.0
RDM,2026-02-16,RDM-103,pivo,0.0,0.0
RDM,2026-02-16,RDM-104,pivo,0.0,0.0
RDM,2026-02-16,RDM-105,pivo,0.0,0.0
RDM,2026-02-16,RDM-106,pivo,0.0,0.0
RDM,2026-02-16,RDM-107,pivo,0.0,0.0
RDM,2026-02-16,RDM-108,pivo,0.0,0.0
RDM,2026-02-16,RDM-109,pivo,0.0,0.0
RDM,2026-02-16,RDM-110,pivo,0.0,0.0
RDM,2026-02-16,RDM-112,pivo,0.0,0.0
RDM,2026-02-16,RDM-113,pivo,0.0,0.0
RDM,2026-02-16,RDM-114,pivo,0.0,0.0
RDM,2026-02-16,RDM-115,pivo,0.0,0.0
RDM,2026-02-16,RDM-116,pivo,0.0,0.0
RDM,2026-02-16,RDM-117,pivo,0.0,0.0
RDM,2026-02-16,RDM-118,pivo,0.0,0.0
RDM,2026-02-16,RDM-119,pivo,0.0,0.0
RDM,2026-02-16,RDM-120,pivo,0.0,0.0
RDM,2026-02-16,RDM-121,pivo,0.0,0.0
RDM,2026-02-16,RDM-122,pivo,0.0,0.0
RDM,2026-02-16,RDM-123,pivo,0.0,0.0
RDM,2026-02-16,RDM-124,pivo,0.0,0.0
RDM,2026-02-16,RDM-125,pivo,0.0,0.0
RDM,2026-02-16,RDM-126,pivo,0.0,0.0
RDM,2026-02-16,RDM-127,pivo,0.0,0.0
RDM,2026-02-16,RDM-128,pivo,0.0,0.0
RDM,2026-02-16,RDM-129,pivo,0.0,0.0
RDM,2026-02-16,RDM-130,pivo,0.25,0.25
RDM,2026-02-16,RDM-131,pivo,0.0,0.0
RDM,2026-02-16,RDM-132,pivo,0.0,0.0
RDM,2026-02-16,RDM-133,pivo,0.0,0.0
RDM,2026-02-16,RDM-SC17D8,estacao,0.0,0.0
RDM,2026-02-16,RDM-SC1A38,estacao,0.0,0.0
RDM,2026-02-16,RDM-SC1A4C,estacao,0.0,0.0
RDM,2026-02-16,RDM-SC1AA8,estacao,0.0,0.0
RDM,2026-02-16,RDM-SC1B34,estacao,0.0,0.0
RDM,2026-02-16,RDM-SC1BA8,estacao,0.0,0.0
RDM,2026-02-15,RDM-101,pivo,0.0,0.0
RDM,2026-02-15,RDM-102,pivo,0.0,0.0
RDM,2026-02-15,RDM-103,pivo,0.0,0.0
RDM,2026-02-15,RDM-104,pivo,0.0,0.0
RDM,2026-02-15,RDM-105,pivo,0.0,0.0
RDM,2026-02-15,RDM-106,pivo,0.0,0.0
RDM,2026-02-15,RDM-107,pivo,0.0,0.0
RDM,2026-02-15,RDM-108,pivo,0.0,0.0
RDM,2026-02-15,RDM-109,pivo,0.0,0.0
RDM,2026-02-15,RDM-110,pivo,0.0,0.0
RDM,2026-02-15,RDM-112,pivo,0.0,0.0
RDM,2026-02-15,RDM-113,pivo,0.0,0.0
RDM,2026-02-15,RDM-114,pivo,0.0,0.0
RDM,2026-02-15,RDM-115,pivo,0.51,0.51
RDM,2026-02-15,RDM-116,pivo,0.25,0.25
RDM,2026-02-15,RDM-117,pivo,1.2,1.2
RDM,2026-02-15,RDM-118,pivo,4.8,4.8
RDM,2026-02-15,RDM-119,pivo,0.0,0.0
RDM,2026-02-15,RDM-120,pivo,0.51,0.51
RDM,2026-02-15,RDM-121,pivo,0.0,0.0
RDM,2026-02-15,RDM-122,pivo,0.51,0.51
RDM,2026-02-15,RDM-123,pivo,0.0,0.0
RDM,2026-02-15,RDM-124,pivo,0.9,0.9
RDM,2026-02-15,RDM-125,pivo,1.5,1.5
RDM,2026-02-15,RDM-126,pivo,0.3,0.3
RDM,2026-02-15,RDM-127,pivo,0.0,0.0
RDM,2026-02-15,RDM-128,pivo,0.25,0.25
RDM,2026-02-15,RDM-129,pivo,0.0,0.0
RDM,2026-02-15,RDM-130,pivo,0.25,0.25
RDM,2026-02-15,RDM-131,pivo,0.0,0.0
RDM,2026-02-15,RDM-132,pivo,0.0,0.0
RDM,2026-02-15,RDM-133,pivo,4.32,4.32
RDM,2026-02-15,RDM-SC17D8,estacao,0.0,0.0
RDM,2026-02-15,RDM-SC1A38,estacao,0.3,0.3
RDM,2026-02-15,RDM-SC1A4C,estacao,0.0,0.0
RDM,2026-02-15,RDM-SC1AA8,estacao,0.0,0.0
RDM,2026-02-15,RDM-SC1B34,estacao,0.0,0.0
RDM,2026-02-15,RDM-SC1BA8,estacao,0.0,0.0
RDM,2026-02-14,RDM-101,pivo,0.0,0.0
RDM,2026-02-14,RDM-102,pivo,0.0,0.0
RDM,2026-02-14,RDM-103,pivo,0.0,0.0
RDM,2026-02-14,RDM-104,pivo,0.0,0.0
RDM,2026-02-14,RDM-105,pivo,0.0,0.0
RDM,2026-02-14,RDM-106,pivo,0.0,0.0
RDM,2026-02-14,RDM-107,pivo,0.0,0.0
RDM,2026-02-14,RDM-108,pivo,0.0,0.0
RDM,2026-02-14,RDM-109,pivo,0.0,0.0
RDM,2026-02-14,RDM-110,pivo,0.0,0.0
RDM,2026-02-14,RDM-112,pivo,0.0,0.0
RDM,2026-02-14,RDM-113,pivo,0.0,0.0
RDM,2026-02-14,RDM-114,pivo,0.0,0.0
RDM,2026-02-14,RDM-115,pivo,0.0,0.0
RDM,2026-02-14,RDM-116,pivo,6.6,6.6
RDM,2026-02-14,RDM-117,pivo,0.0,0.0
RDM,2026-02-14,RDM-118,pivo,10.8,10.8
RDM,2026-02-14,RDM-119,pivo,0.0,0.0
RDM,2026-02-14,RDM-120,pivo,0.0,0.0
RDM,2026-02-14,RDM-121,pivo,0.0,0.0
RDM,2026-02-14,RDM-122,pivo,0.0,0.0
RDM,2026-02-14,RDM-123,pivo,0.0,0.0
RDM,2026-02-14,RDM-124,pivo,0.9,0.9
RDM,2026-02-14,RDM-125,pivo,0.0,0.0
RDM,2026-02-14,RDM-126,pivo,0.0,0.0
RDM,2026-02-14,RDM-127,pivo,0.0,0.0
RDM,2026-02-14,RDM-128,pivo,0.0,0.0
RDM,2026-02-14,RDM-129,pivo,0.0,0.0
RDM,2026-02-14,RDM-130,pivo,23.37,23.37
RDM,2026-02-14,RDM-131,pivo,0.0,0.0
RDM,2026-02-14,RDM-132,pivo,0.0,0.0
RDM,2026-02-14,RDM-133,pivo,2.29,2.29
RDM,2026-02-14,RDM-SC17D8,estacao,0.0,0.0
RDM,2026-02-14,RDM-SC1A38,estacao,0.0,0.0
RDM,2026-02-14,RDM-SC1A4C,estacao,0.0,0.0
RDM,2026-02-14,RDM-SC1AA8,estacao,0.0,0.0
RDM,2026-02-14,RDM-SC1B34,estacao,0.0,0.0
RDM,2026-02-14,RDM-SC1BA8,estacao,0.0,0.0
RDM,2026-02-13,RDM-101,pivo,0.0,0.0
RDM,2026-02-13,RDM-102,pivo,0.0,0.0
RDM,2026-02-13,RDM-103,pivo,0.0,0.0
RDM,2026-02-13,RDM-104,pivo,0.0,0.0
RDM,2026-02-13,RDM-105,pivo,0.0,0.0
RDM,2026-02-13,RDM-106,pivo,0.0,0.0
RDM,2026-02-13,RDM-107,pivo,0.6,0.6
RDM,2026-02-13,RDM-108,pivo,0.0,0.0
RDM,2026-02-13,RDM-109,pivo,0.0,0.0
RDM,2026-02-13,RDM-110,pivo,0.0,0.0
RDM,2026-02-13,RDM-112,pivo,0.0,0.0
RDM,2026-02-13,RDM-113,pivo,0.0,0.0
RDM,2026-02-13,RDM-114,pivo,0.0,0.0
RDM,2026-02-13,RDM-115,pivo,0.0,0.0
RDM,2026-02-13,RDM-116,pivo,0.0,0.0
RDM,2026-02-13,RDM-117,pivo,0.0,0.0
RDM,2026-02-13,RDM-118,pivo,0.9,0.9
RDM,2026-02-13,RDM-119,pivo,0.0,0.0
RDM,2026-02-13,RDM-120,pivo,0.0,0.0
RDM,2026-02-13,RDM-121,pivo,0.0,0.0
RDM,2026-02-13,RDM-122,pivo,0.0,0.0
RDM,2026-02-13,RDM-123,pivo,0.0,0.0
RDM,2026-02-13,RDM-124,pivo,0.6,0.6
RDM,2026-02-13,RDM-125,pivo,1.2,1.2
RDM,2026-02-13,RDM-126,pivo,0.0,0.0
RDM,2026-02-13,RDM-127,pivo,1.02,1.02
RDM,2026-02-13,RDM-128,pivo,0.51,0.51
RDM,2026-02-13,RDM-129,pivo,0.76,0.76
RDM,2026-02-13,RDM-130,pivo,1.27,1.27
RDM,2026-02-13,RDM-131,pivo,0.25,0.25
RDM,2026-02-13,RDM-132,pivo,0.0,0.0
RDM,2026-02-13,RDM-133,pivo,0.51,0.51
RDM,2026-02-13,RDM-SC17D8,estacao,0.0,0.0
RDM,2026-02-13,RDM-SC1A38,estacao,0.0,0.0
RDM,2026-02-13,RDM-SC1A4C,estacao,0.9,0.9
RDM,2026-02-13,RDM-SC1AA8,estacao,0.0,0.0
RDM,2026-02-13,RDM-SC1B34,estacao,1.8,1.8
RDM,2026-02-13,RDM-SC1BA8,estacao,0.0,0.0
RDM,2026-02-12,RDM-101,pivo,0.0,0.0
RDM,2026-02-12,RDM-102,pivo,0.0,0.0
RDM,2026-02-12,RDM-103,pivo,0.0,0.0
RDM,2026-02-12,RDM-104,pivo,0.0,0.0
RDM,2026-02-12,RDM-105,pivo,0.0,0.0
RDM,2026-02-12,RDM-106,pivo,0.0,0.0
RDM,2026-02-12,RDM-107,pivo,0.0,0.0
RDM,2026-02-12,RDM-108,pivo,0.0,0.0
RDM,2026-02-12,RDM-109,pivo,0.0,0.0
RDM,2026-02-12,RDM-110,pivo,0.0,0.0
RDM,2026-02-12,RDM-112,pivo,0.0,0.0
RDM,2026-02-12,RDM-113,pivo,0.0,0.0
RDM,2026-02-12,RDM-114,pivo,0.0,0.0
RDM,2026-02-12,RDM-115,pivo,0.0,0.0
RDM,2026-02-12,RDM-116,pivo,0.0,0.0
RDM,2026-02-12,RDM-117,pivo,0.0,0.0
RDM,2026-02-12,RDM-118,pivo,0.3,0.3
RDM,2026-02-12,RDM-119,pivo,0.0,0.0
RDM,2026-02-12,RDM-120,pivo,0.0,0.0
RDM,2026-02-12,RDM-121,pivo,0.0,0.0
RDM,2026-02-12,RDM-122,pivo,0.0,0.0
RDM,2026-02-12,RDM-123,pivo,0.0,0.0
RDM,2026-02-12,RDM-124,pivo,0.0,0.0
RDM,2026-02-12,RDM-125,pivo,0.0,0.0
RDM,2026-02-12,RDM-126,pivo,0.0,0.0
RDM,2026-02-12,RDM-127,pivo,0.0,0.0
RDM,2026-02-12,RDM-128,pivo,0.0,0.0
RDM,2026-02-12,RDM-129,pivo,0.0,0.0
RDM,2026-02-12,RDM-130,pivo,0.0,0.0
RDM,2026-02-12,RDM-131,pivo,0.0,0.0
RDM,2026-02-12,RDM-132,pivo,0.0,0.0
RDM,2026-02-12,RDM-133,pivo,0.0,0.0
RDM,2026-02-12,RDM-SC17D8,estacao,0.0,0.0
RDM,2026-02-12,RDM-SC1A38,estacao,0.0,0.0
RDM,2026-02-12,RDM-SC1A4C,estacao,0.0,0.0
RDM,2026-02-12,RDM-SC1AA8,estacao,0.0,0.0
RDM,2026-02-12,RDM-SC1B34,estacao,0.0,0.0
RDM,2026-02-12,RDM-SC1BA8,estacao,0.0,0.0
RDM,2026-02-11,RDM-101,pivo,26.25,26.25
RDM,2026-02-11,RDM-102,pivo,24.25,24.25
RDM,2026-02-11,RDM-103,pivo,26.16,26.16
RDM,2026-02-11,RDM-104,pivo,25.91,25.91
RDM,2026-02-11,RDM-105,pivo,27.43,27.43
RDM,2026-02-11,RDM-106,pivo,25.4,25.4
RDM,2026-02-11,RDM-107,pivo,36.9,36.9
RDM,2026-02-11,RDM-108,pivo,31.24,31.24
RDM,2026-02-11,RDM-109,pivo,24.89,24.89
RDM,2026-02-11,RDM-110,pivo,25.0,25.0
RDM,2026-02-11,RDM-112,pivo,23.88,23.88
RDM,2026-02-11,RDM-113,pivo,20.1,20.1
RDM,2026-02-11,RDM-114,pivo,26.5,26.5
RDM,2026-02-11,RDM-115,pivo,23.37,23.37
RDM,2026-02-11,RDM-116,pivo,30.99,30.99
RDM,2026-02-11,RDM-117,pivo,30.6,30.6
RDM,2026-02-11,RDM-118,pivo,30.7,30.7
RDM,2026-02-11,RDM-119,pivo,25.91,25.91
RDM,2026-02-11,RDM-120,pivo,30.73,30.73
RDM,2026-02-11,RDM-121,pivo,26.92,26.92
RDM,2026-02-11,RDM-122,pivo,26.42,26.42
RDM,2026-02-11,RDM-123,pivo,28.96,28.96
RDM,2026-02-11,RDM-124,pivo,30.0,30.0
RDM,2026-02-11,RDM-125,pivo,30.3,30.3
RDM,2026-02-11,RDM-126,pivo,30.0,30.0
RDM,2026-02-11,RDM-127,pivo,24.13,24.13
RDM,2026-02-11,RDM-128,pivo,24.64,24.64
RDM,2026-02-11,RDM-129,pivo,27.69,27.69
RDM,2026-02-11,RDM-130,pivo,23.37,23.37
RDM,2026-02-11,RDM-131,pivo,24.13,24.13
RDM,2026-02-11,RDM-132,pivo,33.3,33.3
RDM,2026-02-11,RDM-133,pivo,26.67,26.67
RDM,2026-02-11,RDM-SC17D8,estacao,41.7,41.7
RDM,2026-02-11,RDM-SC1A38,estacao,35.4,35.4
RDM,2026-02-11,RDM-SC1A4C,estacao,33.0,33.0
RDM,2026-02-11,RDM-SC1AA8,estacao,34.5,34.5
RDM,2026-02-11,RDM-SC1B34,estacao,45.3,45.3
RDM,2026-02-11,RDM-SC1BA8,estacao,32.7,32.7
RDM,2026-02-10,RDM-101,pivo,2.75,2.75
RDM,2026-02-10,RDM-102,pivo,2.0,2.0
RDM,2026-02-10,RDM-103,pivo,0.51,0.51
RDM,2026-02-10,RDM-104,pivo,0.0,0.0
RDM,2026-02-10,RDM-105,pivo,0.0,0.0
RDM,2026-02-10,RDM-106,pivo,0.0,0.0
RDM,2026-02-10,RDM-107,pivo,0.0,0.0
RDM,2026-02-10,RDM-108,pivo,0.25,0.25
RDM,2026-02-10,RDM-109,pivo,0.25,0.25
RDM,2026-02-10,RDM-110,pivo,0.0,0.0
RDM,2026-02-10,RDM-112,pivo,0.0,0.0
RDM,2026-02-10,RDM-113,pivo,0.0,0.0
RDM,2026-02-10,RDM-114,pivo,0.0,0.0
RDM,2026-02-10,RDM-115,pivo,0.0,0.0
RDM,2026-02-10,RDM-116,pivo,0.0,0.0
RDM,2026-02-10,RDM-117,pivo,0.3,0.3
RDM,2026-02-10,RDM-118,pivo,1.5,1.5
RDM,2026-02-10,RDM-119,pivo,0.0,0.0
RDM,2026-02-10,RDM-120,pivo,0.25,0.25
RDM,2026-02-10,RDM-121,pivo,0.0,0.0
RDM,2026-02-10,RDM-122,pivo,0.0,0.0
RDM,2026-02-10,RDM-123,pivo,0.0,0.0
RDM,2026-02-10,RDM-124,pivo,0.3,0.3
RDM,2026-02-10,RDM-125,pivo,0.0,0.0
RDM,2026-02-10,RDM-126,pivo,0.0,0.0
RDM,2026-02-10,RDM-127,pivo,0.0,0.0
RDM,2026-02-10,RDM-128,pivo,0.25,0.25
RDM,2026-02-10,RDM-129,pivo,0.0,0.0
RDM,2026-02-10,RDM-130,pivo,0.0,0.0
RDM,2026-02-10,RDM-131,pivo,0.0,0.0
RDM,2026-02-10,RDM-132,pivo,0.0,0.0
RDM,2026-02-10,RDM-133,pivo,0.25,0.25
RDM,2026-02-10,RDM-SC17D8,estacao,0.0,0.0
RDM,2026-02-10,RDM-SC1A38,estacao,0.0,0.0
RDM,2026-02-10,RDM-SC1A4C,estacao,0.3,0.3
RDM,2026-02-10,RDM-SC1AA8,estacao,0.0,0.0
RDM,2026-02-10,RDM-SC1B34,estacao,0.6,0.6
RDM,2026-02-10,RDM-SC1BA8,estacao,0.0,0.0
RDM,2026-02-09,RDM-101,pivo,0.0,0.0
RDM,2026-02-09,RDM-102,pivo,0.0,0.0
RDM,2026-02-09,RDM-103,pivo,0.0,0.0
RDM,2026-02-09,RDM-104,pivo,0.0,0.0
RDM,2026-02-09,RDM-105,pivo,0.25,0.25
RDM,2026-02-09,RDM-106,pivo,0.51,0.51
RDM,2026-02-09,RDM-107,pivo,0.9,0.9
RDM,2026-02-09,RDM-108,pivo,0.25,0.25
RDM,2026-02-09,RDM-109,pivo,0.0,0.0
RDM,2026-02-09,RDM-110,pivo,0.0,0.0
RDM,2026-02-09,RDM-112,pivo,0.76,0.76
RDM,2026-02-09,RDM-113,pivo,0.6,0.6
RDM,2026-02-09,RDM-114,pivo,0.5,0.5
RDM,2026-02-09,RDM-115,pivo,1.52,1.52
RDM,2026-02-09,RDM-116,pivo,0.51,0.51
RDM,2026-02-09,RDM-117,pivo,0.6,0.6
RDM,2026-02-09,RDM-118,pivo,0.3,0.3
RDM,2026-02-09,RDM-119,pivo,0.25,0.25
RDM,2026-02-09,RDM-120,pivo,2.03,2.03
RDM,2026-02-09,RDM-121,pivo,0.25,0.25
RDM,2026-02-09,RDM-122,pivo,3.05,3.05
RDM,2026-02-09,RDM-123,pivo,2.79,2.79
RDM,2026-02-09,RDM-124,pivo,1.2,1.2
RDM,2026-02-09,RDM-125,pivo,1.2,1.2
RDM,2026-02-09,RDM-126,pivo,0.3,0.3
RDM,2026-02-09,RDM-127,pivo,0.25,0.25
RDM,2026-02-09,RDM-128,pivo,0.25,0.25
RDM,2026-02-09,RDM-129,pivo,2.54,2.54
RDM,2026-02-09,RDM-130,pivo,2.29,2.29
RDM,2026-02-09,RDM-131,pivo,1.02,1.02
RDM,2026-02-09,RDM-132,pivo,0.0,0.0
RDM,2026-02-09,RDM-133,pivo,1.78,1.78
RDM,2026-02-09,RDM-SC17D8,estacao,2.7,2.7
RDM,2026-02-09,RDM-SC1A38,estacao,1.8,1.8
RDM,2026-02-09,RDM-SC1A4C,estacao,0.9,0.9
RDM,2026-02-09,RDM-SC1AA8,estacao,0.6,0.6
RDM,2026-02-09,RDM-SC1B34,estacao,0.0,0.0
RDM,2026-02-09,RDM-SC1BA8,estacao,2.1,2.1
RDM,2026-02-08,RDM-101,pivo,10.25,10.25
RDM,2026-02-08,RDM-102,pivo,6.5,6.5
RDM,2026-02-08,RDM-103,pivo,7.11,7.11
RDM,2026-02-08,RDM-104,pivo,3.81,3.81
RDM,2026-02-08,RDM-105,pivo,2.79,2.79
RDM,2026-02-08,RDM-106,pivo,0.51,0.51
RDM,2026-02-08,RDM-107,pivo,3.6,3.6
RDM,2026-02-08,RDM-108,pivo,0.25,0.25
RDM,2026-02-08,RDM-109,pivo,2.03,2.03
RDM,2026-02-08,RDM-110,pivo,0.0,0.0
RDM,2026-02-08,RDM-112,pivo,0.0,0.0
RDM,2026-02-08,RDM-113,pivo,0.0,0.0
RDM,2026-02-08,RDM-114,pivo,0.5,0.5
RDM,2026-02-08,RDM-115,pivo,0.0,0.0
RDM,2026-02-08,RDM-116,pivo,0.51,0.51
RDM,2026-02-08,RDM-117,pivo,0.3,0.3
RDM,2026-02-08,RDM-118,pivo,2.1,2.1
RDM,2026-02-08,RDM-119,pivo,0.51,0.51
RDM,2026-02-08,RDM-120,pivo,1.78,1.78
RDM,2026-02-08,RDM-121,pivo,0.0,0.0
RDM,2026-02-08,RDM-122,pivo,22.35,22.35
RDM,2026-02-08,RDM-123,pivo,0.25,0.25
RDM,2026-02-08,RDM-124,pivo,0.3,0.3
RDM,2026-02-08,RDM-125,pivo,0.0,0.0
RDM,2026-02-08,RDM-126,pivo,0.0,0.0
RDM,2026-02-08,RDM-127,pivo,0.0,0.0
RDM,2026-02-08,RDM-128,pivo,0.0,0.0
RDM,2026-02-08,RDM-129,pivo,0.0,0.0
RDM,2026-02-08,RDM-130,pivo,0.0,0.0
RDM,2026-02-08,RDM-131,pivo,0.51,0.51
RDM,2026-02-08,RDM-132,pivo,0.6,0.6
RDM,2026-02-08,RDM-133,pivo,0.0,0.0
RDM,2026-02-08,RDM-SC17D8,estacao,1.5,1.5
RDM,2026-02-08,RDM-SC1A38,estacao,6.9,6.9
RDM,2026-02-08,RDM-SC1A4C,estacao,2.7,2.7
RDM,2026-02-08,RDM-SC1AA8,estacao,9.0,9.0
RDM,2026-02-08,RDM-SC1B34,estacao,0.0,0.0
RDM,2026-02-08,RDM-SC1BA8,estacao,1.5,1.5
RDM,2026-02-07,RDM-101,pivo,0.0,0.0
RDM,2026-02-07,RDM-102,pivo,0.0,0.0
RDM,2026-02-07,RDM-103,pivo,0.0,0.0
RDM,2026-02-07,RDM-104,pivo,0.0,0.0
RDM,2026-02-07,RDM-105,pivo,0.0,0.0
RDM,2026-02-07,RDM-106,pivo,0.0,0.0
RDM,2026-02-07,RDM-107,pivo,0.0,0.0
RDM,2026-02-07,RDM-108,pivo,0.0,0.0
RDM,2026-02-07,RDM-109,pivo,0.0,0.0
RDM,2026-02-07,RDM-110,pivo,0.0,0.0
RDM,2026-02-07,RDM-112,pivo,0.51,0.51
RDM,2026-02-07,RDM-113,pivo,0.3,0.3
RDM,2026-02-07,RDM-114,pivo,1.25,1.25
RDM,2026-02-07,RDM-115,pivo,5.59,5.59
RDM,2026-02-07,RDM-116,pivo,0.25,0.25
RDM,2026-02-07,RDM-117,pivo,8.1,8.1
RDM,2026-02-07,RDM-118,pivo,6.0,6.0
RDM,2026-02-07,RDM-119,pivo,2.03,2.03
RDM,2026-02-07,RDM-120,pivo,0.0,0.0
RDM,2026-02-07,RDM-121,pivo,0.0,0.0
RDM,2026-02-07,RDM-122,pivo,1.27,1.27
RDM,2026-02-07,RDM-123,pivo,0.0,0.0
RDM,2026-02-07,RDM-124,pivo,0.0,0.0
RDM,2026-02-07,RDM-125,pivo,0.0,0.0
RDM,2026-02-07,RDM-126,pivo,0.0,0.0
RDM,2026-02-07,RDM-127,pivo,1.02,1.02
RDM,2026-02-07,RDM-128,pivo,2.54,2.54
RDM,2026-02-07,RDM-129,pivo,3.81,3.81
RDM,2026-02-07,RDM-130,pivo,8.64,8.64
RDM,2026-02-07,RDM-131,pivo,7.11,7.11
RDM,2026-02-07,RDM-132,pivo,9.0,9.0
RDM,2026-02-07,RDM-133,pivo,0.0,0.0
RDM,2026-02-07,RDM-SC17D8,estacao,0.0,0.0
RDM,2026-02-07,RDM-SC1A38,estacao,0.0,0.0
RDM,2026-02-07,RDM-SC1A4C,estacao,0.0,0.0
RDM,2026-02-07,RDM-SC1AA8,estacao,0.0,0.0
RDM,2026-02-07,RDM-SC1B34,estacao,0.0,0.0
RDM,2026-02-07,RDM-SC1BA8,estacao,0.0,0.0
RDM,2026-02-06,RDM-101,pivo,2.0,2.0
RDM,2026-02-06,RDM-102,pivo,5.5,5.5
RDM,2026-02-06,RDM-103,pivo,1.27,1.27
RDM,2026-02-06,RDM-104,pivo,3.3,3.3
RDM,2026-02-06,RDM-105,pivo,0.51,0.51
RDM,2026-02-06,RDM-106,pivo,3.3,3.3
RDM,2026-02-06,RDM-107,pivo,0.6,0.6
RDM,2026-02-06,RDM-108,pivo,3.81,3.81
RDM,2026-02-06,RDM-109,pivo,8.38,8.38
RDM,2026-02-06,RDM-110,pivo,0.0,0.0
RDM,2026-02-06,RDM-112,pivo,2.79,2.79
RDM,2026-02-06,RDM-113,pivo,11.7,11.7
RDM,2026-02-06,RDM-114,pivo,4.0,4.0
RDM,2026-02-06,RDM-115,pivo,8.38,8.38
RDM,2026-02-06,RDM-116,pivo,7.11,7.11
RDM,2026-02-06,RDM-117,pivo,12.6,12.6
RDM,2026-02-06,RDM-118,pivo,1.2,1.2
RDM,2026-02-06,RDM-119,pivo,6.6,6.6
RDM,2026-02-06,RDM-120,pivo,4.32,4.32
RDM,2026-02-06,RDM-121,pivo,7.87,7.87
RDM,2026-02-06,RDM-122,pivo,2.03,2.03
RDM,2026-02-06,RDM-123,pivo,0.76,0.76
RDM,2026-02-06,RDM-124,pivo,5.1,5.1
RDM,2026-02-06,RDM-125,pivo,7.5,7.5
RDM,2026-02-06,RDM-126,pivo,5.7,5.7
RDM,2026-02-06,RDM-127,pivo,7.87,7.87
RDM,2026-02-06,RDM-128,pivo,7.87,7.87
RDM,2026-02-06,RDM-129,pivo,9.4,9.4
RDM,2026-02-06,RDM-130,pivo,8.89,8.89
RDM,2026-02-06,RDM-131,pivo,9.14,9.14
RDM,2026-02-06,RDM-132,pivo,12.0,12.0
RDM,2026-02-06,RDM-133,pivo,5.84,5.84
RDM,2026-02-06,RDM-SC17D8,estacao,13.5,13.5
RDM,2026-02-06,RDM-SC1A38,estacao,4.8,4.8
RDM,2026-02-06,RDM-SC1A4C,estacao,0.6,0.6
RDM,2026-02-06,RDM-SC1AA8,estacao,7.8,7.8
RDM,2026-02-06,RDM-SC1B34,estacao,0.0,0.0
RDM,2026-02-06,RDM-SC1BA8,estacao,12.3,12.3
RDM,2026-02-05,RDM-101,pivo,0.5,0.5
RDM,2026-02-05,RDM-102,pivo,0.25,0.25
RDM,2026-02-05,RDM-103,pivo,0.0,0.0
RDM,2026-02-05,RDM-104,pivo,0.51,0.51
RDM,2026-02-05,RDM-105,pivo,1.02,1.02
RDM,2026-02-05,RDM-106,pivo,0.25,0.25
RDM,2026-02-05,RDM-107,pivo,3.9,3.9
RDM,2026-02-05,RDM-108,pivo,3.05,3.05
RDM,2026-02-05,RDM-109,pivo,0.0,0.0
RDM,2026-02-05,RDM-110,pivo,0.0,0.0
RDM,2026-02-05,RDM-112,pivo,0.25,0.25
RDM,2026-02-05,RDM-113,pivo,0.3,0.3
RDM,2026-02-05,RDM-114,pivo,0.0,0.0
RDM,2026-02-05,RDM-115,pivo,0.0,0.0
RDM,2026-02-05,RDM-116,pivo,0.0,0.0
RDM,2026-02-05,RDM-117,pivo,0.3,0.3
RDM,2026-02-05,RDM-118,pivo,0.0,0.0
RDM,2026-02-05,RDM-119,pivo,0.0,0.0
RDM,2026-02-05,RDM-120,pivo,0.0,0.0
RDM,2026-02-05,RDM-121,pivo,0.0,0.0
RDM,2026-02-05,RDM-122,pivo,0.0,0.0
RDM,2026-02-05,RDM-123,pivo,0.0,0.0
RDM,2026-02-05,RDM-124,pivo,0.0,0.0
RDM,2026-02-05,RDM-125,pivo,0.0,0.0
RDM,2026-02-05,RDM-126,pivo,0.0,0.0
RDM,2026-02-05,RDM-127,pivo,0.0,0.0
RDM,2026-02-05,RDM-128,pivo,0.0,0.0
RDM,2026-02-05,RDM-129,pivo,0.0,0.0
RDM,2026-02-05,RDM-130,pivo,0.25,0.25
RDM,2026-02-05,RDM-131,pivo,1.78,1.78
RDM,2026-02-05,RDM-132,pivo,1.5,1.5
RDM,2026-02-05,RDM-133,pivo,0.0,0.0
RDM,2026-02-05,RDM-SC17D8,estacao,0.0,0.0
RDM,2026-02-05,RDM-SC1A38,estacao,0.0,0.0
RDM,2026-02-05,RDM-SC1A4C,estacao,4.8,4.8
RDM,2026-02-05,RDM-SC1AA8,estacao,0.0,0.0
RDM,2026-02-05,RDM-SC1B34,estacao,2.7,2.7
RDM,2026-02-05,RDM-SC1BA8,estacao,10.5,10.5
RDM,2026-02-04,RDM-101,pivo,2.75,2.75
RDM,2026-02-04,RDM-102,pivo,1.25,1.25
RDM,2026-02-04,RDM-103,pivo,4.32,4.32
RDM,2026-02-04,RDM-104,pivo,2.29,2.29
RDM,2026-02-04,RDM-105,pivo,7.87,7.87
RDM,2026-02-04,RDM-106,pivo,2.79,2.79
RDM,2026-02-04,RDM-107,pivo,0.3,0.3
RDM,2026-02-04,RDM-108,pivo,6.6,6.6
RDM,2026-02-04,RDM-109,pivo,1.52,1.52
RDM,2026-02-04,RDM-110,pivo,0.0,0.0
RDM,2026-02-04,RDM-112,pivo,2.29,2.29
RDM,2026-02-04,RDM-113,pivo,0.0,0.0
RDM,2026-02-04,RDM-114,pivo,3.75,3.75
RDM,2026-02-04,RDM-115,pivo,0.0,0.0
RDM,2026-02-04,RDM-116,pivo,0.51,0.51
RDM,2026-02-04,RDM-117,pivo,1.2,1.2
RDM,2026-02-04,RDM-118,pivo,6.3,6.3
RDM,2026-02-04,RDM-119,pivo,4.06,4.06
RDM,2026-02-04,RDM-120,pivo,3.81,3.81
RDM,2026-02-04,RDM-121,pivo,2.03,2.03
RDM,2026-02-04,RDM-122,pivo,2.03,2.03
RDM,2026-02-04,RDM-123,pivo,1.02,1.02
RDM,2026-02-04,RDM-124,pivo,0.0,0.0
RDM,2026-02-04,RDM-125,pivo,0.0,0.0
RDM,2026-02-04,RDM-126,pivo,0.6,0.6
RDM,2026-02-04,RDM-127,pivo,0.25,0.25
RDM,2026-02-04,RDM-128,pivo,0.25,0.25
RDM,2026-02-04,RDM-129,pivo,0.0,0.0
RDM,2026-02-04,RDM-130,pivo,1.78,1.78
RDM,2026-02-04,RDM-131,pivo,1.02,1.02
RDM,2026-02-04,RDM-132,pivo,0.0,0.0
RDM,2026-02-04,RDM-133,pivo,0.0,0.0
RDM,2026-02-04,RDM-SC17D8,estacao,1.8,1.8
RDM,2026-02-04,RDM-SC1A38,estacao,2.4,2.4
RDM,2026-02-04,RDM-SC1A4C,estacao,0.0,0.0
RDM,2026-02-04,RDM-SC1AA8,estacao,0.6,0.6
RDM,2026-02-04,RDM-SC1B34,estacao,0.3,0.3
RDM,2026-02-04,RDM-SC1BA8,estacao,0.0,0.0
RDM,2026-02-03,RDM-101,pivo,0.75,0.75
RDM,2026-02-03,RDM-102,pivo,0.75,0.75
RDM,2026-02-03,RDM-103,pivo,1.02,1.02
RDM,2026-02-03,RDM-104,pivo,1.02,1.02
RDM,2026-02-03,RDM-105,pivo,1.02,1.02
RDM,2026-02-03,RDM-106,pivo,1.27,1.27
RDM,2026-02-03,RDM-107,pivo,1.5,1.5
RDM,2026-02-03,RDM-108,pivo,1.27,1.27
RDM,2026-02-03,RDM-109,pivo,0.76,0.76
RDM,2026-02-03,RDM-110,pivo,0.9,0.9
RDM,2026-02-03,RDM-112,pivo,1.02,1.02
RDM,2026-02-03,RDM-113,pivo,0.6,0.6
RDM,2026-02-03,RDM-114,pivo,0.75,0.75
RDM,2026-02-03,RDM-115,pivo,0.76,0.76
RDM,2026-02-03,RDM-116,pivo,0.76,0.76
RDM,2026-02-03,RDM-117,pivo,0.9,0.9
RDM,2026-02-03,RDM-118,pivo,0.6,0.6
RDM,2026-02-03,RDM-119,pivo,0.51,0.51
RDM,2026-02-03,RDM-120,pivo,0.76,0.76
RDM,2026-02-03,RDM-121,pivo,0.76,0.76
RDM,2026-02-03,RDM-122,pivo,0.76,0.76
RDM,2026-02-03,RDM-123,pivo,0.76,0.76
RDM,2026-02-03,RDM-124,pivo,0.9,0.9
RDM,2026-02-03,RDM-125,pivo,0.9,0.9
RDM,2026-02-03,RDM-126,pivo,0.9,0.9
RDM,2026-02-03,RDM-127,pivo,0.76,0.76
RDM,2026-02-03,RDM-128,pivo,1.02,1.02
RDM,2026-02-03,RDM-129,pivo,1.02,1.02
RDM,2026-02-03,RDM-130,pivo,0.76,0.76
RDM,2026-02-03,RDM-131,pivo,0.76,0.76
RDM,2026-02-03,RDM-132,pivo,0.9,0.9
RDM,2026-02-03,RDM-133,pivo,0.76,0.76
RDM,2026-02-03,RDM-SC17D8,estacao,0.9,0.9
RDM,2026-02-03,RDM-SC1A38,estacao,0.9,0.9
RDM,2026-02-03,RDM-SC1A4C,estacao,1.8,1.8
RDM,2026-02-03,RDM-SC1AA8,estacao,0.9,0.9
RDM,2026-02-03,RDM-SC1B34,estacao,1.5,1.5
RDM,2026-02-03,RDM-SC1BA8,estacao,1.2,1.2
RDM,2026-02-02,RDM-101,pivo,51.0,51.0
RDM,2026-02-02,RDM-102,pivo,48.25,48.25
RDM,2026-02-02,RDM-103,pivo,42.93,42.93
RDM,2026-02-02,RDM-104,pivo,41.91,41.91
RDM,2026-02-02,RDM-105,pivo,40.64,40.64
RDM,2026-02-02,RDM-106,pivo,34.04,34.04
RDM,2026-02-02,RDM-107,pivo,30.0,30.0
RDM,2026-02-02,RDM-108,pivo,25.91,25.91
RDM,2026-02-02,RDM-109,pivo,41.66,41.66
RDM,2026-02-02,RDM-110,pivo,55.5,55.5
RDM,2026-02-02,RDM-112,pivo,42.93,42.93
RDM,2026-02-02,RDM-113,pivo,59.0,59.0
RDM,2026-02-02,RDM-114,pivo,33.0,33.0
RDM,2026-02-02,RDM-115,pivo,52.83,52.83
RDM,2026-02-02,RDM-116,pivo,30.48,30.48
RDM,2026-02-02,RDM-117,pivo,44.4,44.4
RDM,2026-02-02,RDM-118,pivo,43.36,43.36
RDM,2026-02-02,RDM-119,pivo,44.96,44.96
RDM,2026-02-02,RDM-120,pivo,54.86,54.86
RDM,2026-02-02,RDM-121,pivo,60.71,60.71
RDM,2026-02-02,RDM-122,pivo,44.7,44.7
RDM,2026-02-02,RDM-123,pivo,61.98,61.98
RDM,2026-02-02,RDM-124,pivo,63.9,63.9
RDM,2026-02-02,RDM-125,pivo,54.0,54.0
RDM,2026-02-02,RDM-126,pivo,55.2,55.2
RDM,2026-02-02,RDM-127,pivo,47.24,47.24
RDM,2026-02-02,RDM-128,pivo,51.05,51.05
RDM,2026-02-02,RDM-129,pivo,53.85,53.85
RDM,2026-02-02,RDM-130,pivo,45.21,45.21
RDM,2026-02-02,RDM-131,pivo,57.66,57.66
RDM,2026-02-02,RDM-132,pivo,89.4,89.4
RDM,2026-02-02,RDM-133,pivo,54.86,54.86
RDM,2026-02-02,RDM-SC17D8,estacao,52.5,52.5
RDM,2026-02-02,RDM-SC1A38,estacao,48.3,48.3
RDM,2026-02-02,RDM-SC1A4C,estacao,24.6,24.6
RDM,2026-02-02,RDM-SC1AA8,estacao,36.0,36.0
RDM,2026-02-02,RDM-SC1B34,estacao,40.5,40.5
RDM,2026-02-02,RDM-SC1BA8,estacao,45.6,45.6
RDM,2026-02-01,RDM-101,pivo,36.0,36.0
RDM,2026-02-01,RDM-102,pivo,28.0,28.0
RDM,2026-02-01,RDM-103,pivo,40.64,40.64
RDM,2026-02-01,RDM-104,pivo,37.59,37.59
RDM,2026-02-01,RDM-105,pivo,35.05,35.05
RDM,2026-02-01,RDM-106,pivo,36.83,36.83
RDM,2026-02-01,RDM-107,pivo,48.6,48.6
RDM,2026-02-01,RDM-108,pivo,51.31,51.31
RDM,2026-02-01,RDM-109,pivo,20.32,20.32
RDM,2026-02-01,RDM-110,pivo,33.0,33.0
RDM,2026-02-01,RDM-112,pivo,19.81,19.81
RDM,2026-02-01,RDM-113,pivo,12.7,12.7
RDM,2026-02-01,RDM-114,pivo,23.25,23.25
RDM,2026-02-01,RDM-115,pivo,12.45,12.45
RDM,2026-02-01,RDM-116,pivo,13.21,13.21
RDM,2026-02-01,RDM-117,pivo,12.9,12.9
RDM,2026-02-01,RDM-118,pivo,12.56,12.56
RDM,2026-02-01,RDM-119,pivo,13.88,13.88
RDM,2026-02-01,RDM-120,pivo,10.92,10.92
RDM,2026-02-01,RDM-121,pivo,14.48,14.48
RDM,2026-02-01,RDM-122,pivo,12.45,12.45
RDM,2026-02-01,RDM-123,pivo,18.8,18.8
RDM,2026-02-01,RDM-124,pivo,27.3,27.3
RDM,2026-02-01,RDM-125,pivo,32.7,32.7
RDM,2026-02-01,RDM-126,pivo,22.2,22.2
RDM,2026-02-01,RDM-127,pivo,28.96,28.96
RDM,2026-02-01,RDM-128,pivo,14.99,14.99
RDM,2026-02-01,RDM-129,pivo,28.45,28.45
RDM,2026-02-01,RDM-130,pivo,12.45,12.45
RDM,2026-02-01,RDM-131,pivo,14.22,14.22
RDM,2026-02-01,RDM-132,pivo,18.6,18.6
RDM,2026-02-01,RDM-133,pivo,24.13,24.13
RDM,2026-02-01,RDM-SC17D8,estacao,22.5,22.5
RDM,2026-02-01,RDM-SC1A38,estacao,15.6,15.6
RDM,2026-02-01,RDM-SC1A4C,estacao,33.6,33.6
RDM,2026-02-01,RDM-SC1AA8,estacao,19.2,19.2
RDM,2026-02-01,RDM-SC1B34,estacao,15.0,15.0
RDM,2026-02-01,RDM-SC1BA8,estacao,29.4,29.4
RDM,2026-01-31,RDM-101,pivo,0.25,0.25
RDM,2026-01-31,RDM-102,pivo,0.25,0.25
RDM,2026-01-31,RDM-103,pivo,0.25,0.25
RDM,2026-01-31,RDM-104,pivo,0.51,0.51
RDM,2026-01-31,RDM-105,pivo,0.76,0.76
RDM,2026-01-31,RDM-106,pivo,0.76,0.76
RDM,2026-01-31,RDM-107,pivo,0.6,0.6
RDM,2026-01-31,RDM-108,pivo,0.76,0.76
RDM,2026-01-31,RDM-109,pivo,0.51,0.51
RDM,2026-01-31,RDM-110,pivo,1.2,1.2
RDM,2026-01-31,RDM-112,pivo,0.25,0.25
RDM,2026-01-31,RDM-113,pivo,0.3,0.3
RDM,2026-01-31,RDM-114,pivo,0.25,0.25
RDM,2026-01-31,RDM-115,pivo,0.25,0.25
RDM,2026-01-31,RDM-116,pivo,0.25,0.25
RDM,2026-01-31,RDM-117,pivo,0.3,0.3
RDM,2026-01-31,RDM-118,pivo,0.9,0.9
RDM,2026-01-31,RDM-119,pivo,0.25,0.25
RDM,2026-01-31,RDM-120,pivo,0.25,0.25
RDM,2026-01-31,RDM-121,pivo,0.25,0.25
RDM,2026-01-31,RDM-122,pivo,0.51,0.51
RDM,2026-01-31,RDM-123,pivo,0.51,0.51
RDM,2026-01-31,RDM-124,pivo,1.2,1.2
RDM,2026-01-31,RDM-125,pivo,1.2,1.2
RDM,2026-01-31,RDM-126,pivo,0.6,0.6
RDM,2026-01-31,RDM-127,pivo,0.76,0.76
RDM,2026-01-31,RDM-128,pivo,0.51,0.51
RDM,2026-01-31,RDM-129,pivo,0.51,0.51
RDM,2026-01-31,RDM-130,pivo,0.51,0.51
RDM,2026-01-31,RDM-131,pivo,0.51,0.51
RDM,2026-01-31,RDM-132,pivo,0.3,0.3
RDM,2026-01-31,RDM-133,pivo,1.02,1.02
RDM,2026-01-31,RDM-SC17D8,estacao,1.2,1.2
RDM,2026-01-31,RDM-SC1A38,estacao,0.6,0.6
RDM,2026-01-31,RDM-SC1A4C,estacao,0.9,0.9
RDM,2026-01-31,RDM-SC1AA8,estacao,0.3,0.3
RDM,2026-01-31,RDM-SC1B34,estacao,7.2,7.2
RDM,2026-01-31,RDM-SC1BA8,estacao,0.9,0.9
RDM,2026-01-30,RDM-101,pivo,2.25,2.25
RDM,2026-01-30,RDM-102,pivo,7.0,7.0
RDM,2026-01-30,RDM-103,pivo,0.25,0.25
RDM,2026-01-30,RDM-104,pivo,2.54,2.54
RDM,2026-01-30,RDM-105,pivo,0.76,0.76
RDM,2026-01-30,RDM-106,pivo,0.76,0.76
RDM,2026-01-30,RDM-107,pivo,2.4,2.4
RDM,2026-01-30,RDM-108,pivo,0.76,0.76
RDM,2026-01-30,RDM-109,pivo,6.35,6.35
RDM,2026-01-30,RDM-110,pivo,3.0,3.0
RDM,2026-01-30,RDM-112,pivo,8.64,8.64
RDM,2026-01-30,RDM-113,pivo,10.8,10.8
RDM,2026-01-30,RDM-114,pivo,11.0,11.0
RDM,2026-01-30,RDM-115,pivo,10.92,10.92
RDM,2026-01-30,RDM-116,pivo,14.99,14.99
RDM,2026-01-30,RDM-117,pivo,15.3,15.3
RDM,2026-01-30,RDM-118,pivo,15.7,15.7
RDM,2026-01-30,RDM-119,pivo,14.99,14.99
RDM,2026-01-30,RDM-120,pivo,17.78,17.78
RDM,2026-01-30,RDM-121,pivo,18.29,18.29
RDM,2026-01-30,RDM-122,pivo,18.03,18.03
RDM,2026-01-30,RDM-123,pivo,15.49,15.49
RDM,2026-01-30,RDM-124,pivo,12.9,12.9
RDM,2026-01-30,RDM-125,pivo,19.5,19.5
RDM,2026-01-30,RDM-126,pivo,18.3,18.3
RDM,2026-01-30,RDM-127,pivo,18.8,18.8
RDM,2026-01-30,RDM-128,pivo,16.26,16.26
RDM,2026-01-30,RDM-129,pivo,21.08,21.08
RDM,2026-01-30,RDM-130,pivo,9.14,9.14
RDM,2026-01-30,RDM-131,pivo,10.67,10.67
RDM,2026-01-30,RDM-132,pivo,16.8,16.8
RDM,2026-01-30,RDM-133,pivo,18.03,18.03
RDM,2026-01-30,RDM-SC17D8,estacao,0.9,0.9
RDM,2026-01-30,RDM-SC1A38,estacao,20.7,20.7
RDM,2026-01-30,RDM-SC1A4C,estacao,1.5,1.5
RDM,2026-01-30,RDM-SC1AA8,estacao,11.4,11.4
RDM,2026-01-30,RDM-SC1B34,estacao,0.0,0.0
RDM,2026-01-30,RDM-SC1BA8,estacao,13.2,13.2
RDM,2026-01-29,RDM-101,pivo,0.5,0.5
RDM,2026-01-29,RDM-102,pivo,0.5,0.5
RDM,2026-01-29,RDM-103,pivo,0.51,0.51
RDM,2026-01-29,RDM-104,pivo,0.51,0.51
RDM,2026-01-29,RDM-105,pivo,0.0,0.0
RDM,2026-01-29,RDM-106,pivo,0.0,0.0
RDM,2026-01-29,RDM-107,pivo,0.0,0.0
RDM,2026-01-29,RDM-108,pivo,0.0,0.0
RDM,2026-01-29,RDM-109,pivo,0.25,0.25
RDM,2026-01-29,RDM-110,pivo,0.3,0.3
RDM,2026-01-29,RDM-112,pivo,0.51,0.51
RDM,2026-01-29,RDM-113,pivo,0.3,0.3
RDM,2026-01-29,RDM-114,pivo,0.0,0.0
RDM,2026-01-29,RDM-115,pivo,1.02,1.02
RDM,2026-01-29,RDM-116,pivo,0.25,0.25
RDM,2026-01-29,RDM-117,pivo,0.9,0.9
RDM,2026-01-29,RDM-118,pivo,0.0,0.0
RDM,2026-01-29,RDM-119,pivo,0.25,0.25
RDM,2026-01-29,RDM-120,pivo,0.0,0.0
RDM,2026-01-29,RDM-121,pivo,0.0,0.0
RDM,2026-01-29,RDM-122,pivo,0.0,0.0
RDM,2026-01-29,RDM-123,pivo,0.0,0.0
RDM,2026-01-29,RDM-124,pivo,0.0,0.0
RDM,2026-01-29,RDM-125,pivo,0.0,0.0
RDM,2026-01-29,RDM-126,pivo,0.0,0.0
RDM,2026-01-29,RDM-127,pivo,0.0,0.0
RDM,2026-01-29,RDM-128,pivo,0.0,0.0
RDM,2026-01-29,RDM-129,pivo,0.0,0.0
RDM,2026-01-29,RDM-130,pivo,0.51,0.51
RDM,2026-01-29,RDM-131,pivo,1.02,1.02
RDM,2026-01-29,RDM-132,pivo,2.4,2.4
RDM,2026-01-29,RDM-133,pivo,0.51,0.51
RDM,2026-01-29,RDM-SC17D8,estacao,11.4,11.4
RDM,2026-01-29,RDM-SC1A38,estacao,0.3,0.3
RDM,2026-01-29,RDM-SC1A4C,estacao,0.0,0.0
RDM,2026-01-29,RDM-SC1AA8,estacao,19.2,19.2
RDM,2026-01-29,RDM-SC1B34,estacao,8.1,8.1
RDM,2026-01-29,RDM-SC1BA8,estacao,2.4,2.4
RDM,2026-01-28,RDM-101,pivo,3.75,3.75
RDM,2026-01-28,RDM-102,pivo,4.75,4.75
RDM,2026-01-28,RDM-103,pivo,3.3,3.3
RDM,2026-01-28,RDM-104,pivo,2.03,2.03
RDM,2026-01-28,RDM-105,pivo,1.52,1.52
RDM,2026-01-28,RDM-106,pivo,0.0,0.0
RDM,2026-01-28,RDM-107,pivo,0.0,0.0
RDM,2026-01-28,RDM-108,pivo,0.0,0.0
RDM,2026-01-28,RDM-109,pivo,0.51,0.51
RDM,2026-01-28,RDM-110,pivo,0.0,0.0
RDM,2026-01-28,RDM-112,pivo,0.0,0.0
RDM,2026-01-28,RDM-113,pivo,0.0,0.0
RDM,2026-01-28,RDM-114,pivo,0.0,0.0
RDM,2026-01-28,RDM-115,pivo,0.25,0.25
RDM,2026-01-28,RDM-116,pivo,0.0,0.0
RDM,2026-01-28,RDM-117,pivo,0.0,0.0
RDM,2026-01-28,RDM-118,pivo,0.0,0.0
RDM,2026-01-28,RDM-119,pivo,0.0,0.0
RDM,2026-01-28,RDM-120,pivo,0.0,0.0
RDM,2026-01-28,RDM-121,pivo,0.0,0.0
RDM,2026-01-28,RDM-122,pivo,0.0,0.0
RDM,2026-01-28,RDM-123,pivo,0.0,0.0
RDM,2026-01-28,RDM-124,pivo,0.0,0.0
RDM,2026-01-28,RDM-125,pivo,0.0,0.0
RDM,2026-01-28,RDM-126,pivo,0.0,0.0
RDM,2026-01-28,RDM-127,pivo,0.25,0.25
RDM,2026-01-28,RDM-128,pivo,0.0,0.0
RDM,2026-01-28,RDM-129,pivo,0.0,0.0
RDM,2026-01-28,RDM-130,pivo,0.25,0.25
RDM,2026-01-28,RDM-131,pivo,0.0,0.0
RDM,2026-01-28,RDM-132,pivo,0.0,0.0
RDM,2026-01-28,RDM-133,pivo,0.0,0.0
RDM,2026-01-28,RDM-SC17D8,estacao,0.0,0.0
RDM,2026-01-28,RDM-SC1A38,estacao,0.0,0.0
RDM,2026-01-28,RDM-SC1A4C,estacao,0.0,0.0
RDM,2026-01-28,RDM-SC1AA8,estacao,0.0,0.0
RDM,2026-01-28,RDM-SC1B34,estacao,0.9,0.9
RDM,2026-01-28,RDM-SC1BA8,estacao,0.0,0.0
RDM,2026-01-26,RDM-101,pivo,0.0,0.0
RDM,2026-01-26,RDM-102,pivo,0.0,0.0
RDM,2026-01-26,RDM-103,pivo,0.0,0.0
RDM,2026-01-26,RDM-104,pivo,0.25,0.25
RDM,2026-01-26,RDM-105,pivo,0.0,0.0
RDM,2026-01-26,RDM-106,pivo,0.0,0.0
RDM,2026-01-26,RDM-107,pivo,0.0,0.0
RDM,2026-01-26,RDM-108,pivo,0.25,0.25
RDM,2026-01-26,RDM-109,pivo,0.0,0.0
RDM,2026-01-26,RDM-110,pivo,0.0,0.0
RDM,2026-01-26,RDM-112,pivo,0.0,0.0
RDM,2026-01-26,RDM-113,pivo,0.0,0.0
RDM,2026-01-26,RDM-114,pivo,0.0,0.0
RDM,2026-01-26,RDM-115,pivo,0.0,0.0
RDM,2026-01-26,RDM-116,pivo,0.0,0.0
RDM,2026-01-26,RDM-117,pivo,0.0,0.0
RDM,2026-01-26,RDM-118,pivo,0.0,0.0
RDM,2026-01-26,RDM-119,pivo,0.0,0.0
RDM,2026-01-26,RDM-120,pivo,0.0,0.0
RDM,2026-01-26,RDM-121,pivo,0.0,0.0
RDM,2026-01-26,RDM-122,pivo,0.0,0.0
RDM,2026-01-26,RDM-123,pivo,0.0,0.0
RDM,2026-01-26,RDM-124,pivo,0.0,0.0
RDM,2026-01-26,RDM-125,pivo,0.0,0.0
RDM,2026-01-26,RDM-126,pivo,0.0,0.0
RDM,2026-01-26,RDM-127,pivo,0.0,0.0
RDM,2026-01-26,RDM-128,pivo,0.0,0.0
RDM,2026-01-26,RDM-129,pivo,0.0,0.0
RDM,2026-01-26,RDM-130,pivo,0.0,0.0
RDM,2026-01-26,RDM-131,pivo,0.0,0.0
RDM,2026-01-26,RDM-132,pivo,0.0,0.0
RDM,2026-01-26,RDM-133,pivo,0.0,0.0
RDM,2026-01-26,RDM-SC17D8,estacao,0.0,0.0
RDM,2026-01-26,RDM-SC1A38,estacao,0.0,0.0
RDM,2026-01-26,RDM-SC1A4C,estacao,0.0,0.0
RDM,2026-01-26,RDM-SC1AA8,estacao,0.0,0.0
RDM,2026-01-26,RDM-SC1B34,estacao,0.0,0.0
RDM,2026-01-26,RDM-SC1BA8,estacao,0.0,0.0
RDM,2026-01-25,RDM-101,pivo,0.0,0.0
RDM,2026-01-25,RDM-102,pivo,0.0,0.0
RDM,2026-01-25,RDM-103,pivo,0.0,0.0
RDM,2026-01-25,RDM-104,pivo,0.0,0.0
RDM,2026-01-25,RDM-105,pivo,0.0,0.0
RDM,2026-01-25,RDM-106,pivo,0.0,0.0
RDM,2026-01-25,RDM-107,pivo,0.0,0.0
RDM,2026-01-25,RDM-108,pivo,0.0,0.0
RDM,2026-01-25,RDM-109,pivo,0.0,0.0
RDM,2026-01-25,RDM-110,pivo,0.0,0.0
RDM,2026-01-25,RDM-112,pivo,0.0,0.0
RDM,2026-01-25,RDM-113,pivo,0.0,0.0
RDM,2026-01-25,RDM-114,pivo,0.25,0.25
RDM,2026-01-25,RDM-115,pivo,0.0,0.0
RDM,2026-01-25,RDM-116,pivo,0.0,0.0
RDM,2026-01-25,RDM-117,pivo,0.0,0.0
RDM,2026-01-25,RDM-118,pivo,0.0,0.0
RDM,2026-01-25,RDM-119,pivo,0.0,0.0
RDM,2026-01-25,RDM-120,pivo,0.0,0.0
RDM,2026-01-25,RDM-121,pivo,0.0,0.0
RDM,2026-01-25,RDM-122,pivo,0.0,0.0
RDM,2026-01-25,RDM-123,pivo,0.0,0.0
RDM,2026-01-25,RDM-124,pivo,0.3,0.3
RDM,2026-01-25,RDM-125,pivo,0.0,0.0
RDM,2026-01-25,RDM-126,pivo,0.0,0.0
RDM,2026-01-25,RDM-127,pivo,0.0,0.0
RDM,2026-01-25,RDM-128,pivo,0.0,0.0
RDM,2026-01-25,RDM-129,pivo,0.0,0.0
RDM,2026-01-25,RDM-130,pivo,0.0,0.0
RDM,2026-01-25,RDM-131,pivo,0.0,0.0
RDM,2026-01-25,RDM-132,pivo,0.0,0.0
RDM,2026-01-25,RDM-133,pivo,0.0,0.0
RDM,2026-01-25,RDM-SC17D8,estacao,0.0,0.0
RDM,2026-01-25,RDM-SC1A38,estacao,0.0,0.0
RDM,2026-01-25,RDM-SC1A4C,estacao,0.0,0.0
RDM,2026-01-25,RDM-SC1AA8,estacao,0.0,0.0
RDM,2026-01-25,RDM-SC1B34,estacao,0.0,0.0
RDM,2026-01-25,RDM-SC1BA8,estacao,2.1,2.1
RDM,2026-01-24,RDM-101,pivo,15.5,15.5
RDM,2026-01-24,RDM-102,pivo,16.25,16.25
RDM,2026-01-24,RDM-103,pivo,10.67,10.67
RDM,2026-01-24,RDM-104,pivo,11.68,11.68
RDM,2026-01-24,RDM-105,pivo,11.18,11.18
RDM,2026-01-24,RDM-106,pivo,10.41,10.41
RDM,2026-01-24,RDM-107,pivo,13.8,13.8
RDM,2026-01-24,RDM-108,pivo,9.91,9.91
RDM,2026-01-24,RDM-109,pivo,9.91,9.91
RDM,2026-01-24,RDM-110,pivo,10.92,10.92
RDM,2026-01-24,RDM-112,pivo,17.27,17.27
RDM,2026-01-24,RDM-113,pivo,16.8,16.8
RDM,2026-01-24,RDM-114,pivo,24.75,24.75
RDM,2026-01-24,RDM-115,pivo,22.1,22.1
RDM,2026-01-24,RDM-116,pivo,30.73,30.73
RDM,2026-01-24,RDM-117,pivo,33.9,33.9
RDM,2026-01-24,RDM-118,pivo,22.2,22.2
RDM,2026-01-24,RDM-119,pivo,15.75,15.75
RDM,2026-01-24,RDM-120,pivo,21.59,21.59
RDM,2026-01-24,RDM-121,pivo,17.53,17.53
RDM,2026-01-24,RDM-122,pivo,20.32,20.32
RDM,2026-01-24,RDM-123,pivo,24.13,24.13
RDM,2026-01-24,RDM-124,pivo,23.7,23.7
RDM,2026-01-24,RDM-125,pivo,20.1,20.1
RDM,2026-01-24,RDM-126,pivo,15.3,15.3
RDM,2026-01-24,RDM-127,pivo,22.1,22.1
RDM,2026-01-24,RDM-128,pivo,22.61,22.61
RDM,2026-01-24,RDM-129,pivo,23.62,23.62
RDM,2026-01-24,RDM-130,pivo,23.37,23.37
RDM,2026-01-24,RDM-131,pivo,16.51,16.51
RDM,2026-01-24,RDM-132,pivo,18.3,18.3
RDM,2026-01-24,RDM-133,pivo,18.8,18.8
RDM,2026-01-24,RDM-SC17D8,estacao,15.6,15.6
RDM,2026-01-24,RDM-SC1A38,estacao,31.8,31.8
RDM,2026-01-24,RDM-SC1A4C,estacao,12.3,12.3
RDM,2026-01-24,RDM-SC1AA8,estacao,24.9,24.9
RDM,2026-01-24,RDM-SC1B34,estacao,10.5,10.5
RDM,2026-01-24,RDM-SC1BA8,estacao,33.9,33.9
RDM,2026-01-23,RDM-101,pivo,2.0,2.0
RDM,2026-01-23,RDM-102,pivo,2.25,2.25
RDM,2026-01-23,RDM-103,pivo,2.03,2.03
RDM,2026-01-23,RDM-104,pivo,2.54,2.54
RDM,2026-01-23,RDM-105,pivo,2.03,2.03
RDM,2026-01-23,RDM-106,pivo,2.29,2.29
RDM,2026-01-23,RDM-107,pivo,3.3,3.3
RDM,2026-01-23,RDM-108,pivo,2.79,2.79
RDM,2026-01-23,RDM-109,pivo,2.29,2.29
RDM,2026-01-23,RDM-110,pivo,2.37,2.37
RDM,2026-01-23,RDM-112,pivo,2.54,2.54
RDM,2026-01-23,RDM-113,pivo,2.4,2.4
RDM,2026-01-23,RDM-114,pivo,2.25,2.25
RDM,2026-01-23,RDM-115,pivo,2.79,2.79
RDM,2026-01-23,RDM-116,pivo,2.29,2.29
RDM,2026-01-23,RDM-117,pivo,3.6,3.6
RDM,2026-01-23,RDM-118,pivo,3.3,3.3
RDM,2026-01-23,RDM-119,pivo,2.54,2.54
RDM,2026-01-23,RDM-120,pivo,2.79,2.79
RDM,2026-01-23,RDM-121,pivo,3.05,3.05
RDM,2026-01-23,RDM-122,pivo,3.04,3.04
RDM,2026-01-23,RDM-123,pivo,3.3,3.3
RDM,2026-01-23,RDM-124,pivo,4.8,4.8
RDM,2026-01-23,RDM-125,pivo,4.8,4.8
RDM,2026-01-23,RDM-126,pivo,3.6,3.6
RDM,2026-01-23,RDM-127,pivo,4.06,4.06
RDM,2026-01-23,RDM-128,pivo,3.3,3.3
RDM,2026-01-23,RDM-129,pivo,3.3,3.3
RDM,2026-01-23,RDM-130,pivo,3.05,3.05
RDM,2026-01-23,RDM-131,pivo,3.3,3.3
RDM,2026-01-23,RDM-132,pivo,3.6,3.6
RDM,2026-01-23,RDM-133,pivo,4.57,4.57
RDM,2026-01-23,RDM-SC17D8,estacao,2.1,2.1
RDM,2026-01-23,RDM-SC1A38,estacao,3.9,3.9
RDM,2026-01-23,RDM-SC1A4C,estacao,2.7,2.7
RDM,2026-01-23,RDM-SC1AA8,estacao,2.4,2.4
RDM,2026-01-23,RDM-SC1B34,estacao,1.8,1.8
RDM,2026-01-23,RDM-SC1BA8,estacao,3.9,3.9
RDM,2026-01-22,RDM-101,pivo,23.75,23.75
RDM,2026-01-22,RDM-102,pivo,21.0,21.0
RDM,2026-01-22,RDM-103,pivo,25.91,25.91
RDM,2026-01-22,RDM-104,pivo,26.16,26.16
RDM,2026-01-22,RDM-105,pivo,18.29,18.29
RDM,2026-01-22,RDM-106,pivo,21.08,21.08
RDM,2026-01-22,RDM-107,pivo,27.0,27.0
RDM,2026-01-22,RDM-108,pivo,23.11,23.11
RDM,2026-01-22,RDM-109,pivo,23.88,23.88
RDM,2026-01-22,RDM-110,pivo,17.2,17.2
RDM,2026-01-22,RDM-112,pivo,21.34,21.34
RDM,2026-01-22,RDM-113,pivo,17.1,17.1
RDM,2026-01-22,RDM-114,pivo,22.0,22.0
RDM,2026-01-22,RDM-115,pivo,21.08,21.08
RDM,2026-01-22,RDM-116,pivo,17.78,17.78
RDM,2026-01-22,RDM-117,pivo,20.4,20.4
RDM,2026-01-22,RDM-118,pivo,15.4,15.4
RDM,2026-01-22,RDM-119,pivo,15.24,15.24
RDM,2026-01-22,RDM-120,pivo,13.72,13.72
RDM,2026-01-22,RDM-121,pivo,14.22,14.22
RDM,2026-01-22,RDM-122,pivo,16.26,16.26
RDM,2026-01-22,RDM-123,pivo,17.27,17.27
RDM,2026-01-22,RDM-124,pivo,16.8,16.8
RDM,2026-01-22,RDM-125,pivo,19.8,19.8
RDM,2026-01-22,RDM-126,pivo,17.1,17.1
RDM,2026-01-22,RDM-127,pivo,18.03,18.03
RDM,2026-01-22,RDM-128,pivo,17.02,17.02
RDM,2026-01-22,RDM-129,pivo,18.03,18.03
RDM,2026-01-22,RDM-130,pivo,16.0,16.0
RDM,2026-01-22,RDM-131,pivo,16.51,16.51
RDM,2026-01-22,RDM-132,pivo,22.2,22.2
RDM,2026-01-22,RDM-133,pivo,15.24,15.24
RDM,2026-01-22,RDM-SC17D8,estacao,29.1,29.1
RDM,2026-01-22,RDM-SC1A38,estacao,19.8,19.8
RDM,2026-01-22,RDM-SC1A4C,estacao,27.0,27.0
RDM,2026-01-22,RDM-SC1AA8,estacao,21.0,21.0
RDM,2026-01-22,RDM-SC1B34,estacao,21.6,21.6
RDM,2026-01-22,RDM-SC1BA8,estacao,18.6,18.6
RDM,2026-01-21,RDM-101,pivo,0.5,0.5
RDM,2026-01-21,RDM-102,pivo,0.5,0.5
RDM,2026-01-21,RDM-103,pivo,0.51,0.51
RDM,2026-01-21,RDM-104,pivo,0.51,0.51
RDM,2026-01-21,RDM-105,pivo,0.51,0.51
RDM,2026-01-21,RDM-106,pivo,0.51,0.51
RDM,2026-01-21,RDM-107,pivo,0.6,0.6
RDM,2026-01-21,RDM-108,pivo,0.51,0.51
RDM,2026-01-21,RDM-109,pivo,0.51,0.51
RDM,2026-01-21,RDM-110,pivo,0.3,0.3
RDM,2026-01-21,RDM-112,pivo,3.05,3.05
RDM,2026-01-21,RDM-113,pivo,3.3,3.3
RDM,2026-01-21,RDM-114,pivo,5.5,5.5
RDM,2026-01-21,RDM-115,pivo,6.1,6.1
RDM,2026-01-21,RDM-116,pivo,8.89,8.89
RDM,2026-01-21,RDM-117,pivo,5.7,5.7
RDM,2026-01-21,RDM-118,pivo,9.6,9.6
RDM,2026-01-21,RDM-119,pivo,1.27,1.27
RDM,2026-01-21,RDM-120,pivo,5.59,5.59
RDM,2026-01-21,RDM-121,pivo,5.08,5.08
RDM,2026-01-21,RDM-122,pivo,1.78,1.78
RDM,2026-01-21,RDM-123,pivo,1.52,1.52
RDM,2026-01-21,RDM-124,pivo,1.2,1.2
RDM,2026-01-21,RDM-125,pivo,4.5,4.5
RDM,2026-01-21,RDM-126,pivo,2.4,2.4
RDM,2026-01-21,RDM-127,pivo,1.27,1.27
RDM,2026-01-21,RDM-128,pivo,0.51,0.51
RDM,2026-01-21,RDM-129,pivo,0.51,0.51
RDM,2026-01-21,RDM-130,pivo,3.3,3.3
RDM,2026-01-21,RDM-131,pivo,5.59,5.59
RDM,2026-01-21,RDM-132,pivo,10.8,10.8
RDM,2026-01-21,RDM-133,pivo,1.52,1.52
RDM,2026-01-21,RDM-SC17D8,estacao,0.6,0.6
RDM,2026-01-21,RDM-SC1A38,estacao,1.5,1.5
RDM,2026-01-21,RDM-SC1A4C,estacao,0.6,0.6
RDM,2026-01-21,RDM-SC1AA8,estacao,8.4,8.4
RDM,2026-01-21,RDM-SC1B34,estacao,0.3,0.3
RDM,2026-01-21,RDM-SC1BA8,estacao,3.6,3.6
RDM,2026-01-20,RDM-101,pivo,32.75,32.75
RDM,2026-01-20,RDM-102,pivo,35.5,35.5
RDM,2026-01-20,RDM-103,pivo,28.7,28.7
RDM,2026-01-20,RDM-104,pivo,34.54,34.54
RDM,2026-01-20,RDM-105,pivo,24.13,24.13
RDM,2026-01-20,RDM-106,pivo,26.16,26.16
RDM,2026-01-20,RDM-107,pivo,21.9,21.9
RDM,2026-01-20,RDM-108,pivo,21.59,21.59
RDM,2026-01-20,RDM-109,pivo,34.29,34.29
RDM,2026-01-20,RDM-110,pivo,27.0,27.0
RDM,2026-01-20,RDM-112,pivo,52.83,52.83
RDM,2026-01-20,RDM-113,pivo,57.3,57.3
RDM,2026-01-20,RDM-114,pivo,65.0,65.0
RDM,2026-01-20,RDM-115,pivo,77.72,77.72
RDM,2026-01-20,RDM-116,pivo,75.44,75.44
RDM,2026-01-20,RDM-117,pivo,86.1,86.1
RDM,2026-01-20,RDM-118,pivo,67.06,67.06
RDM,2026-01-20,RDM-119,pivo,54.86,54.86
RDM,2026-01-20,RDM-120,pivo,70.87,70.87
RDM,2026-01-20,RDM-121,pivo,63.75,63.75
RDM,2026-01-20,RDM-122,pivo,61.47,61.47
RDM,2026-01-20,RDM-123,pivo,58.67,58.67
RDM,2026-01-20,RDM-124,pivo,61.8,61.8
RDM,2026-01-20,RDM-125,pivo,58.2,58.2
RDM,2026-01-20,RDM-126,pivo,53.7,53.7
RDM,2026-01-20,RDM-127,pivo,44.45,44.45
RDM,2026-01-20,RDM-128,pivo,51.31,51.31
RDM,2026-01-20,RDM-129,pivo,49.28,49.28
RDM,2026-01-20,RDM-130,pivo,54.86,54.86
RDM,2026-01-20,RDM-131,pivo,61.21,61.21
RDM,2026-01-20,RDM-132,pivo,73.2,73.2
RDM,2026-01-20,RDM-133,pivo,56.64,56.64
RDM,2026-01-20,RDM-SC17D8,estacao,23.1,23.1
RDM,2026-01-20,RDM-SC1A38,estacao,84.3,84.3
RDM,2026-01-20,RDM-SC1A4C,estacao,18.3,18.3
RDM,2026-01-20,RDM-SC1AA8,estacao,51.9,51.9
RDM,2026-01-20,RDM-SC1B34,estacao,18.0,18.0
RDM,2026-01-20,RDM-SC1BA8,estacao,73.5,73.5
RDM,2026-01-19,RDM-101,pivo,6.5,6.5
RDM,2026-01-19,RDM-102,pivo,6.5,6.5
RDM,2026-01-19,RDM-103,pivo,8.64,8.64
RDM,2026-01-19,RDM-104,pivo,8.89,8.89
RDM,2026-01-19,RDM-105,pivo,10.41,10.41
RDM,2026-01-19,RDM-106,pivo,10.67,10.67
RDM,2026-01-19,RDM-107,pivo,15.0,15.0
RDM,2026-01-19,RDM-108,pivo,8.38,8.38
RDM,2026-01-19,RDM-109,pivo,8.64,8.64
RDM,2026-01-19,RDM-110,pivo,10.5,10.5
RDM,2026-01-19,RDM-112,pivo,5.08,5.08
RDM,2026-01-19,RDM-113,pivo,6.0,6.0
RDM,2026-01-19,RDM-114,pivo,5.0,5.0
RDM,2026-01-19,RDM-115,pivo,5.08,5.08
RDM,2026-01-19,RDM-116,pivo,5.33,5.33
RDM,2026-01-19,RDM-117,pivo,5.4,5.4
RDM,2026-01-19,RDM-118,pivo,5.8,5.8
RDM,2026-01-19,RDM-119,pivo,4.32,4.32
RDM,2026-01-19,RDM-120,pivo,4.06,4.06
RDM,2026-01-19,RDM-121,pivo,4.06,4.06
RDM,2026-01-19,RDM-122,pivo,8.13,8.13
RDM,2026-01-19,RDM-123,pivo,3.56,3.56
RDM,2026-01-19,RDM-124,pivo,3.3,3.3
RDM,2026-01-19,RDM-125,pivo,5.1,5.1
RDM,2026-01-19,RDM-126,pivo,3.9,3.9
RDM,2026-01-19,RDM-127,pivo,2.79,2.79
RDM,2026-01-19,RDM-128,pivo,3.56,3.56
RDM,2026-01-19,RDM-129,pivo,3.3,3.3
RDM,2026-01-19,RDM-130,pivo,3.56,3.56
RDM,2026-01-19,RDM-131,pivo,4.06,4.06
RDM,2026-01-19,RDM-132,pivo,5.7,5.7
RDM,2026-01-19,RDM-133,pivo,2.79,2.79
RDM,2026-01-19,RDM-SC17D8,estacao,7.2,7.2
RDM,2026-01-19,RDM-SC1A38,estacao,4.5,4.5
RDM,2026-01-19,RDM-SC1A4C,estacao,12.6,12.6
RDM,2026-01-19,RDM-SC1AA8,estacao,5.7,5.7
RDM,2026-01-19,RDM-SC1B34,estacao,10.5,10.5
RDM,2026-01-19,RDM-SC1BA8,estacao,5.1,5.1
RDM,2026-01-18,RDM-101,pivo,1.25,1.25
RDM,2026-01-18,RDM-102,pivo,2.75,2.75
RDM,2026-01-18,RDM-103,pivo,2.02,2.02
RDM,2026-01-18,RDM-104,pivo,3.3,3.3
RDM,2026-01-18,RDM-105,pivo,2.29,2.29
RDM,2026-01-18,RDM-106,pivo,4.32,4.32
RDM,2026-01-18,RDM-107,pivo,3.3,3.3
RDM,2026-01-18,RDM-108,pivo,6.35,6.35
RDM,2026-01-18,RDM-109,pivo,5.08,5.08
RDM,2026-01-18,RDM-110,pivo,4.23,4.23
RDM,2026-01-18,RDM-112,pivo,0.25,0.25
RDM,2026-01-18,RDM-113,pivo,1.8,1.8
RDM,2026-01-18,RDM-114,pivo,0.25,0.25
RDM,2026-01-18,RDM-115,pivo,0.25,0.25
RDM,2026-01-18,RDM-116,pivo,2.54,2.54
RDM,2026-01-18,RDM-117,pivo,0.6,0.6
RDM,2026-01-18,RDM-118,pivo,4.2,4.2
RDM,2026-01-18,RDM-119,pivo,0.51,0.51
RDM,2026-01-18,RDM-120,pivo,3.81,3.81
RDM,2026-01-18,RDM-121,pivo,0.51,0.51
RDM,2026-01-18,RDM-122,pivo,4.31,4.31
RDM,2026-01-18,RDM-123,pivo,2.05,2.05
RDM,2026-01-18,RDM-124,pivo,3.2,3.2
RDM,2026-01-18,RDM-125,pivo,1.8,1.8
RDM,2026-01-18,RDM-126,pivo,0.9,0.9
RDM,2026-01-18,RDM-127,pivo,3.05,3.05
RDM,2026-01-18,RDM-128,pivo,1.52,1.52
RDM,2026-01-18,RDM-129,pivo,3.56,3.56
RDM,2026-01-18,RDM-130,pivo,1.52,1.52
RDM,2026-01-18,RDM-131,pivo,1.52,1.52
RDM,2026-01-18,RDM-132,pivo,4.8,4.8
RDM,2026-01-18,RDM-133,pivo,3.87,3.87
RDM,2026-01-18,RDM-SC17D8,estacao,0.6,0.6
RDM,2026-01-18,RDM-SC1A38,estacao,0.3,0.3
RDM,2026-01-18,RDM-SC1A4C,estacao,1.8,1.8
RDM,2026-01-18,RDM-SC1AA8,estacao,0.3,0.3
RDM,2026-01-18,RDM-SC1B34,estacao,1.2,1.2
RDM,2026-01-18,RDM-SC1BA8,estacao,0.6,0.6
RDM,2026-01-17,RDM-101,pivo,0.0,0.0
RDM,2026-01-17,RDM-102,pivo,0.0,0.0
RDM,2026-01-17,RDM-103,pivo,0.0,0.0
RDM,2026-01-17,RDM-104,pivo,0.0,0.0
RDM,2026-01-17,RDM-105,pivo,0.0,0.0
RDM,2026-01-17,RDM-106,pivo,0.0,0.0
RDM,2026-01-17,RDM-107,pivo,0.0,0.0
RDM,2026-01-17,RDM-108,pivo,0.0,0.0
RDM,2026-01-17,RDM-109,pivo,0.0,0.0
RDM,2026-01-17,RDM-110,pivo,0.0,0.0
RDM,2026-01-17,RDM-112,pivo,0.0,0.0
RDM,2026-01-17,RDM-113,pivo,0.0,0.0
RDM,2026-01-17,RDM-114,pivo,0.0,0.0
RDM,2026-01-17,RDM-115,pivo,0.25,0.25
RDM,2026-01-17,RDM-116,pivo,0.25,0.25
RDM,2026-01-17,RDM-117,pivo,0.0,0.0
RDM,2026-01-17,RDM-118,pivo,0.0,0.0
RDM,2026-01-17,RDM-119,pivo,0.0,0.0
RDM,2026-01-17,RDM-120,pivo,0.0,0.0
RDM,2026-01-17,RDM-121,pivo,0.0,0.0
RDM,2026-01-17,RDM-122,pivo,0.0,0.0
RDM,2026-01-17,RDM-123,pivo,0.0,0.0
RDM,2026-01-17,RDM-124,pivo,0.0,0.0
RDM,2026-01-17,RDM-125,pivo,0.0,0.0
RDM,2026-01-17,RDM-126,pivo,0.0,0.0
RDM,2026-01-17,RDM-127,pivo,0.0,0.0
RDM,2026-01-17,RDM-128,pivo,0.0,0.0
RDM,2026-01-17,RDM-129,pivo,0.0,0.0
RDM,2026-01-17,RDM-130,pivo,0.0,0.0
RDM,2026-01-17,RDM-131,pivo,0.0,0.0
RDM,2026-01-17,RDM-132,pivo,0.0,0.0
RDM,2026-01-17,RDM-133,pivo,0.0,0.0
RDM,2026-01-17,RDM-SC17D8,estacao,0.0,0.0
RDM,2026-01-17,RDM-SC1A38,estacao,0.0,0.0
RDM,2026-01-17,RDM-SC1A4C,estacao,0.0,0.0
RDM,2026-01-17,RDM-SC1AA8,estacao,0.0,0.0
RDM,2026-01-17,RDM-SC1B34,estacao,0.0,0.0
RDM,2026-01-17,RDM-SC1BA8,estacao,0.0,0.0
RDM,2026-01-15,RDM-101,pivo,0.0,0.0
RDM,2026-01-15,RDM-102,pivo,0.0,0.0
RDM,2026-01-15,RDM-103,pivo,0.0,0.0
RDM,2026-01-15,RDM-104,pivo,0.0,0.0
RDM,2026-01-15,RDM-105,pivo,0.0,0.0
RDM,2026-01-15,RDM-106,pivo,0.0,0.0
RDM,2026-01-15,RDM-107,pivo,0.0,0.0
RDM,2026-01-15,RDM-108,pivo,0.0,0.0
RDM,2026-01-15,RDM-109,pivo,0.0,0.0
RDM,2026-01-15,RDM-110,pivo,0.0,0.0
RDM,2026-01-15,RDM-112,pivo,0.0,0.0
RDM,2026-01-15,RDM-113,pivo,0.0,0.0
RDM,2026-01-15,RDM-114,pivo,0.0,0.0
RDM,2026-01-15,RDM-115,pivo,0.0,0.0
RDM,2026-01-15,RDM-116,pivo,0.51,0.51
RDM,2026-01-15,RDM-117,pivo,0.0,0.0
RDM,2026-01-15,RDM-118,pivo,0.0,0.0
RDM,2026-01-15,RDM-119,pivo,0.0,0.0
RDM,2026-01-15,RDM-120,pivo,0.0,0.0
RDM,2026-01-15,RDM-121,pivo,0.0,0.0
RDM,2026-01-15,RDM-122,pivo,0.0,0.0
RDM,2026-01-15,RDM-123,pivo,0.0,0.0
RDM,2026-01-15,RDM-124,pivo,0.0,0.0
RDM,2026-01-15,RDM-125,pivo,0.0,0.0
RDM,2026-01-15,RDM-126,pivo,0.0,0.0
RDM,2026-01-15,RDM-127,pivo,0.0,0.0
RDM,2026-01-15,RDM-128,pivo,0.0,0.0
RDM,2026-01-15,RDM-129,pivo,0.0,0.0
RDM,2026-01-15,RDM-130,pivo,0.0,0.0
RDM,2026-01-15,RDM-131,pivo,0.0,0.0
RDM,2026-01-15,RDM-132,pivo,0.0,0.0
RDM,2026-01-15,RDM-133,pivo,0.0,0.0
RDM,2026-01-15,RDM-SC17D8,estacao,0.0,0.0
RDM,2026-01-15,RDM-SC1A38,estacao,0.0,0.0
RDM,2026-01-15,RDM-SC1A4C,estacao,0.0,0.0
RDM,2026-01-15,RDM-SC1AA8,estacao,0.0,0.0
RDM,2026-01-15,RDM-SC1B34,estacao,0.0,0.0
RDM,2026-01-15,RDM-SC1BA8,estacao,0.0,0.0
RDM,2026-01-13,RDM-101,pivo,0.0,0.0
RDM,2026-01-13,RDM-102,pivo,0.0,0.0
RDM,2026-01-13,RDM-103,pivo,0.0,0.0
RDM,2026-01-13,RDM-104,pivo,0.0,0.0
RDM,2026-01-13,RDM-105,pivo,0.0,0.0
RDM,2026-01-13,RDM-106,pivo,0.0,0.0
RDM,2026-01-13,RDM-107,pivo,0.0,0.0
RDM,2026-01-13,RDM-108,pivo,0.0,0.0
RDM,2026-01-13,RDM-109,pivo,0.0,0.0
RDM,2026-01-13,RDM-110,pivo,0.0,0.0
RDM,2026-01-13,RDM-112,pivo,0.0,0.0
RDM,2026-01-13,RDM-113,pivo,0.0,0.0
RDM,2026-01-13,RDM-114,pivo,0.0,0.0
RDM,2026-01-13,RDM-115,pivo,0.0,0.0
RDM,2026-01-13,RDM-116,pivo,0.0,0.0
RDM,2026-01-13,RDM-117,pivo,0.3,0.3
RDM,2026-01-13,RDM-118,pivo,0.6,0.6
RDM,2026-01-13,RDM-119,pivo,0.0,0.0
RDM,2026-01-13,RDM-120,pivo,0.76,0.76
RDM,2026-01-13,RDM-121,pivo,0.0,0.0
RDM,2026-01-13,RDM-122,pivo,0.0,0.0
RDM,2026-01-13,RDM-123,pivo,0.0,0.0
RDM,2026-01-13,RDM-124,pivo,0.0,0.0
RDM,2026-01-13,RDM-125,pivo,0.0,0.0
RDM,2026-01-13,RDM-126,pivo,0.0,0.0
RDM,2026-01-13,RDM-127,pivo,0.0,0.0
RDM,2026-01-13,RDM-128,pivo,0.0,0.0
RDM,2026-01-13,RDM-129,pivo,0.0,0.0
RDM,2026-01-13,RDM-130,pivo,0.0,0.0
RDM,2026-01-13,RDM-131,pivo,0.0,0.0
RDM,2026-01-13,RDM-132,pivo,0.0,0.0
RDM,2026-01-13,RDM-133,pivo,0.76,0.76
RDM,2026-01-13,RDM-SC17D8,estacao,0.0,0.0
RDM,2026-01-13,RDM-SC1A38,estacao,0.0,0.0
RDM,2026-01-13,RDM-SC1A4C,estacao,0.0,0.0
RDM,2026-01-13,RDM-SC1AA8,estacao,0.0,0.0
RDM,2026-01-13,RDM-SC1B34,estacao,0.0,0.0
RDM,2026-01-13,RDM-SC1BA8,estacao,0.0,0.0
RDM,2026-01-12,RDM-101,pivo,31.75,31.75
RDM,2026-01-12,RDM-102,pivo,36.0,36.0
RDM,2026-01-12,RDM-103,pivo,40.64,40.64
RDM,2026-01-12,RDM-104,pivo,40.89,40.89
RDM,2026-01-12,RDM-105,pivo,34.54,34.54
RDM,2026-01-12,RDM-106,pivo,36.58,36.58
RDM,2026-01-12,RDM-107,pivo,33.3,33.3
RDM,2026-01-12,RDM-108,pivo,35.31,35.31
RDM,2026-01-12,RDM-109,pivo,39.62,39.62
RDM,2026-01-12,RDM-110,pivo,43.5,43.5
RDM,2026-01-12,RDM-112,pivo,31.75,31.75
RDM,2026-01-12,RDM-113,pivo,34.1,34.1
RDM,2026-01-12,RDM-114,pivo,27.5,27.5
RDM,2026-01-12,RDM-115,pivo,25.15,25.15
RDM,2026-01-12,RDM-116,pivo,38.86,38.86
RDM,2026-01-12,RDM-117,pivo,38.1,38.1
RDM,2026-01-12,RDM-118,pivo,42.15,42.15
RDM,2026-01-12,RDM-119,pivo,39.12,39.12
RDM,2026-01-12,RDM-120,pivo,54.33,54.33
RDM,2026-01-12,RDM-121,pivo,49.53,49.53
RDM,2026-01-12,RDM-122,pivo,71.12,71.12
RDM,2026-01-12,RDM-123,pivo,57.4,57.4
RDM,2026-01-12,RDM-124,pivo,45.9,45.9
RDM,2026-01-12,RDM-125,pivo,29.7,29.7
RDM,2026-01-12,RDM-126,pivo,40.5,40.5
RDM,2026-01-12,RDM-127,pivo,26.42,26.42
RDM,2026-01-12,RDM-128,pivo,27.69,27.69
RDM,2026-01-12,RDM-129,pivo,28.96,28.96
RDM,2026-01-12,RDM-130,pivo,25.65,25.65
RDM,2026-01-12,RDM-131,pivo,32.0,32.0
RDM,2026-01-12,RDM-132,pivo,40.5,40.5
RDM,2026-01-12,RDM-133,pivo,32.24,32.24
RDM,2026-01-12,RDM-SC17D8,estacao,48.3,48.3
RDM,2026-01-12,RDM-SC1A38,estacao,106.2,106.2
RDM,2026-01-12,RDM-SC1A4C,estacao,36.3,36.3
RDM,2026-01-12,RDM-SC1AA8,estacao,70.8,70.8
RDM,2026-01-12,RDM-SC1B34,estacao,44.4,44.4
RDM,2026-01-12,RDM-SC1BA8,estacao,94.5,94.5
RDM,2026-01-11,RDM-101,pivo,0.0,0.0
RDM,2026-01-11,RDM-102,pivo,0.0,0.0
RDM,2026-01-11,RDM-103,pivo,0.0,0.0
RDM,2026-01-11,RDM-104,pivo,0.0,0.0
RDM,2026-01-11,RDM-105,pivo,0.0,0.0
RDM,2026-01-11,RDM-106,pivo,0.0,0.0
RDM,2026-01-11,RDM-107,pivo,0.0,0.0
RDM,2026-01-11,RDM-108,pivo,0.0,0.0
RDM,2026-01-11,RDM-109,pivo,0.0,0.0
RDM,2026-01-11,RDM-110,pivo,0.0,0.0
RDM,2026-01-11,RDM-112,pivo,0.0,0.0
RDM,2026-01-11,RDM-113,pivo,0.0,0.0
RDM,2026-01-11,RDM-114,pivo,0.0,0.0
RDM,2026-01-11,RDM-115,pivo,0.0,0.0
RDM,2026-01-11,RDM-116,pivo,0.0,0.0
RDM,2026-01-11,RDM-117,pivo,0.0,0.0
RDM,2026-01-11,RDM-118,pivo,0.9,0.9
RDM,2026-01-11,RDM-119,pivo,0.0,0.0
RDM,2026-01-11,RDM-120,pivo,0.0,0.0
RDM,2026-01-11,RDM-121,pivo,0.0,0.0
RDM,2026-01-11,RDM-122,pivo,0.0,0.0
RDM,2026-01-11,RDM-123,pivo,0.0,0.0
RDM,2026-01-11,RDM-124,pivo,0.0,0.0
RDM,2026-01-11,RDM-125,pivo,0.0,0.0
RDM,2026-01-11,RDM-126,pivo,0.0,0.0
RDM,2026-01-11,RDM-127,pivo,0.0,0.0
RDM,2026-01-11,RDM-128,pivo,0.0,0.0
RDM,2026-01-11,RDM-129,pivo,0.0,0.0
RDM,2026-01-11,RDM-130,pivo,0.0,0.0
RDM,2026-01-11,RDM-131,pivo,0.0,0.0
RDM,2026-01-11,RDM-132,pivo,0.0,0.0
RDM,2026-01-11,RDM-133,pivo,0.0,0.0
RDM,2026-01-11,RDM-SC17D8,estacao,0.0,0.0
RDM,2026-01-11,RDM-SC1A38,estacao,0.0,0.0
RDM,2026-01-11,RDM-SC1A4C,estacao,0.0,0.0
RDM,2026-01-11,RDM-SC1AA8,estacao,0.0,0.0
RDM,2026-01-11,RDM-SC1B34,estacao,0.0,0.0
RDM,2026-01-11,RDM-SC1BA8,estacao,0.0,0.0
RDM,2026-01-10,RDM-101,pivo,0.0,0.0
RDM,2026-01-10,RDM-102,pivo,0.0,0.0
RDM,2026-01-10,RDM-103,pivo,0.0,0.0
RDM,2026-01-10,RDM-104,pivo,0.0,0.0
RDM,2026-01-10,RDM-105,pivo,0.0,0.0
RDM,2026-01-10,RDM-106,pivo,0.0,0.0
RDM,2026-01-10,RDM-107,pivo,0.0,0.0
RDM,2026-01-10,RDM-108,pivo,0.0,0.0
RDM,2026-01-10,RDM-109,pivo,0.0,0.0
RDM,2026-01-10,RDM-110,pivo,0.0,0.0
RDM,2026-01-10,RDM-112,pivo,0.0,0.0
RDM,2026-01-10,RDM-113,pivo,0.3,0.3
RDM,2026-01-10,RDM-114,pivo,0.0,0.0
RDM,2026-01-10,RDM-115,pivo,0.0,0.0
RDM,2026-01-10,RDM-116,pivo,0.0,0.0
RDM,2026-01-10,RDM-117,pivo,0.0,0.0
RDM,2026-01-10,RDM-118,pivo,0.9,0.9
RDM,2026-01-10,RDM-119,pivo,0.0,0.0
RDM,2026-01-10,RDM-120,pivo,0.0,0.0
RDM,2026-01-10,RDM-121,pivo,0.0,0.0
RDM,2026-01-10,RDM-122,pivo,0.0,0.0
RDM,2026-01-10,RDM-123,pivo,0.0,0.0
RDM,2026-01-10,RDM-124,pivo,0.0,0.0
RDM,2026-01-10,RDM-125,pivo,0.0,0.0
RDM,2026-01-10,RDM-126,pivo,0.0,0.0
RDM,2026-01-10,RDM-127,pivo,0.0,0.0
RDM,2026-01-10,RDM-128,pivo,0.0,0.0
RDM,2026-01-10,RDM-129,pivo,0.0,0.0
RDM,2026-01-10,RDM-130,pivo,0.0,0.0
RDM,2026-01-10,RDM-131,pivo,0.0,0.0
RDM,2026-01-10,RDM-132,pivo,0.0,0.0
RDM,2026-01-10,RDM-133,pivo,0.0,0.0
RDM,2026-01-10,RDM-SC17D8,estacao,0.0,0.0
RDM,2026-01-10,RDM-SC1A38,estacao,0.0,0.0
RDM,2026-01-10,RDM-SC1A4C,estacao,0.0,0.0
RDM,2026-01-10,RDM-SC1AA8,estacao,0.0,0.0
RDM,2026-01-10,RDM-SC1B34,estacao,0.0,0.0
RDM,2026-01-10,RDM-SC1BA8,estacao,0.0,0.0
RDM,2026-01-09,RDM-101,pivo,0.0,0.0
RDM,2026-01-09,RDM-102,pivo,0.0,0.0
RDM,2026-01-09,RDM-103,pivo,0.0,0.0
RDM,2026-01-09,RDM-104,pivo,0.0,0.0
RDM,2026-01-09,RDM-105,pivo,0.0,0.0
RDM,2026-01-09,RDM-106,pivo,0.0,0.0
RDM,2026-01-09,RDM-107,pivo,0.0,0.0
RDM,2026-01-09,RDM-108,pivo,0.0,0.0
RDM,2026-01-09,RDM-109,pivo,0.0,0.0
RDM,2026-01-09,RDM-110,pivo,0.0,0.0
RDM,2026-01-09,RDM-112,pivo,0.0,0.0
RDM,2026-01-09,RDM-113,pivo,0.0,0.0
RDM,2026-01-09,RDM-114,pivo,0.0,0.0
RDM,2026-01-09,RDM-115,pivo,0.0,0.0
RDM,2026-01-09,RDM-116,pivo,0.0,0.0
RDM,2026-01-09,RDM-117,pivo,0.0,0.0
RDM,2026-01-09,RDM-118,pivo,0.6,0.6
RDM,2026-01-09,RDM-119,pivo,0.0,0.0
RDM,2026-01-09,RDM-120,pivo,0.0,0.0
RDM,2026-01-09,RDM-121,pivo,0.0,0.0
RDM,2026-01-09,RDM-122,pivo,0.0,0.0
RDM,2026-01-09,RDM-123,pivo,0.0,0.0
RDM,2026-01-09,RDM-124,pivo,0.0,0.0
RDM,2026-01-09,RDM-125,pivo,0.0,0.0
RDM,2026-01-09,RDM-126,pivo,0.9,0.9
RDM,2026-01-09,RDM-127,pivo,0.25,0.25
RDM,2026-01-09,RDM-128,pivo,0.0,0.0
RDM,2026-01-09,RDM-129,pivo,0.0,0.0
RDM,2026-01-09,RDM-130,pivo,0.0,0.0
RDM,2026-01-09,RDM-131,pivo,0.0,0.0
RDM,2026-01-09,RDM-132,pivo,0.0,0.0
RDM,2026-01-09,RDM-133,pivo,0.0,0.0
RDM,2026-01-09,RDM-SC17D8,estacao,0.0,0.0
RDM,2026-01-09,RDM-SC1A38,estacao,0.0,0.0
RDM,2026-01-09,RDM-SC1A4C,estacao,0.0,0.0
RDM,2026-01-09,RDM-SC1AA8,estacao,0.0,0.0
RDM,2026-01-09,RDM-SC1B34,estacao,2.4,2.4
RDM,2026-01-09,RDM-SC1BA8,estacao,0.0,0.0
RDM,2026-01-08,RDM-101,pivo,0.0,0.0
RDM,2026-01-08,RDM-102,pivo,0.0,0.0
RDM,2026-01-08,RDM-103,pivo,0.0,0.0
RDM,2026-01-08,RDM-104,pivo,0.0,0.0
RDM,2026-01-08,RDM-105,pivo,0.0,0.0
RDM,2026-01-08,RDM-106,pivo,0.0,0.0
RDM,2026-01-08,RDM-107,pivo,0.0,0.0
RDM,2026-01-08,RDM-108,pivo,0.0,0.0
RDM,2026-01-08,RDM-109,pivo,0.0,0.0
RDM,2026-01-08,RDM-110,pivo,0.0,0.0
RDM,2026-01-08,RDM-112,pivo,0.0,0.0
RDM,2026-01-08,RDM-113,pivo,0.3,0.3
RDM,2026-01-08,RDM-114,pivo,0.0,0.0
RDM,2026-01-08,RDM-115,pivo,0.25,0.25
RDM,2026-01-08,RDM-116,pivo,0.0,0.0
RDM,2026-01-08,RDM-117,pivo,0.0,0.0
RDM,2026-01-08,RDM-118,pivo,0.0,0.0
RDM,2026-01-08,RDM-119,pivo,0.0,0.0
RDM,2026-01-08,RDM-120,pivo,0.0,0.0
RDM,2026-01-08,RDM-121,pivo,0.0,0.0
RDM,2026-01-08,RDM-122,pivo,0.0,0.0
RDM,2026-01-08,RDM-123,pivo,0.25,0.25
RDM,2026-01-08,RDM-124,pivo,0.0,0.0
RDM,2026-01-08,RDM-125,pivo,0.0,0.0
RDM,2026-01-08,RDM-126,pivo,0.0,0.0
RDM,2026-01-08,RDM-127,pivo,0.0,0.0
RDM,2026-01-08,RDM-128,pivo,0.0,0.0
RDM,2026-01-08,RDM-129,pivo,0.0,0.0
RDM,2026-01-08,RDM-130,pivo,0.0,0.0
RDM,2026-01-08,RDM-131,pivo,0.76,0.76
RDM,2026-01-08,RDM-132,pivo,0.0,0.0
RDM,2026-01-08,RDM-133,pivo,0.25,0.25
RDM,2026-01-08,RDM-SC17D8,estacao,0.0,0.0
RDM,2026-01-08,RDM-SC1A38,estacao,0.0,0.0
RDM,2026-01-08,RDM-SC1A4C,estacao,0.0,0.0
RDM,2026-01-08,RDM-SC1AA8,estacao,0.0,0.0
RDM,2026-01-08,RDM-SC1B34,estacao,0.0,0.0
RDM,2026-01-08,RDM-SC1BA8,estacao,0.0,0.0
RDM,2026-01-07,RDM-101,pivo,0.25,0.25
RDM,2026-01-07,RDM-102,pivo,0.0,0.0
RDM,2026-01-07,RDM-103,pivo,0.0,0.0
RDM,2026-01-07,RDM-104,pivo,0.25,0.25
RDM,2026-01-07,RDM-105,pivo,0.25,0.25
RDM,2026-01-07,RDM-106,pivo,0.25,0.25
RDM,2026-01-07,RDM-107,pivo,0.3,0.3
RDM,2026-01-07,RDM-108,pivo,0.25,0.25
RDM,2026-01-07,RDM-109,pivo,0.0,0.0
RDM,2026-01-07,RDM-110,pivo,0.0,0.0
RDM,2026-01-07,RDM-112,pivo,0.0,0.0
RDM,2026-01-07,RDM-113,pivo,0.6,0.6
RDM,2026-01-07,RDM-114,pivo,0.0,0.0
RDM,2026-01-07,RDM-115,pivo,0.0,0.0
RDM,2026-01-07,RDM-116,pivo,0.0,0.0
RDM,2026-01-07,RDM-117,pivo,0.0,0.0
RDM,2026-01-07,RDM-118,pivo,0.9,0.9
RDM,2026-01-07,RDM-119,pivo,0.0,0.0
RDM,2026-01-07,RDM-120,pivo,0.0,0.0
RDM,2026-01-07,RDM-121,pivo,0.0,0.0
RDM,2026-01-07,RDM-122,pivo,0.25,0.25
RDM,2026-01-07,RDM-123,pivo,0.76,0.76
RDM,2026-01-07,RDM-124,pivo,0.0,0.0
RDM,2026-01-07,RDM-125,pivo,0.0,0.0
RDM,2026-01-07,RDM-126,pivo,0.0,0.0
RDM,2026-01-07,RDM-127,pivo,0.0,0.0
RDM,2026-01-07,RDM-128,pivo,0.0,0.0
RDM,2026-01-07,RDM-129,pivo,0.0,0.0
RDM,2026-01-07,RDM-130,pivo,0.0,0.0
RDM,2026-01-07,RDM-131,pivo,0.0,0.0
RDM,2026-01-07,RDM-132,pivo,0.0,0.0
RDM,2026-01-07,RDM-133,pivo,0.0,0.0
RDM,2026-01-07,RDM-SC17D8,estacao,0.0,0.0
RDM,2026-01-07,RDM-SC1A38,estacao,0.0,0.0
RDM,2026-01-07,RDM-SC1A4C,estacao,0.3,0.3
RDM,2026-01-07,RDM-SC1AA8,estacao,0.3,0.3
RDM,2026-01-07,RDM-SC1B34,estacao,0.3,0.3
RDM,2026-01-07,RDM-SC1BA8,estacao,0.0,0.0
RDM,2026-01-06,RDM-101,pivo,24.0,24.0
RDM,2026-01-06,RDM-102,pivo,18.25,18.25
RDM,2026-01-06,RDM-103,pivo,22.86,22.86
RDM,2026-01-06,RDM-104,pivo,19.81,19.81
RDM,2026-01-06,RDM-105,pivo,25.4,25.4
RDM,2026-01-06,RDM-106,pivo,20.32,20.32
RDM,2026-01-06,RDM-107,pivo,25.8,25.8
RDM,2026-01-06,RDM-108,pivo,24.82,24.82
RDM,2026-01-06,RDM-109,pivo,17.53,17.53
RDM,2026-01-06,RDM-110,pivo,17.7,17.7
RDM,2026-01-06,RDM-112,pivo,23.11,23.11
RDM,2026-01-06,RDM-113,pivo,21.6,21.6
RDM,2026-01-06,RDM-114,pivo,20.25,20.25
RDM,2026-01-06,RDM-115,pivo,19.56,19.56
RDM,2026-01-06,RDM-116,pivo,22.35,22.35
RDM,2026-01-06,RDM-117,pivo,18.6,18.6
RDM,2026-01-06,RDM-118,pivo,14.3,14.3
RDM,2026-01-06,RDM-119,pivo,13.21,13.21
RDM,2026-01-06,RDM-120,pivo,11.68,11.68
RDM,2026-01-06,RDM-121,pivo,11.94,11.94
RDM,2026-01-06,RDM-122,pivo,12.45,12.45
RDM,2026-01-06,RDM-123,pivo,11.94,11.94
RDM,2026-01-06,RDM-124,pivo,12.0,12.0
RDM,2026-01-06,RDM-125,pivo,12.9,12.9
RDM,2026-01-06,RDM-126,pivo,13.5,13.5
RDM,2026-01-06,RDM-127,pivo,11.18,11.18
RDM,2026-01-06,RDM-128,pivo,15.49,15.49
RDM,2026-01-06,RDM-129,pivo,14.22,14.22
RDM,2026-01-06,RDM-130,pivo,12.45,12.45
RDM,2026-01-06,RDM-131,pivo,14.73,14.73
RDM,2026-01-06,RDM-132,pivo,17.7,17.7
RDM,2026-01-06,RDM-133,pivo,9.65,9.65
RDM,2026-01-06,RDM-SC17D8,estacao,32.4,32.4
RDM,2026-01-06,RDM-SC1A38,estacao,13.8,13.8
RDM,2026-01-06,RDM-SC1A4C,estacao,23.7,23.7
RDM,2026-01-06,RDM-SC1AA8,estacao,24.0,24.0
RDM,2026-01-06,RDM-SC1B34,estacao,33.0,33.0
RDM,2026-01-06,RDM-SC1BA8,estacao,20.1,20.1
RDM,2026-01-05,RDM-101,pivo,0.0,0.0
RDM,2026-01-05,RDM-102,pivo,0.0,0.0
RDM,2026-01-05,RDM-103,pivo,0.0,0.0
RDM,2026-01-05,RDM-104,pivo,0.0,0.0
RDM,2026-01-05,RDM-105,pivo,0.0,0.0
RDM,2026-01-05,RDM-106,pivo,0.0,0.0
RDM,2026-01-05,RDM-107,pivo,0.0,0.0
RDM,2026-01-05,RDM-108,pivo,0.0,0.0
RDM,2026-01-05,RDM-109,pivo,0.0,0.0
RDM,2026-01-05,RDM-110,pivo,0.0,0.0
RDM,2026-01-05,RDM-112,pivo,0.0,0.0
RDM,2026-01-05,RDM-113,pivo,0.0,0.0
RDM,2026-01-05,RDM-114,pivo,0.0,0.0
RDM,2026-01-05,RDM-115,pivo,0.0,0.0
RDM,2026-01-05,RDM-116,pivo,0.0,0.0
RDM,2026-01-05,RDM-117,pivo,0.0,0.0
RDM,2026-01-05,RDM-118,pivo,0.6,0.6
RDM,2026-01-05,RDM-119,pivo,0.25,0.25
RDM,2026-01-05,RDM-120,pivo,0.51,0.51
RDM,2026-01-05,RDM-121,pivo,0.0,0.0
RDM,2026-01-05,RDM-122,pivo,0.0,0.0
RDM,2026-01-05,RDM-123,pivo,0.0,0.0
RDM,2026-01-05,RDM-124,pivo,0.0,0.0
RDM,2026-01-05,RDM-125,pivo,0.0,0.0
RDM,2026-01-05,RDM-126,pivo,0.0,0.0
RDM,2026-01-05,RDM-127,pivo,0.0,0.0
RDM,2026-01-05,RDM-128,pivo,0.0,0.0
RDM,2026-01-05,RDM-129,pivo,0.0,0.0
RDM,2026-01-05,RDM-130,pivo,0.0,0.0
RDM,2026-01-05,RDM-131,pivo,0.25,0.25
RDM,2026-01-05,RDM-132,pivo,0.0,0.0
RDM,2026-01-05,RDM-133,pivo,0.0,0.0
RDM,2026-01-05,RDM-SC17D8,estacao,0.0,0.0
RDM,2026-01-05,RDM-SC1A38,estacao,0.0,0.0
RDM,2026-01-05,RDM-SC1A4C,estacao,0.0,0.0
RDM,2026-01-05,RDM-SC1AA8,estacao,0.0,0.0
RDM,2026-01-05,RDM-SC1B34,estacao,0.0,0.0
RDM,2026-01-05,RDM-SC1BA8,estacao,0.0,0.0
RDM,2026-01-04,RDM-101,pivo,0.25,0.25
RDM,2026-01-04,RDM-102,pivo,0.25,0.25
RDM,2026-01-04,RDM-103,pivo,0.51,0.51
RDM,2026-01-04,RDM-104,pivo,0.76,0.76
RDM,2026-01-04,RDM-105,pivo,0.0,0.0
RDM,2026-01-04,RDM-106,pivo,0.51,0.51
RDM,2026-01-04,RDM-107,pivo,0.0,0.0
RDM,2026-01-04,RDM-108,pivo,0.0,0.0
RDM,2026-01-04,RDM-109,pivo,0.76,0.76
RDM,2026-01-04,RDM-110,pivo,0.0,0.0
RDM,2026-01-04,RDM-112,pivo,0.25,0.25
RDM,2026-01-04,RDM-113,pivo,0.0,0.0
RDM,2026-01-04,RDM-114,pivo,0.75,0.75
RDM,2026-01-04,RDM-115,pivo,0.51,0.51
RDM,2026-01-04,RDM-116,pivo,0.0,0.0
RDM,2026-01-04,RDM-117,pivo,0.3,0.3
RDM,2026-01-04,RDM-118,pivo,0.0,0.0
RDM,2026-01-04,RDM-119,pivo,0.0,0.0
RDM,2026-01-04,RDM-120,pivo,0.25,0.25
RDM,2026-01-04,RDM-121,pivo,0.25,0.25
RDM,2026-01-04,RDM-122,pivo,0.76,0.76
RDM,2026-01-04,RDM-123,pivo,0.51,0.51
RDM,2026-01-04,RDM-124,pivo,1.2,1.2
RDM,2026-01-04,RDM-125,pivo,0.0,0.0
RDM,2026-01-04,RDM-126,pivo,0.0,0.0
RDM,2026-01-04,RDM-127,pivo,0.25,0.25
RDM,2026-01-04,RDM-128,pivo,0.0,0.0
RDM,2026-01-04,RDM-129,pivo,0.0,0.0
RDM,2026-01-04,RDM-130,pivo,0.25,0.25
RDM,2026-01-04,RDM-131,pivo,0.51,0.51
RDM,2026-01-04,RDM-132,pivo,0.3,0.3
RDM,2026-01-04,RDM-133,pivo,1.02,1.02
RDM,2026-01-04,RDM-SC17D8,estacao,0.3,0.3
RDM,2026-01-04,RDM-SC1A38,estacao,0.9,0.9
RDM,2026-01-04,RDM-SC1A4C,estacao,0.0,0.0
RDM,2026-01-04,RDM-SC1AA8,estacao,0.0,0.0
RDM,2026-01-04,RDM-SC1B34,estacao,0.0,0.0
RDM,2026-01-04,RDM-SC1BA8,estacao,0.6,0.6
RDM,2026-01-03,RDM-101,pivo,4.75,4.75
RDM,2026-01-03,RDM-102,pivo,5.5,5.5
RDM,2026-01-03,RDM-103,pivo,8.13,8.13
RDM,2026-01-03,RDM-104,pivo,7.62,7.62
RDM,2026-01-03,RDM-105,pivo,12.7,12.7
RDM,2026-01-03,RDM-106,pivo,10.92,10.92
RDM,2026-01-03,RDM-107,pivo,19.2,19.2
RDM,2026-01-03,RDM-108,pivo,12.7,12.7
RDM,2026-01-03,RDM-109,pivo,8.89,8.89
RDM,2026-01-03,RDM-110,pivo,13.8,13.8
RDM,2026-01-03,RDM-112,pivo,3.56,3.56
RDM,2026-01-03,RDM-113,pivo,3.3,3.3
RDM,2026-01-03,RDM-114,pivo,2.75,2.75
RDM,2026-01-03,RDM-115,pivo,2.29,2.29
RDM,2026-01-03,RDM-116,pivo,4.06,4.06
RDM,2026-01-03,RDM-117,pivo,3.3,3.3
RDM,2026-01-03,RDM-118,pivo,4.31,4.31
RDM,2026-01-03,RDM-119,pivo,4.06,4.06
RDM,2026-01-03,RDM-120,pivo,4.83,4.83
RDM,2026-01-03,RDM-121,pivo,4.06,4.06
RDM,2026-01-03,RDM-122,pivo,4.32,4.32
RDM,2026-01-03,RDM-123,pivo,3.56,3.56
RDM,2026-01-03,RDM-124,pivo,3.6,3.6
RDM,2026-01-03,RDM-125,pivo,4.2,4.2
RDM,2026-01-03,RDM-126,pivo,3.7,3.7
RDM,2026-01-03,RDM-127,pivo,2.79,2.79
RDM,2026-01-03,RDM-128,pivo,3.3,3.3
RDM,2026-01-03,RDM-129,pivo,3.05,3.05
RDM,2026-01-03,RDM-130,pivo,2.29,2.29
RDM,2026-01-03,RDM-131,pivo,4.53,4.53
RDM,2026-01-03,RDM-132,pivo,3.3,3.3
RDM,2026-01-03,RDM-133,pivo,3.05,3.05
RDM,2026-01-03,RDM-SC17D8,estacao,9.6,9.6
RDM,2026-01-03,RDM-SC1A38,estacao,4.8,4.8
RDM,2026-01-03,RDM-SC1A4C,estacao,19.2,19.2
RDM,2026-01-03,RDM-SC1AA8,estacao,6.0,6.0
RDM,2026-01-03,RDM-SC1B34,estacao,26.7,26.7
RDM,2026-01-03,RDM-SC1BA8,estacao,5.1,5.1
RDM,2026-01-02,RDM-101,pivo,0.25,0.25
RDM,2026-01-02,RDM-102,pivo,0.0,0.0
RDM,2026-01-02,RDM-103,pivo,0.25,0.25
RDM,2026-01-02,RDM-104,pivo,0.25,0.25
RDM,2026-01-02,RDM-105,pivo,0.51,0.51
RDM,2026-01-02,RDM-106,pivo,0.51,0.51
RDM,2026-01-02,RDM-107,pivo,0.9,0.9
RDM,2026-01-02,RDM-108,pivo,1.52,1.52
RDM,2026-01-02,RDM-109,pivo,0.0,0.0
RDM,2026-01-02,RDM-110,pivo,0.3,0.3
RDM,2026-01-02,RDM-112,pivo,0.0,0.0
RDM,2026-01-02,RDM-113,pivo,0.0,0.0
RDM,2026-01-02,RDM-114,pivo,0.25,0.25
RDM,2026-01-02,RDM-115,pivo,0.0,0.0
RDM,2026-01-02,RDM-116,pivo,0.0,0.0
RDM,2026-01-02,RDM-117,pivo,0.0,0.0
RDM,2026-01-02,RDM-118,pivo,0.6,0.6
RDM,2026-01-02,RDM-119,pivo,0.0,0.0
RDM,2026-01-02,RDM-120,pivo,0.0,0.0
RDM,2026-01-02,RDM-121,pivo,0.0,0.0
RDM,2026-01-02,RDM-122,pivo,0.0,0.0
RDM,2026-01-02,RDM-123,pivo,1.02,1.02
RDM,2026-01-02,RDM-124,pivo,0.0,0.0
RDM,2026-01-02,RDM-125,pivo,0.0,0.0
RDM,2026-01-02,RDM-126,pivo,0.0,0.0
RDM,2026-01-02,RDM-127,pivo,0.0,0.0
RDM,2026-01-02,RDM-128,pivo,0.0,0.0
RDM,2026-01-02,RDM-129,pivo,0.0,0.0
RDM,2026-01-02,RDM-130,pivo,0.0,0.0
RDM,2026-01-02,RDM-131,pivo,0.51,0.51
RDM,2026-01-02,RDM-132,pivo,0.3,0.3
RDM,2026-01-02,RDM-133,pivo,3.3,3.3
RDM,2026-01-02,RDM-SC17D8,estacao,4.5,4.5
RDM,2026-01-02,RDM-SC1A38,estacao,0.0,0.0
RDM,2026-01-02,RDM-SC1A4C,estacao,0.9,0.9
RDM,2026-01-02,RDM-SC1AA8,estacao,0.0,0.0
RDM,2026-01-02,RDM-SC1B34,estacao,1.5,1.5
RDM,2026-01-02,RDM-SC1BA8,estacao,0.0,0.0
RDM,2026-01-01,RDM-101,pivo,2.0,2.0
RDM,2026-01-01,RDM-102,pivo,0.75,0.75
RDM,2026-01-01,RDM-103,pivo,2.29,2.29
RDM,2026-01-01,RDM-104,pivo,1.02,1.02
RDM,2026-01-01,RDM-105,pivo,3.3,3.3
RDM,2026-01-01,RDM-106,pivo,1.78,1.78
RDM,2026-01-01,RDM-107,pivo,2.1,2.1
RDM,2026-01-01,RDM-108,pivo,2.29,2.29
RDM,2026-01-01,RDM-109,pivo,1.27,1.27
RDM,2026-01-01,RDM-110,pivo,0.9,0.9
RDM,2026-01-01,RDM-112,pivo,1.78,1.78
RDM,2026-01-01,RDM-113,pivo,0.3,0.3
RDM,2026-01-01,RDM-114,pivo,4.0,4.0
RDM,2026-01-01,RDM-115,pivo,5.33,5.33
RDM,2026-01-01,RDM-116,pivo,1.78,1.78
RDM,2026-01-01,RDM-117,pivo,1.5,1.5
RDM,2026-01-01,RDM-118,pivo,5.4,5.4
RDM,2026-01-01,RDM-119,pivo,0.25,0.25
RDM,2026-01-01,RDM-120,pivo,2.03,2.03
RDM,2026-01-01,RDM-121,pivo,0.0,0.0
RDM,2026-01-01,RDM-122,pivo,1.78,1.78
RDM,2026-01-01,RDM-123,pivo,1.02,1.02
RDM,2026-01-01,RDM-124,pivo,0.0,0.0
RDM,2026-01-01,RDM-125,pivo,0.0,0.0
RDM,2026-01-01,RDM-126,pivo,0.6,0.6
RDM,2026-01-01,RDM-127,pivo,0.0,0.0
RDM,2026-01-01,RDM-128,pivo,0.0,0.0
RDM,2026-01-01,RDM-129,pivo,0.0,0.0
RDM,2026-01-01,RDM-130,pivo,0.51,0.51
RDM,2026-01-01,RDM-131,pivo,3.3,3.3
RDM,2026-01-01,RDM-132,pivo,9.6,9.6
RDM,2026-01-01,RDM-133,pivo,0.0,0.0
RDM,2026-01-01,RDM-SC17D8,estacao,9.6,9.6
RDM,2026-01-01,RDM-SC1A38,estacao,2.7,2.7
RDM,2026-01-01,RDM-SC1A4C,estacao,2.7,2.7
RDM,2026-01-01,RDM-SC1AA8,estacao,10.8,10.8
RDM,2026-01-01,RDM-SC1B34,estacao,5.4,5.4
RDM,2026-01-01,RDM-SC1BA8,estacao,8.7,8.7
RDM,2025-12-31,RDM-101,pivo,0.0,0.0
RDM,2025-12-31,RDM-102,pivo,0.0,0.0
RDM,2025-12-31,RDM-103,pivo,0.0,0.0
RDM,2025-12-31,RDM-104,pivo,0.0,0.0
RDM,2025-12-31,RDM-105,pivo,0.0,0.0
RDM,2025-12-31,RDM-106,pivo,0.0,0.0
RDM,2025-12-31,RDM-107,pivo,0.0,0.0
RDM,2025-12-31,RDM-108,pivo,0.0,0.0
RDM,2025-12-31,RDM-109,pivo,0.0,0.0
RDM,2025-12-31,RDM-110,pivo,0.0,0.0
RDM,2025-12-31,RDM-112,pivo,0.0,0.0
RDM,2025-12-31,RDM-113,pivo,1.2,1.2
RDM,2025-12-31,RDM-114,pivo,0.0,0.0
RDM,2025-12-31,RDM-115,pivo,0.0,0.0
RDM,2025-12-31,RDM-116,pivo,0.25,0.25
RDM,2025-12-31,RDM-117,pivo,0.0,0.0
RDM,2025-12-31,RDM-118,pivo,1.5,1.5
RDM,2025-12-31,RDM-119,pivo,0.0,0.0
RDM,2025-12-31,RDM-120,pivo,0.0,0.0
RDM,2025-12-31,RDM-121,pivo,0.0,0.0
RDM,2025-12-31,RDM-122,pivo,0.0,0.0
RDM,2025-12-31,RDM-123,pivo,0.0,0.0
RDM,2025-12-31,RDM-124,pivo,0.0,0.0
RDM,2025-12-31,RDM-125,pivo,0.0,0.0
RDM,2025-12-31,RDM-126,pivo,0.0,0.0
RDM,2025-12-31,RDM-127,pivo,0.0,0.0
RDM,2025-12-31,RDM-128,pivo,0.0,0.0
RDM,2025-12-31,RDM-129,pivo,0.0,0.0
RDM,2025-12-31,RDM-130,pivo,0.0,0.0
RDM,2025-12-31,RDM-131,pivo,0.0,0.0
RDM,2025-12-31,RDM-132,pivo,0.0,0.0
RDM,2025-12-31,RDM-133,pivo,0.0,0.0
RDM,2025-12-31,RDM-SC17D8,estacao,0.0,0.0
RDM,2025-12-31,RDM-SC1A38,estacao,0.0,0.0
RDM,2025-12-31,RDM-SC1A4C,estacao,0.0,0.0
RDM,2025-12-31,RDM-SC1AA8,estacao,0.3,0.3
RDM,2025-12-31,RDM-SC1B34,estacao,0.0,0.0
RDM,2025-12-31,RDM-SC1BA8,estacao,0.0,0.0
RDM,2025-12-30,RDM-101,pivo,14.0,14.0
RDM,2025-12-30,RDM-102,pivo,17.75,17.75
RDM,2025-12-30,RDM-103,pivo,11.43,11.43
RDM,2025-12-30,RDM-104,pivo,13.72,13.72
RDM,2025-12-30,RDM-105,pivo,12.7,12.7
RDM,2025-12-30,RDM-106,pivo,14.22,14.22
RDM,2025-12-30,RDM-107,pivo,10.2,10.2
RDM,2025-12-30,RDM-108,pivo,12.7,12.7
RDM,2025-12-30,RDM-109,pivo,29.72,29.72
RDM,2025-12-30,RDM-110,pivo,24.0,24.0
RDM,2025-12-30,RDM-112,pivo,24.89,24.89
RDM,2025-12-30,RDM-113,pivo,20.7,20.7
RDM,2025-12-30,RDM-114,pivo,28.75,28.75
RDM,2025-12-30,RDM-115,pivo,30.99,30.99
RDM,2025-12-30,RDM-116,pivo,24.89,24.89
RDM,2025-12-30,RDM-117,pivo,42.0,42.0
RDM,2025-12-30,RDM-118,pivo,24.73,24.73
RDM,2025-12-30,RDM-119,pivo,23.11,23.11
RDM,2025-12-30,RDM-120,pivo,25.65,25.65
RDM,2025-12-30,RDM-121,pivo,23.62,23.62
RDM,2025-12-30,RDM-122,pivo,26.16,26.16
RDM,2025-12-30,RDM-123,pivo,17.78,17.78
RDM,2025-12-30,RDM-124,pivo,25.2,25.2
RDM,2025-12-30,RDM-125,pivo,27.0,27.0
RDM,2025-12-30,RDM-126,pivo,22.5,22.5
RDM,2025-12-30,RDM-127,pivo,22.1,22.1
RDM,2025-12-30,RDM-128,pivo,23.11,23.11
RDM,2025-12-30,RDM-129,pivo,27.94,27.94
RDM,2025-12-30,RDM-130,pivo,38.86,38.86
RDM,2025-12-30,RDM-131,pivo,34.29,34.29
RDM,2025-12-30,RDM-132,pivo,41.7,41.7
RDM,2025-12-30,RDM-133,pivo,19.81,19.81
RDM,2025-12-30,RDM-SC17D8,estacao,23.7,23.7
RDM,2025-12-30,RDM-SC1A38,estacao,33.3,33.3
RDM,2025-12-30,RDM-SC1A4C,estacao,10.2,10.2
RDM,2025-12-30,RDM-SC1AA8,estacao,18.6,18.6
RDM,2025-12-30,RDM-SC1B34,estacao,10.5,10.5
RDM,2025-12-30,RDM-SC1BA8,estacao,25.2,25.2
RDM,2025-12-29,RDM-101,pivo,0.0,0.0
RDM,2025-12-29,RDM-102,pivo,0.0,0.0
RDM,2025-12-29,RDM-103,pivo,0.0,0.0
RDM,2025-12-29,RDM-104,pivo,0.0,0.0
RDM,2025-12-29,RDM-105,pivo,0.0,0.0
RDM,2025-12-29,RDM-106,pivo,0.0,0.0
RDM,2025-12-29,RDM-107,pivo,0.0,0.0
RDM,2025-12-29,RDM-108,pivo,0.0,0.0
RDM,2025-12-29,RDM-109,pivo,0.0,0.0
RDM,2025-12-29,RDM-110,pivo,0.0,0.0
RDM,2025-12-29,RDM-112,pivo,0.0,0.0
RDM,2025-12-29,RDM-113,pivo,0.0,0.0
RDM,2025-12-29,RDM-114,pivo,0.0,0.0
RDM,2025-12-29,RDM-115,pivo,0.0,0.0
RDM,2025-12-29,RDM-116,pivo,0.51,0.51
RDM,2025-12-29,RDM-117,pivo,0.0,0.0
RDM,2025-12-29,RDM-118,pivo,0.9,0.9
RDM,2025-12-29,RDM-119,pivo,0.0,0.0
RDM,2025-12-29,RDM-120,pivo,0.0,0.0
RDM,2025-12-29,RDM-121,pivo,0.0,0.0
RDM,2025-12-29,RDM-122,pivo,0.0,0.0
RDM,2025-12-29,RDM-123,pivo,0.0,0.0
RDM,2025-12-29,RDM-124,pivo,0.0,0.0
RDM,2025-12-29,RDM-125,pivo,0.0,0.0
RDM,2025-12-29,RDM-126,pivo,0.0,0.0
RDM,2025-12-29,RDM-127,pivo,0.0,0.0
RDM,2025-12-29,RDM-128,pivo,0.0,0.0
RDM,2025-12-29,RDM-129,pivo,0.0,0.0
RDM,2025-12-29,RDM-130,pivo,0.0,0.0
RDM,2025-12-29,RDM-131,pivo,0.0,0.0
RDM,2025-12-29,RDM-132,pivo,1.8,1.8
RDM,2025-12-29,RDM-133,pivo,0.0,0.0
RDM,2025-12-29,RDM-SC17D8,estacao,0.0,0.0
RDM,2025-12-29,RDM-SC1A38,estacao,0.0,0.0
RDM,2025-12-29,RDM-SC1A4C,estacao,0.0,0.0
RDM,2025-12-29,RDM-SC1AA8,estacao,0.0,0.0
RDM,2025-12-29,RDM-SC1B34,estacao,0.0,0.0
RDM,2025-12-29,RDM-SC1BA8,estacao,0.0,0.0
RDM,2025-12-28,RDM-101,pivo,0.5,0.5
RDM,2025-12-28,RDM-102,pivo,0.0,0.0
RDM,2025-12-28,RDM-103,pivo,0.25,0.25
RDM,2025-12-28,RDM-104,pivo,0.0,0.0
RDM,2025-12-28,RDM-105,pivo,0.0,0.0
RDM,2025-12-28,RDM-106,pivo,0.0,0.0
RDM,2025-12-28,RDM-107,pivo,0.6,0.6
RDM,2025-12-28,RDM-108,pivo,0.0,0.0
RDM,2025-12-28,RDM-109,pivo,0.0,0.0
RDM,2025-12-28,RDM-110,pivo,0.0,0.0
RDM,2025-12-28,RDM-112,pivo,0.51,0.51
RDM,2025-12-28,RDM-113,pivo,0.0,0.0
RDM,2025-12-28,RDM-114,pivo,0.0,0.0
RDM,2025-12-28,RDM-115,pivo,0.0,0.0
RDM,2025-12-28,RDM-116,pivo,0.0,0.0
RDM,2025-12-28,RDM-117,pivo,0.0,0.0
RDM,2025-12-28,RDM-118,pivo,0.0,0.0
RDM,2025-12-28,RDM-119,pivo,0.0,0.0
RDM,2025-12-28,RDM-120,pivo,0.0,0.0
RDM,2025-12-28,RDM-121,pivo,0.0,0.0
RDM,2025-12-28,RDM-122,pivo,0.0,0.0
RDM,2025-12-28,RDM-123,pivo,0.51,0.51
RDM,2025-12-28,RDM-124,pivo,0.3,0.3
RDM,2025-12-28,RDM-125,pivo,0.0,0.0
RDM,2025-12-28,RDM-126,pivo,0.0,0.0
RDM,2025-12-28,RDM-127,pivo,0.0,0.0
RDM,2025-12-28,RDM-128,pivo,0.0,0.0
RDM,2025-12-28,RDM-129,pivo,0.0,0.0
RDM,2025-12-28,RDM-130,pivo,0.0,0.0
RDM,2025-12-28,RDM-131,pivo,0.0,0.0
RDM,2025-12-28,RDM-132,pivo,0.0,0.0
RDM,2025-12-28,RDM-133,pivo,0.0,0.0
RDM,2025-12-28,RDM-SC17D8,estacao,0.0,0.0
RDM,2025-12-28,RDM-SC1A38,estacao,0.0,0.0
RDM,2025-12-28,RDM-SC1A4C,estacao,0.0,0.0
RDM,2025-12-28,RDM-SC1AA8,estacao,0.0,0.0
RDM,2025-12-28,RDM-SC1B34,estacao,2.4,2.4
RDM,2025-12-28,RDM-SC1BA8,estacao,0.0,0.0
RDM,2025-12-27,RDM-101,pivo,0.0,0.0
RDM,2025-12-27,RDM-102,pivo,0.0,0.0
RDM,2025-12-27,RDM-103,pivo,0.51,0.51
RDM,2025-12-27,RDM-104,pivo,0.0,0.0
RDM,2025-12-27,RDM-105,pivo,1.52,1.52
RDM,2025-12-27,RDM-106,pivo,0.0,0.0
RDM,2025-12-27,RDM-107,pivo,1.8,1.8
RDM,2025-12-27,RDM-108,pivo,0.0,0.0
RDM,2025-12-27,RDM-109,pivo,0.0,0.0
RDM,2025-12-27,RDM-110,pivo,0.0,0.0
RDM,2025-12-27,RDM-112,pivo,0.0,0.0
RDM,2025-12-27,RDM-113,pivo,0.0,0.0
RDM,2025-12-27,RDM-114,pivo,0.0,0.0
RDM,2025-12-27,RDM-115,pivo,0.0,0.0
RDM,2025-12-27,RDM-116,pivo,3.56,3.56
RDM,2025-12-27,RDM-117,pivo,0.0,0.0
RDM,2025-12-27,RDM-118,pivo,0.9,0.9
RDM,2025-12-27,RDM-119,pivo,0.0,0.0
RDM,2025-12-27,RDM-120,pivo,0.0,0.0
RDM,2025-12-27,RDM-121,pivo,0.0,0.0
RDM,2025-12-27,RDM-122,pivo,0.0,0.0
RDM,2025-12-27,RDM-123,pivo,0.0,0.0
RDM,2025-12-27,RDM-124,pivo,0.0,0.0
RDM,2025-12-27,RDM-125,pivo,0.0,0.0
RDM,2025-12-27,RDM-126,pivo,0.0,0.0
RDM,2025-12-27,RDM-127,pivo,0.0,0.0
RDM,2025-12-27,RDM-128,pivo,0.0,0.0
RDM,2025-12-27,RDM-129,pivo,0.0,0.0
RDM,2025-12-27,RDM-130,pivo,0.0,0.0
RDM,2025-12-27,RDM-131,pivo,0.0,0.0
RDM,2025-12-27,RDM-132,pivo,3.0,3.0
RDM,2025-12-27,RDM-133,pivo,0.0,0.0
RDM,2025-12-27,RDM-SC17D8,estacao,0.6,0.6
RDM,2025-12-27,RDM-SC1A38,estacao,0.0,0.0
RDM,2025-12-27,RDM-SC1A4C,estacao,2.4,2.4
RDM,2025-12-27,RDM-SC1AA8,estacao,0.0,0.0
RDM,2025-12-27,RDM-SC1B34,estacao,3.0,3.0
RDM,2025-12-27,RDM-SC1BA8,estacao,0.0,0.0
RDM,2025-12-26,RDM-101,pivo,0.0,0.0
RDM,2025-12-26,RDM-102,pivo,0.0,0.0
RDM,2025-12-26,RDM-103,pivo,0.0,0.0
RDM,2025-12-26,RDM-104,pivo,0.0,0.0
RDM,2025-12-26,RDM-105,pivo,0.0,0.0
RDM,2025-12-26,RDM-106,pivo,0.0,0.0
RDM,2025-12-26,RDM-107,pivo,0.0,0.0
RDM,2025-12-26,RDM-108,pivo,0.0,0.0
RDM,2025-12-26,RDM-109,pivo,0.0,0.0
RDM,2025-12-26,RDM-110,pivo,0.0,0.0
RDM,2025-12-26,RDM-112,pivo,0.0,0.0
RDM,2025-12-26,RDM-113,pivo,0.0,0.0
RDM,2025-12-26,RDM-114,pivo,0.0,0.0
RDM,2025-12-26,RDM-115,pivo,0.0,0.0
RDM,2025-12-26,RDM-116,pivo,0.76,0.76
RDM,2025-12-26,RDM-117,pivo,0.0,0.0
RDM,2025-12-26,RDM-118,pivo,0.6,0.6
RDM,2025-12-26,RDM-119,pivo,0.0,0.0
RDM,2025-12-26,RDM-120,pivo,0.0,0.0
RDM,2025-12-26,RDM-121,pivo,0.0,0.0
RDM,2025-12-26,RDM-122,pivo,0.0,0.0
RDM,2025-12-26,RDM-123,pivo,0.0,0.0
RDM,2025-12-26,RDM-124,pivo,0.0,0.0
RDM,2025-12-26,RDM-125,pivo,0.0,0.0
RDM,2025-12-26,RDM-126,pivo,0.0,0.0
RDM,2025-12-26,RDM-127,pivo,0.0,0.0
RDM,2025-12-26,RDM-128,pivo,0.0,0.0
RDM,2025-12-26,RDM-129,pivo,0.0,0.0
RDM,2025-12-26,RDM-130,pivo,0.76,0.76
RDM,2025-12-26,RDM-131,pivo,0.0,0.0
RDM,2025-12-26,RDM-132,pivo,0.0,0.0
RDM,2025-12-26,RDM-133,pivo,0.0,0.0
RDM,2025-12-26,RDM-SC17D8,estacao,0.0,0.0
RDM,2025-12-26,RDM-SC1A38,estacao,0.0,0.0
RDM,2025-12-26,RDM-SC1A4C,estacao,0.0,0.0
RDM,2025-12-26,RDM-SC1AA8,estacao,0.0,0.0
RDM,2025-12-26,RDM-SC1B34,estacao,0.0,0.0
RDM,2025-12-26,RDM-SC1BA8,estacao,0.0,0.0
RDM,2025-12-25,RDM-101,pivo,0.0,0.0
RDM,2025-12-25,RDM-102,pivo,0.0,0.0
RDM,2025-12-25,RDM-103,pivo,0.0,0.0
RDM,2025-12-25,RDM-104,pivo,0.0,0.0
RDM,2025-12-25,RDM-105,pivo,0.0,0.0
RDM,2025-12-25,RDM-106,pivo,0.0,0.0
RDM,2025-12-25,RDM-107,pivo,0.0,0.0
RDM,2025-12-25,RDM-108,pivo,0.0,0.0
RDM,2025-12-25,RDM-109,pivo,0.0,0.0
RDM,2025-12-25,RDM-110,pivo,0.0,0.0
RDM,2025-12-25,RDM-112,pivo,0.0,0.0
RDM,2025-12-25,RDM-113,pivo,0.0,0.0
RDM,2025-12-25,RDM-114,pivo,0.0,0.0
RDM,2025-12-25,RDM-115,pivo,0.0,0.0
RDM,2025-12-25,RDM-116,pivo,0.0,0.0
RDM,2025-12-25,RDM-117,pivo,0.0,0.0
RDM,2025-12-25,RDM-118,pivo,0.9,0.9
RDM,2025-12-25,RDM-119,pivo,0.0,0.0
RDM,2025-12-25,RDM-120,pivo,0.0,0.0
RDM,2025-12-25,RDM-121,pivo,0.0,0.0
RDM,2025-12-25,RDM-122,pivo,0.0,0.0
RDM,2025-12-25,RDM-123,pivo,0.0,0.0
RDM,2025-12-25,RDM-124,pivo,0.0,0.0
RDM,2025-12-25,RDM-125,pivo,0.0,0.0
RDM,2025-12-25,RDM-126,pivo,0.0,0.0
RDM,2025-12-25,RDM-127,pivo,0.0,0.0
RDM,2025-12-25,RDM-128,pivo,0.0,0.0
RDM,2025-12-25,RDM-129,pivo,0.0,0.0
RDM,2025-12-25,RDM-130,pivo,0.0,0.0
RDM,2025-12-25,RDM-131,pivo,0.0,0.0
RDM,2025-12-25,RDM-132,pivo,0.0,0.0
RDM,2025-12-25,RDM-133,pivo,0.0,0.0
RDM,2025-12-25,RDM-SC17D8,estacao,0.0,0.0
RDM,2025-12-25,RDM-SC1A38,estacao,0.0,0.0
RDM,2025-12-25,RDM-SC1A4C,estacao,0.0,0.0
RDM,2025-12-25,RDM-SC1AA8,estacao,0.0,0.0
RDM,2025-12-25,RDM-SC1B34,estacao,0.0,0.0
RDM,2025-12-25,RDM-SC1BA8,estacao,0.0,0.0
RDM,2025-12-24,RDM-101,pivo,0.0,0.0
RDM,2025-12-24,RDM-102,pivo,0.0,0.0
RDM,2025-12-24,RDM-103,pivo,0.0,0.0
RDM,2025-12-24,RDM-104,pivo,0.0,0.0
RDM,2025-12-24,RDM-105,pivo,0.0,0.0
RDM,2025-12-24,RDM-106,pivo,0.0,0.0
RDM,2025-12-24,RDM-107,pivo,0.0,0.0
RDM,2025-12-24,RDM-108,pivo,0.0,0.0
RDM,2025-12-24,RDM-109,pivo,0.0,0.0
RDM,2025-12-24,RDM-110,pivo,0.0,0.0
RDM,2025-12-24,RDM-112,pivo,0.0,0.0
RDM,2025-12-24,RDM-113,pivo,0.0,0.0
RDM,2025-12-24,RDM-114,pivo,0.0,0.0
RDM,2025-12-24,RDM-115,pivo,0.0,0.0
RDM,2025-12-24,RDM-116,pivo,0.51,0.51
RDM,2025-12-24,RDM-117,pivo,0.0,0.0
RDM,2025-12-24,RDM-118,pivo,0.6,0.6
RDM,2025-12-24,RDM-119,pivo,0.0,0.0
RDM,2025-12-24,RDM-120,pivo,0.0,0.0
RDM,2025-12-24,RDM-121,pivo,0.0,0.0
RDM,2025-12-24,RDM-122,pivo,0.0,0.0
RDM,2025-12-24,RDM-123,pivo,0.0,0.0
RDM,2025-12-24,RDM-124,pivo,0.0,0.0
RDM,2025-12-24,RDM-125,pivo,0.0,0.0
RDM,2025-12-24,RDM-126,pivo,0.0,0.0
RDM,2025-12-24,RDM-127,pivo,0.0,0.0
RDM,2025-12-24,RDM-128,pivo,0.0,0.0
RDM,2025-12-24,RDM-129,pivo,0.0,0.0
RDM,2025-12-24,RDM-130,pivo,0.0,0.0
RDM,2025-12-24,RDM-131,pivo,0.0,0.0
RDM,2025-12-24,RDM-132,pivo,0.0,0.0
RDM,2025-12-24,RDM-133,pivo,0.0,0.0
RDM,2025-12-24,RDM-SC17D8,estacao,0.0,0.0
RDM,2025-12-24,RDM-SC1A38,estacao,0.0,0.0
RDM,2025-12-24,RDM-SC1A4C,estacao,0.0,0.0
RDM,2025-12-24,RDM-SC1AA8,estacao,0.0,0.0
RDM,2025-12-24,RDM-SC1B34,estacao,0.0,0.0
RDM,2025-12-24,RDM-SC1BA8,estacao,0.0,0.0
RDM,2025-12-23,RDM-101,pivo,0.0,0.0
RDM,2025-12-23,RDM-102,pivo,0.0,0.0
RDM,2025-12-23,RDM-103,pivo,0.0,0.0
RDM,2025-12-23,RDM-104,pivo,0.0,0.0
RDM,2025-12-23,RDM-105,pivo,0.0,0.0
RDM,2025-12-23,RDM-106,pivo,0.0,0.0
RDM,2025-12-23,RDM-107,pivo,0.0,0.0
RDM,2025-12-23,RDM-108,pivo,0.0,0.0
RDM,2025-12-23,RDM-109,pivo,0.0,0.0
RDM,2025-12-23,RDM-110,pivo,0.0,0.0
RDM,2025-12-23,RDM-112,pivo,0.0,0.0
RDM,2025-12-23,RDM-113,pivo,0.0,0.0
RDM,2025-12-23,RDM-114,pivo,0.0,0.0
RDM,2025-12-23,RDM-115,pivo,0.0,0.0
RDM,2025-12-23,RDM-116,pivo,0.25,0.25
RDM,2025-12-23,RDM-117,pivo,0.0,0.0
RDM,2025-12-23,RDM-118,pivo,0.6,0.6
RDM,2025-12-23,RDM-119,pivo,0.0,0.0
RDM,2025-12-23,RDM-120,pivo,0.0,0.0
RDM,2025-12-23,RDM-121,pivo,0.0,0.0
RDM,2025-12-23,RDM-122,pivo,0.0,0.0
RDM,2025-12-23,RDM-123,pivo,0.0,0.0
RDM,2025-12-23,RDM-124,pivo,0.0,0.0
RDM,2025-12-23,RDM-125,pivo,0.0,0.0
RDM,2025-12-23,RDM-126,pivo,0.0,0.0
RDM,2025-12-23,RDM-127,pivo,0.0,0.0
RDM,2025-12-23,RDM-128,pivo,0.0,0.0
RDM,2025-12-23,RDM-129,pivo,0.0,0.0
RDM,2025-12-23,RDM-130,pivo,0.0,0.0
RDM,2025-12-23,RDM-131,pivo,0.0,0.0
RDM,2025-12-23,RDM-132,pivo,0.0,0.0
RDM,2025-12-23,RDM-133,pivo,0.0,0.0
RDM,2025-12-23,RDM-SC17D8,estacao,0.0,0.0
RDM,2025-12-23,RDM-SC1A38,estacao,0.0,0.0
RDM,2025-12-23,RDM-SC1A4C,estacao,0.0,0.0
RDM,2025-12-23,RDM-SC1AA8,estacao,0.0,0.0
RDM,2025-12-23,RDM-SC1B34,estacao,0.0,0.0
RDM,2025-12-23,RDM-SC1BA8,estacao,0.0,0.0
RDM,2025-12-22,RDM-101,pivo,0.0,0.0
RDM,2025-12-22,RDM-102,pivo,0.0,0.0
RDM,2025-12-22,RDM-103,pivo,0.0,0.0
RDM,2025-12-22,RDM-104,pivo,0.0,0.0
RDM,2025-12-22,RDM-105,pivo,0.0,0.0
RDM,2025-12-22,RDM-106,pivo,0.0,0.0
RDM,2025-12-22,RDM-107,pivo,0.0,0.0
RDM,2025-12-22,RDM-108,pivo,0.0,0.0
RDM,2025-12-22,RDM-109,pivo,0.0,0.0
RDM,2025-12-22,RDM-110,pivo,0.0,0.0
RDM,2025-12-22,RDM-112,pivo,0.25,0.25
RDM,2025-12-22,RDM-113,pivo,0.3,0.3
RDM,2025-12-22,RDM-114,pivo,0.0,0.0
RDM,2025-12-22,RDM-115,pivo,0.25,0.25
RDM,2025-12-22,RDM-116,pivo,0.0,0.0
RDM,2025-12-22,RDM-117,pivo,0.0,0.0
RDM,2025-12-22,RDM-118,pivo,0.0,0.0
RDM,2025-12-22,RDM-119,pivo,0.0,0.0
RDM,2025-12-22,RDM-120,pivo,0.0,0.0
RDM,2025-12-22,RDM-121,pivo,0.0,0.0
RDM,2025-12-22,RDM-122,pivo,0.0,0.0
RDM,2025-12-22,RDM-123,pivo,0.0,0.0
RDM,2025-12-22,RDM-124,pivo,0.0,0.0
RDM,2025-12-22,RDM-125,pivo,0.0,0.0
RDM,2025-12-22,RDM-126,pivo,0.0,0.0
RDM,2025-12-22,RDM-127,pivo,0.0,0.0
RDM,2025-12-22,RDM-128,pivo,0.0,0.0
RDM,2025-12-22,RDM-129,pivo,0.0,0.0
RDM,2025-12-22,RDM-130,pivo,0.0,0.0
RDM,2025-12-22,RDM-131,pivo,0.0,0.0
RDM,2025-12-22,RDM-132,pivo,0.0,0.0
RDM,2025-12-22,RDM-133,pivo,0.0,0.0
RDM,2025-12-22,RDM-SC17D8,estacao,0.0,0.0
RDM,2025-12-22,RDM-SC1A38,estacao,0.0,0.0
RDM,2025-12-22,RDM-SC1A4C,estacao,0.0,0.0
RDM,2025-12-22,RDM-SC1AA8,estacao,0.0,0.0
RDM,2025-12-22,RDM-SC1B34,estacao,0.0,0.0
RDM,2025-12-22,RDM-SC1BA8,estacao,0.0,0.0
RDM,2025-12-21,RDM-101,pivo,0.0,0.0
RDM,2025-12-21,RDM-102,pivo,0.0,0.0
RDM,2025-12-21,RDM-103,pivo,0.0,0.0
RDM,2025-12-21,RDM-104,pivo,0.0,0.0
RDM,2025-12-21,RDM-105,pivo,0.0,0.0
RDM,2025-12-21,RDM-106,pivo,0.0,0.0
RDM,2025-12-21,RDM-107,pivo,0.0,0.0
RDM,2025-12-21,RDM-108,pivo,0.0,0.0
RDM,2025-12-21,RDM-109,pivo,0.0,0.0
RDM,2025-12-21,RDM-110,pivo,0.0,0.0
RDM,2025-12-21,RDM-112,pivo,0.0,0.0
RDM,2025-12-21,RDM-113,pivo,0.3,0.3
RDM,2025-12-21,RDM-114,pivo,0.0,0.0
RDM,2025-12-21,RDM-115,pivo,0.51,0.51
RDM,2025-12-21,RDM-116,pivo,0.0,0.0
RDM,2025-12-21,RDM-117,pivo,0.0,0.0
RDM,2025-12-21,RDM-118,pivo,0.6,0.6
RDM,2025-12-21,RDM-119,pivo,0.0,0.0
RDM,2025-12-21,RDM-120,pivo,0.0,0.0
RDM,2025-12-21,RDM-121,pivo,0.0,0.0
RDM,2025-12-21,RDM-122,pivo,0.0,0.0
RDM,2025-12-21,RDM-123,pivo,0.0,0.0
RDM,2025-12-21,RDM-124,pivo,0.0,0.0
RDM,2025-12-21,RDM-125,pivo,0.0,0.0
RDM,2025-12-21,RDM-126,pivo,0.6,0.6
RDM,2025-12-21,RDM-127,pivo,0.0,0.0
RDM,2025-12-21,RDM-128,pivo,0.0,0.0
RDM,2025-12-21,RDM-129,pivo,0.0,0.0
RDM,2025-12-21,RDM-130,pivo,0.0,0.0
RDM,2025-12-21,RDM-131,pivo,0.25,0.25
RDM,2025-12-21,RDM-132,pivo,0.3,0.3
RDM,2025-12-21,RDM-133,pivo,0.0,0.0
RDM,2025-12-21,RDM-SC17D8,estacao,0.0,0.0
RDM,2025-12-21,RDM-SC1A38,estacao,0.0,0.0
RDM,2025-12-21,RDM-SC1A4C,estacao,0.0,0.0
RDM,2025-12-21,RDM-SC1AA8,estacao,0.0,0.0
RDM,2025-12-21,RDM-SC1B34,estacao,0.0,0.0
RDM,2025-12-21,RDM-SC1BA8,estacao,0.0,0.0
RDM,2025-12-20,RDM-101,pivo,0.0,0.0
RDM,2025-12-20,RDM-102,pivo,0.0,0.0
RDM,2025-12-20,RDM-103,pivo,0.0,0.0
RDM,2025-12-20,RDM-104,pivo,0.0,0.0
RDM,2025-12-20,RDM-105,pivo,0.0,0.0
RDM,2025-12-20,RDM-106,pivo,0.0,0.0
RDM,2025-12-20,RDM-107,pivo,0.0,0.0
RDM,2025-12-20,RDM-108,pivo,0.0,0.0
RDM,2025-12-20,RDM-109,pivo,0.0,0.0
RDM,2025-12-20,RDM-110,pivo,0.0,0.0
RDM,2025-12-20,RDM-112,pivo,0.0,0.0
RDM,2025-12-20,RDM-113,pivo,0.3,0.3
RDM,2025-12-20,RDM-114,pivo,0.0,0.0
RDM,2025-12-20,RDM-115,pivo,0.0,0.0
RDM,2025-12-20,RDM-116,pivo,0.0,0.0
RDM,2025-12-20,RDM-117,pivo,0.0,0.0
RDM,2025-12-20,RDM-118,pivo,0.0,0.0
RDM,2025-12-20,RDM-119,pivo,0.0,0.0
RDM,2025-12-20,RDM-120,pivo,0.0,0.0
RDM,2025-12-20,RDM-121,pivo,0.0,0.0
RDM,2025-12-20,RDM-122,pivo,0.51,0.51
RDM,2025-12-20,RDM-123,pivo,0.0,0.0
RDM,2025-12-20,RDM-124,pivo,0.0,0.0
RDM,2025-12-20,RDM-125,pivo,0.0,0.0
RDM,2025-12-20,RDM-126,pivo,0.0,0.0
RDM,2025-12-20,RDM-127,pivo,0.0,0.0
RDM,2025-12-20,RDM-128,pivo,0.0,0.0
RDM,2025-12-20,RDM-129,pivo,0.0,0.0
RDM,2025-12-20,RDM-130,pivo,0.0,0.0
RDM,2025-12-20,RDM-131,pivo,0.0,0.0
RDM,2025-12-20,RDM-132,pivo,0.0,0.0
RDM,2025-12-20,RDM-133,pivo,0.0,0.0
RDM,2025-12-20,RDM-SC17D8,estacao,0.0,0.0
RDM,2025-12-20,RDM-SC1A38,estacao,0.0,0.0
RDM,2025-12-20,RDM-SC1A4C,estacao,0.0,0.0
RDM,2025-12-20,RDM-SC1AA8,estacao,0.0,0.0
RDM,2025-12-20,RDM-SC1B34,estacao,0.0,0.0
RDM,2025-12-20,RDM-SC1BA8,estacao,0.0,0.0
RDM,2025-12-19,RDM-101,pivo,0.0,0.0
RDM,2025-12-19,RDM-102,pivo,0.0,0.0
RDM,2025-12-19,RDM-103,pivo,0.0,0.0
RDM,2025-12-19,RDM-104,pivo,0.0,0.0
RDM,2025-12-19,RDM-105,pivo,0.0,0.0
RDM,2025-12-19,RDM-106,pivo,0.0,0.0
RDM,2025-12-19,RDM-107,pivo,0.0,0.0
RDM,2025-12-19,RDM-108,pivo,0.0,0.0
RDM,2025-12-19,RDM-109,pivo,0.0,0.0
RDM,2025-12-19,RDM-110,pivo,0.0,0.0
RDM,2025-12-19,RDM-112,pivo,0.0,0.0
RDM,2025-12-19,RDM-113,pivo,0.6,0.6
RDM,2025-12-19,RDM-114,pivo,0.0,0.0
RDM,2025-12-19,RDM-115,pivo,0.0,0.0
RDM,2025-12-19,RDM-116,pivo,0.0,0.0
RDM,2025-12-19,RDM-117,pivo,0.0,0.0
RDM,2025-12-19,RDM-118,pivo,0.0,0.0
RDM,2025-12-19,RDM-119,pivo,0.0,0.0
RDM,2025-12-19,RDM-120,pivo,0.0,0.0
RDM,2025-12-19,RDM-121,pivo,0.0,0.0
RDM,2025-12-19,RDM-122,pivo,0.0,0.0
RDM,2025-12-19,RDM-123,pivo,0.0,0.0
RDM,2025-12-19,RDM-124,pivo,0.0,0.0
RDM,2025-12-19,RDM-125,pivo,0.0,0.0
RDM,2025-12-19,RDM-126,pivo,0.0,0.0
RDM,2025-12-19,RDM-127,pivo,0.0,0.0
RDM,2025-12-19,RDM-128,pivo,0.0,0.0
RDM,2025-12-19,RDM-129,pivo,0.0,0.0
RDM,2025-12-19,RDM-130,pivo,0.0,0.0
RDM,2025-12-19,RDM-131,pivo,0.0,0.0
RDM,2025-12-19,RDM-132,pivo,0.0,0.0
RDM,2025-12-19,RDM-133,pivo,0.0,0.0
RDM,2025-12-19,RDM-SC17D8,estacao,0.0,0.0
RDM,2025-12-19,RDM-SC1A38,estacao,0.0,0.0
RDM,2025-12-19,RDM-SC1A4C,estacao,0.0,0.0
RDM,2025-12-19,RDM-SC1AA8,estacao,0.0,0.0
RDM,2025-12-19,RDM-SC1B34,estacao,0.0,0.0
RDM,2025-12-19,RDM-SC1BA8,estacao,0.0,0.0
RDM,2025-12-18,RDM-101,pivo,21.5,21.5
RDM,2025-12-18,RDM-102,pivo,25.0,25.0
RDM,2025-12-18,RDM-103,pivo,21.34,21.34
RDM,2025-12-18,RDM-104,pivo,14.99,14.99
RDM,2025-12-18,RDM-105,pivo,16.51,16.51
RDM,2025-12-18,RDM-106,pivo,14.48,14.48
RDM,2025-12-18,RDM-107,pivo,17.4,17.4
RDM,2025-12-18,RDM-108,pivo,9.14,9.14
RDM,2025-12-18,RDM-109,pivo,16.0,16.0
RDM,2025-12-18,RDM-110,pivo,0.0,0.0
RDM,2025-12-18,RDM-112,pivo,11.43,11.43
RDM,2025-12-18,RDM-113,pivo,1.8,1.8
RDM,2025-12-18,RDM-114,pivo,0.75,0.75
RDM,2025-12-18,RDM-115,pivo,4.57,4.57
RDM,2025-12-18,RDM-116,pivo,1.52,1.52
RDM,2025-12-18,RDM-117,pivo,0.3,0.3
RDM,2025-12-18,RDM-118,pivo,2.1,2.1
RDM,2025-12-18,RDM-119,pivo,0.51,0.51
RDM,2025-12-18,RDM-120,pivo,1.27,1.27
RDM,2025-12-18,RDM-121,pivo,1.02,1.02
RDM,2025-12-18,RDM-122,pivo,6.35,6.35
RDM,2025-12-18,RDM-123,pivo,1.78,1.78
RDM,2025-12-18,RDM-124,pivo,1.5,1.5
RDM,2025-12-18,RDM-125,pivo,4.8,4.8
RDM,2025-12-18,RDM-126,pivo,0.6,0.6
RDM,2025-12-18,RDM-127,pivo,3.3,3.3
RDM,2025-12-18,RDM-128,pivo,1.52,1.52
RDM,2025-12-18,RDM-129,pivo,4.32,4.32
RDM,2025-12-18,RDM-130,pivo,2.29,2.29
RDM,2025-12-18,RDM-131,pivo,8.13,8.13
RDM,2025-12-18,RDM-132,pivo,23.1,23.1
RDM,2025-12-18,RDM-133,pivo,3.81,3.81
RDM,2025-12-18,RDM-SC17D8,estacao,8.4,8.4
RDM,2025-12-18,RDM-SC1A38,estacao,7.5,7.5
RDM,2025-12-18,RDM-SC1A4C,estacao,17.4,17.4
RDM,2025-12-18,RDM-SC1AA8,estacao,2.1,2.1
RDM,2025-12-18,RDM-SC1B34,estacao,45.9,45.9
RDM,2025-12-18,RDM-SC1BA8,estacao,4.8,4.8
RDM,2025-12-17,RDM-101,pivo,55.0,55.0
RDM,2025-12-17,RDM-102,pivo,36.0,36.0
RDM,2025-12-17,RDM-103,pivo,36.83,36.83
RDM,2025-12-17,RDM-104,pivo,25.15,25.15
RDM,2025-12-17,RDM-105,pivo,9.4,9.4
RDM,2025-12-17,RDM-106,pivo,14.48,14.48
RDM,2025-12-17,RDM-107,pivo,6.3,6.3
RDM,2025-12-17,RDM-108,pivo,6.35,6.35
RDM,2025-12-17,RDM-109,pivo,25.91,25.91
RDM,2025-12-17,RDM-110,pivo,15.1,15.1
RDM,2025-12-17,RDM-112,pivo,54.1,54.1
RDM,2025-12-17,RDM-113,pivo,17.1,17.1
RDM,2025-12-17,RDM-114,pivo,44.0,44.0
RDM,2025-12-17,RDM-115,pivo,39.12,39.12
RDM,2025-12-17,RDM-116,pivo,37.59,37.59
RDM,2025-12-17,RDM-117,pivo,40.8,40.8
RDM,2025-12-17,RDM-118,pivo,27.5,27.5
RDM,2025-12-17,RDM-119,pivo,15.75,15.75
RDM,2025-12-17,RDM-120,pivo,27.94,27.94
RDM,2025-12-17,RDM-121,pivo,13.21,13.21
RDM,2025-12-17,RDM-122,pivo,25.91,25.91
RDM,2025-12-17,RDM-123,pivo,13.21,13.21
RDM,2025-12-17,RDM-124,pivo,10.2,10.2
RDM,2025-12-17,RDM-125,pivo,12.6,12.6
RDM,2025-12-17,RDM-126,pivo,10.2,10.2
RDM,2025-12-17,RDM-127,pivo,9.91,9.91
RDM,2025-12-17,RDM-128,pivo,11.68,11.68
RDM,2025-12-17,RDM-129,pivo,12.95,12.95
RDM,2025-12-17,RDM-130,pivo,13.97,13.97
RDM,2025-12-17,RDM-131,pivo,21.84,21.84
RDM,2025-12-17,RDM-132,pivo,22.5,22.5
RDM,2025-12-17,RDM-133,pivo,13.21,13.21
RDM,2025-12-17,RDM-SC17D8,estacao,51.9,51.9
RDM,2025-12-17,RDM-SC1A38,estacao,36.9,36.9
RDM,2025-12-17,RDM-SC1A4C,estacao,5.7,5.7
RDM,2025-12-17,RDM-SC1AA8,estacao,42.0,42.0
RDM,2025-12-17,RDM-SC1B34,estacao,11.4,11.4
RDM,2025-12-17,RDM-SC1BA8,estacao,18.0,18.0
RDM,2025-12-16,RDM-101,pivo,0.0,0.0
RDM,2025-12-16,RDM-102,pivo,0.0,0.0
RDM,2025-12-16,RDM-103,pivo,0.0,0.0
RDM,2025-12-16,RDM-104,pivo,0.0,0.0
RDM,2025-12-16,RDM-105,pivo,0.0,0.0
RDM,2025-12-16,RDM-106,pivo,0.0,0.0
RDM,2025-12-16,RDM-107,pivo,0.0,0.0
RDM,2025-12-16,RDM-108,pivo,0.0,0.0
RDM,2025-12-16,RDM-109,pivo,0.0,0.0
RDM,2025-12-16,RDM-110,pivo,0.0,0.0
RDM,2025-12-16,RDM-112,pivo,0.0,0.0
RDM,2025-12-16,RDM-113,pivo,0.0,0.0
RDM,2025-12-16,RDM-114,pivo,0.0,0.0
RDM,2025-12-16,RDM-115,pivo,0.0,0.0
RDM,2025-12-16,RDM-116,pivo,0.0,0.0
RDM,2025-12-16,RDM-117,pivo,0.0,0.0
RDM,2025-12-16,RDM-118,pivo,0.9,0.9
RDM,2025-12-16,RDM-119,pivo,0.0,0.0
RDM,2025-12-16,RDM-120,pivo,0.0,0.0
RDM,2025-12-16,RDM-121,pivo,0.0,0.0
RDM,2025-12-16,RDM-122,pivo,0.0,0.0
RDM,2025-12-16,RDM-123,pivo,0.0,0.0
RDM,2025-12-16,RDM-124,pivo,0.0,0.0
RDM,2025-12-16,RDM-125,pivo,0.0,0.0
RDM,2025-12-16,RDM-126,pivo,0.0,0.0
RDM,2025-12-16,RDM-127,pivo,0.0,0.0
RDM,2025-12-16,RDM-128,pivo,0.0,0.0
RDM,2025-12-16,RDM-129,pivo,0.0,0.0
RDM,2025-12-16,RDM-130,pivo,0.0,0.0
RDM,2025-12-16,RDM-131,pivo,0.0,0.0
RDM,2025-12-16,RDM-132,pivo,0.0,0.0
RDM,2025-12-16,RDM-133,pivo,0.0,0.0
RDM,2025-12-16,RDM-SC17D8,estacao,0.0,0.0
RDM,2025-12-16,RDM-SC1A38,estacao,0.0,0.0
RDM,2025-12-16,RDM-SC1A4C,estacao,0.0,0.0
RDM,2025-12-16,RDM-SC1AA8,estacao,0.0,0.0
RDM,2025-12-16,RDM-SC1B34,estacao,0.0,0.0
RDM,2025-12-16,RDM-SC1BA8,estacao,0.0,0.0
RDM,2025-12-15,RDM-101,pivo,4.5,4.5
RDM,2025-12-15,RDM-102,pivo,1.75,1.75
RDM,2025-12-15,RDM-103,pivo,2.29,2.29
RDM,2025-12-15,RDM-104,pivo,2.03,2.03
RDM,2025-12-15,RDM-105,pivo,2.29,2.29
RDM,2025-12-15,RDM-106,pivo,2.03,2.03
RDM,2025-12-15,RDM-107,pivo,2.7,2.7
RDM,2025-12-15,RDM-108,pivo,1.78,1.78
RDM,2025-12-15,RDM-109,pivo,1.78,1.78
RDM,2025-12-15,RDM-110,pivo,1.8,1.8
RDM,2025-12-15,RDM-112,pivo,8.38,8.38
RDM,2025-12-15,RDM-113,pivo,3.6,3.6
RDM,2025-12-15,RDM-114,pivo,7.5,7.5
RDM,2025-12-15,RDM-115,pivo,6.1,6.1
RDM,2025-12-15,RDM-116,pivo,6.86,6.86
RDM,2025-12-15,RDM-117,pivo,6.6,6.6
RDM,2025-12-15,RDM-118,pivo,6.68,6.68
RDM,2025-12-15,RDM-119,pivo,12.45,12.45
RDM,2025-12-15,RDM-120,pivo,2.29,2.29
RDM,2025-12-15,RDM-121,pivo,4.57,4.57
RDM,2025-12-15,RDM-122,pivo,2.03,2.03
RDM,2025-12-15,RDM-123,pivo,3.3,3.3
RDM,2025-12-15,RDM-124,pivo,3.3,3.3
RDM,2025-12-15,RDM-125,pivo,1.8,1.8
RDM,2025-12-15,RDM-126,pivo,5.4,5.4
RDM,2025-12-15,RDM-127,pivo,1.78,1.78
RDM,2025-12-15,RDM-128,pivo,4.02,4.02
RDM,2025-12-15,RDM-129,pivo,4.32,4.32
RDM,2025-12-15,RDM-130,pivo,5.84,5.84
RDM,2025-12-15,RDM-131,pivo,7.87,7.87
RDM,2025-12-15,RDM-132,pivo,4.5,4.5
RDM,2025-12-15,RDM-133,pivo,1.27,1.27
RDM,2025-12-15,RDM-SC17D8,estacao,3.9,3.9
RDM,2025-12-15,RDM-SC1A38,estacao,1.8,1.8
RDM,2025-12-15,RDM-SC1A4C,estacao,2.4,2.4
RDM,2025-12-15,RDM-SC1AA8,estacao,15.3,15.3
RDM,2025-12-15,RDM-SC1B34,estacao,3.3,3.3
RDM,2025-12-15,RDM-SC1BA8,estacao,1.2,1.2
RDM,2025-12-14,RDM-101,pivo,0.0,0.0
RDM,2025-12-14,RDM-102,pivo,0.0,0.0
RDM,2025-12-14,RDM-103,pivo,0.0,0.0
RDM,2025-12-14,RDM-104,pivo,0.0,0.0
RDM,2025-12-14,RDM-105,pivo,0.0,0.0
RDM,2025-12-14,RDM-106,pivo,0.0,0.0
RDM,2025-12-14,RDM-107,pivo,0.0,0.0
RDM,2025-12-14,RDM-108,pivo,0.25,0.25
RDM,2025-12-14,RDM-109,pivo,0.0,0.0
RDM,2025-12-14,RDM-110,pivo,0.0,0.0
RDM,2025-12-14,RDM-112,pivo,0.0,0.0
RDM,2025-12-14,RDM-113,pivo,0.3,0.3
RDM,2025-12-14,RDM-114,pivo,0.0,0.0
RDM,2025-12-14,RDM-115,pivo,0.0,0.0
RDM,2025-12-14,RDM-116,pivo,0.0,0.0
RDM,2025-12-14,RDM-117,pivo,0.0,0.0
RDM,2025-12-14,RDM-118,pivo,0.9,0.9
RDM,2025-12-14,RDM-119,pivo,0.0,0.0
RDM,2025-12-14,RDM-120,pivo,0.25,0.25
RDM,2025-12-14,RDM-121,pivo,0.25,0.25
RDM,2025-12-14,RDM-122,pivo,0.25,0.25
RDM,2025-12-14,RDM-123,pivo,0.0,0.0
RDM,2025-12-14,RDM-124,pivo,0.0,0.0
RDM,2025-12-14,RDM-125,pivo,0.0,0.0
RDM,2025-12-14,RDM-126,pivo,0.0,0.0
RDM,2025-12-14,RDM-127,pivo,0.25,0.25
RDM,2025-12-14,RDM-128,pivo,0.0,0.0
RDM,2025-12-14,RDM-129,pivo,0.0,0.0
RDM,2025-12-14,RDM-130,pivo,0.0,0.0
RDM,2025-12-14,RDM-131,pivo,0.0,0.0
RDM,2025-12-14,RDM-132,pivo,0.0,0.0
RDM,2025-12-14,RDM-133,pivo,0.0,0.0
RDM,2025-12-14,RDM-SC17D8,estacao,0.0,0.0
RDM,2025-12-14,RDM-SC1A38,estacao,0.0,0.0
RDM,2025-12-14,RDM-SC1A4C,estacao,2.7,2.7
RDM,2025-12-14,RDM-SC1AA8,estacao,0.0,0.0
RDM,2025-12-14,RDM-SC1B34,estacao,0.0,0.0
RDM,2025-12-14,RDM-SC1BA8,estacao,0.0,0.0
RDM,2025-12-13,RDM-101,pivo,8.0,8.0
RDM,2025-12-13,RDM-102,pivo,7.25,7.25
RDM,2025-12-13,RDM-103,pivo,3.3,3.3
RDM,2025-12-13,RDM-104,pivo,4.32,4.32
RDM,2025-12-13,RDM-105,pivo,3.81,3.81
RDM,2025-12-13,RDM-106,pivo,5.59,5.59
RDM,2025-12-13,RDM-107,pivo,17.7,17.7
RDM,2025-12-13,RDM-108,pivo,22.86,22.86
RDM,2025-12-13,RDM-109,pivo,5.08,5.08
RDM,2025-12-13,RDM-110,pivo,7.5,7.5
RDM,2025-12-13,RDM-112,pivo,20.57,20.57
RDM,2025-12-13,RDM-113,pivo,32.4,32.4
RDM,2025-12-13,RDM-114,pivo,22.25,22.25
RDM,2025-12-13,RDM-115,pivo,30.73,30.73
RDM,2025-12-13,RDM-116,pivo,34.8,34.8
RDM,2025-12-13,RDM-117,pivo,34.5,34.5
RDM,2025-12-13,RDM-118,pivo,33.33,33.33
RDM,2025-12-13,RDM-119,pivo,34.04,34.04
RDM,2025-12-13,RDM-120,pivo,31.24,31.24
RDM,2025-12-13,RDM-121,pivo,37.85,37.85
RDM,2025-12-13,RDM-122,pivo,23.37,23.37
RDM,2025-12-13,RDM-123,pivo,36.58,36.58
RDM,2025-12-13,RDM-124,pivo,46.8,46.8
RDM,2025-12-13,RDM-125,pivo,27.9,27.9
RDM,2025-12-13,RDM-126,pivo,46.5,46.5
RDM,2025-12-13,RDM-127,pivo,18.8,18.8
RDM,2025-12-13,RDM-128,pivo,32.51,32.51
RDM,2025-12-13,RDM-129,pivo,29.72,29.72
RDM,2025-12-13,RDM-130,pivo,38.1,38.1
RDM,2025-12-13,RDM-131,pivo,50.04,50.04
RDM,2025-12-13,RDM-132,pivo,40.5,40.5
RDM,2025-12-13,RDM-133,pivo,15.75,15.75
RDM,2025-12-13,RDM-SC17D8,estacao,15.9,15.9
RDM,2025-12-13,RDM-SC1A38,estacao,14.1,14.1
RDM,2025-12-13,RDM-SC1A4C,estacao,18.3,18.3
RDM,2025-12-13,RDM-SC1AA8,estacao,43.2,43.2
RDM,2025-12-13,RDM-SC1B34,estacao,12.0,12.0
RDM,2025-12-13,RDM-SC1BA8,estacao,24.9,24.9
RDM,2025-12-12,RDM-101,pivo,10.5,10.5
RDM,2025-12-12,RDM-102,pivo,10.5,10.5
RDM,2025-12-12,RDM-103,pivo,8.64,8.64
RDM,2025-12-12,RDM-104,pivo,9.14,9.14
RDM,2025-12-12,RDM-105,pivo,4.83,4.83
RDM,2025-12-12,RDM-106,pivo,1.78,1.78
RDM,2025-12-12,RDM-107,pivo,2.4,2.4
RDM,2025-12-12,RDM-108,pivo,1.02,1.02
RDM,2025-12-12,RDM-109,pivo,2.03,2.03
RDM,2025-12-12,RDM-110,pivo,1.8,1.8
RDM,2025-12-12,RDM-112,pivo,5.33,5.33
RDM,2025-12-12,RDM-113,pivo,3.9,3.9
RDM,2025-12-12,RDM-114,pivo,1.75,1.75
RDM,2025-12-12,RDM-115,pivo,2.54,2.54
RDM,2025-12-12,RDM-116,pivo,3.3,3.3
RDM,2025-12-12,RDM-117,pivo,3.3,3.3
RDM,2025-12-12,RDM-118,pivo,7.54,7.54
RDM,2025-12-12,RDM-119,pivo,5.84,5.84
RDM,2025-12-12,RDM-120,pivo,13.46,13.46
RDM,2025-12-12,RDM-121,pivo,3.3,3.3
RDM,2025-12-12,RDM-122,pivo,4.83,4.83
RDM,2025-12-12,RDM-123,pivo,4.06,4.06
RDM,2025-12-12,RDM-124,pivo,2.1,2.1
RDM,2025-12-12,RDM-125,pivo,2.7,2.7
RDM,2025-12-12,RDM-126,pivo,7.8,7.8
RDM,2025-12-12,RDM-127,pivo,4.32,4.32
RDM,2025-12-12,RDM-128,pivo,4.32,4.32
RDM,2025-12-12,RDM-129,pivo,1.27,1.27
RDM,2025-12-12,RDM-130,pivo,1.52,1.52
RDM,2025-12-12,RDM-131,pivo,0.76,0.76
RDM,2025-12-12,RDM-132,pivo,4.8,4.8
RDM,2025-12-12,RDM-133,pivo,2.03,2.03
RDM,2025-12-12,RDM-SC17D8,estacao,1.2,1.2
RDM,2025-12-12,RDM-SC1A38,estacao,3.3,3.3
RDM,2025-12-12,RDM-SC1A4C,estacao,0.9,0.9
RDM,2025-12-12,RDM-SC1AA8,estacao,2.1,2.1
RDM,2025-12-12,RDM-SC1B34,estacao,2.1,2.1
RDM,2025-12-12,RDM-SC1BA8,estacao,11.7,11.7
RDM,2025-12-10,RDM-101,pivo,0.75,0.75
RDM,2025-12-10,RDM-102,pivo,3.25,3.25
RDM,2025-12-10,RDM-103,pivo,1.27,1.27
RDM,2025-12-10,RDM-104,pivo,1.27,1.27
RDM,2025-12-10,RDM-105,pivo,0.0,0.0
RDM,2025-12-10,RDM-106,pivo,0.76,0.76
RDM,2025-12-10,RDM-107,pivo,0.0,0.0
RDM,2025-12-10,RDM-108,pivo,0.0,0.0
RDM,2025-12-10,RDM-109,pivo,5.08,5.08
RDM,2025-12-10,RDM-110,pivo,0.0,0.0
RDM,2025-12-10,RDM-112,pivo,3.56,3.56
RDM,2025-12-10,RDM-113,pivo,4.5,4.5
RDM,2025-12-10,RDM-114,pivo,3.5,3.5
RDM,2025-12-10,RDM-115,pivo,2.54,2.54
RDM,2025-12-10,RDM-116,pivo,2.03,2.03
RDM,2025-12-10,RDM-117,pivo,3.3,3.3
RDM,2025-12-10,RDM-118,pivo,3.81,3.81
RDM,2025-12-10,RDM-119,pivo,4.32,4.32
RDM,2025-12-10,RDM-120,pivo,5.08,5.08
RDM,2025-12-10,RDM-121,pivo,4.06,4.06
RDM,2025-12-10,RDM-122,pivo,4.06,4.06
RDM,2025-12-10,RDM-123,pivo,3.3,3.3
RDM,2025-12-10,RDM-124,pivo,1.5,1.5
RDM,2025-12-10,RDM-125,pivo,1.8,1.8
RDM,2025-12-10,RDM-126,pivo,3.9,3.9
RDM,2025-12-10,RDM-127,pivo,2.03,2.03
RDM,2025-12-10,RDM-128,pivo,5.08,5.08
RDM,2025-12-10,RDM-129,pivo,3.81,3.81
RDM,2025-12-10,RDM-130,pivo,3.81,3.81
RDM,2025-12-10,RDM-131,pivo,4.06,4.06
RDM,2025-12-10,RDM-132,pivo,4.5,4.5
RDM,2025-12-10,RDM-133,pivo,6.6,6.6
RDM,2025-12-10,RDM-SC17D8,estacao,1.5,1.5
RDM,2025-12-10,RDM-SC1A38,estacao,4.2,4.2
RDM,2025-12-10,RDM-SC1A4C,estacao,0.0,0.0
RDM,2025-12-10,RDM-SC1AA8,estacao,1.5,1.5
RDM,2025-12-10,RDM-SC1B34,estacao,0.3,0.3
RDM,2025-12-10,RDM-SC1BA8,estacao,11.7,11.7
RDM,2025-12-09,RDM-101,pivo,14.25,14.25
RDM,2025-12-09,RDM-102,pivo,11.25,11.25
RDM,2025-12-09,RDM-103,pivo,10.41,10.41
RDM,2025-12-09,RDM-104,pivo,13.46,13.46
RDM,2025-12-09,RDM-105,pivo,7.11,7.11
RDM,2025-12-09,RDM-106,pivo,10.92,10.92
RDM,2025-12-09,RDM-107,pivo,9.3,9.3
RDM,2025-12-09,RDM-108,pivo,7.37,7.37
RDM,2025-12-09,RDM-109,pivo,11.94,11.94
RDM,2025-12-09,RDM-110,pivo,9.6,9.6
RDM,2025-12-09,RDM-112,pivo,17.78,17.78
RDM,2025-12-09,RDM-113,pivo,15.9,15.9
RDM,2025-12-09,RDM-114,pivo,26.0,26.0
RDM,2025-12-09,RDM-115,pivo,27.69,27.69
RDM,2025-12-09,RDM-116,pivo,21.84,21.84
RDM,2025-12-09,RDM-117,pivo,28.2,28.2
RDM,2025-12-09,RDM-118,pivo,36.13,36.13
RDM,2025-12-09,RDM-119,pivo,39.37,39.37
RDM,2025-12-09,RDM-120,pivo,47.24,47.24
RDM,2025-12-09,RDM-121,pivo,45.21,45.21
RDM,2025-12-09,RDM-122,pivo,35.81,35.81
RDM,2025-12-09,RDM-123,pivo,35.05,35.05
RDM,2025-12-09,RDM-124,pivo,39.9,39.9
RDM,2025-12-09,RDM-125,pivo,40.8,40.8
RDM,2025-12-09,RDM-126,pivo,33.9,33.9
RDM,2025-12-09,RDM-127,pivo,35.81,35.81
RDM,2025-12-09,RDM-128,pivo,37.85,37.85
RDM,2025-12-09,RDM-129,pivo,37.34,37.34
RDM,2025-12-09,RDM-130,pivo,20.57,20.57
RDM,2025-12-09,RDM-131,pivo,17.53,17.53
RDM,2025-12-09,RDM-132,pivo,28.2,28.2
RDM,2025-12-09,RDM-133,pivo,30.73,30.73
RDM,2025-12-09,RDM-SC17D8,estacao,19.5,19.5
RDM,2025-12-09,RDM-SC1A38,estacao,43.5,43.5
RDM,2025-12-09,RDM-SC1A4C,estacao,6.6,6.6
RDM,2025-12-09,RDM-SC1AA8,estacao,29.1,29.1
RDM,2025-12-09,RDM-SC1B34,estacao,16.8,16.8
RDM,2025-12-09,RDM-SC1BA8,estacao,40.5,40.5
RDM,2025-12-08,RDM-101,pivo,15.5,15.5
RDM,2025-12-08,RDM-102,pivo,12.25,12.25
RDM,2025-12-08,RDM-103,pivo,15.24,15.24
RDM,2025-12-08,RDM-104,pivo,16.76,16.76
RDM,2025-12-08,RDM-105,pivo,19.81,19.81
RDM,2025-12-08,RDM-106,pivo,22.86,22.86
RDM,2025-12-08,RDM-107,pivo,26.7,26.7
RDM,2025-12-08,RDM-108,pivo,22.61,22.61
RDM,2025-12-08,RDM-109,pivo,23.62,23.62
RDM,2025-12-08,RDM-110,pivo,22.7,22.7
RDM,2025-12-08,RDM-112,pivo,15.24,15.24
RDM,2025-12-08,RDM-113,pivo,16.2,16.2
RDM,2025-12-08,RDM-114,pivo,15.75,15.75
RDM,2025-12-08,RDM-115,pivo,14.73,14.73
RDM,2025-12-08,RDM-116,pivo,16.26,16.26
RDM,2025-12-08,RDM-117,pivo,19.2,19.2
RDM,2025-12-08,RDM-118,pivo,13.9,13.9
RDM,2025-12-08,RDM-119,pivo,14.73,14.73
RDM,2025-12-08,RDM-120,pivo,10.67,10.67
RDM,2025-12-08,RDM-121,pivo,12.45,12.45
RDM,2025-12-08,RDM-122,pivo,13.21,13.21
RDM,2025-12-08,RDM-123,pivo,12.19,12.19
RDM,2025-12-08,RDM-124,pivo,18.0,18.0
RDM,2025-12-08,RDM-125,pivo,16.5,16.5
RDM,2025-12-08,RDM-126,pivo,13.8,13.8
RDM,2025-12-08,RDM-127,pivo,16.26,16.26
RDM,2025-12-08,RDM-128,pivo,17.02,17.02
RDM,2025-12-08,RDM-129,pivo,17.27,17.27
RDM,2025-12-08,RDM-130,pivo,18.54,18.54
RDM,2025-12-08,RDM-131,pivo,19.3,19.3
RDM,2025-12-08,RDM-132,pivo,21.3,21.3
RDM,2025-12-08,RDM-133,pivo,16.0,16.0
RDM,2025-12-08,RDM-SC17D8,estacao,10.8,10.8
RDM,2025-12-08,RDM-SC1A38,estacao,19.5,19.5
RDM,2025-12-08,RDM-SC1A4C,estacao,21.6,21.6
RDM,2025-12-08,RDM-SC1AA8,estacao,12.6,12.6
RDM,2025-12-08,RDM-SC1B34,estacao,14.1,14.1
RDM,2025-12-08,RDM-SC1BA8,estacao,5.7,5.7
RDM,2025-12-07,RDM-101,pivo,7.75,7.75
RDM,2025-12-07,RDM-102,pivo,8.0,8.0
RDM,2025-12-07,RDM-103,pivo,6.86,6.86
RDM,2025-12-07,RDM-104,pivo,9.91,9.91
RDM,2025-12-07,RDM-105,pivo,8.38,8.38
RDM,2025-12-07,RDM-106,pivo,7.11,7.11
RDM,2025-12-07,RDM-107,pivo,29.1,29.1
RDM,2025-12-07,RDM-108,pivo,19.56,19.56
RDM,2025-12-07,RDM-109,pivo,10.41,10.41
RDM,2025-12-07,RDM-110,pivo,9.14,9.14
RDM,2025-12-07,RDM-112,pivo,9.4,9.4
RDM,2025-12-07,RDM-113,pivo,13.8,13.8
RDM,2025-12-07,RDM-114,pivo,11.75,11.75
RDM,2025-12-07,RDM-115,pivo,10.16,10.16
RDM,2025-12-07,RDM-116,pivo,9.65,9.65
RDM,2025-12-07,RDM-117,pivo,15.0,15.0
RDM,2025-12-07,RDM-118,pivo,8.21,8.21
RDM,2025-12-07,RDM-119,pivo,9.91,9.91
RDM,2025-12-07,RDM-120,pivo,5.08,5.08
RDM,2025-12-07,RDM-121,pivo,7.11,7.11
RDM,2025-12-07,RDM-122,pivo,5.08,5.08
RDM,2025-12-07,RDM-123,pivo,6.1,6.1
RDM,2025-12-07,RDM-124,pivo,9.3,9.3
RDM,2025-12-07,RDM-125,pivo,12.3,12.3
RDM,2025-12-07,RDM-126,pivo,12.3,12.3
RDM,2025-12-07,RDM-127,pivo,9.4,9.4
RDM,2025-12-07,RDM-128,pivo,16.26,16.26
RDM,2025-12-07,RDM-129,pivo,10.16,10.16
RDM,2025-12-07,RDM-130,pivo,10.41,10.41
RDM,2025-12-07,RDM-131,pivo,10.67,10.67
RDM,2025-12-07,RDM-132,pivo,14.4,14.4
RDM,2025-12-07,RDM-133,pivo,8.89,8.89
RDM,2025-12-07,RDM-SC17D8,estacao,12.6,12.6
RDM,2025-12-07,RDM-SC1A38,estacao,7.8,7.8
RDM,2025-12-07,RDM-SC1A4C,estacao,35.1,35.1
RDM,2025-12-07,RDM-SC1AA8,estacao,7.8,7.8
RDM,2025-12-07,RDM-SC1B34,estacao,10.8,10.8
RDM,2025-12-07,RDM-SC1BA8,estacao,9.0,9.0
RDM,2025-12-06,RDM-101,pivo,7.25,7.25
RDM,2025-12-06,RDM-102,pivo,7.25,7.25
RDM,2025-12-06,RDM-103,pivo,7.62,7.62
RDM,2025-12-06,RDM-104,pivo,8.89,8.89
RDM,2025-12-06,RDM-105,pivo,15.49,15.49
RDM,2025-12-06,RDM-106,pivo,10.67,10.67
RDM,2025-12-06,RDM-107,pivo,17.1,17.1
RDM,2025-12-06,RDM-108,pivo,8.64,8.64
RDM,2025-12-06,RDM-109,pivo,6.6,6.6
RDM,2025-12-06,RDM-110,pivo,8.73,8.73
RDM,2025-12-06,RDM-112,pivo,9.14,9.14
RDM,2025-12-06,RDM-113,pivo,9.0,9.0
RDM,2025-12-06,RDM-114,pivo,10.5,10.5
RDM,2025-12-06,RDM-115,pivo,7.37,7.37
RDM,2025-12-06,RDM-116,pivo,10.92,10.92
RDM,2025-12-06,RDM-117,pivo,16.5,16.5
RDM,2025-12-06,RDM-118,pivo,16.76,16.76
RDM,2025-12-06,RDM-119,pivo,14.99,14.99
RDM,2025-12-06,RDM-120,pivo,24.38,24.38
RDM,2025-12-06,RDM-121,pivo,21.08,21.08
RDM,2025-12-06,RDM-122,pivo,30.23,30.23
RDM,2025-12-06,RDM-123,pivo,25.65,25.65
RDM,2025-12-06,RDM-124,pivo,23.1,23.1
RDM,2025-12-06,RDM-125,pivo,14.4,14.4
RDM,2025-12-06,RDM-126,pivo,16.2,16.2
RDM,2025-12-06,RDM-127,pivo,9.14,9.14
RDM,2025-12-06,RDM-128,pivo,12.19,12.19
RDM,2025-12-06,RDM-129,pivo,10.92,10.92
RDM,2025-12-06,RDM-130,pivo,8.38,8.38
RDM,2025-12-06,RDM-131,pivo,6.6,6.6
RDM,2025-12-06,RDM-132,pivo,6.0,6.0
RDM,2025-12-06,RDM-133,pivo,13.97,13.97
RDM,2025-12-06,RDM-SC17D8,estacao,13.5,13.5
RDM,2025-12-06,RDM-SC1A38,estacao,43.5,43.5
RDM,2025-12-06,RDM-SC1A4C,estacao,14.4,14.4
RDM,2025-12-06,RDM-SC1AA8,estacao,22.5,22.5
RDM,2025-12-06,RDM-SC1B34,estacao,22.2,22.2
RDM,2025-12-06,RDM-SC1BA8,estacao,45.9,45.9
RDM,2025-12-05,RDM-101,pivo,16.0,16.0
RDM,2025-12-05,RDM-102,pivo,11.0,11.0
RDM,2025-12-05,RDM-103,pivo,15.49,15.49
RDM,2025-12-05,RDM-104,pivo,12.95,12.95
RDM,2025-12-05,RDM-105,pivo,14.48,14.48
RDM,2025-12-05,RDM-106,pivo,11.18,11.18
RDM,2025-12-05,RDM-107,pivo,15.0,15.0
RDM,2025-12-05,RDM-108,pivo,9.65,9.65
RDM,2025-12-05,RDM-109,pivo,11.18,11.18
RDM,2025-12-05,RDM-110,pivo,11.0,11.0
RDM,2025-12-05,RDM-112,pivo,6.86,6.86
RDM,2025-12-05,RDM-113,pivo,4.8,4.8
RDM,2025-12-05,RDM-114,pivo,14.25,14.25
RDM,2025-12-05,RDM-115,pivo,7.87,7.87
RDM,2025-12-05,RDM-116,pivo,12.7,12.7
RDM,2025-12-05,RDM-117,pivo,9.0,9.0
RDM,2025-12-05,RDM-118,pivo,18.5,18.5
RDM,2025-12-05,RDM-119,pivo,19.56,19.56
RDM,2025-12-05,RDM-120,pivo,23.37,23.37
RDM,2025-12-05,RDM-121,pivo,28.45,28.45
RDM,2025-12-05,RDM-122,pivo,24.89,24.89
RDM,2025-12-05,RDM-123,pivo,26.42,26.42
RDM,2025-12-05,RDM-124,pivo,23.1,23.1
RDM,2025-12-05,RDM-125,pivo,15.3,15.3
RDM,2025-12-05,RDM-126,pivo,26.1,26.1
RDM,2025-12-05,RDM-127,pivo,16.51,16.51
RDM,2025-12-05,RDM-128,pivo,20.07,20.07
RDM,2025-12-05,RDM-129,pivo,16.0,16.0
RDM,2025-12-05,RDM-130,pivo,10.16,10.16
RDM,2025-12-05,RDM-131,pivo,8.89,8.89
RDM,2025-12-05,RDM-132,pivo,6.6,6.6
RDM,2025-12-05,RDM-133,pivo,12.7,12.7
RDM,2025-12-05,RDM-SC17D8,estacao,21.3,21.3
RDM,2025-12-05,RDM-SC1A38,estacao,27.0,27.0
RDM,2025-12-05,RDM-SC1A4C,estacao,0.0,0.0
RDM,2025-12-05,RDM-SC1AA8,estacao,9.9,9.9
RDM,2025-12-05,RDM-SC1B34,estacao,0.0,0.0
RDM,2025-12-05,RDM-SC1BA8,estacao,10.8,10.8
RDM,2025-12-04,RDM-101,pivo,33.25,33.25
RDM,2025-12-04,RDM-102,pivo,31.5,31.5
RDM,2025-12-04,RDM-103,pivo,36.83,36.83
RDM,2025-12-04,RDM-104,pivo,35.31,35.31
RDM,2025-12-04,RDM-105,pivo,34.8,34.8
RDM,2025-12-04,RDM-106,pivo,28.19,28.19
RDM,2025-12-04,RDM-107,pivo,40.8,40.8
RDM,2025-12-04,RDM-108,pivo,37.59,37.59
RDM,2025-12-04,RDM-109,pivo,30.48,30.48
RDM,2025-12-04,RDM-110,pivo,31.2,31.2
RDM,2025-12-04,RDM-112,pivo,37.85,37.85
RDM,2025-12-04,RDM-113,pivo,41.7,41.7
RDM,2025-12-04,RDM-114,pivo,43.0,43.0
RDM,2025-12-04,RDM-115,pivo,41.91,41.91
RDM,2025-12-04,RDM-116,pivo,43.69,43.69
RDM,2025-12-04,RDM-117,pivo,66.6,66.6
RDM,2025-12-04,RDM-118,pivo,56.7,56.7
RDM,2025-12-04,RDM-119,pivo,63.5,63.5
RDM,2025-12-04,RDM-120,pivo,68.83,68.83
RDM,2025-12-04,RDM-121,pivo,75.69,75.69
RDM,2025-12-04,RDM-122,pivo,67.82,67.82
RDM,2025-12-04,RDM-123,pivo,75.69,75.69
RDM,2025-12-04,RDM-124,pivo,85.2,85.2
RDM,2025-12-04,RDM-125,pivo,73.8,73.8
RDM,2025-12-04,RDM-126,pivo,92.4,92.4
RDM,2025-12-04,RDM-127,pivo,67.82,67.82
RDM,2025-12-04,RDM-128,pivo,79.25,79.25
RDM,2025-12-04,RDM-129,pivo,67.31,67.31
RDM,2025-12-04,RDM-130,pivo,57.4,57.4
RDM,2025-12-04,RDM-131,pivo,53.09,53.09
RDM,2025-12-04,RDM-132,pivo,46.5,46.5
RDM,2025-12-04,RDM-133,pivo,64.26,64.26
RDM,2025-12-04,RDM-SC17D8,estacao,0.0,0.0
RDM,2025-12-04,RDM-SC1A38,estacao,0.0,0.0
RDM,2025-12-04,RDM-SC1A4C,estacao,0.0,0.0
RDM,2025-12-04,RDM-SC1AA8,estacao,0.0,0.0
RDM,2025-12-04,RDM-SC1B34,estacao,0.0,0.0
RDM,2025-12-04,RDM-SC1BA8,estacao,0.0,0.0
RDM,2025-12-03,RDM-101,pivo,0.0,0.0
RDM,2025-12-03,RDM-102,pivo,0.0,0.0
RDM,2025-12-03,RDM-103,pivo,0.25,0.25
RDM,2025-12-03,RDM-104,pivo,0.25,0.25
RDM,2025-12-03,RDM-105,pivo,0.0,0.0
RDM,2025-12-03,RDM-106,pivo,0.0,0.0
RDM,2025-12-03,RDM-107,pivo,0.0,0.0
RDM,2025-12-03,RDM-108,pivo,0.25,0.25
RDM,2025-12-03,RDM-109,pivo,0.25,0.25
RDM,2025-12-03,RDM-110,pivo,0.0,0.0
RDM,2025-12-03,RDM-112,pivo,0.0,0.0
RDM,2025-12-03,RDM-113,pivo,0.0,0.0
RDM,2025-12-03,RDM-114,pivo,0.25,0.25
RDM,2025-12-03,RDM-115,pivo,0.51,0.51
RDM,2025-12-03,RDM-116,pivo,0.0,0.0
RDM,2025-12-03,RDM-117,pivo,0.3,0.3
RDM,2025-12-03,RDM-118,pivo,0.0,0.0
RDM,2025-12-03,RDM-119,pivo,0.51,0.51
RDM,2025-12-03,RDM-120,pivo,0.25,0.25
RDM,2025-12-03,RDM-121,pivo,0.0,0.0
RDM,2025-12-03,RDM-122,pivo,0.25,0.25
RDM,2025-12-03,RDM-123,pivo,0.0,0.0
RDM,2025-12-03,RDM-124,pivo,0.3,0.3
RDM,2025-12-03,RDM-125,pivo,0.3,0.3
RDM,2025-12-03,RDM-126,pivo,0.3,0.3
RDM,2025-12-03,RDM-127,pivo,0.0,0.0
RDM,2025-12-03,RDM-128,pivo,1.27,1.27
RDM,2025-12-03,RDM-129,pivo,1.02,1.02
RDM,2025-12-03,RDM-130,pivo,3.3,3.3
RDM,2025-12-03,RDM-131,pivo,0.51,0.51
RDM,2025-12-03,RDM-132,pivo,0.0,0.0
RDM,2025-12-03,RDM-133,pivo,0.25,0.25
RDM,2025-12-03,RDM-SC17D8,estacao,0.0,0.0
RDM,2025-12-03,RDM-SC1A38,estacao,0.0,0.0
RDM,2025-12-03,RDM-SC1A4C,estacao,0.0,0.0
RDM,2025-12-03,RDM-SC1AA8,estacao,0.0,0.0
RDM,2025-12-03,RDM-SC1B34,estacao,0.0,0.0
RDM,2025-12-03,RDM-SC1BA8,estacao,0.0,0.0
RDM,2025-12-02,RDM-101,pivo,11.75,11.75
RDM,2025-12-02,RDM-102,pivo,4.5,4.5
RDM,2025-12-02,RDM-103,pivo,15.49,15.49
RDM,2025-12-02,RDM-104,pivo,5.33,5.33
RDM,2025-12-02,RDM-105,pivo,17.78,17.78
RDM,2025-12-02,RDM-106,pivo,12.45,12.45
RDM,2025-12-02,RDM-107,pivo,26.1,26.1
RDM,2025-12-02,RDM-108,pivo,19.3,19.3
RDM,2025-12-02,RDM-109,pivo,2.79,2.79
RDM,2025-12-02,RDM-110,pivo,21.6,21.6
RDM,2025-12-02,RDM-112,pivo,4.32,4.32
RDM,2025-12-02,RDM-113,pivo,5.4,5.4
RDM,2025-12-02,RDM-114,pivo,7.25,7.25
RDM,2025-12-02,RDM-115,pivo,4.83,4.83
RDM,2025-12-02,RDM-116,pivo,23.37,23.37
RDM,2025-12-02,RDM-117,pivo,11.4,11.4
RDM,2025-12-02,RDM-118,pivo,15.9,15.9
RDM,2025-12-02,RDM-119,pivo,7.87,7.87
RDM,2025-12-02,RDM-120,pivo,11.94,11.94
RDM,2025-12-02,RDM-121,pivo,10.67,10.67
RDM,2025-12-02,RDM-122,pivo,17.53,17.53
RDM,2025-12-02,RDM-123,pivo,19.3,19.3
RDM,2025-12-02,RDM-124,pivo,15.3,15.3
RDM,2025-12-02,RDM-125,pivo,2.7,2.7
RDM,2025-12-02,RDM-126,pivo,7.2,7.2
RDM,2025-12-02,RDM-127,pivo,4.32,4.32
RDM,2025-12-02,RDM-128,pivo,6.35,6.35
RDM,2025-12-02,RDM-129,pivo,11.18,11.18
RDM,2025-12-02,RDM-130,pivo,5.84,5.84
RDM,2025-12-02,RDM-131,pivo,6.1,6.1
RDM,2025-12-02,RDM-132,pivo,6.3,6.3
RDM,2025-12-02,RDM-133,pivo,1.02,1.02
RDM,2025-12-02,RDM-SC17D8,estacao,0.0,0.0
RDM,2025-12-02,RDM-SC1A38,estacao,0.0,0.0
RDM,2025-12-02,RDM-SC1A4C,estacao,0.0,0.0
RDM,2025-12-02,RDM-SC1AA8,estacao,0.0,0.0
RDM,2025-12-02,RDM-SC1B34,estacao,0.0,0.0
RDM,2025-12-02,RDM-SC1BA8,estacao,0.0,0.0
RDM,2025-12-01,RDM-101,pivo,0.0,0.0
RDM,2025-12-01,RDM-102,pivo,0.0,0.0
RDM,2025-12-01,RDM-103,pivo,0.0,0.0
RDM,2025-12-01,RDM-104,pivo,0.0,0.0
RDM,2025-12-01,RDM-105,pivo,0.0,0.0
RDM,2025-12-01,RDM-106,pivo,0.0,0.0
RDM,2025-12-01,RDM-107,pivo,0.0,0.0
RDM,2025-12-01,RDM-108,pivo,0.0,0.0
RDM,2025-12-01,RDM-109,pivo,0.0,0.0
RDM,2025-12-01,RDM-110,pivo,0.0,0.0
RDM,2025-12-01,RDM-112,pivo,0.0,0.0
RDM,2025-12-01,RDM-113,pivo,0.3,0.3
RDM,2025-12-01,RDM-114,pivo,0.0,0.0
RDM,2025-12-01,RDM-115,pivo,0.25,0.25
RDM,2025-12-01,RDM-116,pivo,0.0,0.0
RDM,2025-12-01,RDM-117,pivo,0.0,0.0
RDM,2025-12-01,RDM-118,pivo,0.0,0.0
RDM,2025-12-01,RDM-119,pivo,1.27,1.27
RDM,2025-12-01,RDM-120,pivo,0.0,0.0
RDM,2025-12-01,RDM-121,pivo,0.0,0.0
RDM,2025-12-01,RDM-122,pivo,0.0,0.0
RDM,2025-12-01,RDM-123,pivo,0.0,0.0
RDM,2025-12-01,RDM-124,pivo,0.0,0.0
RDM,2025-12-01,RDM-125,pivo,6.3,6.3
RDM,2025-12-01,RDM-126,pivo,3.9,3.9
RDM,2025-12-01,RDM-127,pivo,8.38,8.38
RDM,2025-12-01,RDM-128,pivo,4.06,4.06
RDM,2025-12-01,RDM-129,pivo,5.84,5.84
RDM,2025-12-01,RDM-130,pivo,4.57,4.57
RDM,2025-12-01,RDM-131,pivo,6.6,6.6
RDM,2025-12-01,RDM-132,pivo,1.8,1.8
RDM,2025-12-01,RDM-133,pivo,1.02,1.02
RDM,2025-12-01,RDM-SC17D8,estacao,1.5,1.5
RDM,2025-12-01,RDM-SC1A38,estacao,1.5,1.5
RDM,2025-12-01,RDM-SC1A4C,estacao,1.8,1.8
RDM,2025-12-01,RDM-SC1AA8,estacao,1.5,1.5
RDM,2025-12-01,RDM-SC1B34,estacao,0.9,0.9
RDM,2025-12-01,RDM-SC1BA8,estacao,1.2,1.2
RDM,2025-11-30,RDM-101,pivo,5.25,5.25
RDM,2025-11-30,RDM-102,pivo,2.25,2.25
RDM,2025-11-30,RDM-103,pivo,6.35,6.35
RDM,2025-11-30,RDM-104,pivo,4.57,4.57
RDM,2025-11-30,RDM-105,pivo,1.02,1.02
RDM,2025-11-30,RDM-106,pivo,2.29,2.29
RDM,2025-11-30,RDM-107,pivo,0.9,0.9
RDM,2025-11-30,RDM-108,pivo,0.51,0.51
RDM,2025-11-30,RDM-109,pivo,2.79,2.79
RDM,2025-11-30,RDM-110,pivo,3.6,3.6
RDM,2025-11-30,RDM-112,pivo,0.0,0.0
RDM,2025-11-30,RDM-113,pivo,1.2,1.2
RDM,2025-11-30,RDM-114,pivo,1.0,1.0
RDM,2025-11-30,RDM-115,pivo,0.76,0.76
RDM,2025-11-30,RDM-116,pivo,0.0,0.0
RDM,2025-11-30,RDM-117,pivo,0.0,0.0
RDM,2025-11-30,RDM-118,pivo,0.0,0.0
RDM,2025-11-30,RDM-119,pivo,0.0,0.0
RDM,2025-11-30,RDM-120,pivo,0.0,0.0
RDM,2025-11-30,RDM-121,pivo,0.51,0.51
RDM,2025-11-30,RDM-122,pivo,0.0,0.0
RDM,2025-11-30,RDM-123,pivo,0.51,0.51
RDM,2025-11-30,RDM-124,pivo,0.9,0.9
RDM,2025-11-30,RDM-125,pivo,0.0,0.0
RDM,2025-11-30,RDM-126,pivo,0.6,0.6
RDM,2025-11-30,RDM-127,pivo,0.0,0.0
RDM,2025-11-30,RDM-128,pivo,0.25,0.25
RDM,2025-11-30,RDM-129,pivo,0.0,0.0
RDM,2025-11-30,RDM-130,pivo,0.0,0.0
RDM,2025-11-30,RDM-131,pivo,0.0,0.0
RDM,2025-11-30,RDM-132,pivo,0.0,0.0
RDM,2025-11-30,RDM-133,pivo,0.0,0.0
RDM,2025-11-30,RDM-SC17D8,estacao,0.0,0.0
RDM,2025-11-30,RDM-SC1A38,estacao,0.0,0.0
RDM,2025-11-30,RDM-SC1A4C,estacao,0.0,0.0
RDM,2025-11-30,RDM-SC1AA8,estacao,0.0,0.0
RDM,2025-11-30,RDM-SC1B34,estacao,0.0,0.0
RDM,2025-11-30,RDM-SC1BA8,estacao,0.0,0.0
RDM,2025-11-28,RDM-101,pivo,0.0,0.0
RDM,2025-11-28,RDM-102,pivo,0.0,0.0
RDM,2025-11-28,RDM-103,pivo,0.0,0.0
RDM,2025-11-28,RDM-104,pivo,0.0,0.0
RDM,2025-11-28,RDM-105,pivo,0.0,0.0
RDM,2025-11-28,RDM-106,pivo,1.02,1.02
RDM,2025-11-28,RDM-107,pivo,0.0,0.0
RDM,2025-11-28,RDM-108,pivo,1.02,1.02
RDM,2025-11-28,RDM-109,pivo,0.76,0.76
RDM,2025-11-28,RDM-110,pivo,0.0,0.0
RDM,2025-11-28,RDM-112,pivo,0.0,0.0
RDM,2025-11-28,RDM-113,pivo,0.0,0.0
RDM,2025-11-28,RDM-114,pivo,1.5,1.5
RDM,2025-11-28,RDM-115,pivo,0.0,0.0
RDM,2025-11-28,RDM-116,pivo,0.0,0.0
RDM,2025-11-28,RDM-117,pivo,0.0,0.0
RDM,2025-11-28,RDM-118,pivo,0.0,0.0
RDM,2025-11-28,RDM-119,pivo,0.0,0.0
RDM,2025-11-28,RDM-120,pivo,0.76,0.76
RDM,2025-11-28,RDM-121,pivo,0.0,0.0
RDM,2025-11-28,RDM-122,pivo,0.25,0.25
RDM,2025-11-28,RDM-123,pivo,0.0,0.0
RDM,2025-11-28,RDM-124,pivo,0.0,0.0
RDM,2025-11-28,RDM-125,pivo,0.0,0.0
RDM,2025-11-28,RDM-126,pivo,0.0,0.0
RDM,2025-11-28,RDM-127,pivo,0.0,0.0
RDM,2025-11-28,RDM-128,pivo,0.0,0.0
RDM,2025-11-28,RDM-129,pivo,0.0,0.0
RDM,2025-11-28,RDM-130,pivo,0.0,0.0
RDM,2025-11-28,RDM-131,pivo,0.0,0.0
RDM,2025-11-28,RDM-132,pivo,0.0,0.0
RDM,2025-11-28,RDM-133,pivo,0.0,0.0
RDM,2025-11-28,RDM-SC17D8,estacao,0.0,0.0
RDM,2025-11-28,RDM-SC1A38,estacao,0.0,0.0
RDM,2025-11-28,RDM-SC1A4C,estacao,0.0,0.0
RDM,2025-11-28,RDM-SC1AA8,estacao,0.0,0.0
RDM,2025-11-28,RDM-SC1B34,estacao,0.0,0.0
RDM,2025-11-28,RDM-SC1BA8,estacao,0.0,0.0
RDM,2025-11-27,RDM-101,pivo,7.25,7.25
RDM,2025-11-27,RDM-102,pivo,7.5,7.5
RDM,2025-11-27,RDM-103,pivo,9.4,9.4
RDM,2025-11-27,RDM-104,pivo,10.92,10.92
RDM,2025-11-27,RDM-105,pivo,3.81,3.81
RDM,2025-11-27,RDM-106,pivo,12.95,12.95
RDM,2025-11-27,RDM-107,pivo,3.9,3.9
RDM,2025-11-27,RDM-108,pivo,9.65,9.65
RDM,2025-11-27,RDM-109,pivo,10.67,10.67
RDM,2025-11-27,RDM-110,pivo,11.5,11.5
RDM,2025-11-27,RDM-112,pivo,19.56,19.56
RDM,2025-11-27,RDM-113,pivo,3.3,3.3
RDM,2025-11-27,RDM-114,pivo,14.0,14.0
RDM,2025-11-27,RDM-115,pivo,2.03,2.03
RDM,2025-11-27,RDM-116,pivo,25.91,25.91
RDM,2025-11-27,RDM-117,pivo,2.4,2.4
RDM,2025-11-27,RDM-118,pivo,39.9,39.9
RDM,2025-11-27,RDM-119,pivo,3.81,3.81
RDM,2025-11-27,RDM-120,pivo,27.69,27.69
RDM,2025-11-27,RDM-121,pivo,15.24,15.24
RDM,2025-11-27,RDM-122,pivo,22.86,22.86
RDM,2025-11-27,RDM-123,pivo,9.4,9.4
RDM,2025-11-27,RDM-124,pivo,4.8,4.8
RDM,2025-11-27,RDM-125,pivo,1.2,1.2
RDM,2025-11-27,RDM-126,pivo,0.0,0.0
RDM,2025-11-27,RDM-127,pivo,0.76,0.76
RDM,2025-11-27,RDM-128,pivo,0.51,0.51
RDM,2025-11-27,RDM-129,pivo,1.27,1.27
RDM,2025-11-27,RDM-130,pivo,1.02,1.02
RDM,2025-11-27,RDM-131,pivo,1.52,1.52
RDM,2025-11-27,RDM-132,pivo,2.7,2.7
RDM,2025-11-27,RDM-133,pivo,0.76,0.76
RDM,2025-11-27,RDM-SC17D8,estacao,0.0,0.0
RDM,2025-11-27,RDM-SC1A38,estacao,0.0,0.0
RDM,2025-11-27,RDM-SC1A4C,estacao,0.0,0.0
RDM,2025-11-27,RDM-SC1AA8,estacao,0.0,0.0
RDM,2025-11-27,RDM-SC1B34,estacao,0.0,0.0
RDM,2025-11-27,RDM-SC1BA8,estacao,0.0,0.0
RDM,2025-11-26,RDM-101,pivo,14.25,14.25
RDM,2025-11-26,RDM-102,pivo,10.75,10.75
RDM,2025-11-26,RDM-103,pivo,12.19,12.19
RDM,2025-11-26,RDM-104,pivo,10.41,10.41
RDM,2025-11-26,RDM-105,pivo,17.27,17.27
RDM,2025-11-26,RDM-106,pivo,7.62,7.62
RDM,2025-11-26,RDM-107,pivo,23.4,23.4
RDM,2025-11-26,RDM-108,pivo,11.18,11.18
RDM,2025-11-26,RDM-109,pivo,7.11,7.11
RDM,2025-11-26,RDM-110,pivo,8.64,8.64
RDM,2025-11-26,RDM-112,pivo,12.95,12.95
RDM,2025-11-26,RDM-113,pivo,14.4,14.4
RDM,2025-11-26,RDM-114,pivo,12.0,12.0
RDM,2025-11-26,RDM-115,pivo,8.64,8.64
RDM,2025-11-26,RDM-116,pivo,9.4,9.4
RDM,2025-11-26,RDM-117,pivo,8.1,8.1
RDM,2025-11-26,RDM-118,pivo,6.3,6.3
RDM,2025-11-26,RDM-119,pivo,5.08,5.08
RDM,2025-11-26,RDM-120,pivo,3.56,3.56
RDM,2025-11-26,RDM-121,pivo,4.06,4.06
RDM,2025-11-26,RDM-122,pivo,3.05,3.05
RDM,2025-11-26,RDM-123,pivo,2.29,2.29
RDM,2025-11-26,RDM-124,pivo,2.7,2.7
RDM,2025-11-26,RDM-125,pivo,5.1,5.1
RDM,2025-11-26,RDM-126,pivo,4.17,4.17
RDM,2025-11-26,RDM-127,pivo,5.84,5.84
RDM,2025-11-26,RDM-128,pivo,4.83,4.83
RDM,2025-11-26,RDM-129,pivo,5.33,5.33
RDM,2025-11-26,RDM-130,pivo,6.1,6.1
RDM,2025-11-26,RDM-131,pivo,7.11,7.11
RDM,2025-11-26,RDM-132,pivo,8.4,8.4
RDM,2025-11-26,RDM-133,pivo,8.89,8.89
RDM,2025-11-26,RDM-SC17D8,estacao,0.0,0.0
RDM,2025-11-26,RDM-SC1A38,estacao,0.0,0.0
RDM,2025-11-26,RDM-SC1A4C,estacao,0.0,0.0
RDM,2025-11-26,RDM-SC1AA8,estacao,0.0,0.0
RDM,2025-11-26,RDM-SC1B34,estacao,0.0,0.0
RDM,2025-11-26,RDM-SC1BA8,estacao,0.0,0.0
RDM,2025-11-25,RDM-101,pivo,3.0,3.0
RDM,2025-11-25,RDM-102,pivo,1.75,1.75
RDM,2025-11-25,RDM-103,pivo,3.3,3.3
RDM,2025-11-25,RDM-104,pivo,4.57,4.57
RDM,2025-11-25,RDM-105,pivo,3.3,3.3
RDM,2025-11-25,RDM-106,pivo,4.06,4.06
RDM,2025-11-25,RDM-107,pivo,3.9,3.9
RDM,2025-11-25,RDM-108,pivo,2.03,2.03
RDM,2025-11-25,RDM-109,pivo,2.29,2.29
RDM,2025-11-25,RDM-110,pivo,1.8,1.8
RDM,2025-11-25,RDM-112,pivo,0.51,0.51
RDM,2025-11-25,RDM-113,pivo,1.5,1.5
RDM,2025-11-25,RDM-114,pivo,0.5,0.5
RDM,2025-11-25,RDM-115,pivo,1.02,1.02
RDM,2025-11-25,RDM-116,pivo,0.51,0.51
RDM,2025-11-25,RDM-117,pivo,0.6,0.6
RDM,2025-11-25,RDM-118,pivo,0.3,0.3
RDM,2025-11-25,RDM-119,pivo,0.51,0.51
RDM,2025-11-25,RDM-120,pivo,0.76,0.76
RDM,2025-11-25,RDM-121,pivo,0.51,0.51
RDM,2025-11-25,RDM-122,pivo,1.02,1.02
RDM,2025-11-25,RDM-123,pivo,1.78,1.78
RDM,2025-11-25,RDM-124,pivo,0.6,0.6
RDM,2025-11-25,RDM-125,pivo,0.3,0.3
RDM,2025-11-25,RDM-126,pivo,0.0,0.0
RDM,2025-11-25,RDM-127,pivo,0.51,0.51
RDM,2025-11-25,RDM-128,pivo,0.76,0.76
RDM,2025-11-25,RDM-129,pivo,0.76,0.76
RDM,2025-11-25,RDM-130,pivo,0.51,0.51
RDM,2025-11-25,RDM-131,pivo,1.27,1.27
RDM,2025-11-25,RDM-132,pivo,1.8,1.8
RDM,2025-11-25,RDM-133,pivo,0.0,0.0
RDM,2025-11-25,RDM-SC17D8,estacao,0.0,0.0
RDM,2025-11-25,RDM-SC1A38,estacao,0.0,0.0
RDM,2025-11-25,RDM-SC1A4C,estacao,0.0,0.0
RDM,2025-11-25,RDM-SC1AA8,estacao,0.0,0.0
RDM,2025-11-25,RDM-SC1B34,estacao,0.0,0.0
RDM,2025-11-25,RDM-SC1BA8,estacao,0.0,0.0
RDM,2025-11-24,RDM-101,pivo,21.25,21.25
RDM,2025-11-24,RDM-102,pivo,22.5,22.5
RDM,2025-11-24,RDM-103,pivo,16.0,16.0
RDM,2025-11-24,RDM-104,pivo,18.29,18.29
RDM,2025-11-24,RDM-105,pivo,13.46,13.46
RDM,2025-11-24,RDM-106,pivo,17.78,17.78
RDM,2025-11-24,RDM-107,pivo,13.8,13.8
RDM,2025-11-24,RDM-108,pivo,13.97,13.97
RDM,2025-11-24,RDM-109,pivo,19.56,19.56
RDM,2025-11-24,RDM-110,pivo,14.1,14.1
RDM,2025-11-24,RDM-112,pivo,27.43,27.43
RDM,2025-11-24,RDM-113,pivo,32.4,32.4
RDM,2025-11-24,RDM-114,pivo,26.25,26.25
RDM,2025-11-24,RDM-115,pivo,24.13,24.13
RDM,2025-11-24,RDM-116,pivo,23.62,23.62
RDM,2025-11-24,RDM-117,pivo,36.6,36.6
RDM,2025-11-24,RDM-118,pivo,22.8,22.8
RDM,2025-11-24,RDM-119,pivo,25.15,25.15
RDM,2025-11-24,RDM-120,pivo,23.88,23.88
RDM,2025-11-24,RDM-121,pivo,25.15,25.15
RDM,2025-11-24,RDM-122,pivo,24.13,24.13
RDM,2025-11-24,RDM-123,pivo,24.89,24.89
RDM,2025-11-24,RDM-124,pivo,20.7,20.7
RDM,2025-11-24,RDM-125,pivo,20.7,20.7
RDM,2025-11-24,RDM-126,pivo,23.37,23.37
RDM,2025-11-24,RDM-127,pivo,19.56,19.56
RDM,2025-11-24,RDM-128,pivo,24.89,24.89
RDM,2025-11-24,RDM-129,pivo,22.61,22.61
RDM,2025-11-24,RDM-130,pivo,24.89,24.89
RDM,2025-11-24,RDM-131,pivo,28.19,28.19
RDM,2025-11-24,RDM-132,pivo,29.4,29.4
RDM,2025-11-24,RDM-133,pivo,14.22,14.22
RDM,2025-11-24,RDM-SC17D8,estacao,0.0,0.0
RDM,2025-11-24,RDM-SC1A38,estacao,0.0,0.0
RDM,2025-11-24,RDM-SC1A4C,estacao,0.0,0.0
RDM,2025-11-24,RDM-SC1AA8,estacao,0.0,0.0
RDM,2025-11-24,RDM-SC1B34,estacao,0.0,0.0
RDM,2025-11-24,RDM-SC1BA8,estacao,0.0,0.0
RDM,2025-11-23,RDM-101,pivo,12.0,12.0
RDM,2025-11-23,RDM-102,pivo,12.25,12.25
RDM,2025-11-23,RDM-103,pivo,10.16,10.16
RDM,2025-11-23,RDM-104,pivo,13.46,13.46
RDM,2025-11-23,RDM-105,pivo,11.43,11.43
RDM,2025-11-23,RDM-106,pivo,11.68,11.68
RDM,2025-11-23,RDM-107,pivo,13.8,13.8
RDM,2025-11-23,RDM-108,pivo,12.45,12.45
RDM,2025-11-23,RDM-109,pivo,12.7,12.7
RDM,2025-11-23,RDM-110,pivo,14.4,14.4
RDM,2025-11-23,RDM-112,pivo,16.0,16.0
RDM,2025-11-23,RDM-113,pivo,18.6,18.6
RDM,2025-11-23,RDM-114,pivo,20.75,20.75
RDM,2025-11-23,RDM-115,pivo,22.1,22.1
RDM,2025-11-23,RDM-116,pivo,22.35,22.35
RDM,2025-11-23,RDM-117,pivo,30.6,30.6
RDM,2025-11-23,RDM-118,pivo,30.3,30.3
RDM,2025-11-23,RDM-119,pivo,23.88,23.88
RDM,2025-11-23,RDM-120,pivo,36.07,36.07
RDM,2025-11-23,RDM-121,pivo,32.0,32.0
RDM,2025-11-23,RDM-122,pivo,30.47,30.47
RDM,2025-11-23,RDM-123,pivo,32.51,32.51
RDM,2025-11-23,RDM-124,pivo,39.6,39.6
RDM,2025-11-23,RDM-125,pivo,32.4,32.4
RDM,2025-11-23,RDM-126,pivo,21.9,21.9
RDM,2025-11-23,RDM-127,pivo,26.67,26.67
RDM,2025-11-23,RDM-128,pivo,23.11,23.11
RDM,2025-11-23,RDM-129,pivo,25.4,25.4
RDM,2025-11-23,RDM-130,pivo,23.88,23.88
RDM,2025-11-23,RDM-131,pivo,24.13,24.13
RDM,2025-11-23,RDM-132,pivo,19.8,19.8
RDM,2025-11-23,RDM-133,pivo,28.19,28.19
RDM,2025-11-23,RDM-SC17D8,estacao,0.0,0.0
RDM,2025-11-23,RDM-SC1A38,estacao,0.0,0.0
RDM,2025-11-23,RDM-SC1A4C,estacao,0.0,0.0
RDM,2025-11-23,RDM-SC1AA8,estacao,0.0,0.0
RDM,2025-11-23,RDM-SC1B34,estacao,0.0,0.0
RDM,2025-11-23,RDM-SC1BA8,estacao,0.0,0.0
RDM,2025-11-22,RDM-101,pivo,0.0,0.0
RDM,2025-11-22,RDM-102,pivo,0.0,0.0
RDM,2025-11-22,RDM-103,pivo,0.0,0.0
RDM,2025-11-22,RDM-104,pivo,0.0,0.0
RDM,2025-11-22,RDM-105,pivo,0.0,0.0
RDM,2025-11-22,RDM-106,pivo,0.0,0.0
RDM,2025-11-22,RDM-107,pivo,0.0,0.0
RDM,2025-11-22,RDM-108,pivo,0.0,0.0
RDM,2025-11-22,RDM-109,pivo,0.0,0.0
RDM,2025-11-22,RDM-110,pivo,0.0,0.0
RDM,2025-11-22,RDM-112,pivo,0.51,0.51
RDM,2025-11-22,RDM-113,pivo,0.0,0.0
RDM,2025-11-22,RDM-114,pivo,0.0,0.0
RDM,2025-11-22,RDM-115,pivo,0.51,0.51
RDM,2025-11-22,RDM-116,pivo,4.06,4.06
RDM,2025-11-22,RDM-117,pivo,1.2,1.2
RDM,2025-11-22,RDM-118,pivo,0.0,0.0
RDM,2025-11-22,RDM-119,pivo,2.79,2.79
RDM,2025-11-22,RDM-120,pivo,0.0,0.0
RDM,2025-11-22,RDM-121,pivo,0.0,0.0
RDM,2025-11-22,RDM-122,pivo,0.0,0.0
RDM,2025-11-22,RDM-123,pivo,0.0,0.0
RDM,2025-11-22,RDM-124,pivo,0.0,0.0
RDM,2025-11-22,RDM-125,pivo,0.9,0.9
RDM,2025-11-22,RDM-126,pivo,1.5,1.5
RDM,2025-11-22,RDM-127,pivo,2.54,2.54
RDM,2025-11-22,RDM-128,pivo,2.79,2.79
RDM,2025-11-22,RDM-129,pivo,5.08,5.08
RDM,2025-11-22,RDM-130,pivo,2.03,2.03
RDM,2025-11-22,RDM-131,pivo,0.0,0.0
RDM,2025-11-22,RDM-132,pivo,0.0,0.0
RDM,2025-11-22,RDM-133,pivo,0.51,0.51
RDM,2025-11-22,RDM-SC17D8,estacao,0.0,0.0
RDM,2025-11-22,RDM-SC1A38,estacao,0.0,0.0
RDM,2025-11-22,RDM-SC1A4C,estacao,0.0,0.0
RDM,2025-11-22,RDM-SC1AA8,estacao,0.0,0.0
RDM,2025-11-22,RDM-SC1B34,estacao,0.0,0.0
RDM,2025-11-22,RDM-SC1BA8,estacao,0.0,0.0
RDM,2025-11-21,RDM-101,pivo,3.75,3.75
RDM,2025-11-21,RDM-102,pivo,4.75,4.75
RDM,2025-11-21,RDM-103,pivo,7.37,7.37
RDM,2025-11-21,RDM-104,pivo,6.6,6.6
RDM,2025-11-21,RDM-105,pivo,10.67,10.67
RDM,2025-11-21,RDM-106,pivo,9.4,9.4
RDM,2025-11-21,RDM-107,pivo,32.7,32.7
RDM,2025-11-21,RDM-108,pivo,23.62,23.62
RDM,2025-11-21,RDM-109,pivo,7.11,7.11
RDM,2025-11-21,RDM-110,pivo,14.7,14.7
RDM,2025-11-21,RDM-112,pivo,0.25,0.25
RDM,2025-11-21,RDM-113,pivo,0.6,0.6
RDM,2025-11-21,RDM-114,pivo,0.25,0.25
RDM,2025-11-21,RDM-115,pivo,0.51,0.51
RDM,2025-11-21,RDM-116,pivo,0.25,0.25
RDM,2025-11-21,RDM-117,pivo,0.3,0.3
RDM,2025-11-21,RDM-118,pivo,0.0,0.0
RDM,2025-11-21,RDM-119,pivo,0.76,0.76
RDM,2025-11-21,RDM-120,pivo,0.25,0.25
RDM,2025-11-21,RDM-121,pivo,0.76,0.76
RDM,2025-11-21,RDM-122,pivo,0.25,0.25
RDM,2025-11-21,RDM-123,pivo,0.25,0.25
RDM,2025-11-21,RDM-124,pivo,0.6,0.6
RDM,2025-11-21,RDM-125,pivo,1.5,1.5
RDM,2025-11-21,RDM-126,pivo,1.5,1.5
RDM,2025-11-21,RDM-127,pivo,2.54,2.54
RDM,2025-11-21,RDM-128,pivo,1.27,1.27
RDM,2025-11-21,RDM-129,pivo,1.02,1.02
RDM,2025-11-21,RDM-130,pivo,0.76,0.76
RDM,2025-11-21,RDM-131,pivo,0.76,0.76
RDM,2025-11-21,RDM-132,pivo,1.2,1.2
RDM,2025-11-21,RDM-133,pivo,4.32,4.32
RDM,2025-11-21,RDM-SC17D8,estacao,0.0,0.0
RDM,2025-11-21,RDM-SC1A38,estacao,0.0,0.0
RDM,2025-11-21,RDM-SC1A4C,estacao,0.0,0.0
RDM,2025-11-21,RDM-SC1AA8,estacao,0.0,0.0
RDM,2025-11-21,RDM-SC1B34,estacao,0.0,0.0
RDM,2025-11-21,RDM-SC1BA8,estacao,0.0,0.0
RDM,2025-11-20,RDM-101,pivo,3.25,3.25
RDM,2025-11-20,RDM-102,pivo,0.25,0.25
RDM,2025-11-20,RDM-103,pivo,5.84,5.84
RDM,2025-11-20,RDM-104,pivo,4.06,4.06
RDM,2025-11-20,RDM-105,pivo,13.72,13.72
RDM,2025-11-20,RDM-106,pivo,10.41,10.41
RDM,2025-11-20,RDM-107,pivo,7.8,7.8
RDM,2025-11-20,RDM-108,pivo,16.76,16.76
RDM,2025-11-20,RDM-109,pivo,0.51,0.51
RDM,2025-11-20,RDM-110,pivo,6.3,6.3
RDM,2025-11-20,RDM-112,pivo,4.32,4.32
RDM,2025-11-20,RDM-113,pivo,1.2,1.2
RDM,2025-11-20,RDM-114,pivo,5.25,5.25
RDM,2025-11-20,RDM-115,pivo,3.05,3.05
RDM,2025-11-20,RDM-116,pivo,4.83,4.83
RDM,2025-11-20,RDM-117,pivo,4.8,4.8
RDM,2025-11-20,RDM-118,pivo,3.13,3.13
RDM,2025-11-20,RDM-119,pivo,1.02,1.02
RDM,2025-11-20,RDM-120,pivo,3.56,3.56
RDM,2025-11-20,RDM-121,pivo,0.76,0.76
RDM,2025-11-20,RDM-122,pivo,1.02,1.02
RDM,2025-11-20,RDM-123,pivo,0.0,0.0
RDM,2025-11-20,RDM-124,pivo,0.0,0.0
RDM,2025-11-20,RDM-125,pivo,0.0,0.0
RDM,2025-11-20,RDM-126,pivo,0.0,0.0
RDM,2025-11-20,RDM-127,pivo,0.0,0.0
RDM,2025-11-20,RDM-128,pivo,0.25,0.25
RDM,2025-11-20,RDM-129,pivo,0.0,0.0
RDM,2025-11-20,RDM-130,pivo,0.25,0.25
RDM,2025-11-20,RDM-131,pivo,0.0,0.0
RDM,2025-11-20,RDM-132,pivo,0.6,0.6
RDM,2025-11-20,RDM-133,pivo,0.0,0.0
RDM,2025-11-20,RDM-SC17D8,estacao,0.0,0.0
RDM,2025-11-20,RDM-SC1A38,estacao,0.0,0.0
RDM,2025-11-20,RDM-SC1A4C,estacao,0.0,0.0
RDM,2025-11-20,RDM-SC1AA8,estacao,0.0,0.0
RDM,2025-11-20,RDM-SC1B34,estacao,0.0,0.0
RDM,2025-11-20,RDM-SC1BA8,estacao,0.0,0.0
RDM,2025-11-19,RDM-101,pivo,0.0,0.0
RDM,2025-11-19,RDM-102,pivo,0.0,0.0
RDM,2025-11-19,RDM-103,pivo,0.0,0.0
RDM,2025-11-19,RDM-104,pivo,0.51,0.51
RDM,2025-11-19,RDM-105,pivo,0.0,0.0
RDM,2025-11-19,RDM-106,pivo,0.25,0.25
RDM,2025-11-19,RDM-107,pivo,0.0,0.0
RDM,2025-11-19,RDM-108,pivo,0.0,0.0
RDM,2025-11-19,RDM-109,pivo,2.54,2.54
RDM,2025-11-19,RDM-110,pivo,3.9,3.9
RDM,2025-11-19,RDM-112,pivo,0.0,0.0
RDM,2025-11-19,RDM-113,pivo,0.0,0.0
RDM,2025-11-19,RDM-114,pivo,0.0,0.0
RDM,2025-11-19,RDM-115,pivo,0.25,0.25
RDM,2025-11-19,RDM-116,pivo,0.0,0.0
RDM,2025-11-19,RDM-117,pivo,0.3,0.3
RDM,2025-11-19,RDM-118,pivo,0.0,0.0
RDM,2025-11-19,RDM-119,pivo,0.0,0.0
RDM,2025-11-19,RDM-120,pivo,0.0,0.0
RDM,2025-11-19,RDM-121,pivo,0.0,0.0
RDM,2025-11-19,RDM-122,pivo,0.0,0.0
RDM,2025-11-19,RDM-123,pivo,0.51,0.51
RDM,2025-11-19,RDM-124,pivo,0.9,0.9
RDM,2025-11-19,RDM-125,pivo,0.6,0.6
RDM,2025-11-19,RDM-126,pivo,0.9,0.9
RDM,2025-11-19,RDM-127,pivo,0.51,0.51
RDM,2025-11-19,RDM-128,pivo,0.76,0.76
RDM,2025-11-19,RDM-129,pivo,1.27,1.27
RDM,2025-11-19,RDM-130,pivo,0.76,0.76
RDM,2025-11-19,RDM-131,pivo,0.76,0.76
RDM,2025-11-19,RDM-132,pivo,1.8,1.8
RDM,2025-11-19,RDM-133,pivo,0.76,0.76
RDM,2025-11-19,RDM-SC17D8,estacao,0.0,0.0
RDM,2025-11-19,RDM-SC1A38,estacao,0.0,0.0
RDM,2025-11-19,RDM-SC1A4C,estacao,0.0,0.0
RDM,2025-11-19,RDM-SC1AA8,estacao,0.0,0.0
RDM,2025-11-19,RDM-SC1B34,estacao,0.0,0.0
RDM,2025-11-19,RDM-SC1BA8,estacao,0.0,0.0
RDM,2025-11-10,RDM-101,pivo,0.0,0.0
RDM,2025-11-10,RDM-102,pivo,0.0,0.0
RDM,2025-11-10,RDM-103,pivo,0.0,0.0
RDM,2025-11-10,RDM-104,pivo,0.0,0.0
RDM,2025-11-10,RDM-105,pivo,0.0,0.0
RDM,2025-11-10,RDM-106,pivo,0.0,0.0
RDM,2025-11-10,RDM-107,pivo,0.0,0.0
RDM,2025-11-10,RDM-108,pivo,0.0,0.0
RDM,2025-11-10,RDM-109,pivo,0.0,0.0
RDM,2025-11-10,RDM-110,pivo,0.0,0.0
RDM,2025-11-10,RDM-112,pivo,0.0,0.0
RDM,2025-11-10,RDM-113,pivo,0.0,0.0
RDM,2025-11-10,RDM-114,pivo,0.0,0.0
RDM,2025-11-10,RDM-115,pivo,0.0,0.0
RDM,2025-11-10,RDM-116,pivo,0.0,0.0
RDM,2025-11-10,RDM-117,pivo,0.0,0.0
RDM,2025-11-10,RDM-118,pivo,0.0,0.0
RDM,2025-11-10,RDM-119,pivo,0.0,0.0
RDM,2025-11-10,RDM-120,pivo,0.0,0.0
RDM,2025-11-10,RDM-121,pivo,0.0,0.0
RDM,2025-11-10,RDM-122,pivo,0.25,0.25
RDM,2025-11-10,RDM-123,pivo,0.0,0.0
RDM,2025-11-10,RDM-124,pivo,0.0,0.0
RDM,2025-11-10,RDM-125,pivo,0.0,0.0
RDM,2025-11-10,RDM-126,pivo,0.0,0.0
RDM,2025-11-10,RDM-127,pivo,0.0,0.0
RDM,2025-11-10,RDM-128,pivo,0.0,0.0
RDM,2025-11-10,RDM-129,pivo,0.0,0.0
RDM,2025-11-10,RDM-130,pivo,0.0,0.0
RDM,2025-11-10,RDM-131,pivo,0.0,0.0
RDM,2025-11-10,RDM-132,pivo,0.0,0.0
RDM,2025-11-10,RDM-133,pivo,0.0,0.0
RDM,2025-11-10,RDM-SC17D8,estacao,0.0,0.0
RDM,2025-11-10,RDM-SC1A38,estacao,0.0,0.0
RDM,2025-11-10,RDM-SC1A4C,estacao,0.0,0.0
RDM,2025-11-10,RDM-SC1AA8,estacao,0.0,0.0
RDM,2025-11-10,RDM-SC1B34,estacao,0.0,0.0
RDM,2025-11-10,RDM-SC1BA8,estacao,0.0,0.0
RDM,2025-11-09,RDM-101,pivo,0.0,0.0
RDM,2025-11-09,RDM-102,pivo,0.0,0.0
RDM,2025-11-09,RDM-103,pivo,0.0,0.0
RDM,2025-11-09,RDM-104,pivo,0.0,0.0
RDM,2025-11-09,RDM-105,pivo,0.0,0.0
RDM,2025-11-09,RDM-106,pivo,0.0,0.0
RDM,2025-11-09,RDM-107,pivo,0.0,0.0
RDM,2025-11-09,RDM-108,pivo,0.0,0.0
RDM,2025-11-09,RDM-109,pivo,0.0,0.0
RDM,2025-11-09,RDM-110,pivo,0.0,0.0
RDM,2025-11-09,RDM-112,pivo,0.0,0.0
RDM,2025-11-09,RDM-113,pivo,0.0,0.0
RDM,2025-11-09,RDM-114,pivo,0.0,0.0
RDM,2025-11-09,RDM-115,pivo,0.0,0.0
RDM,2025-11-09,RDM-116,pivo,0.0,0.0
RDM,2025-11-09,RDM-117,pivo,0.0,0.0
RDM,2025-11-09,RDM-118,pivo,0.0,0.0
RDM,2025-11-09,RDM-119,pivo,0.0,0.0
RDM,2025-11-09,RDM-120,pivo,0.0,0.0
RDM,2025-11-09,RDM-121,pivo,0.0,0.0
RDM,2025-11-09,RDM-122,pivo,0.25,0.25
RDM,2025-11-09,RDM-123,pivo,0.0,0.0
RDM,2025-11-09,RDM-124,pivo,0.0,0.0
RDM,2025-11-09,RDM-125,pivo,0.0,0.0
RDM,2025-11-09,RDM-126,pivo,0.0,0.0
RDM,2025-11-09,RDM-127,pivo,0.51,0.51
RDM,2025-11-09,RDM-128,pivo,0.0,0.0
RDM,2025-11-09,RDM-129,pivo,0.0,0.0
RDM,2025-11-09,RDM-130,pivo,0.0,0.0
RDM,2025-11-09,RDM-131,pivo,0.0,0.0
RDM,2025-11-09,RDM-132,pivo,0.0,0.0
RDM,2025-11-09,RDM-133,pivo,0.0,0.0
RDM,2025-11-09,RDM-SC17D8,estacao,0.0,0.0
RDM,2025-11-09,RDM-SC1A38,estacao,0.0,0.0
RDM,2025-11-09,RDM-SC1A4C,estacao,0.0,0.0
RDM,2025-11-09,RDM-SC1AA8,estacao,0.0,0.0
RDM,2025-11-09,RDM-SC1B34,estacao,0.0,0.0
RDM,2025-11-09,RDM-SC1BA8,estacao,0.0,0.0
RDM,2025-11-08,RDM-101,pivo,0.0,0.0
RDM,2025-11-08,RDM-102,pivo,0.0,0.0
RDM,2025-11-08,RDM-103,pivo,0.0,0.0
RDM,2025-11-08,RDM-104,pivo,0.0,0.0
RDM,2025-11-08,RDM-105,pivo,0.0,0.0
RDM,2025-11-08,RDM-106,pivo,0.0,0.0
RDM,2025-11-08,RDM-107,pivo,0.0,0.0
RDM,2025-11-08,RDM-108,pivo,0.0,0.0
RDM,2025-11-08,RDM-109,pivo,0.0,0.0
RDM,2025-11-08,RDM-110,pivo,0.0,0.0
RDM,2025-11-08,RDM-112,pivo,0.0,0.0
RDM,2025-11-08,RDM-113,pivo,0.0,0.0
RDM,2025-11-08,RDM-114,pivo,0.0,0.0
RDM,2025-11-08,RDM-115,pivo,0.25,0.25
RDM,2025-11-08,RDM-116,pivo,0.0,0.0
RDM,2025-11-08,RDM-117,pivo,0.0,0.0
RDM,2025-11-08,RDM-118,pivo,0.0,0.0
RDM,2025-11-08,RDM-119,pivo,0.0,0.0
RDM,2025-11-08,RDM-120,pivo,0.0,0.0
RDM,2025-11-08,RDM-121,pivo,0.0,0.0
RDM,2025-11-08,RDM-122,pivo,0.0,0.0
RDM,2025-11-08,RDM-123,pivo,0.0,0.0
RDM,2025-11-08,RDM-124,pivo,0.0,0.0
RDM,2025-11-08,RDM-125,pivo,0.0,0.0
RDM,2025-11-08,RDM-126,pivo,0.0,0.0
RDM,2025-11-08,RDM-127,pivo,0.0,0.0
RDM,2025-11-08,RDM-128,pivo,0.25,0.25
RDM,2025-11-08,RDM-129,pivo,0.0,0.0
RDM,2025-11-08,RDM-130,pivo,0.0,0.0
RDM,2025-11-08,RDM-131,pivo,0.25,0.25
RDM,2025-11-08,RDM-132,pivo,0.0,0.0
RDM,2025-11-08,RDM-133,pivo,0.0,0.0
RDM,2025-11-08,RDM-SC17D8,estacao,0.0,0.0
RDM,2025-11-08,RDM-SC1A38,estacao,0.0,0.0
RDM,2025-11-08,RDM-SC1A4C,estacao,0.0,0.0
RDM,2025-11-08,RDM-SC1AA8,estacao,0.0,0.0
RDM,2025-11-08,RDM-SC1B34,estacao,0.0,0.0
RDM,2025-11-08,RDM-SC1BA8,estacao,0.0,0.0
RDM,2025-11-07,RDM-101,pivo,25.5,25.5
RDM,2025-11-07,RDM-102,pivo,18.75,18.75
RDM,2025-11-07,RDM-103,pivo,22.35,22.35
RDM,2025-11-07,RDM-104,pivo,21.08,21.08
RDM,2025-11-07,RDM-105,pivo,16.0,16.0
RDM,2025-11-07,RDM-106,pivo,17.53,17.53
RDM,2025-11-07,RDM-107,pivo,12.6,12.6
RDM,2025-11-07,RDM-108,pivo,13.97,13.97
RDM,2025-11-07,RDM-109,pivo,20.32,20.32
RDM,2025-11-07,RDM-110,pivo,18.4,18.4
RDM,2025-11-07,RDM-112,pivo,17.78,17.78
RDM,2025-11-07,RDM-113,pivo,18.3,18.3
RDM,2025-11-07,RDM-114,pivo,23.75,23.75
RDM,2025-11-07,RDM-115,pivo,11.18,11.18
RDM,2025-11-07,RDM-116,pivo,16.0,16.0
RDM,2025-11-07,RDM-117,pivo,13.7,13.7
RDM,2025-11-07,RDM-118,pivo,13.3,13.3
RDM,2025-11-07,RDM-119,pivo,11.18,11.18
RDM,2025-11-07,RDM-120,pivo,14.48,14.48
RDM,2025-11-07,RDM-121,pivo,10.16,10.16
RDM,2025-11-07,RDM-122,pivo,17.27,17.27
RDM,2025-11-07,RDM-123,pivo,13.46,13.46
RDM,2025-11-07,RDM-124,pivo,13.8,13.8
RDM,2025-11-07,RDM-125,pivo,12.9,12.9
RDM,2025-11-07,RDM-126,pivo,10.67,10.67
RDM,2025-11-07,RDM-127,pivo,11.43,11.43
RDM,2025-11-07,RDM-128,pivo,10.67,10.67
RDM,2025-11-07,RDM-129,pivo,11.68,11.68
RDM,2025-11-07,RDM-130,pivo,10.16,10.16
RDM,2025-11-07,RDM-131,pivo,9.4,9.4
RDM,2025-11-07,RDM-132,pivo,15.3,15.3
RDM,2025-11-07,RDM-133,pivo,14.73,14.73
RDM,2025-11-07,RDM-SC17D8,estacao,0.0,0.0
RDM,2025-11-07,RDM-SC1A38,estacao,0.0,0.0
RDM,2025-11-07,RDM-SC1A4C,estacao,0.0,0.0
RDM,2025-11-07,RDM-SC1AA8,estacao,0.0,0.0
RDM,2025-11-07,RDM-SC1B34,estacao,0.0,0.0
RDM,2025-11-07,RDM-SC1BA8,estacao,0.0,0.0
RDM,2025-11-06,RDM-101,pivo,22.75,22.75
RDM,2025-11-06,RDM-102,pivo,23.0,23.0
RDM,2025-11-06,RDM-103,pivo,21.08,21.08
RDM,2025-11-06,RDM-104,pivo,27.18,27.18
RDM,2025-11-06,RDM-105,pivo,22.35,22.35
RDM,2025-11-06,RDM-106,pivo,27.18,27.18
RDM,2025-11-06,RDM-107,pivo,30.9,30.9
RDM,2025-11-06,RDM-108,pivo,30.99,30.99
RDM,2025-11-06,RDM-109,pivo,26.42,26.42
RDM,2025-11-06,RDM-110,pivo,39.3,39.3
RDM,2025-11-06,RDM-112,pivo,17.02,17.02
RDM,2025-11-06,RDM-113,pivo,22.2,22.2
RDM,2025-11-06,RDM-114,pivo,17.75,17.75
RDM,2025-11-06,RDM-115,pivo,21.84,21.84
RDM,2025-11-06,RDM-116,pivo,23.88,23.88
RDM,2025-11-06,RDM-117,pivo,24.9,24.9
RDM,2025-11-06,RDM-118,pivo,25.0,25.0
RDM,2025-11-06,RDM-119,pivo,25.4,25.4
RDM,2025-11-06,RDM-120,pivo,26.67,26.67
RDM,2025-11-06,RDM-121,pivo,30.99,30.99
RDM,2025-11-06,RDM-122,pivo,24.89,24.89
RDM,2025-11-06,RDM-123,pivo,29.46,29.46
RDM,2025-11-06,RDM-124,pivo,39.0,39.0
RDM,2025-11-06,RDM-125,pivo,32.4,32.4
RDM,2025-11-06,RDM-126,pivo,31.9,31.9
RDM,2025-11-06,RDM-127,pivo,27.94,27.94
RDM,2025-11-06,RDM-128,pivo,34.8,34.8
RDM,2025-11-06,RDM-129,pivo,36.32,36.32
RDM,2025-11-06,RDM-130,pivo,25.4,25.4
RDM,2025-11-06,RDM-131,pivo,22.1,22.1
RDM,2025-11-06,RDM-132,pivo,25.2,25.2
RDM,2025-11-06,RDM-133,pivo,27.43,27.43
RDM,2025-11-06,RDM-SC17D8,estacao,0.0,0.0
RDM,2025-11-06,RDM-SC1A38,estacao,0.0,0.0
RDM,2025-11-06,RDM-SC1A4C,estacao,0.0,0.0
RDM,2025-11-06,RDM-SC1AA8,estacao,0.0,0.0
RDM,2025-11-06,RDM-SC1B34,estacao,0.0,0.0
RDM,2025-11-06,RDM-SC1BA8,estacao,0.0,0.0
RDM,2025-11-05,RDM-101,pivo,0.0,0.0
RDM,2025-11-05,RDM-102,pivo,0.0,0.0
RDM,2025-11-05,RDM-103,pivo,0.0,0.0
RDM,2025-11-05,RDM-104,pivo,0.0,0.0
RDM,2025-11-05,RDM-105,pivo,0.0,0.0
RDM,2025-11-05,RDM-106,pivo,0.0,0.0
RDM,2025-11-05,RDM-107,pivo,0.0,0.0
RDM,2025-11-05,RDM-108,pivo,0.0,0.0
RDM,2025-11-05,RDM-109,pivo,0.0,0.0
RDM,2025-11-05,RDM-110,pivo,0.0,0.0
RDM,2025-11-05,RDM-112,pivo,0.0,0.0
RDM,2025-11-05,RDM-113,pivo,0.0,0.0
RDM,2025-11-05,RDM-114,pivo,0.0,0.0
RDM,2025-11-05,RDM-115,pivo,0.0,0.0
RDM,2025-11-05,RDM-116,pivo,3.3,3.3
RDM,2025-11-05,RDM-117,pivo,0.0,0.0
RDM,2025-11-05,RDM-118,pivo,0.0,0.0
RDM,2025-11-05,RDM-119,pivo,0.0,0.0
RDM,2025-11-05,RDM-120,pivo,0.0,0.0
RDM,2025-11-05,RDM-121,pivo,0.0,0.0
RDM,2025-11-05,RDM-122,pivo,0.25,0.25
RDM,2025-11-05,RDM-123,pivo,0.0,0.0
RDM,2025-11-05,RDM-124,pivo,0.0,0.0
RDM,2025-11-05,RDM-125,pivo,0.0,0.0
RDM,2025-11-05,RDM-126,pivo,24.13,24.13
RDM,2025-11-05,RDM-127,pivo,0.0,0.0
RDM,2025-11-05,RDM-128,pivo,0.0,0.0
RDM,2025-11-05,RDM-129,pivo,0.0,0.0
RDM,2025-11-05,RDM-130,pivo,0.0,0.0
RDM,2025-11-05,RDM-131,pivo,0.0,0.0
RDM,2025-11-05,RDM-132,pivo,0.0,0.0
RDM,2025-11-05,RDM-133,pivo,0.0,0.0
RDM,2025-11-05,RDM-SC17D8,estacao,0.0,0.0
RDM,2025-11-05,RDM-SC1A38,estacao,0.0,0.0
RDM,2025-11-05,RDM-SC1A4C,estacao,0.0,0.0
RDM,2025-11-05,RDM-SC1AA8,estacao,0.0,0.0
RDM,2025-11-05,RDM-SC1B34,estacao,0.0,0.0
RDM,2025-11-05,RDM-SC1BA8,estacao,0.0,0.0
RDM,2025-11-03,RDM-101,pivo,2.25,2.25
RDM,2025-11-03,RDM-102,pivo,2.75,2.75
RDM,2025-11-03,RDM-103,pivo,2.54,2.54
RDM,2025-11-03,RDM-104,pivo,3.56,3.56
RDM,2025-11-03,RDM-105,pivo,3.81,3.81
RDM,2025-11-03,RDM-106,pivo,4.32,4.32
RDM,2025-11-03,RDM-107,pivo,4.5,4.5
RDM,2025-11-03,RDM-108,pivo,4.06,4.06
RDM,2025-11-03,RDM-109,pivo,2.79,2.79
RDM,2025-11-03,RDM-110,pivo,2.1,2.1
RDM,2025-11-03,RDM-112,pivo,4.83,4.83
RDM,2025-11-03,RDM-113,pivo,5.1,5.1
RDM,2025-11-03,RDM-114,pivo,2.75,2.75
RDM,2025-11-03,RDM-115,pivo,3.56,3.56
RDM,2025-11-03,RDM-116,pivo,7.11,7.11
RDM,2025-11-03,RDM-117,pivo,6.1,6.1
RDM,2025-11-03,RDM-118,pivo,4.83,4.83
RDM,2025-11-03,RDM-119,pivo,7.62,7.62
RDM,2025-11-03,RDM-120,pivo,6.86,6.86
RDM,2025-11-03,RDM-121,pivo,4.83,4.83
RDM,2025-11-03,RDM-122,pivo,12.45,12.45
RDM,2025-11-03,RDM-123,pivo,9.14,9.14
RDM,2025-11-03,RDM-124,pivo,5.7,5.7
RDM,2025-11-03,RDM-125,pivo,7.5,7.5
RDM,2025-11-03,RDM-126,pivo,5.59,5.59
RDM,2025-11-03,RDM-127,pivo,7.11,7.11
RDM,2025-11-03,RDM-128,pivo,8.13,8.13
RDM,2025-11-03,RDM-129,pivo,8.13,8.13
RDM,2025-11-03,RDM-130,pivo,5.33,5.33
RDM,2025-11-03,RDM-131,pivo,3.05,3.05
RDM,2025-11-03,RDM-132,pivo,4.8,4.8
RDM,2025-11-03,RDM-133,pivo,6.76,6.76
RDM,2025-11-03,RDM-SC17D8,estacao,0.0,0.0
RDM,2025-11-03,RDM-SC1A38,estacao,0.0,0.0
RDM,2025-11-03,RDM-SC1A4C,estacao,0.0,0.0
RDM,2025-11-03,RDM-SC1AA8,estacao,0.0,0.0
RDM,2025-11-03,RDM-SC1B34,estacao,0.0,0.0
RDM,2025-11-03,RDM-SC1BA8,estacao,0.0,0.0
RDM,2025-10-22,RDM-101,pivo,0.0,0.0
RDM,2025-10-22,RDM-102,pivo,0.0,0.0
RDM,2025-10-22,RDM-103,pivo,0.0,0.0
RDM,2025-10-22,RDM-104,pivo,0.0,0.0
RDM,2025-10-22,RDM-105,pivo,0.0,0.0
RDM,2025-10-22,RDM-106,pivo,0.0,0.0
RDM,2025-10-22,RDM-107,pivo,0.0,0.0
RDM,2025-10-22,RDM-108,pivo,0.0,0.0
RDM,2025-10-22,RDM-109,pivo,0.0,0.0
RDM,2025-10-22,RDM-110,pivo,0.0,0.0
RDM,2025-10-22,RDM-112,pivo,0.0,0.0
RDM,2025-10-22,RDM-113,pivo,0.0,0.0
RDM,2025-10-22,RDM-114,pivo,0.0,0.0
RDM,2025-10-22,RDM-115,pivo,0.51,0.51
RDM,2025-10-22,RDM-116,pivo,0.0,0.0
RDM,2025-10-22,RDM-117,pivo,0.0,0.0
RDM,2025-10-22,RDM-118,pivo,0.0,0.0
RDM,2025-10-22,RDM-119,pivo,0.0,0.0
RDM,2025-10-22,RDM-120,pivo,0.0,0.0
RDM,2025-10-22,RDM-121,pivo,0.0,0.0
RDM,2025-10-22,RDM-122,pivo,0.0,0.0
RDM,2025-10-22,RDM-123,pivo,0.0,0.0
RDM,2025-10-22,RDM-124,pivo,0.0,0.0
RDM,2025-10-22,RDM-125,pivo,0.0,0.0
RDM,2025-10-22,RDM-126,pivo,0.0,0.0
RDM,2025-10-22,RDM-127,pivo,0.0,0.0
RDM,2025-10-22,RDM-128,pivo,0.0,0.0
RDM,2025-10-22,RDM-129,pivo,0.0,0.0
RDM,2025-10-22,RDM-130,pivo,0.0,0.0
RDM,2025-10-22,RDM-131,pivo,0.0,0.0
RDM,2025-10-22,RDM-132,pivo,0.0,0.0
RDM,2025-10-22,RDM-133,pivo,0.0,0.0
RDM,2025-10-22,RDM-SC17D8,estacao,0.0,0.0
RDM,2025-10-22,RDM-SC1A38,estacao,0.0,0.0
RDM,2025-10-22,RDM-SC1A4C,estacao,0.0,0.0
RDM,2025-10-22,RDM-SC1AA8,estacao,0.0,0.0
RDM,2025-10-22,RDM-SC1B34,estacao,0.0,0.0
RDM,2025-10-22,RDM-SC1BA8,estacao,0.0,0.0
RDM,2025-10-21,RDM-101,pivo,0.25,0.25
RDM,2025-10-21,RDM-102,pivo,0.0,0.0
RDM,2025-10-21,RDM-103,pivo,0.0,0.0
RDM,2025-10-21,RDM-104,pivo,0.25,0.25
RDM,2025-10-21,RDM-105,pivo,0.0,0.0
RDM,2025-10-21,RDM-106,pivo,0.0,0.0
RDM,2025-10-21,RDM-107,pivo,0.0,0.0
RDM,2025-10-21,RDM-108,pivo,0.76,0.76
RDM,2025-10-21,RDM-109,pivo,0.0,0.0
RDM,2025-10-21,RDM-110,pivo,0.0,0.0
RDM,2025-10-21,RDM-112,pivo,0.25,0.25
RDM,2025-10-21,RDM-113,pivo,0.0,0.0
RDM,2025-10-21,RDM-114,pivo,0.0,0.0
RDM,2025-10-21,RDM-115,pivo,4.57,4.57
RDM,2025-10-21,RDM-116,pivo,0.0,0.0
RDM,2025-10-21,RDM-117,pivo,0.0,0.0
RDM,2025-10-21,RDM-118,pivo,0.25,0.25
RDM,2025-10-21,RDM-119,pivo,0.25,0.25
RDM,2025-10-21,RDM-120,pivo,0.0,0.0
RDM,2025-10-21,RDM-121,pivo,0.0,0.0
RDM,2025-10-21,RDM-122,pivo,0.0,0.0
RDM,2025-10-21,RDM-123,pivo,0.0,0.0
RDM,2025-10-21,RDM-124,pivo,0.0,0.0
RDM,2025-10-21,RDM-125,pivo,0.0,0.0
RDM,2025-10-21,RDM-126,pivo,0.0,0.0
RDM,2025-10-21,RDM-127,pivo,0.0,0.0
RDM,2025-10-21,RDM-128,pivo,0.0,0.0
RDM,2025-10-21,RDM-129,pivo,0.0,0.0
RDM,2025-10-21,RDM-130,pivo,0.0,0.0
RDM,2025-10-21,RDM-131,pivo,0.25,0.25
RDM,2025-10-21,RDM-132,pivo,0.0,0.0
RDM,2025-10-21,RDM-133,pivo,0.25,0.25
RDM,2025-10-21,RDM-SC17D8,estacao,0.0,0.0
RDM,2025-10-21,RDM-SC1A38,estacao,0.0,0.0
RDM,2025-10-21,RDM-SC1A4C,estacao,0.0,0.0
RDM,2025-10-21,RDM-SC1AA8,estacao,0.0,0.0
RDM,2025-10-21,RDM-SC1B34,estacao,0.0,0.0
RDM,2025-10-21,RDM-SC1BA8,estacao,0.0,0.0
RDM,2025-10-20,RDM-101,pivo,2.0,2.0
RDM,2025-10-20,RDM-102,pivo,2.5,2.5
RDM,2025-10-20,RDM-103,pivo,2.03,2.03
RDM,2025-10-20,RDM-104,pivo,2.29,2.29
RDM,2025-10-20,RDM-105,pivo,2.03,2.03
RDM,2025-10-20,RDM-106,pivo,2.03,2.03
RDM,2025-10-20,RDM-107,pivo,2.17,2.17
RDM,2025-10-20,RDM-108,pivo,2.29,2.29
RDM,2025-10-20,RDM-109,pivo,2.03,2.03
RDM,2025-10-20,RDM-110,pivo,2.2,2.2
RDM,2025-10-20,RDM-112,pivo,2.29,2.29
RDM,2025-10-20,RDM-113,pivo,3.23,3.23
RDM,2025-10-20,RDM-114,pivo,2.5,2.5
RDM,2025-10-20,RDM-115,pivo,2.79,2.79
RDM,2025-10-20,RDM-116,pivo,2.29,2.29
RDM,2025-10-20,RDM-117,pivo,2.55,2.55
RDM,2025-10-20,RDM-118,pivo,2.03,2.03
RDM,2025-10-20,RDM-119,pivo,3.3,3.3
RDM,2025-10-20,RDM-120,pivo,3.56,3.56
RDM,2025-10-20,RDM-121,pivo,4.83,4.83
RDM,2025-10-20,RDM-122,pivo,5.26,5.26
RDM,2025-10-20,RDM-123,pivo,4.57,4.57
RDM,2025-10-20,RDM-124,pivo,6.53,6.53
RDM,2025-10-20,RDM-125,pivo,4.2,4.2
RDM,2025-10-20,RDM-126,pivo,5.08,5.08
RDM,2025-10-20,RDM-127,pivo,5.08,5.08
RDM,2025-10-20,RDM-128,pivo,4.32,4.32
RDM,2025-10-20,RDM-129,pivo,4.06,4.06
RDM,2025-10-20,RDM-130,pivo,3.05,3.05
RDM,2025-10-20,RDM-131,pivo,2.79,2.79
RDM,2025-10-20,RDM-132,pivo,2.42,2.42
RDM,2025-10-20,RDM-133,pivo,5.84,5.84
RDM,2025-10-20,RDM-SC17D8,estacao,0.0,0.0
RDM,2025-10-20,RDM-SC1A38,estacao,0.0,0.0
RDM,2025-10-20,RDM-SC1A4C,estacao,0.0,0.0
RDM,2025-10-20,RDM-SC1AA8,estacao,0.0,0.0
RDM,2025-10-20,RDM-SC1B34,estacao,0.0,0.0
RDM,2025-10-20,RDM-SC1BA8,estacao,0.0,0.0
RDM,2025-10-19,RDM-101,pivo,2.0,2.0
RDM,2025-10-19,RDM-102,pivo,1.75,1.75
RDM,2025-10-19,RDM-103,pivo,3.05,3.05
RDM,2025-10-19,RDM-104,pivo,2.29,2.29
RDM,2025-10-19,RDM-105,pivo,4.57,4.57
RDM,2025-10-19,RDM-106,pivo,2.29,2.29
RDM,2025-10-19,RDM-107,pivo,9.91,9.91
RDM,2025-10-19,RDM-108,pivo,9.14,9.14
RDM,2025-10-19,RDM-109,pivo,3.81,3.81
RDM,2025-10-19,RDM-110,pivo,2.79,2.79
RDM,2025-10-19,RDM-112,pivo,1.27,1.27
RDM,2025-10-19,RDM-113,pivo,1.02,1.02
RDM,2025-10-19,RDM-114,pivo,1.0,1.0
RDM,2025-10-19,RDM-115,pivo,1.51,1.51
RDM,2025-10-19,RDM-116,pivo,1.02,1.02
RDM,2025-10-19,RDM-117,pivo,2.25,2.25
RDM,2025-10-19,RDM-118,pivo,1.78,1.78
RDM,2025-10-19,RDM-119,pivo,1.52,1.52
RDM,2025-10-19,RDM-120,pivo,1.52,1.52
RDM,2025-10-19,RDM-121,pivo,1.52,1.52
RDM,2025-10-19,RDM-122,pivo,3.55,3.55
RDM,2025-10-19,RDM-123,pivo,2.29,2.29
RDM,2025-10-19,RDM-124,pivo,1.52,1.52
RDM,2025-10-19,RDM-125,pivo,2.5,2.5
RDM,2025-10-19,RDM-126,pivo,3.05,3.05
RDM,2025-10-19,RDM-127,pivo,3.56,3.56
RDM,2025-10-19,RDM-128,pivo,4.06,4.06
RDM,2025-10-19,RDM-129,pivo,3.05,3.05
RDM,2025-10-19,RDM-130,pivo,2.29,2.29
RDM,2025-10-19,RDM-131,pivo,1.02,1.02
RDM,2025-10-19,RDM-132,pivo,1.82,1.82
RDM,2025-10-19,RDM-133,pivo,2.79,2.79
RDM,2025-10-19,RDM-SC17D8,estacao,0.0,0.0
RDM,2025-10-19,RDM-SC1A38,estacao,0.0,0.0
RDM,2025-10-19,RDM-SC1A4C,estacao,0.0,0.0
RDM,2025-10-19,RDM-SC1AA8,estacao,0.0,0.0
RDM,2025-10-19,RDM-SC1B34,estacao,0.0,0.0
RDM,2025-10-19,RDM-SC1BA8,estacao,0.0,0.0
RDM,2025-10-18,RDM-101,pivo,0.0,0.0
RDM,2025-10-18,RDM-102,pivo,0.0,0.0
RDM,2025-10-18,RDM-103,pivo,0.0,0.0
RDM,2025-10-18,RDM-104,pivo,0.0,0.0
RDM,2025-10-18,RDM-105,pivo,0.0,0.0
RDM,2025-10-18,RDM-106,pivo,0.0,0.0
RDM,2025-10-18,RDM-107,pivo,0.0,0.0
RDM,2025-10-18,RDM-108,pivo,5.08,5.08
RDM,2025-10-18,RDM-109,pivo,0.0,0.0
RDM,2025-10-18,RDM-110,pivo,0.0,0.0
RDM,2025-10-18,RDM-112,pivo,0.0,0.0
RDM,2025-10-18,RDM-113,pivo,0.0,0.0
RDM,2025-10-18,RDM-114,pivo,0.0,0.0
RDM,2025-10-18,RDM-115,pivo,0.0,0.0
RDM,2025-10-18,RDM-116,pivo,0.0,0.0
RDM,2025-10-18,RDM-117,pivo,0.0,0.0
RDM,2025-10-18,RDM-118,pivo,0.0,0.0
RDM,2025-10-18,RDM-119,pivo,0.0,0.0
RDM,2025-10-18,RDM-120,pivo,0.0,0.0
RDM,2025-10-18,RDM-121,pivo,0.0,0.0
RDM,2025-10-18,RDM-122,pivo,0.0,0.0
RDM,2025-10-18,RDM-123,pivo,0.0,0.0
RDM,2025-10-18,RDM-124,pivo,0.0,0.0
RDM,2025-10-18,RDM-125,pivo,0.0,0.0
RDM,2025-10-18,RDM-126,pivo,0.0,0.0
RDM,2025-10-18,RDM-127,pivo,0.0,0.0
RDM,2025-10-18,RDM-128,pivo,0.0,0.0
RDM,2025-10-18,RDM-129,pivo,0.0,0.0
RDM,2025-10-18,RDM-130,pivo,0.0,0.0
RDM,2025-10-18,RDM-131,pivo,0.0,0.0
RDM,2025-10-18,RDM-132,pivo,0.0,0.0
RDM,2025-10-18,RDM-133,pivo,0.0,0.0
RDM,2025-10-18,RDM-SC17D8,estacao,0.0,0.0
RDM,2025-10-18,RDM-SC1A38,estacao,0.0,0.0
RDM,2025-10-18,RDM-SC1A4C,estacao,0.0,0.0
RDM,2025-10-18,RDM-SC1AA8,estacao,0.0,0.0
RDM,2025-10-18,RDM-SC1B34,estacao,0.0,0.0
RDM,2025-10-18,RDM-SC1BA8,estacao,0.0,0.0
RDM,2025-10-17,RDM-101,pivo,0.0,0.0
RDM,2025-10-17,RDM-102,pivo,0.0,0.0
RDM,2025-10-17,RDM-103,pivo,0.0,0.0
RDM,2025-10-17,RDM-104,pivo,0.0,0.0
RDM,2025-10-17,RDM-105,pivo,0.0,0.0
RDM,2025-10-17,RDM-106,pivo,0.0,0.0
RDM,2025-10-17,RDM-107,pivo,0.0,0.0
RDM,2025-10-17,RDM-108,pivo,4.06,4.06
RDM,2025-10-17,RDM-109,pivo,0.0,0.0
RDM,2025-10-17,RDM-110,pivo,0.0,0.0
RDM,2025-10-17,RDM-112,pivo,0.0,0.0
RDM,2025-10-17,RDM-113,pivo,1.52,1.52
RDM,2025-10-17,RDM-114,pivo,0.0,0.0
RDM,2025-10-17,RDM-115,pivo,0.0,0.0
RDM,2025-10-17,RDM-116,pivo,0.0,0.0
RDM,2025-10-17,RDM-117,pivo,0.0,0.0
RDM,2025-10-17,RDM-118,pivo,0.0,0.0
RDM,2025-10-17,RDM-119,pivo,0.0,0.0
RDM,2025-10-17,RDM-120,pivo,0.0,0.0
RDM,2025-10-17,RDM-121,pivo,0.0,0.0
RDM,2025-10-17,RDM-122,pivo,0.0,0.0
RDM,2025-10-17,RDM-123,pivo,0.0,0.0
RDM,2025-10-17,RDM-124,pivo,0.0,0.0
RDM,2025-10-17,RDM-125,pivo,0.0,0.0
RDM,2025-10-17,RDM-126,pivo,0.0,0.0
RDM,2025-10-17,RDM-127,pivo,0.0,0.0
RDM,2025-10-17,RDM-128,pivo,0.0,0.0
RDM,2025-10-17,RDM-129,pivo,0.0,0.0
RDM,2025-10-17,RDM-130,pivo,0.0,0.0
RDM,2025-10-17,RDM-131,pivo,0.0,0.0
RDM,2025-10-17,RDM-132,pivo,0.0,0.0
RDM,2025-10-17,RDM-133,pivo,0.0,0.0
RDM,2025-10-17,RDM-SC17D8,estacao,0.0,0.0
RDM,2025-10-17,RDM-SC1A38,estacao,0.0,0.0
RDM,2025-10-17,RDM-SC1A4C,estacao,0.0,0.0
RDM,2025-10-17,RDM-SC1AA8,estacao,0.0,0.0
RDM,2025-10-17,RDM-SC1B34,estacao,0.0,0.0
RDM,2025-10-17,RDM-SC1BA8,estacao,0.0,0.0
RDM,2025-10-16,RDM-101,pivo,0.0,0.0
RDM,2025-10-16,RDM-102,pivo,0.0,0.0
RDM,2025-10-16,RDM-103,pivo,1.52,1.52
RDM,2025-10-16,RDM-104,pivo,2.03,2.03
RDM,2025-10-16,RDM-105,pivo,1.78,1.78
RDM,2025-10-16,RDM-106,pivo,2.79,2.79
RDM,2025-10-16,RDM-107,pivo,5.08,5.08
RDM,2025-10-16,RDM-108,pivo,3.81,3.81
RDM,2025-10-16,RDM-109,pivo,1.78,1.78
RDM,2025-10-16,RDM-110,pivo,0.0,0.0
RDM,2025-10-16,RDM-112,pivo,0.0,0.0
RDM,2025-10-16,RDM-113,pivo,0.0,0.0
RDM,2025-10-16,RDM-114,pivo,0.0,0.0
RDM,2025-10-16,RDM-115,pivo,0.0,0.0
RDM,2025-10-16,RDM-116,pivo,0.0,0.0
RDM,2025-10-16,RDM-117,pivo,0.0,0.0
RDM,2025-10-16,RDM-118,pivo,0.0,0.0
RDM,2025-10-16,RDM-119,pivo,0.0,0.0
RDM,2025-10-16,RDM-120,pivo,0.0,0.0
RDM,2025-10-16,RDM-121,pivo,0.0,0.0
RDM,2025-10-16,RDM-122,pivo,0.0,0.0
RDM,2025-10-16,RDM-123,pivo,0.0,0.0
RDM,2025-10-16,RDM-124,pivo,0.0,0.0
RDM,2025-10-16,RDM-125,pivo,0.0,0.0
RDM,2025-10-16,RDM-126,pivo,0.0,0.0
RDM,2025-10-16,RDM-127,pivo,0.0,0.0
RDM,2025-10-16,RDM-128,pivo,0.0,0.0
RDM,2025-10-16,RDM-129,pivo,0.0,0.0
RDM,2025-10-16,RDM-130,pivo,0.0,0.0
RDM,2025-10-16,RDM-131,pivo,0.0,0.0
RDM,2025-10-16,RDM-132,pivo,0.0,0.0
RDM,2025-10-16,RDM-133,pivo,0.0,0.0
RDM,2025-10-16,RDM-SC17D8,estacao,0.0,0.0
RDM,2025-10-16,RDM-SC1A38,estacao,0.0,0.0
RDM,2025-10-16,RDM-SC1A4C,estacao,0.0,0.0
RDM,2025-10-16,RDM-SC1AA8,estacao,0.0,0.0
RDM,2025-10-16,RDM-SC1B34,estacao,0.0,0.0
RDM,2025-10-16,RDM-SC1BA8,estacao,0.0,0.0
RDM,2025-10-14,RDM-101,pivo,1.25,1.25
RDM,2025-10-14,RDM-102,pivo,0.0,0.0
RDM,2025-10-14,RDM-103,pivo,1.52,1.52
RDM,2025-10-14,RDM-104,pivo,2.54,2.54
RDM,2025-10-14,RDM-105,pivo,3.05,3.05
RDM,2025-10-14,RDM-106,pivo,4.57,4.57
RDM,2025-10-14,RDM-107,pivo,3.81,3.81
RDM,2025-10-14,RDM-108,pivo,3.3,3.3
RDM,2025-10-14,RDM-109,pivo,3.3,3.3
RDM,2025-10-14,RDM-110,pivo,0.0,0.0
RDM,2025-10-14,RDM-112,pivo,0.0,0.0
RDM,2025-10-14,RDM-113,pivo,0.0,0.0
RDM,2025-10-14,RDM-114,pivo,0.0,0.0
RDM,2025-10-14,RDM-115,pivo,0.0,0.0
RDM,2025-10-14,RDM-116,pivo,0.0,0.0
RDM,2025-10-14,RDM-117,pivo,0.25,0.25
RDM,2025-10-14,RDM-118,pivo,0.0,0.0
RDM,2025-10-14,RDM-119,pivo,0.0,0.0
RDM,2025-10-14,RDM-120,pivo,0.0,0.0
RDM,2025-10-14,RDM-121,pivo,0.0,0.0
RDM,2025-10-14,RDM-122,pivo,0.0,0.0
RDM,2025-10-14,RDM-123,pivo,0.25,0.25
RDM,2025-10-14,RDM-124,pivo,0.0,0.0
RDM,2025-10-14,RDM-125,pivo,0.0,0.0
RDM,2025-10-14,RDM-126,pivo,0.0,0.0
RDM,2025-10-14,RDM-127,pivo,0.0,0.0
RDM,2025-10-14,RDM-128,pivo,0.0,0.0
RDM,2025-10-14,RDM-129,pivo,0.0,0.0
RDM,2025-10-14,RDM-130,pivo,0.0,0.0
RDM,2025-10-14,RDM-131,pivo,0.0,0.0
RDM,2025-10-14,RDM-132,pivo,1.82,1.82
RDM,2025-10-14,RDM-133,pivo,0.0,0.0
RDM,2025-10-14,RDM-SC17D8,estacao,0.0,0.0
RDM,2025-10-14,RDM-SC1A38,estacao,0.0,0.0
RDM,2025-10-14,RDM-SC1A4C,estacao,0.0,0.0
RDM,2025-10-14,RDM-SC1AA8,estacao,0.0,0.0
RDM,2025-10-14,RDM-SC1B34,estacao,0.0,0.0
RDM,2025-10-14,RDM-SC1BA8,estacao,0.0,0.0
RDM,2025-10-13,RDM-101,pivo,3.0,3.0
RDM,2025-10-13,RDM-102,pivo,0.0,0.0
RDM,2025-10-13,RDM-103,pivo,2.03,2.03
RDM,2025-10-13,RDM-104,pivo,2.29,2.29
RDM,2025-10-13,RDM-105,pivo,3.05,3.05
RDM,2025-10-13,RDM-106,pivo,4.57,4.57
RDM,2025-10-13,RDM-107,pivo,4.32,4.32
RDM,2025-10-13,RDM-108,pivo,10.67,10.67
RDM,2025-10-13,RDM-109,pivo,7.87,7.87
RDM,2025-10-13,RDM-110,pivo,0.0,0.0
RDM,2025-10-13,RDM-112,pivo,4.32,4.32
RDM,2025-10-13,RDM-113,pivo,0.0,0.0
RDM,2025-10-13,RDM-114,pivo,5.75,5.75
RDM,2025-10-13,RDM-115,pivo,4.83,4.83
RDM,2025-10-13,RDM-116,pivo,9.14,9.14
RDM,2025-10-13,RDM-117,pivo,0.0,0.0
RDM,2025-10-13,RDM-118,pivo,10.41,10.41
RDM,2025-10-13,RDM-119,pivo,4.32,4.32
RDM,2025-10-13,RDM-120,pivo,8.64,8.64
RDM,2025-10-13,RDM-121,pivo,7.37,7.37
RDM,2025-10-13,RDM-122,pivo,0.0,0.0
RDM,2025-10-13,RDM-123,pivo,9.65,9.65
RDM,2025-10-13,RDM-124,pivo,6.6,6.6
RDM,2025-10-13,RDM-125,pivo,0.0,0.0
RDM,2025-10-13,RDM-126,pivo,1.27,1.27
RDM,2025-10-13,RDM-127,pivo,0.51,0.51
RDM,2025-10-13,RDM-128,pivo,1.27,1.27
RDM,2025-10-13,RDM-129,pivo,2.03,2.03
RDM,2025-10-13,RDM-130,pivo,2.29,2.29
RDM,2025-10-13,RDM-131,pivo,3.05,3.05
RDM,2025-10-13,RDM-132,pivo,0.78,0.78
RDM,2025-10-13,RDM-133,pivo,0.0,0.0
RDM,2025-10-13,RDM-SC17D8,estacao,0.0,0.0
RDM,2025-10-13,RDM-SC1A38,estacao,0.0,0.0
RDM,2025-10-13,RDM-SC1A4C,estacao,0.0,0.0
RDM,2025-10-13,RDM-SC1AA8,estacao,0.0,0.0
RDM,2025-10-13,RDM-SC1B34,estacao,0.0,0.0
RDM,2025-10-13,RDM-SC1BA8,estacao,0.0,0.0
RDM,2025-10-01,RDM-101,pivo,0.0,0.0
RDM,2025-10-01,RDM-102,pivo,0.0,0.0
RDM,2025-10-01,RDM-103,pivo,0.0,0.0
RDM,2025-10-01,RDM-104,pivo,0.0,0.0
RDM,2025-10-01,RDM-105,pivo,0.0,0.0
RDM,2025-10-01,RDM-106,pivo,0.0,0.0
RDM,2025-10-01,RDM-107,pivo,0.0,0.0
RDM,2025-10-01,RDM-108,pivo,0.0,0.0
RDM,2025-10-01,RDM-109,pivo,0.0,0.0
RDM,2025-10-01,RDM-110,pivo,0.0,0.0
RDM,2025-10-01,RDM-112,pivo,0.0,0.0
RDM,2025-10-01,RDM-113,pivo,0.0,0.0
RDM,2025-10-01,RDM-114,pivo,0.0,0.0
RDM,2025-10-01,RDM-115,pivo,0.0,0.0
RDM,2025-10-01,RDM-116,pivo,0.0,0.0
RDM,2025-10-01,RDM-117,pivo,0.0,0.0
RDM,2025-10-01,RDM-118,pivo,0.0,0.0
RDM,2025-10-01,RDM-119,pivo,0.0,0.0
RDM,2025-10-01,RDM-120,pivo,0.0,0.0
RDM,2025-10-01,RDM-121,pivo,0.0,0.0
RDM,2025-10-01,RDM-122,pivo,0.0,0.0
RDM,2025-10-01,RDM-123,pivo,0.0,0.0
RDM,2025-10-01,RDM-124,pivo,0.0,0.0
RDM,2025-10-01,RDM-125,pivo,0.0,0.0
RDM,2025-10-01,RDM-126,pivo,0.0,0.0
RDM,2025-10-01,RDM-127,pivo,0.0,0.0
RDM,2025-10-01,RDM-128,pivo,0.0,0.0
RDM,2025-10-01,RDM-129,pivo,0.0,0.0
RDM,2025-10-01,RDM-130,pivo,0.0,0.0
RDM,2025-10-01,RDM-131,pivo,0.25,0.25
RDM,2025-10-01,RDM-132,pivo,0.0,0.0
RDM,2025-10-01,RDM-133,pivo,0.0,0.0
RDM,2025-10-01,RDM-SC17D8,estacao,0.0,0.0
RDM,2025-10-01,RDM-SC1A38,estacao,0.0,0.0
RDM,2025-10-01,RDM-SC1A4C,estacao,0.0,0.0
RDM,2025-10-01,RDM-SC1AA8,estacao,0.0,0.0
RDM,2025-10-01,RDM-SC1B34,estacao,0.0,0.0
RDM,2025-10-01,RDM-SC1BA8,estacao,0.0,0.0
RDM,2025-09-23,RDM-101,pivo,0.0,0.0
RDM,2025-09-23,RDM-102,pivo,0.0,0.0
RDM,2025-09-23,RDM-103,pivo,4.57,4.57
RDM,2025-09-23,RDM-104,pivo,3.81,3.81
RDM,2025-09-23,RDM-105,pivo,0.76,0.76
RDM,2025-09-23,RDM-106,pivo,6.35,6.35
RDM,2025-09-23,RDM-107,pivo,7.62,7.62
RDM,2025-09-23,RDM-108,pivo,0.0,0.0
RDM,2025-09-23,RDM-109,pivo,6.1,6.1
RDM,2025-09-23,RDM-110,pivo,0.0,0.0
RDM,2025-09-23,RDM-112,pivo,0.76,0.76
RDM,2025-09-23,RDM-113,pivo,0.0,0.0
RDM,2025-09-23,RDM-114,pivo,3.5,3.5
RDM,2025-09-23,RDM-115,pivo,7.62,7.62
RDM,2025-09-23,RDM-116,pivo,3.3,3.3
RDM,2025-09-23,RDM-117,pivo,0.51,0.51
RDM,2025-09-23,RDM-118,pivo,0.76,0.76
RDM,2025-09-23,RDM-119,pivo,4.83,4.83
RDM,2025-09-23,RDM-120,pivo,1.78,1.78
RDM,2025-09-23,RDM-121,pivo,0.51,0.51
RDM,2025-09-23,RDM-122,pivo,1.02,1.02
RDM,2025-09-23,RDM-123,pivo,2.29,2.29
RDM,2025-09-23,RDM-124,pivo,3.3,3.3
RDM,2025-09-23,RDM-125,pivo,0.0,0.0
RDM,2025-09-23,RDM-126,pivo,0.0,0.0
RDM,2025-09-23,RDM-127,pivo,6.35,6.35
RDM,2025-09-23,RDM-128,pivo,8.13,8.13
RDM,2025-09-23,RDM-129,pivo,1.27,1.27
RDM,2025-09-23,RDM-130,pivo,0.0,0.0
RDM,2025-09-23,RDM-131,pivo,0.76,0.76
RDM,2025-09-23,RDM-132,pivo,2.86,2.86
RDM,2025-09-23,RDM-133,pivo,0.0,0.0
RDM,2025-09-23,RDM-SC17D8,estacao,0.0,0.0
RDM,2025-09-23,RDM-SC1A38,estacao,0.0,0.0
RDM,2025-09-23,RDM-SC1A4C,estacao,0.0,0.0
RDM,2025-09-23,RDM-SC1AA8,estacao,0.0,0.0
RDM,2025-09-23,RDM-SC1B34,estacao,0.0,0.0
RDM,2025-09-23,RDM-SC1BA8,estacao,0.0,0.0
RDM,2025-09-22,RDM-101,pivo,0.0,0.0
RDM,2025-09-22,RDM-102,pivo,0.0,0.0
RDM,2025-09-22,RDM-103,pivo,0.0,0.0
RDM,2025-09-22,RDM-104,pivo,0.0,0.0
RDM,2025-09-22,RDM-105,pivo,0.0,0.0
RDM,2025-09-22,RDM-106,pivo,0.0,0.0
RDM,2025-09-22,RDM-107,pivo,0.0,0.0
RDM,2025-09-22,RDM-108,pivo,0.0,0.0
RDM,2025-09-22,RDM-109,pivo,0.0,0.0
RDM,2025-09-22,RDM-110,pivo,0.0,0.0
RDM,2025-09-22,RDM-112,pivo,0.0,0.0
RDM,2025-09-22,RDM-113,pivo,0.0,0.0
RDM,2025-09-22,RDM-114,pivo,0.0,0.0
RDM,2025-09-22,RDM-115,pivo,1.27,1.27
RDM,2025-09-22,RDM-116,pivo,0.0,0.0
RDM,2025-09-22,RDM-117,pivo,0.0,0.0
RDM,2025-09-22,RDM-118,pivo,0.0,0.0
RDM,2025-09-22,RDM-119,pivo,0.0,0.0
RDM,2025-09-22,RDM-120,pivo,0.0,0.0
RDM,2025-09-22,RDM-121,pivo,0.0,0.0
RDM,2025-09-22,RDM-122,pivo,0.0,0.0
RDM,2025-09-22,RDM-123,pivo,0.0,0.0
RDM,2025-09-22,RDM-124,pivo,0.0,0.0
RDM,2025-09-22,RDM-125,pivo,0.0,0.0
RDM,2025-09-22,RDM-126,pivo,0.0,0.0
RDM,2025-09-22,RDM-127,pivo,0.0,0.0
RDM,2025-09-22,RDM-128,pivo,0.0,0.0
RDM,2025-09-22,RDM-129,pivo,0.0,0.0
RDM,2025-09-22,RDM-130,pivo,0.25,0.25
RDM,2025-09-22,RDM-131,pivo,0.0,0.0
RDM,2025-09-22,RDM-132,pivo,0.0,0.0
RDM,2025-09-22,RDM-133,pivo,0.0,0.0
RDM,2025-09-22,RDM-SC17D8,estacao,0.0,0.0
RDM,2025-09-22,RDM-SC1A38,estacao,0.0,0.0
RDM,2025-09-22,RDM-SC1A4C,estacao,0.0,0.0
RDM,2025-09-22,RDM-SC1AA8,estacao,0.0,0.0
RDM,2025-09-22,RDM-SC1B34,estacao,0.0,0.0
RDM,2025-09-22,RDM-SC1BA8,estacao,0.0,0.0
RDM,2025-09-20,RDM-101,pivo,0.0,0.0
RDM,2025-09-20,RDM-102,pivo,0.0,0.0
RDM,2025-09-20,RDM-103,pivo,0.0,0.0
RDM,2025-09-20,RDM-104,pivo,0.0,0.0
RDM,2025-09-20,RDM-105,pivo,0.0,0.0
RDM,2025-09-20,RDM-106,pivo,0.0,0.0
RDM,2025-09-20,RDM-107,pivo,0.0,0.0
RDM,2025-09-20,RDM-108,pivo,0.0,0.0
RDM,2025-09-20,RDM-109,pivo,0.0,0.0
RDM,2025-09-20,RDM-110,pivo,0.0,0.0
RDM,2025-09-20,RDM-112,pivo,0.0,0.0
RDM,2025-09-20,RDM-113,pivo,0.0,0.0
RDM,2025-09-20,RDM-114,pivo,0.0,0.0
RDM,2025-09-20,RDM-115,pivo,0.0,0.0
RDM,2025-09-20,RDM-116,pivo,0.0,0.0
RDM,2025-09-20,RDM-117,pivo,0.0,0.0
RDM,2025-09-20,RDM-118,pivo,0.0,0.0
RDM,2025-09-20,RDM-119,pivo,0.0,0.0
RDM,2025-09-20,RDM-120,pivo,0.0,0.0
RDM,2025-09-20,RDM-121,pivo,0.0,0.0
RDM,2025-09-20,RDM-122,pivo,0.0,0.0
RDM,2025-09-20,RDM-123,pivo,0.0,0.0
RDM,2025-09-20,RDM-124,pivo,0.51,0.51
RDM,2025-09-20,RDM-125,pivo,0.0,0.0
RDM,2025-09-20,RDM-126,pivo,0.0,0.0
RDM,2025-09-20,RDM-127,pivo,0.0,0.0
RDM,2025-09-20,RDM-128,pivo,0.0,0.0
RDM,2025-09-20,RDM-129,pivo,0.0,0.0
RDM,2025-09-20,RDM-130,pivo,0.0,0.0
RDM,2025-09-20,RDM-131,pivo,0.0,0.0
RDM,2025-09-20,RDM-132,pivo,0.0,0.0
RDM,2025-09-20,RDM-133,pivo,0.0,0.0
RDM,2025-09-20,RDM-SC17D8,estacao,0.0,0.0
RDM,2025-09-20,RDM-SC1A38,estacao,0.0,0.0
RDM,2025-09-20,RDM-SC1A4C,estacao,0.0,0.0
RDM,2025-09-20,RDM-SC1AA8,estacao,0.0,0.0
RDM,2025-09-20,RDM-SC1B34,estacao,0.0,0.0
RDM,2025-09-20,RDM-SC1BA8,estacao,0.0,0.0
KRT,2026-08-17,KRT-001,pivo,0.0,0.0
KRT,2026-08-17,KRT-001B,pivo_secundario,0.0,0.0
KRT,2026-08-17,KRT-002,pivo,0.0,0.0
KRT,2026-08-17,KRT-002B,pivo_secundario,0.0,0.0
KRT,2026-08-17,KRT-003,pivo,0.0,0.0
KRT,2026-08-17,KRT-004,pivo,0.0,0.0
KRT,2026-08-17,KRT-004B,pivo_secundario,0.0,0.0
KRT,2026-08-17,KRT-005,pivo,0.0,0.0
KRT,2026-08-17,KRT-006B,pivo_secundario,0.0,0.0
KRT,2026-08-17,KRT-006,pivo,0.0,0.0
KRT,2026-08-17,KRT-007B,pivo_secundario,0.0,0.0
KRT,2026-08-17,KRT-007,pivo,0.0,0.0
KRT,2026-08-17,KRT-008,pivo,0.0,0.0
KRT,2026-08-17,KRT-009,pivo,0.0,0.0
KRT,2026-08-17,KRT-010,pivo,7.62,7.62
KRT,2026-08-17,KRT-011,pivo,0.0,0.0
KRT,2026-08-17,KRT-012,pivo,4.57,4.57
KRT,2026-08-17,KRT-013,pivo,0.25,0.25
KRT,2026-08-17,KRT-014,pivo,0.0,0.0
KRT,2026-08-17,KRT-015,pivo,0.0,0.0
KRT,2026-08-17,KRT-016,pivo,0.0,0.0
KRT,2026-08-17,KRT-017,pivo,0.0,0.0
KRT,2026-08-17,KRT-018,pivo,0.0,0.0
KRT,2026-08-17,KRT-019,pivo,0.0,0.0
KRT,2026-08-17,KRT-020,pivo,0.0,0.0
KRT,2026-08-17,KRT-021,pivo,0.0,0.0
KRT,2026-08-17,KRT-022,pivo,0.0,0.0
KRT,2026-08-17,KRT-023,pivo,0.0,0.0
KRT,2026-08-17,KRT-024,pivo,0.0,0.0
KRT,2026-08-17,KRT-025,pivo,0.0,0.0
KRT,2026-08-17,KRT-026,pivo,0.0,0.0
KRT,2026-08-17,KRT-027,pivo,0.0,0.0
KRT,2026-08-17,KRT-028,pivo,0.0,0.0
KRT,2026-08-17,KRT-029,pivo,0.25,0.25
KRT,2026-08-17,KRT-030,pivo,0.0,0.0
KRT,2026-08-17,KRT-031,pivo,0.0,0.0
KRT,2026-08-17,KRT-032,pivo,0.0,0.0
KRT,2026-08-17,KRT-033,pivo,0.0,0.0
KRT,2026-08-17,KRT-034,pivo,0.0,0.0
KRT,2026-08-17,KRT-035,pivo,0.0,0.0
KRT,2026-08-17,KRT-036,pivo,0.0,0.0
KRT,2026-08-17,KRT-037,pivo,0.0,0.0
KRT,2026-08-17,KRT-038,pivo,0.0,0.0
KRT,2026-08-17,KRT-039,pivo,0.0,0.0
KRT,2026-08-17,KRT-040,pivo,0.0,0.0
KRT,2026-08-17,KRT-041,pivo,0.0,0.0
KRT,2026-08-17,KRT-042,pivo,0.0,0.0
KRT,2026-08-17,KRT-043,pivo,0.0,0.0
KRT,2026-08-17,KRT-044,pivo,0.0,0.0
KRT,2026-08-17,KRT-045,pivo,0.0,0.0
KRT,2026-08-17,KRT-046,pivo,0.25,0.25
KRT,2026-08-17,KRT-047,pivo,0.0,0.0
KRT,2026-08-17,KRT-048,pivo,0.0,0.0
KRT,2026-08-17,KRT-049,pivo,0.0,0.0
KRT,2026-08-17,KRT-050,pivo,0.0,0.0
KRT,2026-08-17,KRT-051,pivo,0.0,0.0
KRT,2026-08-17,KRT-052,pivo,1.27,1.27
KRT,2026-08-17,KRT-053,pivo,0.0,0.0
KRT,2026-08-17,KRT-054,pivo,0.0,0.0
KRT,2026-08-17,KRT-055,pivo,0.0,0.0
KRT,2026-08-17,KRT-056,pivo,0.0,0.0
KRT,2026-08-17,KRT-057,pivo,0.0,0.0
KRT,2026-08-17,KRT-058,pivo,0.0,0.0
KRT,2026-08-17,KRT-059,pivo,0.0,0.0
KRT,2026-08-17,KRT-060,pivo,0.0,0.0
KRT,2026-08-17,KRT-061,pivo,0.0,0.0
KRT,2026-08-17,KRT-062,pivo,0.0,0.0
KRT,2026-08-17,KRT-063,pivo,0.0,0.0
KRT,2026-08-17,KRT-064,pivo,0.0,0.0
KRT,2026-08-17,KRT-065,pivo,0.0,0.0
KRT,2026-08-17,KRT-066,pivo,0.0,0.0
KRT,2026-08-17,KRT-067,pivo,0.0,0.0
KRT,2026-08-17,KRT-068,pivo,0.0,0.0
KRT,2026-08-17,KRT-069,pivo,0.0,0.0
KRT,2026-08-17,KRT-070,pivo,0.0,0.0
KRT,2026-08-17,KRT-071,pivo,0.0,0.0
KRT,2026-08-17,KRT-072,pivo,0.0,0.0
KRT,2026-08-17,KRT-073,pivo,0.0,0.0
KRT,2026-08-17,KRT-074,pivo,0.0,0.0
KRT,2026-08-16,KRT-001,pivo,17.53,17.53
KRT,2026-08-16,KRT-001B,pivo_secundario,0.0,0.0
KRT,2026-08-16,KRT-002,pivo,0.0,0.0
KRT,2026-08-16,KRT-002B,pivo_secundario,0.0,0.0
KRT,2026-08-16,KRT-003,pivo,0.0,0.0
KRT,2026-08-16,KRT-004,pivo,0.0,0.0
KRT,2026-08-16,KRT-004B,pivo_secundario,0.0,0.0
KRT,2026-08-16,KRT-005,pivo,0.0,0.0
KRT,2026-08-16,KRT-006B,pivo_secundario,0.0,0.0
KRT,2026-08-16,KRT-006,pivo,0.0,0.0
KRT,2026-08-16,KRT-007B,pivo_secundario,0.0,0.0
KRT,2026-08-16,KRT-007,pivo,0.0,0.0
KRT,2026-08-16,KRT-008,pivo,0.0,0.0
KRT,2026-08-16,KRT-009,pivo,0.0,0.0
KRT,2026-08-16,KRT-010,pivo,19.56,19.56
KRT,2026-08-16,KRT-011,pivo,0.0,0.0
KRT,2026-08-16,KRT-012,pivo,8.13,8.13
KRT,2026-08-16,KRT-013,pivo,2.03,2.03
KRT,2026-08-16,KRT-014,pivo,0.0,0.0
KRT,2026-08-16,KRT-015,pivo,0.0,0.0
KRT,2026-08-16,KRT-016,pivo,0.0,0.0
KRT,2026-08-16,KRT-017,pivo,0.0,0.0
KRT,2026-08-16,KRT-018,pivo,0.0,0.0
KRT,2026-08-16,KRT-019,pivo,0.0,0.0
KRT,2026-08-16,KRT-020,pivo,0.0,0.0
KRT,2026-08-16,KRT-021,pivo,0.0,0.0
KRT,2026-08-16,KRT-022,pivo,0.0,0.0
KRT,2026-08-16,KRT-023,pivo,0.0,0.0
KRT,2026-08-16,KRT-024,pivo,0.0,0.0
KRT,2026-08-16,KRT-025,pivo,0.0,0.0
KRT,2026-08-16,KRT-026,pivo,0.0,0.0
KRT,2026-08-16,KRT-027,pivo,0.0,0.0
KRT,2026-08-16,KRT-028,pivo,0.0,0.0
KRT,2026-08-16,KRT-029,pivo,1.52,1.52
KRT,2026-08-16,KRT-030,pivo,0.0,0.0
KRT,2026-08-16,KRT-031,pivo,0.0,0.0
KRT,2026-08-16,KRT-032,pivo,0.0,0.0
KRT,2026-08-16,KRT-033,pivo,0.0,0.0
KRT,2026-08-16,KRT-034,pivo,0.0,0.0
KRT,2026-08-16,KRT-035,pivo,0.0,0.0
KRT,2026-08-16,KRT-036,pivo,0.0,0.0
KRT,2026-08-16,KRT-037,pivo,0.0,0.0
KRT,2026-08-16,KRT-038,pivo,0.0,0.0
KRT,2026-08-16,KRT-039,pivo,0.0,0.0
KRT,2026-08-16,KRT-040,pivo,0.0,0.0
KRT,2026-08-16,KRT-041,pivo,0.0,0.0
KRT,2026-08-16,KRT-042,pivo,0.0,0.0
KRT,2026-08-16,KRT-043,pivo,0.0,0.0
KRT,2026-08-16,KRT-044,pivo,0.0,0.0
KRT,2026-08-16,KRT-045,pivo,0.0,0.0
KRT,2026-08-16,KRT-046,pivo,0.0,0.0
KRT,2026-08-16,KRT-047,pivo,0.0,0.0
KRT,2026-08-16,KRT-048,pivo,0.0,0.0
KRT,2026-08-16,KRT-049,pivo,0.0,0.0
KRT,2026-08-16,KRT-050,pivo,0.0,0.0
KRT,2026-08-16,KRT-051,pivo,0.0,0.0
KRT,2026-08-16,KRT-052,pivo,4.32,4.32
KRT,2026-08-16,KRT-053,pivo,0.0,0.0
KRT,2026-08-16,KRT-054,pivo,0.0,0.0
KRT,2026-08-16,KRT-055,pivo,0.0,0.0
KRT,2026-08-16,KRT-056,pivo,0.0,0.0
KRT,2026-08-16,KRT-057,pivo,0.0,0.0
KRT,2026-08-16,KRT-058,pivo,0.0,0.0
KRT,2026-08-16,KRT-059,pivo,0.0,0.0
KRT,2026-08-16,KRT-060,pivo,0.0,0.0
KRT,2026-08-16,KRT-061,pivo,0.0,0.0
KRT,2026-08-16,KRT-062,pivo,0.0,0.0
KRT,2026-08-16,KRT-063,pivo,0.0,0.0
KRT,2026-08-16,KRT-064,pivo,0.0,0.0
KRT,2026-08-16,KRT-065,pivo,0.0,0.0
KRT,2026-08-16,KRT-066,pivo,0.0,0.0
KRT,2026-08-16,KRT-067,pivo,0.0,0.0
KRT,2026-08-16,KRT-068,pivo,0.0,0.0
KRT,2026-08-16,KRT-069,pivo,0.0,0.0
KRT,2026-08-16,KRT-070,pivo,0.0,0.0
KRT,2026-08-16,KRT-071,pivo,0.0,0.0
KRT,2026-08-16,KRT-072,pivo,0.0,0.0
KRT,2026-08-16,KRT-073,pivo,0.0,0.0
KRT,2026-08-16,KRT-074,pivo,0.0,0.0
KRT,2026-08-15,KRT-001,pivo,0.0,0.0
KRT,2026-08-15,KRT-001B,pivo_secundario,0.0,0.0
KRT,2026-08-15,KRT-002,pivo,0.0,0.0
KRT,2026-08-15,KRT-002B,pivo_secundario,0.0,0.0
KRT,2026-08-15,KRT-003,pivo,0.0,0.0
KRT,2026-08-15,KRT-004,pivo,0.0,0.0
KRT,2026-08-15,KRT-004B,pivo_secundario,0.0,0.0
KRT,2026-08-15,KRT-005,pivo,0.0,0.0
KRT,2026-08-15,KRT-006B,pivo_secundario,0.0,0.0
KRT,2026-08-15,KRT-006,pivo,0.0,0.0
KRT,2026-08-15,KRT-007B,pivo_secundario,0.0,0.0
KRT,2026-08-15,KRT-007,pivo,0.0,0.0
KRT,2026-08-15,KRT-008,pivo,0.0,0.0
KRT,2026-08-15,KRT-009,pivo,0.0,0.0
KRT,2026-08-15,KRT-010,pivo,0.0,0.0
KRT,2026-08-15,KRT-011,pivo,0.0,0.0
KRT,2026-08-15,KRT-012,pivo,6.6,6.6
KRT,2026-08-15,KRT-013,pivo,0.0,0.0
KRT,2026-08-15,KRT-014,pivo,0.0,0.0
KRT,2026-08-15,KRT-015,pivo,0.0,0.0
KRT,2026-08-15,KRT-016,pivo,0.0,0.0
KRT,2026-08-15,KRT-017,pivo,0.0,0.0
KRT,2026-08-15,KRT-018,pivo,0.0,0.0
KRT,2026-08-15,KRT-019,pivo,0.0,0.0
KRT,2026-08-15,KRT-020,pivo,0.0,0.0
KRT,2026-08-15,KRT-021,pivo,0.0,0.0
KRT,2026-08-15,KRT-022,pivo,0.0,0.0
KRT,2026-08-15,KRT-023,pivo,0.0,0.0
KRT,2026-08-15,KRT-024,pivo,0.0,0.0
KRT,2026-08-15,KRT-025,pivo,0.51,0.51
KRT,2026-08-15,KRT-026,pivo,0.0,0.0
KRT,2026-08-15,KRT-027,pivo,0.0,0.0
KRT,2026-08-15,KRT-028,pivo,0.0,0.0
KRT,2026-08-15,KRT-029,pivo,1.52,1.52
KRT,2026-08-15,KRT-030,pivo,0.0,0.0
KRT,2026-08-15,KRT-031,pivo,0.0,0.0
KRT,2026-08-15,KRT-032,pivo,1.52,1.52
KRT,2026-08-15,KRT-033,pivo,1.27,1.27
KRT,2026-08-15,KRT-034,pivo,0.0,0.0
KRT,2026-08-15,KRT-035,pivo,0.0,0.0
KRT,2026-08-15,KRT-036,pivo,0.0,0.0
KRT,2026-08-15,KRT-037,pivo,0.0,0.0
KRT,2026-08-15,KRT-038,pivo,0.0,0.0
KRT,2026-08-15,KRT-039,pivo,0.0,0.0
KRT,2026-08-15,KRT-040,pivo,0.0,0.0
KRT,2026-08-15,KRT-041,pivo,0.0,0.0
KRT,2026-08-15,KRT-042,pivo,0.0,0.0
KRT,2026-08-15,KRT-043,pivo,0.0,0.0
KRT,2026-08-15,KRT-044,pivo,0.0,0.0
KRT,2026-08-15,KRT-045,pivo,0.0,0.0
KRT,2026-08-15,KRT-046,pivo,0.0,0.0
KRT,2026-08-15,KRT-047,pivo,0.0,0.0
KRT,2026-08-15,KRT-048,pivo,0.0,0.0
KRT,2026-08-15,KRT-049,pivo,0.0,0.0
KRT,2026-08-15,KRT-050,pivo,0.0,0.0
KRT,2026-08-15,KRT-051,pivo,0.0,0.0
KRT,2026-08-15,KRT-052,pivo,7.87,7.87
KRT,2026-08-15,KRT-053,pivo,0.0,0.0
KRT,2026-08-15,KRT-054,pivo,0.0,0.0
KRT,2026-08-15,KRT-055,pivo,0.0,0.0
KRT,2026-08-15,KRT-056,pivo,0.0,0.0
KRT,2026-08-15,KRT-057,pivo,0.0,0.0
KRT,2026-08-15,KRT-058,pivo,0.0,0.0
KRT,2026-08-15,KRT-059,pivo,0.0,0.0
KRT,2026-08-15,KRT-060,pivo,0.0,0.0
KRT,2026-08-15,KRT-061,pivo,0.0,0.0
KRT,2026-08-15,KRT-062,pivo,0.0,0.0
KRT,2026-08-15,KRT-063,pivo,0.0,0.0
KRT,2026-08-15,KRT-064,pivo,0.0,0.0
KRT,2026-08-15,KRT-065,pivo,0.0,0.0
KRT,2026-08-15,KRT-066,pivo,0.0,0.0
KRT,2026-08-15,KRT-067,pivo,0.0,0.0
KRT,2026-08-15,KRT-068,pivo,0.0,0.0
KRT,2026-08-15,KRT-069,pivo,0.0,0.0
KRT,2026-08-15,KRT-070,pivo,0.0,0.0
KRT,2026-08-15,KRT-071,pivo,0.0,0.0
KRT,2026-08-15,KRT-072,pivo,0.0,0.0
KRT,2026-08-15,KRT-073,pivo,0.0,0.0
KRT,2026-08-15,KRT-074,pivo,0.0,0.0
KRT,2026-08-14,KRT-001,pivo,0.0,0.0
KRT,2026-08-14,KRT-001B,pivo_secundario,0.0,0.0
KRT,2026-08-14,KRT-002,pivo,0.0,0.0
KRT,2026-08-14,KRT-002B,pivo_secundario,0.0,0.0
KRT,2026-08-14,KRT-003,pivo,0.0,0.0
KRT,2026-08-14,KRT-004,pivo,0.0,0.0
KRT,2026-08-14,KRT-004B,pivo_secundario,0.0,0.0
KRT,2026-08-14,KRT-005,pivo,0.0,0.0
KRT,2026-08-14,KRT-006B,pivo_secundario,0.0,0.0
KRT,2026-08-14,KRT-006,pivo,0.0,0.0
KRT,2026-08-14,KRT-007B,pivo_secundario,0.0,0.0
KRT,2026-08-14,KRT-007,pivo,0.0,0.0
KRT,2026-08-14,KRT-008,pivo,0.0,0.0
KRT,2026-08-14,KRT-009,pivo,0.0,0.0
KRT,2026-08-14,KRT-010,pivo,0.51,0.51
KRT,2026-08-14,KRT-011,pivo,0.0,0.0
KRT,2026-08-14,KRT-012,pivo,0.0,0.0
KRT,2026-08-14,KRT-013,pivo,0.51,0.51
KRT,2026-08-14,KRT-014,pivo,0.0,0.0
KRT,2026-08-14,KRT-015,pivo,0.0,0.0
KRT,2026-08-14,KRT-016,pivo,0.0,0.0
KRT,2026-08-14,KRT-017,pivo,0.0,0.0
KRT,2026-08-14,KRT-018,pivo,0.0,0.0
KRT,2026-08-14,KRT-019,pivo,0.0,0.0
KRT,2026-08-14,KRT-020,pivo,0.0,0.0
KRT,2026-08-14,KRT-021,pivo,0.0,0.0
KRT,2026-08-14,KRT-022,pivo,0.0,0.0
KRT,2026-08-14,KRT-023,pivo,0.0,0.0
KRT,2026-08-14,KRT-024,pivo,0.0,0.0
KRT,2026-08-14,KRT-025,pivo,0.0,0.0
KRT,2026-08-14,KRT-026,pivo,0.0,0.0
KRT,2026-08-14,KRT-027,pivo,0.0,0.0
KRT,2026-08-14,KRT-028,pivo,0.0,0.0
KRT,2026-08-14,KRT-029,pivo,0.0,0.0
KRT,2026-08-14,KRT-030,pivo,0.0,0.0
KRT,2026-08-14,KRT-031,pivo,0.0,0.0
KRT,2026-08-14,KRT-032,pivo,0.0,0.0
KRT,2026-08-14,KRT-033,pivo,0.0,0.0
KRT,2026-08-14,KRT-034,pivo,0.0,0.0
KRT,2026-08-14,KRT-035,pivo,0.0,0.0
KRT,2026-08-14,KRT-036,pivo,0.0,0.0
KRT,2026-08-14,KRT-037,pivo,0.0,0.0
KRT,2026-08-14,KRT-038,pivo,0.0,0.0
KRT,2026-08-14,KRT-039,pivo,0.0,0.0
KRT,2026-08-14,KRT-040,pivo,0.0,0.0
KRT,2026-08-14,KRT-041,pivo,0.0,0.0
KRT,2026-08-14,KRT-042,pivo,0.0,0.0
KRT,2026-08-14,KRT-043,pivo,0.0,0.0
KRT,2026-08-14,KRT-044,pivo,0.25,0.25
KRT,2026-08-14,KRT-045,pivo,0.0,0.0
KRT,2026-08-14,KRT-046,pivo,0.0,0.0
KRT,2026-08-14,KRT-047,pivo,0.0,0.0
KRT,2026-08-14,KRT-048,pivo,0.0,0.0
KRT,2026-08-14,KRT-049,pivo,0.0,0.0
KRT,2026-08-14,KRT-050,pivo,0.0,0.0
KRT,2026-08-14,KRT-051,pivo,0.0,0.0
KRT,2026-08-14,KRT-052,pivo,0.0,0.0
KRT,2026-08-14,KRT-053,pivo,0.0,0.0
KRT,2026-08-14,KRT-054,pivo,0.0,0.0
KRT,2026-08-14,KRT-055,pivo,0.0,0.0
KRT,2026-08-14,KRT-056,pivo,0.0,0.0
KRT,2026-08-14,KRT-057,pivo,0.0,0.0
KRT,2026-08-14,KRT-058,pivo,0.0,0.0
KRT,2026-08-14,KRT-059,pivo,0.0,0.0
KRT,2026-08-14,KRT-060,pivo,0.0,0.0
KRT,2026-08-14,KRT-061,pivo,0.0,0.0
KRT,2026-08-14,KRT-062,pivo,0.0,0.0
KRT,2026-08-14,KRT-063,pivo,0.0,0.0
KRT,2026-08-14,KRT-064,pivo,0.0,0.0
KRT,2026-08-14,KRT-065,pivo,0.0,0.0
KRT,2026-08-14,KRT-066,pivo,0.0,0.0
KRT,2026-08-14,KRT-067,pivo,0.0,0.0
KRT,2026-08-14,KRT-068,pivo,0.0,0.0
KRT,2026-08-14,KRT-069,pivo,0.0,0.0
KRT,2026-08-14,KRT-070,pivo,0.0,0.0
KRT,2026-08-14,KRT-071,pivo,0.0,0.0
KRT,2026-08-14,KRT-072,pivo,0.0,0.0
KRT,2026-08-14,KRT-073,pivo,0.0,0.0
KRT,2026-08-14,KRT-074,pivo,0.0,0.0
KRT,2026-08-13,KRT-001,pivo,0.0,0.0
KRT,2026-08-13,KRT-001B,pivo_secundario,0.0,0.0
KRT,2026-08-13,KRT-002,pivo,0.0,0.0
KRT,2026-08-13,KRT-002B,pivo_secundario,0.0,0.0
KRT,2026-08-13,KRT-003,pivo,0.0,0.0
KRT,2026-08-13,KRT-004,pivo,0.0,0.0
KRT,2026-08-13,KRT-004B,pivo_secundario,0.0,0.0
KRT,2026-08-13,KRT-005,pivo,0.0,0.0
KRT,2026-08-13,KRT-006B,pivo_secundario,0.0,0.0
KRT,2026-08-13,KRT-006,pivo,0.0,0.0
KRT,2026-08-13,KRT-007B,pivo_secundario,0.0,0.0
KRT,2026-08-13,KRT-007,pivo,0.25,0.25
KRT,2026-08-13,KRT-008,pivo,0.0,0.0
KRT,2026-08-13,KRT-009,pivo,0.25,0.25
KRT,2026-08-13,KRT-010,pivo,1.27,1.27
KRT,2026-08-13,KRT-011,pivo,1.78,1.78
KRT,2026-08-13,KRT-012,pivo,0.0,0.0
KRT,2026-08-13,KRT-013,pivo,1.78,1.78
KRT,2026-08-13,KRT-014,pivo,0.51,0.51
KRT,2026-08-13,KRT-015,pivo,0.0,0.0
KRT,2026-08-13,KRT-016,pivo,0.0,0.0
KRT,2026-08-13,KRT-017,pivo,0.0,0.0
KRT,2026-08-13,KRT-018,pivo,0.0,0.0
KRT,2026-08-13,KRT-019,pivo,0.0,0.0
KRT,2026-08-13,KRT-020,pivo,0.0,0.0
KRT,2026-08-13,KRT-021,pivo,0.0,0.0
KRT,2026-08-13,KRT-022,pivo,0.0,0.0
KRT,2026-08-13,KRT-023,pivo,0.0,0.0
KRT,2026-08-13,KRT-024,pivo,0.0,0.0
KRT,2026-08-13,KRT-025,pivo,0.0,0.0
KRT,2026-08-13,KRT-026,pivo,0.0,0.0
KRT,2026-08-13,KRT-027,pivo,0.0,0.0
KRT,2026-08-13,KRT-028,pivo,0.0,0.0
KRT,2026-08-13,KRT-029,pivo,0.25,0.25
KRT,2026-08-13,KRT-030,pivo,0.0,0.0
KRT,2026-08-13,KRT-031,pivo,0.0,0.0
KRT,2026-08-13,KRT-032,pivo,0.0,0.0
KRT,2026-08-13,KRT-033,pivo,0.0,0.0
KRT,2026-08-13,KRT-034,pivo,0.0,0.0
KRT,2026-08-13,KRT-035,pivo,0.0,0.0
KRT,2026-08-13,KRT-036,pivo,0.0,0.0
KRT,2026-08-13,KRT-037,pivo,0.0,0.0
KRT,2026-08-13,KRT-038,pivo,0.0,0.0
KRT,2026-08-13,KRT-039,pivo,0.0,0.0
KRT,2026-08-13,KRT-040,pivo,0.0,0.0
KRT,2026-08-13,KRT-041,pivo,0.0,0.0
KRT,2026-08-13,KRT-042,pivo,0.0,0.0
KRT,2026-08-13,KRT-043,pivo,0.0,0.0
KRT,2026-08-13,KRT-044,pivo,0.0,0.0
KRT,2026-08-13,KRT-045,pivo,0.0,0.0
KRT,2026-08-13,KRT-046,pivo,0.0,0.0
KRT,2026-08-13,KRT-047,pivo,0.0,0.0
KRT,2026-08-13,KRT-048,pivo,0.0,0.0
KRT,2026-08-13,KRT-049,pivo,0.0,0.0
KRT,2026-08-13,KRT-050,pivo,0.0,0.0
KRT,2026-08-13,KRT-051,pivo,0.0,0.0
KRT,2026-08-13,KRT-052,pivo,0.0,0.0
KRT,2026-08-13,KRT-053,pivo,0.0,0.0
KRT,2026-08-13,KRT-054,pivo,0.0,0.0
KRT,2026-08-13,KRT-055,pivo,0.0,0.0
KRT,2026-08-13,KRT-056,pivo,0.0,0.0
KRT,2026-08-13,KRT-057,pivo,0.0,0.0
KRT,2026-08-13,KRT-058,pivo,0.0,0.0
KRT,2026-08-13,KRT-059,pivo,0.0,0.0
KRT,2026-08-13,KRT-060,pivo,0.0,0.0
KRT,2026-08-13,KRT-061,pivo,0.0,0.0
KRT,2026-08-13,KRT-062,pivo,0.0,0.0
KRT,2026-08-13,KRT-063,pivo,0.0,0.0
KRT,2026-08-13,KRT-064,pivo,0.0,0.0
KRT,2026-08-13,KRT-065,pivo,0.0,0.0
KRT,2026-08-13,KRT-066,pivo,0.0,0.0
KRT,2026-08-13,KRT-067,pivo,0.0,0.0
KRT,2026-08-13,KRT-068,pivo,0.0,0.0
KRT,2026-08-13,KRT-069,pivo,0.0,0.0
KRT,2026-08-13,KRT-070,pivo,0.0,0.0
KRT,2026-08-13,KRT-071,pivo,0.0,0.0
KRT,2026-08-13,KRT-072,pivo,0.0,0.0
KRT,2026-08-13,KRT-073,pivo,0.0,0.0
KRT,2026-08-13,KRT-074,pivo,0.0,0.0
KRT,2026-08-12,KRT-001,pivo,0.0,0.0
KRT,2026-08-12,KRT-001B,pivo_secundario,0.0,0.0
KRT,2026-08-12,KRT-002,pivo,0.0,0.0
KRT,2026-08-12,KRT-002B,pivo_secundario,0.0,0.0
KRT,2026-08-12,KRT-003,pivo,0.0,0.0
KRT,2026-08-12,KRT-004,pivo,0.0,0.0
KRT,2026-08-12,KRT-004B,pivo_secundario,0.0,0.0
KRT,2026-08-12,KRT-005,pivo,0.0,0.0
KRT,2026-08-12,KRT-006B,pivo_secundario,0.0,0.0
KRT,2026-08-12,KRT-006,pivo,0.0,0.0
KRT,2026-08-12,KRT-007B,pivo_secundario,0.0,0.0
KRT,2026-08-12,KRT-007,pivo,0.0,0.0
KRT,2026-08-12,KRT-008,pivo,0.0,0.0
KRT,2026-08-12,KRT-009,pivo,0.0,0.0
KRT,2026-08-12,KRT-010,pivo,0.0,0.0
KRT,2026-08-12,KRT-011,pivo,0.0,0.0
KRT,2026-08-12,KRT-012,pivo,3.05,3.05
KRT,2026-08-12,KRT-013,pivo,0.76,0.76
KRT,2026-08-12,KRT-014,pivo,0.25,0.25
KRT,2026-08-12,KRT-015,pivo,0.0,0.0
KRT,2026-08-12,KRT-016,pivo,0.0,0.0
KRT,2026-08-12,KRT-017,pivo,0.0,0.0
KRT,2026-08-12,KRT-018,pivo,0.0,0.0
KRT,2026-08-12,KRT-019,pivo,0.0,0.0
KRT,2026-08-12,KRT-020,pivo,0.0,0.0
KRT,2026-08-12,KRT-021,pivo,0.0,0.0
KRT,2026-08-12,KRT-022,pivo,0.0,0.0
KRT,2026-08-12,KRT-023,pivo,0.0,0.0
KRT,2026-08-12,KRT-024,pivo,0.0,0.0
KRT,2026-08-12,KRT-025,pivo,0.51,0.51
KRT,2026-08-12,KRT-026,pivo,0.0,0.0
KRT,2026-08-12,KRT-027,pivo,0.0,0.0
KRT,2026-08-12,KRT-028,pivo,0.0,0.0
KRT,2026-08-12,KRT-029,pivo,0.25,0.25
KRT,2026-08-12,KRT-030,pivo,0.0,0.0
KRT,2026-08-12,KRT-031,pivo,0.0,0.0
KRT,2026-08-12,KRT-032,pivo,0.0,0.0
KRT,2026-08-12,KRT-033,pivo,0.0,0.0
KRT,2026-08-12,KRT-034,pivo,0.0,0.0
KRT,2026-08-12,KRT-035,pivo,0.0,0.0
KRT,2026-08-12,KRT-036,pivo,0.0,0.0
KRT,2026-08-12,KRT-037,pivo,0.0,0.0
KRT,2026-08-12,KRT-038,pivo,0.0,0.0
KRT,2026-08-12,KRT-039,pivo,0.0,0.0
KRT,2026-08-12,KRT-040,pivo,0.0,0.0
KRT,2026-08-12,KRT-041,pivo,0.0,0.0
KRT,2026-08-12,KRT-042,pivo,0.0,0.0
KRT,2026-08-12,KRT-043,pivo,0.0,0.0
KRT,2026-08-12,KRT-044,pivo,0.0,0.0
KRT,2026-08-12,KRT-045,pivo,0.0,0.0
KRT,2026-08-12,KRT-046,pivo,0.25,0.25
KRT,2026-08-12,KRT-047,pivo,0.0,0.0
KRT,2026-08-12,KRT-048,pivo,0.0,0.0
KRT,2026-08-12,KRT-049,pivo,0.0,0.0
KRT,2026-08-12,KRT-050,pivo,0.0,0.0
KRT,2026-08-12,KRT-051,pivo,0.0,0.0
KRT,2026-08-12,KRT-052,pivo,0.0,0.0
KRT,2026-08-12,KRT-053,pivo,0.0,0.0
KRT,2026-08-12,KRT-054,pivo,0.0,0.0
KRT,2026-08-12,KRT-055,pivo,0.0,0.0
KRT,2026-08-12,KRT-056,pivo,0.0,0.0
KRT,2026-08-12,KRT-057,pivo,0.0,0.0
KRT,2026-08-12,KRT-058,pivo,0.0,0.0
KRT,2026-08-12,KRT-059,pivo,0.0,0.0
KRT,2026-08-12,KRT-060,pivo,0.0,0.0
KRT,2026-08-12,KRT-061,pivo,0.0,0.0
KRT,2026-08-12,KRT-062,pivo,0.0,0.0
KRT,2026-08-12,KRT-063,pivo,0.0,0.0
KRT,2026-08-12,KRT-064,pivo,0.0,0.0
KRT,2026-08-12,KRT-065,pivo,0.0,0.0
KRT,2026-08-12,KRT-066,pivo,0.0,0.0
KRT,2026-08-12,KRT-067,pivo,0.0,0.0
KRT,2026-08-12,KRT-068,pivo,0.0,0.0
KRT,2026-08-12,KRT-069,pivo,0.0,0.0
KRT,2026-08-12,KRT-070,pivo,0.0,0.0
KRT,2026-08-12,KRT-071,pivo,0.0,0.0
KRT,2026-08-12,KRT-072,pivo,0.0,0.0
KRT,2026-08-12,KRT-073,pivo,0.0,0.0
KRT,2026-08-12,KRT-074,pivo,0.25,0.25
KRT,2026-08-11,KRT-001,pivo,0.0,0.0
KRT,2026-08-11,KRT-001B,pivo_secundario,0.0,0.0
KRT,2026-08-11,KRT-002,pivo,0.0,0.0
KRT,2026-08-11,KRT-002B,pivo_secundario,0.0,0.0
KRT,2026-08-11,KRT-003,pivo,0.0,0.0
KRT,2026-08-11,KRT-004,pivo,0.0,0.0
KRT,2026-08-11,KRT-004B,pivo_secundario,0.0,0.0
KRT,2026-08-11,KRT-005,pivo,0.0,0.0
KRT,2026-08-11,KRT-006B,pivo_secundario,0.0,0.0
KRT,2026-08-11,KRT-006,pivo,0.0,0.0
KRT,2026-08-11,KRT-007B,pivo_secundario,0.0,0.0
KRT,2026-08-11,KRT-007,pivo,0.0,0.0
KRT,2026-08-11,KRT-008,pivo,0.0,0.0
KRT,2026-08-11,KRT-009,pivo,0.0,0.0
KRT,2026-08-11,KRT-010,pivo,16.0,16.0
KRT,2026-08-11,KRT-011,pivo,0.0,0.0
KRT,2026-08-11,KRT-012,pivo,55.37,55.37
KRT,2026-08-11,KRT-013,pivo,0.0,0.0
KRT,2026-08-11,KRT-014,pivo,0.0,0.0
KRT,2026-08-11,KRT-015,pivo,0.0,0.0
KRT,2026-08-11,KRT-016,pivo,0.0,0.0
KRT,2026-08-11,KRT-017,pivo,0.0,0.0
KRT,2026-08-11,KRT-018,pivo,0.0,0.0
KRT,2026-08-11,KRT-019,pivo,0.0,0.0
KRT,2026-08-11,KRT-020,pivo,0.0,0.0
KRT,2026-08-11,KRT-021,pivo,0.0,0.0
KRT,2026-08-11,KRT-022,pivo,0.0,0.0
KRT,2026-08-11,KRT-023,pivo,0.0,0.0
KRT,2026-08-11,KRT-024,pivo,0.0,0.0
KRT,2026-08-11,KRT-025,pivo,0.25,0.25
KRT,2026-08-11,KRT-026,pivo,0.0,0.0
KRT,2026-08-11,KRT-027,pivo,0.0,0.0
KRT,2026-08-11,KRT-028,pivo,0.0,0.0
KRT,2026-08-11,KRT-029,pivo,1.02,1.02
KRT,2026-08-11,KRT-030,pivo,0.0,0.0
KRT,2026-08-11,KRT-031,pivo,0.0,0.0
KRT,2026-08-11,KRT-032,pivo,0.0,0.0
KRT,2026-08-11,KRT-033,pivo,0.0,0.0
KRT,2026-08-11,KRT-034,pivo,0.0,0.0
KRT,2026-08-11,KRT-035,pivo,0.0,0.0
KRT,2026-08-11,KRT-036,pivo,0.0,0.0
KRT,2026-08-11,KRT-037,pivo,0.0,0.0
KRT,2026-08-11,KRT-038,pivo,0.0,0.0
KRT,2026-08-11,KRT-039,pivo,0.0,0.0
KRT,2026-08-11,KRT-040,pivo,0.0,0.0
KRT,2026-08-11,KRT-041,pivo,0.0,0.0
KRT,2026-08-11,KRT-042,pivo,0.0,0.0
KRT,2026-08-11,KRT-043,pivo,0.0,0.0
KRT,2026-08-11,KRT-044,pivo,0.0,0.0
KRT,2026-08-11,KRT-045,pivo,0.0,0.0
KRT,2026-08-11,KRT-046,pivo,0.0,0.0
KRT,2026-08-11,KRT-047,pivo,0.0,0.0
KRT,2026-08-11,KRT-048,pivo,0.0,0.0
KRT,2026-08-11,KRT-049,pivo,0.0,0.0
KRT,2026-08-11,KRT-050,pivo,0.0,0.0
KRT,2026-08-11,KRT-051,pivo,0.0,0.0
KRT,2026-08-11,KRT-052,pivo,0.0,0.0
KRT,2026-08-11,KRT-053,pivo,0.0,0.0
KRT,2026-08-11,KRT-054,pivo,0.0,0.0
KRT,2026-08-11,KRT-055,pivo,0.0,0.0
KRT,2026-08-11,KRT-056,pivo,0.0,0.0
KRT,2026-08-11,KRT-057,pivo,0.0,0.0
KRT,2026-08-11,KRT-058,pivo,0.0,0.0
KRT,2026-08-11,KRT-059,pivo,0.0,0.0
KRT,2026-08-11,KRT-060,pivo,0.0,0.0
KRT,2026-08-11,KRT-061,pivo,0.0,0.0
KRT,2026-08-11,KRT-062,pivo,0.0,0.0
KRT,2026-08-11,KRT-063,pivo,0.0,0.0
KRT,2026-08-11,KRT-064,pivo,0.0,0.0
KRT,2026-08-11,KRT-065,pivo,0.0,0.0
KRT,2026-08-11,KRT-066,pivo,0.0,0.0
KRT,2026-08-11,KRT-067,pivo,0.0,0.0
KRT,2026-08-11,KRT-068,pivo,0.0,0.0
KRT,2026-08-11,KRT-069,pivo,0.0,0.0
KRT,2026-08-11,KRT-070,pivo,0.0,0.0
KRT,2026-08-11,KRT-071,pivo,0.0,0.0
KRT,2026-08-11,KRT-072,pivo,0.0,0.0
KRT,2026-08-11,KRT-073,pivo,0.0,0.0
KRT,2026-08-11,KRT-074,pivo,0.0,0.0
KRT,2026-08-10,KRT-001,pivo,9.4,9.4
KRT,2026-08-10,KRT-001B,pivo_secundario,0.0,0.0
KRT,2026-08-10,KRT-002,pivo,0.0,0.0
KRT,2026-08-10,KRT-002B,pivo_secundario,0.0,0.0
KRT,2026-08-10,KRT-003,pivo,0.0,0.0
KRT,2026-08-10,KRT-004,pivo,0.0,0.0
KRT,2026-08-10,KRT-004B,pivo_secundario,0.0,0.0
KRT,2026-08-10,KRT-005,pivo,0.0,0.0
KRT,2026-08-10,KRT-006B,pivo_secundario,0.0,0.0
KRT,2026-08-10,KRT-006,pivo,0.0,0.0
KRT,2026-08-10,KRT-007B,pivo_secundario,0.0,0.0
KRT,2026-08-10,KRT-007,pivo,0.0,0.0
KRT,2026-08-10,KRT-008,pivo,0.0,0.0
KRT,2026-08-10,KRT-009,pivo,0.0,0.0
KRT,2026-08-10,KRT-010,pivo,1.02,1.02
KRT,2026-08-10,KRT-011,pivo,0.0,0.0
KRT,2026-08-10,KRT-012,pivo,1.27,1.27
KRT,2026-08-10,KRT-013,pivo,0.0,0.0
KRT,2026-08-10,KRT-014,pivo,0.0,0.0
KRT,2026-08-10,KRT-015,pivo,0.0,0.0
KRT,2026-08-10,KRT-016,pivo,0.0,0.0
KRT,2026-08-10,KRT-017,pivo,0.0,0.0
KRT,2026-08-10,KRT-018,pivo,0.0,0.0
KRT,2026-08-10,KRT-019,pivo,0.0,0.0
KRT,2026-08-10,KRT-020,pivo,0.0,0.0
KRT,2026-08-10,KRT-021,pivo,0.0,0.0
KRT,2026-08-10,KRT-022,pivo,0.0,0.0
KRT,2026-08-10,KRT-023,pivo,0.0,0.0
KRT,2026-08-10,KRT-024,pivo,0.0,0.0
KRT,2026-08-10,KRT-025,pivo,0.0,0.0
KRT,2026-08-10,KRT-026,pivo,0.0,0.0
KRT,2026-08-10,KRT-027,pivo,0.0,0.0
KRT,2026-08-10,KRT-028,pivo,0.0,0.0
KRT,2026-08-10,KRT-029,pivo,0.0,0.0
KRT,2026-08-10,KRT-030,pivo,0.0,0.0
KRT,2026-08-10,KRT-031,pivo,0.0,0.0
KRT,2026-08-10,KRT-032,pivo,0.0,0.0
KRT,2026-08-10,KRT-033,pivo,0.0,0.0
KRT,2026-08-10,KRT-034,pivo,0.0,0.0
KRT,2026-08-10,KRT-035,pivo,0.0,0.0
KRT,2026-08-10,KRT-036,pivo,0.0,0.0
KRT,2026-08-10,KRT-037,pivo,0.0,0.0
KRT,2026-08-10,KRT-038,pivo,0.0,0.0
KRT,2026-08-10,KRT-039,pivo,0.0,0.0
KRT,2026-08-10,KRT-040,pivo,0.0,0.0
KRT,2026-08-10,KRT-041,pivo,0.0,0.0
KRT,2026-08-10,KRT-042,pivo,0.0,0.0
KRT,2026-08-10,KRT-043,pivo,0.0,0.0
KRT,2026-08-10,KRT-044,pivo,0.0,0.0
KRT,2026-08-10,KRT-045,pivo,0.0,0.0
KRT,2026-08-10,KRT-046,pivo,0.0,0.0
KRT,2026-08-10,KRT-047,pivo,0.0,0.0
KRT,2026-08-10,KRT-048,pivo,0.0,0.0
KRT,2026-08-10,KRT-049,pivo,0.0,0.0
KRT,2026-08-10,KRT-050,pivo,0.0,0.0
KRT,2026-08-10,KRT-051,pivo,0.25,0.25
KRT,2026-08-10,KRT-052,pivo,2.54,2.54
KRT,2026-08-10,KRT-053,pivo,0.0,0.0
KRT,2026-08-10,KRT-054,pivo,0.0,0.0
KRT,2026-08-10,KRT-055,pivo,0.0,0.0
KRT,2026-08-10,KRT-056,pivo,0.0,0.0
KRT,2026-08-10,KRT-057,pivo,0.0,0.0
KRT,2026-08-10,KRT-058,pivo,0.0,0.0
KRT,2026-08-10,KRT-059,pivo,0.0,0.0
KRT,2026-08-10,KRT-060,pivo,0.0,0.0
KRT,2026-08-10,KRT-061,pivo,0.0,0.0
KRT,2026-08-10,KRT-062,pivo,0.0,0.0
KRT,2026-08-10,KRT-063,pivo,0.0,0.0
KRT,2026-08-10,KRT-064,pivo,0.0,0.0
KRT,2026-08-10,KRT-065,pivo,0.0,0.0
KRT,2026-08-10,KRT-066,pivo,0.0,0.0
KRT,2026-08-10,KRT-067,pivo,0.0,0.0
KRT,2026-08-10,KRT-068,pivo,0.0,0.0
KRT,2026-08-10,KRT-069,pivo,0.0,0.0
KRT,2026-08-10,KRT-070,pivo,0.0,0.0
KRT,2026-08-10,KRT-071,pivo,0.0,0.0
KRT,2026-08-10,KRT-072,pivo,0.0,0.0
KRT,2026-08-10,KRT-073,pivo,0.0,0.0
KRT,2026-08-10,KRT-074,pivo,0.0,0.0
KRT,2026-08-09,KRT-001,pivo,0.0,0.0
KRT,2026-08-09,KRT-001B,pivo_secundario,0.0,0.0
KRT,2026-08-09,KRT-002,pivo,0.0,0.0
KRT,2026-08-09,KRT-002B,pivo_secundario,0.0,0.0
KRT,2026-08-09,KRT-003,pivo,0.0,0.0
KRT,2026-08-09,KRT-004,pivo,0.25,0.25
KRT,2026-08-09,KRT-004B,pivo_secundario,0.0,0.0
KRT,2026-08-09,KRT-005,pivo,0.25,0.25
KRT,2026-08-09,KRT-006B,pivo_secundario,0.0,0.0
KRT,2026-08-09,KRT-006,pivo,0.0,0.0
KRT,2026-08-09,KRT-007B,pivo_secundario,0.0,0.0
KRT,2026-08-09,KRT-007,pivo,0.0,0.0
KRT,2026-08-09,KRT-008,pivo,0.0,0.0
KRT,2026-08-09,KRT-009,pivo,0.0,0.0
KRT,2026-08-09,KRT-010,pivo,0.0,0.0
KRT,2026-08-09,KRT-011,pivo,4.32,4.32
KRT,2026-08-09,KRT-012,pivo,0.25,0.25
KRT,2026-08-09,KRT-013,pivo,0.0,0.0
KRT,2026-08-09,KRT-014,pivo,0.0,0.0
KRT,2026-08-09,KRT-015,pivo,0.0,0.0
KRT,2026-08-09,KRT-016,pivo,0.0,0.0
KRT,2026-08-09,KRT-017,pivo,0.0,0.0
KRT,2026-08-09,KRT-018,pivo,0.0,0.0
KRT,2026-08-09,KRT-019,pivo,0.0,0.0
KRT,2026-08-09,KRT-020,pivo,0.0,0.0
KRT,2026-08-09,KRT-021,pivo,0.0,0.0
KRT,2026-08-09,KRT-022,pivo,0.0,0.0
KRT,2026-08-09,KRT-023,pivo,0.0,0.0
KRT,2026-08-09,KRT-024,pivo,0.0,0.0
KRT,2026-08-09,KRT-025,pivo,0.25,0.25
KRT,2026-08-09,KRT-026,pivo,0.0,0.0
KRT,2026-08-09,KRT-027,pivo,0.0,0.0
KRT,2026-08-09,KRT-028,pivo,0.0,0.0
KRT,2026-08-09,KRT-029,pivo,2.03,2.03
KRT,2026-08-09,KRT-030,pivo,0.0,0.0
KRT,2026-08-09,KRT-031,pivo,0.0,0.0
KRT,2026-08-09,KRT-032,pivo,0.0,0.0
KRT,2026-08-09,KRT-033,pivo,0.0,0.0
KRT,2026-08-09,KRT-034,pivo,0.0,0.0
KRT,2026-08-09,KRT-035,pivo,0.0,0.0
KRT,2026-08-09,KRT-036,pivo,0.0,0.0
KRT,2026-08-09,KRT-037,pivo,0.0,0.0
KRT,2026-08-09,KRT-038,pivo,0.0,0.0
KRT,2026-08-09,KRT-039,pivo,0.0,0.0
KRT,2026-08-09,KRT-040,pivo,0.0,0.0
KRT,2026-08-09,KRT-041,pivo,0.0,0.0
KRT,2026-08-09,KRT-042,pivo,0.0,0.0
KRT,2026-08-09,KRT-043,pivo,0.0,0.0
KRT,2026-08-09,KRT-044,pivo,0.0,0.0
KRT,2026-08-09,KRT-045,pivo,0.0,0.0
KRT,2026-08-09,KRT-046,pivo,0.0,0.0
KRT,2026-08-09,KRT-047,pivo,0.0,0.0
KRT,2026-08-09,KRT-048,pivo,0.0,0.0
KRT,2026-08-09,KRT-049,pivo,0.0,0.0
KRT,2026-08-09,KRT-050,pivo,0.0,0.0
KRT,2026-08-09,KRT-051,pivo,0.0,0.0
KRT,2026-08-09,KRT-052,pivo,0.0,0.0
KRT,2026-08-09,KRT-053,pivo,0.0,0.0
KRT,2026-08-09,KRT-054,pivo,0.0,0.0
KRT,2026-08-09,KRT-055,pivo,0.0,0.0
KRT,2026-08-09,KRT-056,pivo,0.0,0.0
KRT,2026-08-09,KRT-057,pivo,0.0,0.0
KRT,2026-08-09,KRT-058,pivo,0.0,0.0
KRT,2026-08-09,KRT-059,pivo,0.0,0.0
KRT,2026-08-09,KRT-060,pivo,0.0,0.0
KRT,2026-08-09,KRT-061,pivo,0.0,0.0
KRT,2026-08-09,KRT-062,pivo,0.0,0.0
KRT,2026-08-09,KRT-063,pivo,0.0,0.0
KRT,2026-08-09,KRT-064,pivo,0.0,0.0
KRT,2026-08-09,KRT-065,pivo,0.0,0.0
KRT,2026-08-09,KRT-066,pivo,0.0,0.0
KRT,2026-08-09,KRT-067,pivo,0.0,0.0
KRT,2026-08-09,KRT-068,pivo,0.0,0.0
KRT,2026-08-09,KRT-069,pivo,0.0,0.0
KRT,2026-08-09,KRT-070,pivo,0.0,0.0
KRT,2026-08-09,KRT-071,pivo,0.0,0.0
KRT,2026-08-09,KRT-072,pivo,0.0,0.0
KRT,2026-08-09,KRT-073,pivo,0.0,0.0
KRT,2026-08-09,KRT-074,pivo,0.0,0.0
KRT,2026-08-08,KRT-001,pivo,3.3,3.3
KRT,2026-08-08,KRT-001B,pivo_secundario,0.0,0.0
KRT,2026-08-08,KRT-002,pivo,0.0,0.0
KRT,2026-08-08,KRT-002B,pivo_secundario,0.0,0.0
KRT,2026-08-08,KRT-003,pivo,0.0,0.0
KRT,2026-08-08,KRT-004,pivo,0.0,0.0
KRT,2026-08-08,KRT-004B,pivo_secundario,0.0,0.0
KRT,2026-08-08,KRT-005,pivo,0.0,0.0
KRT,2026-08-08,KRT-006B,pivo_secundario,0.0,0.0
KRT,2026-08-08,KRT-006,pivo,0.0,0.0
KRT,2026-08-08,KRT-007B,pivo_secundario,0.0,0.0
KRT,2026-08-08,KRT-007,pivo,0.0,0.0
KRT,2026-08-08,KRT-008,pivo,0.0,0.0
KRT,2026-08-08,KRT-009,pivo,0.0,0.0
KRT,2026-08-08,KRT-010,pivo,2.29,2.29
KRT,2026-08-08,KRT-011,pivo,0.0,0.0
KRT,2026-08-08,KRT-012,pivo,0.0,0.0
KRT,2026-08-08,KRT-013,pivo,0.25,0.25
KRT,2026-08-08,KRT-014,pivo,0.0,0.0
KRT,2026-08-08,KRT-015,pivo,0.0,0.0
KRT,2026-08-08,KRT-016,pivo,0.0,0.0
KRT,2026-08-08,KRT-017,pivo,0.0,0.0
KRT,2026-08-08,KRT-018,pivo,0.0,0.0
KRT,2026-08-08,KRT-019,pivo,0.0,0.0
KRT,2026-08-08,KRT-020,pivo,0.0,0.0
KRT,2026-08-08,KRT-021,pivo,0.0,0.0
KRT,2026-08-08,KRT-022,pivo,0.0,0.0
KRT,2026-08-08,KRT-023,pivo,2.79,2.79
KRT,2026-08-08,KRT-024,pivo,0.0,0.0
KRT,2026-08-08,KRT-025,pivo,0.0,0.0
KRT,2026-08-08,KRT-026,pivo,0.0,0.0
KRT,2026-08-08,KRT-027,pivo,0.0,0.0
KRT,2026-08-08,KRT-028,pivo,0.0,0.0
KRT,2026-08-08,KRT-029,pivo,2.03,2.03
KRT,2026-08-08,KRT-030,pivo,0.0,0.0
KRT,2026-08-08,KRT-031,pivo,0.0,0.0
KRT,2026-08-08,KRT-032,pivo,45.21,45.21
KRT,2026-08-08,KRT-033,pivo,0.0,0.0
KRT,2026-08-08,KRT-034,pivo,0.0,0.0
KRT,2026-08-08,KRT-035,pivo,0.0,0.0
KRT,2026-08-08,KRT-036,pivo,0.0,0.0
KRT,2026-08-08,KRT-037,pivo,0.0,0.0
KRT,2026-08-08,KRT-038,pivo,0.0,0.0
KRT,2026-08-08,KRT-039,pivo,0.0,0.0
KRT,2026-08-08,KRT-040,pivo,0.0,0.0
KRT,2026-08-08,KRT-041,pivo,0.0,0.0
KRT,2026-08-08,KRT-042,pivo,0.0,0.0
KRT,2026-08-08,KRT-043,pivo,0.0,0.0
KRT,2026-08-08,KRT-044,pivo,0.0,0.0
KRT,2026-08-08,KRT-045,pivo,0.0,0.0
KRT,2026-08-08,KRT-046,pivo,0.0,0.0
KRT,2026-08-08,KRT-047,pivo,0.0,0.0
KRT,2026-08-08,KRT-048,pivo,0.0,0.0
KRT,2026-08-08,KRT-049,pivo,0.0,0.0
KRT,2026-08-08,KRT-050,pivo,0.0,0.0
KRT,2026-08-08,KRT-051,pivo,0.0,0.0
KRT,2026-08-08,KRT-052,pivo,9.4,9.4
KRT,2026-08-08,KRT-053,pivo,0.0,0.0
KRT,2026-08-08,KRT-054,pivo,0.0,0.0
KRT,2026-08-08,KRT-055,pivo,0.0,0.0
KRT,2026-08-08,KRT-056,pivo,0.0,0.0
KRT,2026-08-08,KRT-057,pivo,0.0,0.0
KRT,2026-08-08,KRT-058,pivo,0.0,0.0
KRT,2026-08-08,KRT-059,pivo,0.0,0.0
KRT,2026-08-08,KRT-060,pivo,0.0,0.0
KRT,2026-08-08,KRT-061,pivo,0.0,0.0
KRT,2026-08-08,KRT-062,pivo,0.0,0.0
KRT,2026-08-08,KRT-063,pivo,0.0,0.0
KRT,2026-08-08,KRT-064,pivo,0.0,0.0
KRT,2026-08-08,KRT-065,pivo,0.0,0.0
KRT,2026-08-08,KRT-066,pivo,0.0,0.0
KRT,2026-08-08,KRT-067,pivo,0.0,0.0
KRT,2026-08-08,KRT-068,pivo,0.0,0.0
KRT,2026-08-08,KRT-069,pivo,0.0,0.0
KRT,2026-08-08,KRT-070,pivo,0.0,0.0
KRT,2026-08-08,KRT-071,pivo,0.0,0.0
KRT,2026-08-08,KRT-072,pivo,0.0,0.0
KRT,2026-08-08,KRT-073,pivo,0.0,0.0
KRT,2026-08-08,KRT-074,pivo,0.51,0.51
KRT,2026-08-07,KRT-001,pivo,2.54,2.54
KRT,2026-08-07,KRT-001B,pivo_secundario,0.0,0.0
KRT,2026-08-07,KRT-002,pivo,0.0,0.0
KRT,2026-08-07,KRT-002B,pivo_secundario,0.0,0.0
KRT,2026-08-07,KRT-003,pivo,0.0,0.0
KRT,2026-08-07,KRT-004,pivo,0.0,0.0
KRT,2026-08-07,KRT-004B,pivo_secundario,0.0,0.0
KRT,2026-08-07,KRT-005,pivo,0.0,0.0
KRT,2026-08-07,KRT-006B,pivo_secundario,0.0,0.0
KRT,2026-08-07,KRT-006,pivo,0.0,0.0
KRT,2026-08-07,KRT-007B,pivo_secundario,0.0,0.0
KRT,2026-08-07,KRT-007,pivo,0.0,0.0
KRT,2026-08-07,KRT-008,pivo,0.0,0.0
KRT,2026-08-07,KRT-009,pivo,0.0,0.0
KRT,2026-08-07,KRT-010,pivo,2.29,2.29
KRT,2026-08-07,KRT-011,pivo,0.0,0.0
KRT,2026-08-07,KRT-012,pivo,0.0,0.0
KRT,2026-08-07,KRT-013,pivo,0.25,0.25
KRT,2026-08-07,KRT-014,pivo,0.25,0.25
KRT,2026-08-07,KRT-015,pivo,0.0,0.0
KRT,2026-08-07,KRT-016,pivo,0.0,0.0
KRT,2026-08-07,KRT-017,pivo,0.0,0.0
KRT,2026-08-07,KRT-018,pivo,0.0,0.0
KRT,2026-08-07,KRT-019,pivo,0.0,0.0
KRT,2026-08-07,KRT-020,pivo,0.0,0.0
KRT,2026-08-07,KRT-021,pivo,0.0,0.0
KRT,2026-08-07,KRT-022,pivo,0.0,0.0
KRT,2026-08-07,KRT-023,pivo,2.03,2.03
KRT,2026-08-07,KRT-024,pivo,0.0,0.0
KRT,2026-08-07,KRT-025,pivo,0.0,0.0
KRT,2026-08-07,KRT-026,pivo,0.0,0.0
KRT,2026-08-07,KRT-027,pivo,0.0,0.0
KRT,2026-08-07,KRT-028,pivo,0.0,0.0
KRT,2026-08-07,KRT-029,pivo,0.25,0.25
KRT,2026-08-07,KRT-030,pivo,0.0,0.0
KRT,2026-08-07,KRT-031,pivo,0.0,0.0
KRT,2026-08-07,KRT-032,pivo,0.0,0.0
KRT,2026-08-07,KRT-033,pivo,0.0,0.0
KRT,2026-08-07,KRT-034,pivo,0.0,0.0
KRT,2026-08-07,KRT-035,pivo,0.0,0.0
KRT,2026-08-07,KRT-036,pivo,0.0,0.0
KRT,2026-08-07,KRT-037,pivo,0.0,0.0
KRT,2026-08-07,KRT-038,pivo,0.0,0.0
KRT,2026-08-07,KRT-039,pivo,0.0,0.0
KRT,2026-08-07,KRT-040,pivo,0.0,0.0
KRT,2026-08-07,KRT-041,pivo,0.0,0.0
KRT,2026-08-07,KRT-042,pivo,0.0,0.0
KRT,2026-08-07,KRT-043,pivo,0.0,0.0
KRT,2026-08-07,KRT-044,pivo,0.0,0.0
KRT,2026-08-07,KRT-045,pivo,0.0,0.0
KRT,2026-08-07,KRT-046,pivo,0.0,0.0
KRT,2026-08-07,KRT-047,pivo,0.0,0.0
KRT,2026-08-07,KRT-048,pivo,0.0,0.0
KRT,2026-08-07,KRT-049,pivo,0.0,0.0
KRT,2026-08-07,KRT-050,pivo,0.0,0.0
KRT,2026-08-07,KRT-051,pivo,0.0,0.0
KRT,2026-08-07,KRT-052,pivo,0.0,0.0
KRT,2026-08-07,KRT-053,pivo,0.0,0.0
KRT,2026-08-07,KRT-054,pivo,0.0,0.0
KRT,2026-08-07,KRT-055,pivo,0.0,0.0
KRT,2026-08-07,KRT-056,pivo,0.0,0.0
KRT,2026-08-07,KRT-057,pivo,0.0,0.0
KRT,2026-08-07,KRT-058,pivo,0.0,0.0
KRT,2026-08-07,KRT-059,pivo,0.0,0.0
KRT,2026-08-07,KRT-060,pivo,0.0,0.0
KRT,2026-08-07,KRT-061,pivo,0.0,0.0
KRT,2026-08-07,KRT-062,pivo,0.0,0.0
KRT,2026-08-07,KRT-063,pivo,0.0,0.0
KRT,2026-08-07,KRT-064,pivo,0.0,0.0
KRT,2026-08-07,KRT-065,pivo,0.0,0.0
KRT,2026-08-07,KRT-066,pivo,0.0,0.0
KRT,2026-08-07,KRT-067,pivo,0.0,0.0
KRT,2026-08-07,KRT-068,pivo,0.0,0.0
KRT,2026-08-07,KRT-069,pivo,0.0,0.0
KRT,2026-08-07,KRT-070,pivo,0.0,0.0
KRT,2026-08-07,KRT-071,pivo,0.0,0.0
KRT,2026-08-07,KRT-072,pivo,0.0,0.0
KRT,2026-08-07,KRT-073,pivo,0.0,0.0
KRT,2026-08-07,KRT-074,pivo,0.0,0.0
KRT,2026-08-06,KRT-001,pivo,0.0,0.0
KRT,2026-08-06,KRT-001B,pivo_secundario,0.0,0.0
KRT,2026-08-06,KRT-002,pivo,0.0,0.0
KRT,2026-08-06,KRT-002B,pivo_secundario,0.0,0.0
KRT,2026-08-06,KRT-003,pivo,0.0,0.0
KRT,2026-08-06,KRT-004,pivo,0.0,0.0
KRT,2026-08-06,KRT-004B,pivo_secundario,0.0,0.0
KRT,2026-08-06,KRT-005,pivo,0.0,0.0
KRT,2026-08-06,KRT-006B,pivo_secundario,0.0,0.0
KRT,2026-08-06,KRT-006,pivo,0.0,0.0
KRT,2026-08-06,KRT-007B,pivo_secundario,0.0,0.0
KRT,2026-08-06,KRT-007,pivo,0.0,0.0
KRT,2026-08-06,KRT-008,pivo,0.0,0.0
KRT,2026-08-06,KRT-009,pivo,0.0,0.0
KRT,2026-08-06,KRT-010,pivo,0.76,0.76
KRT,2026-08-06,KRT-011,pivo,0.25,0.25
KRT,2026-08-06,KRT-012,pivo,0.0,0.0
KRT,2026-08-06,KRT-013,pivo,0.0,0.0
KRT,2026-08-06,KRT-014,pivo,0.0,0.0
KRT,2026-08-06,KRT-015,pivo,0.0,0.0
KRT,2026-08-06,KRT-016,pivo,0.0,0.0
KRT,2026-08-06,KRT-017,pivo,0.0,0.0
KRT,2026-08-06,KRT-018,pivo,0.0,0.0
KRT,2026-08-06,KRT-019,pivo,0.0,0.0
KRT,2026-08-06,KRT-020,pivo,0.0,0.0
KRT,2026-08-06,KRT-021,pivo,0.0,0.0
KRT,2026-08-06,KRT-022,pivo,0.0,0.0
KRT,2026-08-06,KRT-023,pivo,0.51,0.51
KRT,2026-08-06,KRT-024,pivo,0.0,0.0
KRT,2026-08-06,KRT-025,pivo,0.0,0.0
KRT,2026-08-06,KRT-026,pivo,0.0,0.0
KRT,2026-08-06,KRT-027,pivo,0.0,0.0
KRT,2026-08-06,KRT-028,pivo,0.0,0.0
KRT,2026-08-06,KRT-029,pivo,0.51,0.51
KRT,2026-08-06,KRT-030,pivo,0.0,0.0
KRT,2026-08-06,KRT-031,pivo,0.0,0.0
KRT,2026-08-06,KRT-032,pivo,0.0,0.0
KRT,2026-08-06,KRT-033,pivo,0.0,0.0
KRT,2026-08-06,KRT-034,pivo,0.0,0.0
KRT,2026-08-06,KRT-035,pivo,0.0,0.0
KRT,2026-08-06,KRT-036,pivo,0.0,0.0
KRT,2026-08-06,KRT-037,pivo,0.0,0.0
KRT,2026-08-06,KRT-038,pivo,0.0,0.0
KRT,2026-08-06,KRT-039,pivo,0.0,0.0
KRT,2026-08-06,KRT-040,pivo,0.0,0.0
KRT,2026-08-06,KRT-041,pivo,0.0,0.0
KRT,2026-08-06,KRT-042,pivo,0.0,0.0
KRT,2026-08-06,KRT-043,pivo,0.0,0.0
KRT,2026-08-06,KRT-044,pivo,0.0,0.0
KRT,2026-08-06,KRT-045,pivo,0.0,0.0
KRT,2026-08-06,KRT-046,pivo,0.0,0.0
KRT,2026-08-06,KRT-047,pivo,0.0,0.0
KRT,2026-08-06,KRT-048,pivo,0.0,0.0
KRT,2026-08-06,KRT-049,pivo,0.0,0.0
KRT,2026-08-06,KRT-050,pivo,0.0,0.0
KRT,2026-08-06,KRT-051,pivo,0.25,0.25
KRT,2026-08-06,KRT-052,pivo,0.0,0.0
KRT,2026-08-06,KRT-053,pivo,0.0,0.0
KRT,2026-08-06,KRT-054,pivo,0.0,0.0
KRT,2026-08-06,KRT-055,pivo,0.0,0.0
KRT,2026-08-06,KRT-056,pivo,0.0,0.0
KRT,2026-08-06,KRT-057,pivo,0.0,0.0
KRT,2026-08-06,KRT-058,pivo,0.0,0.0
KRT,2026-08-06,KRT-059,pivo,0.0,0.0
KRT,2026-08-06,KRT-060,pivo,0.0,0.0
KRT,2026-08-06,KRT-061,pivo,0.0,0.0
KRT,2026-08-06,KRT-062,pivo,0.0,0.0
KRT,2026-08-06,KRT-063,pivo,0.0,0.0
KRT,2026-08-06,KRT-064,pivo,0.0,0.0
KRT,2026-08-06,KRT-065,pivo,0.0,0.0
KRT,2026-08-06,KRT-066,pivo,0.0,0.0
KRT,2026-08-06,KRT-067,pivo,0.0,0.0
KRT,2026-08-06,KRT-068,pivo,0.0,0.0
KRT,2026-08-06,KRT-069,pivo,0.0,0.0
KRT,2026-08-06,KRT-070,pivo,0.0,0.0
KRT,2026-08-06,KRT-071,pivo,0.0,0.0
KRT,2026-08-06,KRT-072,pivo,0.0,0.0
KRT,2026-08-06,KRT-073,pivo,0.0,0.0
KRT,2026-08-06,KRT-074,pivo,0.0,0.0
KRT,2026-04-28,KRT-001,pivo,0.0,0.0
KRT,2026-04-28,KRT-001B,pivo_secundario,0.23,0.23
KRT,2026-04-28,KRT-002,pivo,0.0,0.0
KRT,2026-04-28,KRT-002B,pivo_secundario,0.0,0.0
KRT,2026-04-28,KRT-003,pivo,0.0,0.0
KRT,2026-04-28,KRT-004,pivo,0.0,0.0
KRT,2026-04-28,KRT-004B,pivo_secundario,0.0,0.0
KRT,2026-04-28,KRT-005,pivo,0.0,0.0
KRT,2026-04-28,KRT-006B,pivo_secundario,0.0,0.0
KRT,2026-04-28,KRT-006,pivo,0.0,0.0
KRT,2026-04-28,KRT-007B,pivo_secundario,0.0,0.0
KRT,2026-04-28,KRT-007,pivo,0.0,0.0
KRT,2026-04-28,KRT-008,pivo,0.0,0.0
KRT,2026-04-28,KRT-009,pivo,0.0,0.0
KRT,2026-04-28,KRT-010,pivo,0.0,0.0
KRT,2026-04-28,KRT-011,pivo,0.0,0.0
KRT,2026-04-28,KRT-012,pivo,0.0,0.0
KRT,2026-04-28,KRT-013,pivo,0.0,0.0
KRT,2026-04-28,KRT-014,pivo,0.0,0.0
KRT,2026-04-28,KRT-015,pivo,0.0,0.0
KRT,2026-04-28,KRT-016,pivo,0.0,0.0
KRT,2026-04-28,KRT-017,pivo,0.0,0.0
KRT,2026-04-28,KRT-018,pivo,0.0,0.0
KRT,2026-04-28,KRT-019,pivo,0.0,0.0
KRT,2026-04-28,KRT-020,pivo,0.0,0.0
KRT,2026-04-28,KRT-021,pivo,0.0,0.0
KRT,2026-04-28,KRT-022,pivo,0.0,0.0
KRT,2026-04-28,KRT-023,pivo,0.0,0.0
KRT,2026-04-28,KRT-024,pivo,0.0,0.0
KRT,2026-04-28,KRT-025,pivo,0.0,0.0
KRT,2026-04-28,KRT-026,pivo,0.0,0.0
KRT,2026-04-28,KRT-027,pivo,0.0,0.0
KRT,2026-04-28,KRT-028,pivo,0.0,0.0
KRT,2026-04-28,KRT-029,pivo,0.0,0.0
KRT,2026-04-28,KRT-030,pivo,0.0,0.0
KRT,2026-04-28,KRT-031,pivo,0.0,0.0
KRT,2026-04-28,KRT-032,pivo,0.0,0.0
KRT,2026-04-28,KRT-033,pivo,0.0,0.0
KRT,2026-04-28,KRT-034,pivo,0.0,0.0
KRT,2026-04-28,KRT-035,pivo,0.0,0.0
KRT,2026-04-28,KRT-036,pivo,0.0,0.0
KRT,2026-04-28,KRT-037,pivo,0.0,0.0
KRT,2026-04-28,KRT-038,pivo,0.0,0.0
KRT,2026-04-28,KRT-039,pivo,0.0,0.0
KRT,2026-04-28,KRT-040,pivo,0.0,0.0
KRT,2026-04-28,KRT-041,pivo,0.0,0.0
KRT,2026-04-28,KRT-042,pivo,0.0,0.0
KRT,2026-04-28,KRT-043,pivo,0.0,0.0
KRT,2026-04-28,KRT-044,pivo,0.0,0.0
KRT,2026-04-28,KRT-045,pivo,0.0,0.0
KRT,2026-04-28,KRT-046,pivo,0.0,0.0
KRT,2026-04-28,KRT-047,pivo,0.0,0.0
KRT,2026-04-28,KRT-048,pivo,0.0,0.0
KRT,2026-04-28,KRT-049,pivo,0.0,0.0
KRT,2026-04-28,KRT-050,pivo,0.0,0.0
KRT,2026-04-28,KRT-051,pivo,0.0,0.0
KRT,2026-04-28,KRT-052,pivo,0.0,0.0
KRT,2026-04-28,KRT-053,pivo,0.0,0.0
KRT,2026-04-28,KRT-054,pivo,0.0,0.0
KRT,2026-04-28,KRT-055,pivo,0.0,0.0
KRT,2026-04-28,KRT-056,pivo,0.0,0.0
KRT,2026-04-28,KRT-057,pivo,0.0,0.0
KRT,2026-04-28,KRT-058,pivo,0.0,0.0
KRT,2026-04-28,KRT-059,pivo,0.0,0.0
KRT,2026-04-28,KRT-060,pivo,0.0,0.0
KRT,2026-04-28,KRT-061,pivo,0.0,0.0
KRT,2026-04-28,KRT-062,pivo,0.0,0.0
KRT,2026-04-28,KRT-063,pivo,0.0,0.0
KRT,2026-04-28,KRT-064,pivo,0.0,0.0
KRT,2026-04-28,KRT-065,pivo,0.0,0.0
KRT,2026-04-28,KRT-066,pivo,0.0,0.0
KRT,2026-04-28,KRT-067,pivo,0.0,0.0
KRT,2026-04-28,KRT-068,pivo,0.0,0.0
KRT,2026-04-28,KRT-069,pivo,0.0,0.0
KRT,2026-04-28,KRT-070,pivo,0.0,0.0
KRT,2026-04-28,KRT-071,pivo,0.0,0.0
KRT,2026-04-28,KRT-072,pivo,0.0,0.0
KRT,2026-04-28,KRT-073,pivo,0.0,0.0
KRT,2026-04-28,KRT-074,pivo,0.0,0.0
KRT,2026-04-27,KRT-001,pivo,0.0,0.0
KRT,2026-04-27,KRT-001B,pivo_secundario,0.23,0.23
KRT,2026-04-27,KRT-002,pivo,0.0,0.0
KRT,2026-04-27,KRT-002B,pivo_secundario,0.0,0.0
KRT,2026-04-27,KRT-003,pivo,0.0,0.0
KRT,2026-04-27,KRT-004,pivo,0.0,0.0
KRT,2026-04-27,KRT-004B,pivo_secundario,0.0,0.0
KRT,2026-04-27,KRT-005,pivo,0.0,0.0
KRT,2026-04-27,KRT-006B,pivo_secundario,0.0,0.0
KRT,2026-04-27,KRT-006,pivo,0.0,0.0
KRT,2026-04-27,KRT-007B,pivo_secundario,0.0,0.0
KRT,2026-04-27,KRT-007,pivo,0.0,0.0
KRT,2026-04-27,KRT-008,pivo,0.0,0.0
KRT,2026-04-27,KRT-009,pivo,0.0,0.0
KRT,2026-04-27,KRT-010,pivo,0.0,0.0
KRT,2026-04-27,KRT-011,pivo,0.0,0.0
KRT,2026-04-27,KRT-012,pivo,0.0,0.0
KRT,2026-04-27,KRT-013,pivo,0.0,0.0
KRT,2026-04-27,KRT-014,pivo,0.0,0.0
KRT,2026-04-27,KRT-015,pivo,0.0,0.0
KRT,2026-04-27,KRT-016,pivo,0.0,0.0
KRT,2026-04-27,KRT-017,pivo,0.0,0.0
KRT,2026-04-27,KRT-018,pivo,0.0,0.0
KRT,2026-04-27,KRT-019,pivo,0.0,0.0
KRT,2026-04-27,KRT-020,pivo,0.0,0.0
KRT,2026-04-27,KRT-021,pivo,0.0,0.0
KRT,2026-04-27,KRT-022,pivo,0.0,0.0
KRT,2026-04-27,KRT-023,pivo,0.0,0.0
KRT,2026-04-27,KRT-024,pivo,0.0,0.0
KRT,2026-04-27,KRT-025,pivo,0.0,0.0
KRT,2026-04-27,KRT-026,pivo,0.0,0.0
KRT,2026-04-27,KRT-027,pivo,0.0,0.0
KRT,2026-04-27,KRT-028,pivo,0.0,0.0
KRT,2026-04-27,KRT-029,pivo,0.0,0.0
KRT,2026-04-27,KRT-030,pivo,0.0,0.0
KRT,2026-04-27,KRT-031,pivo,0.0,0.0
KRT,2026-04-27,KRT-032,pivo,0.0,0.0
KRT,2026-04-27,KRT-033,pivo,0.0,0.0
KRT,2026-04-27,KRT-034,pivo,0.0,0.0
KRT,2026-04-27,KRT-035,pivo,0.0,0.0
KRT,2026-04-27,KRT-036,pivo,0.0,0.0
KRT,2026-04-27,KRT-037,pivo,0.0,0.0
KRT,2026-04-27,KRT-038,pivo,0.0,0.0
KRT,2026-04-27,KRT-039,pivo,0.0,0.0
KRT,2026-04-27,KRT-040,pivo,0.0,0.0
KRT,2026-04-27,KRT-041,pivo,0.0,0.0
KRT,2026-04-27,KRT-042,pivo,0.0,0.0
KRT,2026-04-27,KRT-043,pivo,0.0,0.0
KRT,2026-04-27,KRT-044,pivo,0.0,0.0
KRT,2026-04-27,KRT-045,pivo,0.0,0.0
KRT,2026-04-27,KRT-046,pivo,0.0,0.0
KRT,2026-04-27,KRT-047,pivo,0.0,0.0
KRT,2026-04-27,KRT-048,pivo,0.0,0.0
KRT,2026-04-27,KRT-049,pivo,0.0,0.0
KRT,2026-04-27,KRT-050,pivo,0.0,0.0
KRT,2026-04-27,KRT-051,pivo,0.0,0.0
KRT,2026-04-27,KRT-052,pivo,0.0,0.0
KRT,2026-04-27,KRT-053,pivo,0.0,0.0
KRT,2026-04-27,KRT-054,pivo,0.0,0.0
KRT,2026-04-27,KRT-055,pivo,0.0,0.0
KRT,2026-04-27,KRT-056,pivo,0.0,0.0
KRT,2026-04-27,KRT-057,pivo,0.0,0.0
KRT,2026-04-27,KRT-058,pivo,0.0,0.0
KRT,2026-04-27,KRT-059,pivo,0.0,0.0
KRT,2026-04-27,KRT-060,pivo,0.0,0.0
KRT,2026-04-27,KRT-061,pivo,0.0,0.0
KRT,2026-04-27,KRT-062,pivo,0.0,0.0
KRT,2026-04-27,KRT-063,pivo,0.0,0.0
KRT,2026-04-27,KRT-064,pivo,0.0,0.0
KRT,2026-04-27,KRT-065,pivo,0.0,0.0
KRT,2026-04-27,KRT-066,pivo,0.0,0.0
KRT,2026-04-27,KRT-067,pivo,0.0,0.0
KRT,2026-04-27,KRT-068,pivo,0.0,0.0
KRT,2026-04-27,KRT-069,pivo,0.0,0.0
KRT,2026-04-27,KRT-070,pivo,0.0,0.0
KRT,2026-04-27,KRT-071,pivo,0.0,0.0
KRT,2026-04-27,KRT-072,pivo,0.0,0.0
KRT,2026-04-27,KRT-073,pivo,0.0,0.0
KRT,2026-04-27,KRT-074,pivo,0.0,0.0
KRT,2026-04-26,KRT-001,pivo,0.0,0.0
KRT,2026-04-26,KRT-001B,pivo_secundario,0.0,0.0
KRT,2026-04-26,KRT-002,pivo,0.0,0.0
KRT,2026-04-26,KRT-002B,pivo_secundario,0.0,0.0
KRT,2026-04-26,KRT-003,pivo,0.0,0.0
KRT,2026-04-26,KRT-004,pivo,0.0,0.0
KRT,2026-04-26,KRT-004B,pivo_secundario,0.0,0.0
KRT,2026-04-26,KRT-005,pivo,0.0,0.0
KRT,2026-04-26,KRT-006B,pivo_secundario,0.0,0.0
KRT,2026-04-26,KRT-006,pivo,0.0,0.0
KRT,2026-04-26,KRT-007B,pivo_secundario,1.57,1.57
KRT,2026-04-26,KRT-007,pivo,0.0,0.0
KRT,2026-04-26,KRT-008,pivo,0.0,0.0
KRT,2026-04-26,KRT-009,pivo,0.0,0.0
KRT,2026-04-26,KRT-010,pivo,0.0,0.0
KRT,2026-04-26,KRT-011,pivo,0.0,0.0
KRT,2026-04-26,KRT-012,pivo,0.0,0.0
KRT,2026-04-26,KRT-013,pivo,0.0,0.0
KRT,2026-04-26,KRT-014,pivo,0.0,0.0
KRT,2026-04-26,KRT-015,pivo,0.0,0.0
KRT,2026-04-26,KRT-016,pivo,0.0,0.0
KRT,2026-04-26,KRT-017,pivo,0.0,0.0
KRT,2026-04-26,KRT-018,pivo,0.0,0.0
KRT,2026-04-26,KRT-019,pivo,0.0,0.0
KRT,2026-04-26,KRT-020,pivo,0.0,0.0
KRT,2026-04-26,KRT-021,pivo,0.0,0.0
KRT,2026-04-26,KRT-022,pivo,0.0,0.0
KRT,2026-04-26,KRT-023,pivo,0.0,0.0
KRT,2026-04-26,KRT-024,pivo,0.0,0.0
KRT,2026-04-26,KRT-025,pivo,0.0,0.0
KRT,2026-04-26,KRT-026,pivo,0.0,0.0
KRT,2026-04-26,KRT-027,pivo,0.0,0.0
KRT,2026-04-26,KRT-028,pivo,0.0,0.0
KRT,2026-04-26,KRT-029,pivo,0.0,0.0
KRT,2026-04-26,KRT-030,pivo,0.0,0.0
KRT,2026-04-26,KRT-031,pivo,0.0,0.0
KRT,2026-04-26,KRT-032,pivo,0.0,0.0
KRT,2026-04-26,KRT-033,pivo,0.0,0.0
KRT,2026-04-26,KRT-034,pivo,0.0,0.0
KRT,2026-04-26,KRT-035,pivo,0.0,0.0
KRT,2026-04-26,KRT-036,pivo,0.0,0.0
KRT,2026-04-26,KRT-037,pivo,0.0,0.0
KRT,2026-04-26,KRT-038,pivo,0.0,0.0
KRT,2026-04-26,KRT-039,pivo,0.0,0.0
KRT,2026-04-26,KRT-040,pivo,0.0,0.0
KRT,2026-04-26,KRT-041,pivo,0.0,0.0
KRT,2026-04-26,KRT-042,pivo,0.0,0.0
KRT,2026-04-26,KRT-043,pivo,0.0,0.0
KRT,2026-04-26,KRT-044,pivo,0.0,0.0
KRT,2026-04-26,KRT-045,pivo,0.0,0.0
KRT,2026-04-26,KRT-046,pivo,0.0,0.0
KRT,2026-04-26,KRT-047,pivo,0.0,0.0
KRT,2026-04-26,KRT-048,pivo,0.0,0.0
KRT,2026-04-26,KRT-049,pivo,0.0,0.0
KRT,2026-04-26,KRT-050,pivo,0.0,0.0
KRT,2026-04-26,KRT-051,pivo,0.0,0.0
KRT,2026-04-26,KRT-052,pivo,0.0,0.0
KRT,2026-04-26,KRT-053,pivo,0.0,0.0
KRT,2026-04-26,KRT-054,pivo,0.0,0.0
KRT,2026-04-26,KRT-055,pivo,0.0,0.0
KRT,2026-04-26,KRT-056,pivo,0.0,0.0
KRT,2026-04-26,KRT-057,pivo,0.0,0.0
KRT,2026-04-26,KRT-058,pivo,0.0,0.0
KRT,2026-04-26,KRT-059,pivo,0.0,0.0
KRT,2026-04-26,KRT-060,pivo,0.0,0.0
KRT,2026-04-26,KRT-061,pivo,0.0,0.0
KRT,2026-04-26,KRT-062,pivo,0.0,0.0
KRT,2026-04-26,KRT-063,pivo,0.0,0.0
KRT,2026-04-26,KRT-064,pivo,0.0,0.0
KRT,2026-04-26,KRT-065,pivo,0.0,0.0
KRT,2026-04-26,KRT-066,pivo,0.0,0.0
KRT,2026-04-26,KRT-067,pivo,0.0,0.0
KRT,2026-04-26,KRT-068,pivo,0.0,0.0
KRT,2026-04-26,KRT-069,pivo,0.0,0.0
KRT,2026-04-26,KRT-070,pivo,0.0,0.0
KRT,2026-04-26,KRT-071,pivo,0.0,0.0
KRT,2026-04-26,KRT-072,pivo,0.0,0.0
KRT,2026-04-26,KRT-073,pivo,0.0,0.0
KRT,2026-04-26,KRT-074,pivo,0.0,0.0
KRT,2026-04-18,KRT-001,pivo,0.0,0.0
KRT,2026-04-18,KRT-001B,pivo_secundario,0.92,0.92
KRT,2026-04-18,KRT-002,pivo,0.0,0.0
KRT,2026-04-18,KRT-002B,pivo_secundario,2.05,2.05
KRT,2026-04-18,KRT-003,pivo,0.0,0.0
KRT,2026-04-18,KRT-004,pivo,0.0,0.0
KRT,2026-04-18,KRT-004B,pivo_secundario,0.0,0.0
KRT,2026-04-18,KRT-005,pivo,0.0,0.0
KRT,2026-04-18,KRT-006B,pivo_secundario,0.19,0.19
KRT,2026-04-18,KRT-006,pivo,0.0,0.0
KRT,2026-04-18,KRT-007B,pivo_secundario,0.0,0.0
KRT,2026-04-18,KRT-007,pivo,0.0,0.0
KRT,2026-04-18,KRT-008,pivo,0.0,0.0
KRT,2026-04-18,KRT-009,pivo,0.0,0.0
KRT,2026-04-18,KRT-010,pivo,0.0,0.0
KRT,2026-04-18,KRT-011,pivo,0.0,0.0
KRT,2026-04-18,KRT-012,pivo,0.0,0.0
KRT,2026-04-18,KRT-013,pivo,0.0,0.0
KRT,2026-04-18,KRT-014,pivo,0.0,0.0
KRT,2026-04-18,KRT-015,pivo,0.0,0.0
KRT,2026-04-18,KRT-016,pivo,0.0,0.0
KRT,2026-04-18,KRT-017,pivo,0.0,0.0
KRT,2026-04-18,KRT-018,pivo,0.0,0.0
KRT,2026-04-18,KRT-019,pivo,0.0,0.0
KRT,2026-04-18,KRT-020,pivo,0.0,0.0
KRT,2026-04-18,KRT-021,pivo,0.0,0.0
KRT,2026-04-18,KRT-022,pivo,0.0,0.0
KRT,2026-04-18,KRT-023,pivo,0.0,0.0
KRT,2026-04-18,KRT-024,pivo,0.0,0.0
KRT,2026-04-18,KRT-025,pivo,0.0,0.0
KRT,2026-04-18,KRT-026,pivo,0.0,0.0
KRT,2026-04-18,KRT-027,pivo,0.0,0.0
KRT,2026-04-18,KRT-028,pivo,0.0,0.0
KRT,2026-04-18,KRT-029,pivo,0.0,0.0
KRT,2026-04-18,KRT-030,pivo,0.0,0.0
KRT,2026-04-18,KRT-031,pivo,0.0,0.0
KRT,2026-04-18,KRT-032,pivo,0.0,0.0
KRT,2026-04-18,KRT-033,pivo,0.0,0.0
KRT,2026-04-18,KRT-034,pivo,0.0,0.0
KRT,2026-04-18,KRT-035,pivo,0.0,0.0
KRT,2026-04-18,KRT-036,pivo,0.0,0.0
KRT,2026-04-18,KRT-037,pivo,0.0,0.0
KRT,2026-04-18,KRT-038,pivo,0.0,0.0
KRT,2026-04-18,KRT-039,pivo,0.0,0.0
KRT,2026-04-18,KRT-040,pivo,0.0,0.0
KRT,2026-04-18,KRT-041,pivo,0.0,0.0
KRT,2026-04-18,KRT-042,pivo,0.0,0.0
KRT,2026-04-18,KRT-043,pivo,0.0,0.0
KRT,2026-04-18,KRT-044,pivo,0.0,0.0
KRT,2026-04-18,KRT-045,pivo,0.0,0.0
KRT,2026-04-18,KRT-046,pivo,0.0,0.0
KRT,2026-04-18,KRT-047,pivo,0.0,0.0
KRT,2026-04-18,KRT-048,pivo,0.0,0.0
KRT,2026-04-18,KRT-049,pivo,0.0,0.0
KRT,2026-04-18,KRT-050,pivo,0.0,0.0
KRT,2026-04-18,KRT-051,pivo,0.0,0.0
KRT,2026-04-18,KRT-052,pivo,0.0,0.0
KRT,2026-04-18,KRT-053,pivo,0.0,0.0
KRT,2026-04-18,KRT-054,pivo,0.0,0.0
KRT,2026-04-18,KRT-055,pivo,0.0,0.0
KRT,2026-04-18,KRT-056,pivo,0.0,0.0
KRT,2026-04-18,KRT-057,pivo,0.0,0.0
KRT,2026-04-18,KRT-058,pivo,0.0,0.0
KRT,2026-04-18,KRT-059,pivo,0.0,0.0
KRT,2026-04-18,KRT-060,pivo,0.0,0.0
KRT,2026-04-18,KRT-061,pivo,0.0,0.0
KRT,2026-04-18,KRT-062,pivo,0.0,0.0
KRT,2026-04-18,KRT-063,pivo,0.0,0.0
KRT,2026-04-18,KRT-064,pivo,0.0,0.0
KRT,2026-04-18,KRT-065,pivo,0.0,0.0
KRT,2026-04-18,KRT-066,pivo,0.0,0.0
KRT,2026-04-18,KRT-067,pivo,0.0,0.0
KRT,2026-04-18,KRT-068,pivo,0.0,0.0
KRT,2026-04-18,KRT-069,pivo,0.0,0.0
KRT,2026-04-18,KRT-070,pivo,0.0,0.0
KRT,2026-04-18,KRT-071,pivo,0.0,0.0
KRT,2026-04-18,KRT-072,pivo,0.0,0.0
KRT,2026-04-18,KRT-073,pivo,0.0,0.0
KRT,2026-04-18,KRT-074,pivo,0.0,0.0
KRT,2026-04-17,KRT-001,pivo,0.0,0.0
KRT,2026-04-17,KRT-001B,pivo_secundario,2.08,2.08
KRT,2026-04-17,KRT-002,pivo,0.0,0.0
KRT,2026-04-17,KRT-002B,pivo_secundario,1.82,1.82
KRT,2026-04-17,KRT-003,pivo,0.0,0.0
KRT,2026-04-17,KRT-004,pivo,0.0,0.0
KRT,2026-04-17,KRT-004B,pivo_secundario,0.0,0.0
KRT,2026-04-17,KRT-005,pivo,0.0,0.0
KRT,2026-04-17,KRT-006B,pivo_secundario,0.0,0.0
KRT,2026-04-17,KRT-006,pivo,0.0,0.0
KRT,2026-04-17,KRT-007B,pivo_secundario,0.0,0.0
KRT,2026-04-17,KRT-007,pivo,0.0,0.0
KRT,2026-04-17,KRT-008,pivo,0.0,0.0
KRT,2026-04-17,KRT-009,pivo,0.0,0.0
KRT,2026-04-17,KRT-010,pivo,0.0,0.0
KRT,2026-04-17,KRT-011,pivo,0.0,0.0
KRT,2026-04-17,KRT-012,pivo,0.0,0.0
KRT,2026-04-17,KRT-013,pivo,0.0,0.0
KRT,2026-04-17,KRT-014,pivo,0.0,0.0
KRT,2026-04-17,KRT-015,pivo,0.0,0.0
KRT,2026-04-17,KRT-016,pivo,0.0,0.0
KRT,2026-04-17,KRT-017,pivo,0.0,0.0
KRT,2026-04-17,KRT-018,pivo,0.0,0.0
KRT,2026-04-17,KRT-019,pivo,0.0,0.0
KRT,2026-04-17,KRT-020,pivo,0.0,0.0
KRT,2026-04-17,KRT-021,pivo,0.0,0.0
KRT,2026-04-17,KRT-022,pivo,0.0,0.0
KRT,2026-04-17,KRT-023,pivo,0.0,0.0
KRT,2026-04-17,KRT-024,pivo,0.0,0.0
KRT,2026-04-17,KRT-025,pivo,0.0,0.0
KRT,2026-04-17,KRT-026,pivo,0.0,0.0
KRT,2026-04-17,KRT-027,pivo,0.0,0.0
KRT,2026-04-17,KRT-028,pivo,0.0,0.0
KRT,2026-04-17,KRT-029,pivo,0.0,0.0
KRT,2026-04-17,KRT-030,pivo,0.0,0.0
KRT,2026-04-17,KRT-031,pivo,0.0,0.0
KRT,2026-04-17,KRT-032,pivo,0.0,0.0
KRT,2026-04-17,KRT-033,pivo,0.0,0.0
KRT,2026-04-17,KRT-034,pivo,0.0,0.0
KRT,2026-04-17,KRT-035,pivo,0.0,0.0
KRT,2026-04-17,KRT-036,pivo,0.0,0.0
KRT,2026-04-17,KRT-037,pivo,0.0,0.0
KRT,2026-04-17,KRT-038,pivo,0.0,0.0
KRT,2026-04-17,KRT-039,pivo,0.0,0.0
KRT,2026-04-17,KRT-040,pivo,0.0,0.0
KRT,2026-04-17,KRT-041,pivo,0.0,0.0
KRT,2026-04-17,KRT-042,pivo,0.0,0.0
KRT,2026-04-17,KRT-043,pivo,0.0,0.0
KRT,2026-04-17,KRT-044,pivo,0.0,0.0
KRT,2026-04-17,KRT-045,pivo,0.0,0.0
KRT,2026-04-17,KRT-046,pivo,0.0,0.0
KRT,2026-04-17,KRT-047,pivo,0.0,0.0
KRT,2026-04-17,KRT-048,pivo,0.0,0.0
KRT,2026-04-17,KRT-049,pivo,0.0,0.0
KRT,2026-04-17,KRT-050,pivo,0.0,0.0
KRT,2026-04-17,KRT-051,pivo,0.0,0.0
KRT,2026-04-17,KRT-052,pivo,0.0,0.0
KRT,2026-04-17,KRT-053,pivo,0.0,0.0
KRT,2026-04-17,KRT-054,pivo,0.0,0.0
KRT,2026-04-17,KRT-055,pivo,0.0,0.0
KRT,2026-04-17,KRT-056,pivo,0.0,0.0
KRT,2026-04-17,KRT-057,pivo,0.0,0.0
KRT,2026-04-17,KRT-058,pivo,0.0,0.0
KRT,2026-04-17,KRT-059,pivo,0.0,0.0
KRT,2026-04-17,KRT-060,pivo,0.0,0.0
KRT,2026-04-17,KRT-061,pivo,0.0,0.0
KRT,2026-04-17,KRT-062,pivo,0.0,0.0
KRT,2026-04-17,KRT-063,pivo,0.0,0.0
KRT,2026-04-17,KRT-064,pivo,0.0,0.0
KRT,2026-04-17,KRT-065,pivo,0.0,0.0
KRT,2026-04-17,KRT-066,pivo,0.0,0.0
KRT,2026-04-17,KRT-067,pivo,0.0,0.0
KRT,2026-04-17,KRT-068,pivo,0.0,0.0
KRT,2026-04-17,KRT-069,pivo,0.0,0.0
KRT,2026-04-17,KRT-070,pivo,0.0,0.0
KRT,2026-04-17,KRT-071,pivo,0.0,0.0
KRT,2026-04-17,KRT-072,pivo,0.0,0.0
KRT,2026-04-17,KRT-073,pivo,0.0,0.0
KRT,2026-04-17,KRT-074,pivo,0.0,0.0
KRT,2026-04-16,KRT-001,pivo,0.0,0.0
KRT,2026-04-16,KRT-001B,pivo_secundario,0.0,0.0
KRT,2026-04-16,KRT-002,pivo,0.0,0.0
KRT,2026-04-16,KRT-002B,pivo_secundario,0.0,0.0
KRT,2026-04-16,KRT-003,pivo,0.0,0.0
KRT,2026-04-16,KRT-004,pivo,0.0,0.0
KRT,2026-04-16,KRT-004B,pivo_secundario,0.0,0.0
KRT,2026-04-16,KRT-005,pivo,0.5,0.5
KRT,2026-04-16,KRT-006B,pivo_secundario,0.0,0.0
KRT,2026-04-16,KRT-006,pivo,0.0,0.0
KRT,2026-04-16,KRT-007B,pivo_secundario,0.0,0.0
KRT,2026-04-16,KRT-007,pivo,0.0,0.0
KRT,2026-04-16,KRT-008,pivo,0.0,0.0
KRT,2026-04-16,KRT-009,pivo,0.0,0.0
KRT,2026-04-16,KRT-010,pivo,0.0,0.0
KRT,2026-04-16,KRT-011,pivo,0.0,0.0
KRT,2026-04-16,KRT-012,pivo,0.0,0.0
KRT,2026-04-16,KRT-013,pivo,0.0,0.0
KRT,2026-04-16,KRT-014,pivo,0.0,0.0
KRT,2026-04-16,KRT-015,pivo,0.0,0.0
KRT,2026-04-16,KRT-016,pivo,0.0,0.0
KRT,2026-04-16,KRT-017,pivo,0.0,0.0
KRT,2026-04-16,KRT-018,pivo,0.0,0.0
KRT,2026-04-16,KRT-019,pivo,0.0,0.0
KRT,2026-04-16,KRT-020,pivo,0.0,0.0
KRT,2026-04-16,KRT-021,pivo,0.0,0.0
KRT,2026-04-16,KRT-022,pivo,0.0,0.0
KRT,2026-04-16,KRT-023,pivo,0.0,0.0
KRT,2026-04-16,KRT-024,pivo,0.0,0.0
KRT,2026-04-16,KRT-025,pivo,0.51,0.51
KRT,2026-04-16,KRT-026,pivo,0.0,0.0
KRT,2026-04-16,KRT-027,pivo,0.0,0.0
KRT,2026-04-16,KRT-028,pivo,0.0,0.0
KRT,2026-04-16,KRT-029,pivo,0.76,0.76
KRT,2026-04-16,KRT-030,pivo,0.0,0.0
KRT,2026-04-16,KRT-031,pivo,0.0,0.0
KRT,2026-04-16,KRT-032,pivo,0.0,0.0
KRT,2026-04-16,KRT-033,pivo,0.0,0.0
KRT,2026-04-16,KRT-034,pivo,0.0,0.0
KRT,2026-04-16,KRT-035,pivo,0.0,0.0
KRT,2026-04-16,KRT-036,pivo,0.0,0.0
KRT,2026-04-16,KRT-037,pivo,0.0,0.0
KRT,2026-04-16,KRT-038,pivo,0.76,0.76
KRT,2026-04-16,KRT-039,pivo,0.0,0.0
KRT,2026-04-16,KRT-040,pivo,0.0,0.0
KRT,2026-04-16,KRT-041,pivo,0.0,0.0
KRT,2026-04-16,KRT-042,pivo,0.0,0.0
KRT,2026-04-16,KRT-043,pivo,0.0,0.0
KRT,2026-04-16,KRT-044,pivo,0.51,0.51
KRT,2026-04-16,KRT-045,pivo,0.0,0.0
KRT,2026-04-16,KRT-046,pivo,0.0,0.0
KRT,2026-04-16,KRT-047,pivo,0.25,0.25
KRT,2026-04-16,KRT-048,pivo,0.0,0.0
KRT,2026-04-16,KRT-049,pivo,0.0,0.0
KRT,2026-04-16,KRT-050,pivo,0.0,0.0
KRT,2026-04-16,KRT-051,pivo,0.0,0.0
KRT,2026-04-16,KRT-052,pivo,0.0,0.0
KRT,2026-04-16,KRT-053,pivo,0.0,0.0
KRT,2026-04-16,KRT-054,pivo,0.0,0.0
KRT,2026-04-16,KRT-055,pivo,0.0,0.0
KRT,2026-04-16,KRT-056,pivo,0.25,0.25
KRT,2026-04-16,KRT-057,pivo,0.0,0.0
KRT,2026-04-16,KRT-058,pivo,0.0,0.0
KRT,2026-04-16,KRT-059,pivo,0.0,0.0
KRT,2026-04-16,KRT-060,pivo,0.0,0.0
KRT,2026-04-16,KRT-061,pivo,0.0,0.0
KRT,2026-04-16,KRT-062,pivo,0.0,0.0
KRT,2026-04-16,KRT-063,pivo,0.0,0.0
KRT,2026-04-16,KRT-064,pivo,0.0,0.0
KRT,2026-04-16,KRT-065,pivo,0.0,0.0
KRT,2026-04-16,KRT-066,pivo,0.0,0.0
KRT,2026-04-16,KRT-067,pivo,0.0,0.0
KRT,2026-04-16,KRT-068,pivo,0.0,0.0
KRT,2026-04-16,KRT-069,pivo,0.0,0.0
KRT,2026-04-16,KRT-070,pivo,0.0,0.0
KRT,2026-04-16,KRT-071,pivo,0.0,0.0
KRT,2026-04-16,KRT-072,pivo,0.0,0.0
KRT,2026-04-16,KRT-073,pivo,0.0,0.0
KRT,2026-04-16,KRT-074,pivo,0.0,0.0
KRT,2026-04-15,KRT-001,pivo,0.0,0.0
KRT,2026-04-15,KRT-001B,pivo_secundario,0.0,0.0
KRT,2026-04-15,KRT-002,pivo,0.0,0.0
KRT,2026-04-15,KRT-002B,pivo_secundario,0.0,0.0
KRT,2026-04-15,KRT-003,pivo,0.51,0.51
KRT,2026-04-15,KRT-004,pivo,0.0,0.0
KRT,2026-04-15,KRT-004B,pivo_secundario,0.0,0.0
KRT,2026-04-15,KRT-005,pivo,0.0,0.0
KRT,2026-04-15,KRT-006B,pivo_secundario,0.0,0.0
KRT,2026-04-15,KRT-006,pivo,0.0,0.0
KRT,2026-04-15,KRT-007B,pivo_secundario,0.0,0.0
KRT,2026-04-15,KRT-007,pivo,0.0,0.0
KRT,2026-04-15,KRT-008,pivo,0.0,0.0
KRT,2026-04-15,KRT-009,pivo,0.0,0.0
KRT,2026-04-15,KRT-010,pivo,0.0,0.0
KRT,2026-04-15,KRT-011,pivo,0.0,0.0
KRT,2026-04-15,KRT-012,pivo,0.0,0.0
KRT,2026-04-15,KRT-013,pivo,0.0,0.0
KRT,2026-04-15,KRT-014,pivo,0.0,0.0
KRT,2026-04-15,KRT-015,pivo,0.0,0.0
KRT,2026-04-15,KRT-016,pivo,0.0,0.0
KRT,2026-04-15,KRT-017,pivo,0.0,0.0
KRT,2026-04-15,KRT-018,pivo,0.0,0.0
KRT,2026-04-15,KRT-019,pivo,0.0,0.0
KRT,2026-04-15,KRT-020,pivo,0.0,0.0
KRT,2026-04-15,KRT-021,pivo,0.0,0.0
KRT,2026-04-15,KRT-022,pivo,0.0,0.0
KRT,2026-04-15,KRT-023,pivo,0.0,0.0
KRT,2026-04-15,KRT-024,pivo,0.0,0.0
KRT,2026-04-15,KRT-025,pivo,0.0,0.0
KRT,2026-04-15,KRT-026,pivo,0.0,0.0
KRT,2026-04-15,KRT-027,pivo,0.0,0.0
KRT,2026-04-15,KRT-028,pivo,0.0,0.0
KRT,2026-04-15,KRT-029,pivo,0.76,0.76
KRT,2026-04-15,KRT-030,pivo,0.0,0.0
KRT,2026-04-15,KRT-031,pivo,0.0,0.0
KRT,2026-04-15,KRT-032,pivo,0.0,0.0
KRT,2026-04-15,KRT-033,pivo,0.0,0.0
KRT,2026-04-15,KRT-034,pivo,0.0,0.0
KRT,2026-04-15,KRT-035,pivo,0.0,0.0
KRT,2026-04-15,KRT-036,pivo,0.0,0.0
KRT,2026-04-15,KRT-037,pivo,0.0,0.0
KRT,2026-04-15,KRT-038,pivo,0.0,0.0
KRT,2026-04-15,KRT-039,pivo,0.51,0.51
KRT,2026-04-15,KRT-040,pivo,0.0,0.0
KRT,2026-04-15,KRT-041,pivo,0.0,0.0
KRT,2026-04-15,KRT-042,pivo,0.0,0.0
KRT,2026-04-15,KRT-043,pivo,0.0,0.0
KRT,2026-04-15,KRT-044,pivo,0.0,0.0
KRT,2026-04-15,KRT-045,pivo,0.0,0.0
KRT,2026-04-15,KRT-046,pivo,0.0,0.0
KRT,2026-04-15,KRT-047,pivo,0.25,0.25
KRT,2026-04-15,KRT-048,pivo,0.0,0.0
KRT,2026-04-15,KRT-049,pivo,0.0,0.0
KRT,2026-04-15,KRT-050,pivo,0.0,0.0
KRT,2026-04-15,KRT-051,pivo,0.0,0.0
KRT,2026-04-15,KRT-052,pivo,0.0,0.0
KRT,2026-04-15,KRT-053,pivo,0.0,0.0
KRT,2026-04-15,KRT-054,pivo,0.0,0.0
KRT,2026-04-15,KRT-055,pivo,0.0,0.0
KRT,2026-04-15,KRT-056,pivo,0.0,0.0
KRT,2026-04-15,KRT-057,pivo,0.0,0.0
KRT,2026-04-15,KRT-058,pivo,0.0,0.0
KRT,2026-04-15,KRT-059,pivo,0.0,0.0
KRT,2026-04-15,KRT-060,pivo,0.0,0.0
KRT,2026-04-15,KRT-061,pivo,0.0,0.0
KRT,2026-04-15,KRT-062,pivo,0.0,0.0
KRT,2026-04-15,KRT-063,pivo,0.0,0.0
KRT,2026-04-15,KRT-064,pivo,0.0,0.0
KRT,2026-04-15,KRT-065,pivo,0.0,0.0
KRT,2026-04-15,KRT-066,pivo,0.0,0.0
KRT,2026-04-15,KRT-067,pivo,0.0,0.0
KRT,2026-04-15,KRT-068,pivo,0.0,0.0
KRT,2026-04-15,KRT-069,pivo,0.0,0.0
KRT,2026-04-15,KRT-070,pivo,0.0,0.0
KRT,2026-04-15,KRT-071,pivo,0.0,0.0
KRT,2026-04-15,KRT-072,pivo,0.0,0.0
KRT,2026-04-15,KRT-073,pivo,0.0,0.0
KRT,2026-04-15,KRT-074,pivo,0.0,0.0
KRT,2026-04-14,KRT-001,pivo,0.0,0.0
KRT,2026-04-14,KRT-001B,pivo_secundario,0.0,0.0
KRT,2026-04-14,KRT-002,pivo,0.0,0.0
KRT,2026-04-14,KRT-002B,pivo_secundario,0.0,0.0
KRT,2026-04-14,KRT-003,pivo,0.0,0.0
KRT,2026-04-14,KRT-004,pivo,0.0,0.0
KRT,2026-04-14,KRT-004B,pivo_secundario,0.0,0.0
KRT,2026-04-14,KRT-005,pivo,0.0,0.0
KRT,2026-04-14,KRT-006B,pivo_secundario,0.0,0.0
KRT,2026-04-14,KRT-006,pivo,0.0,0.0
KRT,2026-04-14,KRT-007B,pivo_secundario,0.0,0.0
KRT,2026-04-14,KRT-007,pivo,0.0,0.0
KRT,2026-04-14,KRT-008,pivo,0.0,0.0
KRT,2026-04-14,KRT-009,pivo,0.0,0.0
KRT,2026-04-14,KRT-010,pivo,0.0,0.0
KRT,2026-04-14,KRT-011,pivo,0.0,0.0
KRT,2026-04-14,KRT-012,pivo,0.0,0.0
KRT,2026-04-14,KRT-013,pivo,0.0,0.0
KRT,2026-04-14,KRT-014,pivo,0.0,0.0
KRT,2026-04-14,KRT-015,pivo,0.0,0.0
KRT,2026-04-14,KRT-016,pivo,0.0,0.0
KRT,2026-04-14,KRT-017,pivo,0.0,0.0
KRT,2026-04-14,KRT-018,pivo,0.0,0.0
KRT,2026-04-14,KRT-019,pivo,0.0,0.0
KRT,2026-04-14,KRT-020,pivo,0.0,0.0
KRT,2026-04-14,KRT-021,pivo,0.0,0.0
KRT,2026-04-14,KRT-022,pivo,0.0,0.0
KRT,2026-04-14,KRT-023,pivo,0.0,0.0
KRT,2026-04-14,KRT-024,pivo,0.0,0.0
KRT,2026-04-14,KRT-025,pivo,0.51,0.51
KRT,2026-04-14,KRT-026,pivo,0.0,0.0
KRT,2026-04-14,KRT-027,pivo,0.0,0.0
KRT,2026-04-14,KRT-028,pivo,0.0,0.0
KRT,2026-04-14,KRT-029,pivo,0.0,0.0
KRT,2026-04-14,KRT-030,pivo,0.0,0.0
KRT,2026-04-14,KRT-031,pivo,0.0,0.0
KRT,2026-04-14,KRT-032,pivo,0.0,0.0
KRT,2026-04-14,KRT-033,pivo,0.0,0.0
KRT,2026-04-14,KRT-034,pivo,0.0,0.0
KRT,2026-04-14,KRT-035,pivo,0.0,0.0
KRT,2026-04-14,KRT-036,pivo,0.0,0.0
KRT,2026-04-14,KRT-037,pivo,0.0,0.0
KRT,2026-04-14,KRT-038,pivo,0.0,0.0
KRT,2026-04-14,KRT-039,pivo,0.25,0.25
KRT,2026-04-14,KRT-040,pivo,0.0,0.0
KRT,2026-04-14,KRT-041,pivo,0.0,0.0
KRT,2026-04-14,KRT-042,pivo,0.0,0.0
KRT,2026-04-14,KRT-043,pivo,0.25,0.25
KRT,2026-04-14,KRT-044,pivo,0.0,0.0
KRT,2026-04-14,KRT-045,pivo,0.0,0.0
KRT,2026-04-14,KRT-046,pivo,0.0,0.0
KRT,2026-04-14,KRT-047,pivo,0.0,0.0
KRT,2026-04-14,KRT-048,pivo,0.0,0.0
KRT,2026-04-14,KRT-049,pivo,0.0,0.0
KRT,2026-04-14,KRT-050,pivo,0.0,0.0
KRT,2026-04-14,KRT-051,pivo,0.0,0.0
KRT,2026-04-14,KRT-052,pivo,0.0,0.0
KRT,2026-04-14,KRT-053,pivo,0.0,0.0
KRT,2026-04-14,KRT-054,pivo,0.0,0.0
KRT,2026-04-14,KRT-055,pivo,0.0,0.0
KRT,2026-04-14,KRT-056,pivo,0.0,0.0
KRT,2026-04-14,KRT-057,pivo,0.0,0.0
KRT,2026-04-14,KRT-058,pivo,0.0,0.0
KRT,2026-04-14,KRT-059,pivo,0.0,0.0
KRT,2026-04-14,KRT-060,pivo,0.6,0.6
KRT,2026-04-14,KRT-061,pivo,0.0,0.0
KRT,2026-04-14,KRT-062,pivo,0.0,0.0
KRT,2026-04-14,KRT-063,pivo,0.0,0.0
KRT,2026-04-14,KRT-064,pivo,0.0,0.0
KRT,2026-04-14,KRT-065,pivo,0.0,0.0
KRT,2026-04-14,KRT-066,pivo,0.0,0.0
KRT,2026-04-14,KRT-067,pivo,0.0,0.0
KRT,2026-04-14,KRT-068,pivo,0.0,0.0
KRT,2026-04-14,KRT-069,pivo,0.0,0.0
KRT,2026-04-14,KRT-070,pivo,0.0,0.0
KRT,2026-04-14,KRT-071,pivo,0.0,0.0
KRT,2026-04-14,KRT-072,pivo,0.0,0.0
KRT,2026-04-14,KRT-073,pivo,0.0,0.0
KRT,2026-04-14,KRT-074,pivo,0.0,0.0
KRT,2026-04-13,KRT-001,pivo,0.0,0.0
KRT,2026-04-13,KRT-001B,pivo_secundario,0.0,0.0
KRT,2026-04-13,KRT-002,pivo,0.0,0.0
KRT,2026-04-13,KRT-002B,pivo_secundario,0.0,0.0
KRT,2026-04-13,KRT-003,pivo,0.0,0.0
KRT,2026-04-13,KRT-004,pivo,0.0,0.0
KRT,2026-04-13,KRT-004B,pivo_secundario,0.0,0.0
KRT,2026-04-13,KRT-005,pivo,0.0,0.0
KRT,2026-04-13,KRT-006B,pivo_secundario,0.0,0.0
KRT,2026-04-13,KRT-006,pivo,0.0,0.0
KRT,2026-04-13,KRT-007B,pivo_secundario,0.0,0.0
KRT,2026-04-13,KRT-007,pivo,0.0,0.0
KRT,2026-04-13,KRT-008,pivo,0.0,0.0
KRT,2026-04-13,KRT-009,pivo,0.0,0.0
KRT,2026-04-13,KRT-010,pivo,0.0,0.0
KRT,2026-04-13,KRT-011,pivo,0.0,0.0
KRT,2026-04-13,KRT-012,pivo,0.0,0.0
KRT,2026-04-13,KRT-013,pivo,0.0,0.0
KRT,2026-04-13,KRT-014,pivo,0.0,0.0
KRT,2026-04-13,KRT-015,pivo,0.25,0.25
KRT,2026-04-13,KRT-016,pivo,0.0,0.0
KRT,2026-04-13,KRT-017,pivo,0.0,0.0
KRT,2026-04-13,KRT-018,pivo,0.0,0.0
KRT,2026-04-13,KRT-019,pivo,0.0,0.0
KRT,2026-04-13,KRT-020,pivo,0.0,0.0
KRT,2026-04-13,KRT-021,pivo,0.0,0.0
KRT,2026-04-13,KRT-022,pivo,0.0,0.0
KRT,2026-04-13,KRT-023,pivo,0.0,0.0
KRT,2026-04-13,KRT-024,pivo,0.0,0.0
KRT,2026-04-13,KRT-025,pivo,0.0,0.0
KRT,2026-04-13,KRT-026,pivo,0.0,0.0
KRT,2026-04-13,KRT-027,pivo,0.0,0.0
KRT,2026-04-13,KRT-028,pivo,0.0,0.0
KRT,2026-04-13,KRT-029,pivo,0.0,0.0
KRT,2026-04-13,KRT-030,pivo,0.0,0.0
KRT,2026-04-13,KRT-031,pivo,0.0,0.0
KRT,2026-04-13,KRT-032,pivo,0.0,0.0
KRT,2026-04-13,KRT-033,pivo,0.51,0.51
KRT,2026-04-13,KRT-034,pivo,0.0,0.0
KRT,2026-04-13,KRT-035,pivo,0.0,0.0
KRT,2026-04-13,KRT-036,pivo,0.0,0.0
KRT,2026-04-13,KRT-037,pivo,0.0,0.0
KRT,2026-04-13,KRT-038,pivo,0.0,0.0
KRT,2026-04-13,KRT-039,pivo,0.0,0.0
KRT,2026-04-13,KRT-040,pivo,0.0,0.0
KRT,2026-04-13,KRT-041,pivo,0.0,0.0
KRT,2026-04-13,KRT-042,pivo,0.0,0.0
KRT,2026-04-13,KRT-043,pivo,0.76,0.76
KRT,2026-04-13,KRT-044,pivo,0.0,0.0
KRT,2026-04-13,KRT-045,pivo,0.0,0.0
KRT,2026-04-13,KRT-046,pivo,0.0,0.0
KRT,2026-04-13,KRT-047,pivo,0.0,0.0
KRT,2026-04-13,KRT-048,pivo,0.0,0.0
KRT,2026-04-13,KRT-049,pivo,0.0,0.0
KRT,2026-04-13,KRT-050,pivo,0.0,0.0
KRT,2026-04-13,KRT-051,pivo,0.0,0.0
KRT,2026-04-13,KRT-052,pivo,0.0,0.0
KRT,2026-04-13,KRT-053,pivo,0.0,0.0
KRT,2026-04-13,KRT-054,pivo,0.0,0.0
KRT,2026-04-13,KRT-055,pivo,0.0,0.0
KRT,2026-04-13,KRT-056,pivo,0.0,0.0
KRT,2026-04-13,KRT-057,pivo,0.0,0.0
KRT,2026-04-13,KRT-058,pivo,0.0,0.0
KRT,2026-04-13,KRT-059,pivo,0.0,0.0
KRT,2026-04-13,KRT-060,pivo,0.0,0.0
KRT,2026-04-13,KRT-061,pivo,0.0,0.0
KRT,2026-04-13,KRT-062,pivo,0.0,0.0
KRT,2026-04-13,KRT-063,pivo,0.0,0.0
KRT,2026-04-13,KRT-064,pivo,0.0,0.0
KRT,2026-04-13,KRT-065,pivo,0.0,0.0
KRT,2026-04-13,KRT-066,pivo,0.0,0.0
KRT,2026-04-13,KRT-067,pivo,0.0,0.0
KRT,2026-04-13,KRT-068,pivo,0.0,0.0
KRT,2026-04-13,KRT-069,pivo,0.0,0.0
KRT,2026-04-13,KRT-070,pivo,0.0,0.0
KRT,2026-04-13,KRT-071,pivo,0.0,0.0
KRT,2026-04-13,KRT-072,pivo,0.0,0.0
KRT,2026-04-13,KRT-073,pivo,0.25,0.25
KRT,2026-04-13,KRT-074,pivo,0.0,0.0
KRT,2026-04-12,KRT-001,pivo,0.0,0.0
KRT,2026-04-12,KRT-001B,pivo_secundario,0.0,0.0
KRT,2026-04-12,KRT-002,pivo,0.0,0.0
KRT,2026-04-12,KRT-002B,pivo_secundario,0.0,0.0
KRT,2026-04-12,KRT-003,pivo,0.0,0.0
KRT,2026-04-12,KRT-004,pivo,0.0,0.0
KRT,2026-04-12,KRT-004B,pivo_secundario,0.0,0.0
KRT,2026-04-12,KRT-005,pivo,0.5,0.5
KRT,2026-04-12,KRT-006B,pivo_secundario,0.0,0.0
KRT,2026-04-12,KRT-006,pivo,0.0,0.0
KRT,2026-04-12,KRT-007B,pivo_secundario,0.0,0.0
KRT,2026-04-12,KRT-007,pivo,0.0,0.0
KRT,2026-04-12,KRT-008,pivo,0.0,0.0
KRT,2026-04-12,KRT-009,pivo,0.0,0.0
KRT,2026-04-12,KRT-010,pivo,0.0,0.0
KRT,2026-04-12,KRT-011,pivo,0.0,0.0
KRT,2026-04-12,KRT-012,pivo,0.0,0.0
KRT,2026-04-12,KRT-013,pivo,0.0,0.0
KRT,2026-04-12,KRT-014,pivo,0.0,0.0
KRT,2026-04-12,KRT-015,pivo,0.0,0.0
KRT,2026-04-12,KRT-016,pivo,0.0,0.0
KRT,2026-04-12,KRT-017,pivo,0.0,0.0
KRT,2026-04-12,KRT-018,pivo,0.0,0.0
KRT,2026-04-12,KRT-019,pivo,0.0,0.0
KRT,2026-04-12,KRT-020,pivo,0.0,0.0
KRT,2026-04-12,KRT-021,pivo,0.0,0.0
KRT,2026-04-12,KRT-022,pivo,0.0,0.0
KRT,2026-04-12,KRT-023,pivo,0.0,0.0
KRT,2026-04-12,KRT-024,pivo,0.0,0.0
KRT,2026-04-12,KRT-025,pivo,0.0,0.0
KRT,2026-04-12,KRT-026,pivo,0.0,0.0
KRT,2026-04-12,KRT-027,pivo,0.0,0.0
KRT,2026-04-12,KRT-028,pivo,0.0,0.0
KRT,2026-04-12,KRT-029,pivo,0.0,0.0
KRT,2026-04-12,KRT-030,pivo,0.0,0.0
KRT,2026-04-12,KRT-031,pivo,0.76,0.76
KRT,2026-04-12,KRT-032,pivo,0.0,0.0
KRT,2026-04-12,KRT-033,pivo,0.0,0.0
KRT,2026-04-12,KRT-034,pivo,0.0,0.0
KRT,2026-04-12,KRT-035,pivo,0.25,0.25
KRT,2026-04-12,KRT-036,pivo,0.0,0.0
KRT,2026-04-12,KRT-037,pivo,0.0,0.0
KRT,2026-04-12,KRT-038,pivo,0.0,0.0
KRT,2026-04-12,KRT-039,pivo,0.0,0.0
KRT,2026-04-12,KRT-040,pivo,0.0,0.0
KRT,2026-04-12,KRT-041,pivo,0.0,0.0
KRT,2026-04-12,KRT-042,pivo,0.0,0.0
KRT,2026-04-12,KRT-043,pivo,0.0,0.0
KRT,2026-04-12,KRT-044,pivo,0.0,0.0
KRT,2026-04-12,KRT-045,pivo,0.0,0.0
KRT,2026-04-12,KRT-046,pivo,0.0,0.0
KRT,2026-04-12,KRT-047,pivo,0.0,0.0
KRT,2026-04-12,KRT-048,pivo,0.0,0.0
KRT,2026-04-12,KRT-049,pivo,0.0,0.0
KRT,2026-04-12,KRT-050,pivo,0.0,0.0
KRT,2026-04-12,KRT-051,pivo,0.0,0.0
KRT,2026-04-12,KRT-052,pivo,0.0,0.0
KRT,2026-04-12,KRT-053,pivo,0.0,0.0
KRT,2026-04-12,KRT-054,pivo,0.0,0.0
KRT,2026-04-12,KRT-055,pivo,0.0,0.0
KRT,2026-04-12,KRT-056,pivo,0.0,0.0
KRT,2026-04-12,KRT-057,pivo,0.0,0.0
KRT,2026-04-12,KRT-058,pivo,0.0,0.0
KRT,2026-04-12,KRT-059,pivo,0.0,0.0
KRT,2026-04-12,KRT-060,pivo,0.0,0.0
KRT,2026-04-12,KRT-061,pivo,0.0,0.0
KRT,2026-04-12,KRT-062,pivo,0.0,0.0
KRT,2026-04-12,KRT-063,pivo,0.0,0.0
KRT,2026-04-12,KRT-064,pivo,0.0,0.0
KRT,2026-04-12,KRT-065,pivo,0.0,0.0
KRT,2026-04-12,KRT-066,pivo,0.0,0.0
KRT,2026-04-12,KRT-067,pivo,0.25,0.25
KRT,2026-04-12,KRT-068,pivo,0.0,0.0
KRT,2026-04-12,KRT-069,pivo,0.0,0.0
KRT,2026-04-12,KRT-070,pivo,0.0,0.0
KRT,2026-04-12,KRT-071,pivo,0.0,0.0
KRT,2026-04-12,KRT-072,pivo,0.0,0.0
KRT,2026-04-12,KRT-073,pivo,0.0,0.0
KRT,2026-04-12,KRT-074,pivo,0.0,0.0
KRT,2026-04-11,KRT-001,pivo,0.25,0.25
KRT,2026-04-11,KRT-001B,pivo_secundario,0.23,0.23
KRT,2026-04-11,KRT-002,pivo,0.0,0.0
KRT,2026-04-11,KRT-002B,pivo_secundario,0.0,0.0
KRT,2026-04-11,KRT-003,pivo,0.0,0.0
KRT,2026-04-11,KRT-004,pivo,0.25,0.25
KRT,2026-04-11,KRT-004B,pivo_secundario,0.0,0.0
KRT,2026-04-11,KRT-005,pivo,0.0,0.0
KRT,2026-04-11,KRT-006B,pivo_secundario,0.0,0.0
KRT,2026-04-11,KRT-006,pivo,0.0,0.0
KRT,2026-04-11,KRT-007B,pivo_secundario,0.0,0.0
KRT,2026-04-11,KRT-007,pivo,0.76,0.76
KRT,2026-04-11,KRT-008,pivo,0.25,0.25
KRT,2026-04-11,KRT-009,pivo,0.0,0.0
KRT,2026-04-11,KRT-010,pivo,0.0,0.0
KRT,2026-04-11,KRT-011,pivo,0.0,0.0
KRT,2026-04-11,KRT-012,pivo,0.0,0.0
KRT,2026-04-11,KRT-013,pivo,0.0,0.0
KRT,2026-04-11,KRT-014,pivo,0.0,0.0
KRT,2026-04-11,KRT-015,pivo,0.0,0.0
KRT,2026-04-11,KRT-016,pivo,0.0,0.0
KRT,2026-04-11,KRT-017,pivo,0.0,0.0
KRT,2026-04-11,KRT-018,pivo,0.0,0.0
KRT,2026-04-11,KRT-019,pivo,0.0,0.0
KRT,2026-04-11,KRT-020,pivo,0.0,0.0
KRT,2026-04-11,KRT-021,pivo,0.0,0.0
KRT,2026-04-11,KRT-022,pivo,0.0,0.0
KRT,2026-04-11,KRT-023,pivo,0.0,0.0
KRT,2026-04-11,KRT-024,pivo,0.0,0.0
KRT,2026-04-11,KRT-025,pivo,0.51,0.51
KRT,2026-04-11,KRT-026,pivo,0.0,0.0
KRT,2026-04-11,KRT-027,pivo,0.0,0.0
KRT,2026-04-11,KRT-028,pivo,0.0,0.0
KRT,2026-04-11,KRT-029,pivo,0.0,0.0
KRT,2026-04-11,KRT-030,pivo,0.0,0.0
KRT,2026-04-11,KRT-031,pivo,0.0,0.0
KRT,2026-04-11,KRT-032,pivo,0.25,0.25
KRT,2026-04-11,KRT-033,pivo,0.0,0.0
KRT,2026-04-11,KRT-034,pivo,0.0,0.0
KRT,2026-04-11,KRT-035,pivo,0.0,0.0
KRT,2026-04-11,KRT-036,pivo,0.0,0.0
KRT,2026-04-11,KRT-037,pivo,0.0,0.0
KRT,2026-04-11,KRT-038,pivo,0.0,0.0
KRT,2026-04-11,KRT-039,pivo,0.0,0.0
KRT,2026-04-11,KRT-040,pivo,0.0,0.0
KRT,2026-04-11,KRT-041,pivo,0.0,0.0
KRT,2026-04-11,KRT-042,pivo,0.0,0.0
KRT,2026-04-11,KRT-043,pivo,0.51,0.51
KRT,2026-04-11,KRT-044,pivo,0.51,0.51
KRT,2026-04-11,KRT-045,pivo,0.0,0.0
KRT,2026-04-11,KRT-046,pivo,0.0,0.0
KRT,2026-04-11,KRT-047,pivo,0.0,0.0
KRT,2026-04-11,KRT-048,pivo,0.0,0.0
KRT,2026-04-11,KRT-049,pivo,0.0,0.0
KRT,2026-04-11,KRT-050,pivo,0.0,0.0
KRT,2026-04-11,KRT-051,pivo,0.0,0.0
KRT,2026-04-11,KRT-052,pivo,0.0,0.0
KRT,2026-04-11,KRT-053,pivo,0.0,0.0
KRT,2026-04-11,KRT-054,pivo,0.0,0.0
KRT,2026-04-11,KRT-055,pivo,0.0,0.0
KRT,2026-04-11,KRT-056,pivo,0.0,0.0
KRT,2026-04-11,KRT-057,pivo,0.0,0.0
KRT,2026-04-11,KRT-058,pivo,0.0,0.0
KRT,2026-04-11,KRT-059,pivo,0.0,0.0
KRT,2026-04-11,KRT-060,pivo,0.0,0.0
KRT,2026-04-11,KRT-061,pivo,0.0,0.0
KRT,2026-04-11,KRT-062,pivo,0.22,0.22
KRT,2026-04-11,KRT-063,pivo,0.0,0.0
KRT,2026-04-11,KRT-064,pivo,0.0,0.0
KRT,2026-04-11,KRT-065,pivo,0.0,0.0
KRT,2026-04-11,KRT-066,pivo,0.76,0.76
KRT,2026-04-11,KRT-067,pivo,0.76,0.76
KRT,2026-04-11,KRT-068,pivo,0.0,0.0
KRT,2026-04-11,KRT-069,pivo,0.0,0.0
KRT,2026-04-11,KRT-070,pivo,0.0,0.0
KRT,2026-04-11,KRT-071,pivo,0.0,0.0
KRT,2026-04-11,KRT-072,pivo,0.0,0.0
KRT,2026-04-11,KRT-073,pivo,0.0,0.0
KRT,2026-04-11,KRT-074,pivo,0.51,0.51
KRT,2026-04-10,KRT-001,pivo,12.45,12.45
KRT,2026-04-10,KRT-001B,pivo_secundario,1.15,1.15
KRT,2026-04-10,KRT-002,pivo,11.25,11.25
KRT,2026-04-10,KRT-002B,pivo_secundario,0.23,0.23
KRT,2026-04-10,KRT-003,pivo,26.67,26.67
KRT,2026-04-10,KRT-004,pivo,19.3,19.3
KRT,2026-04-10,KRT-004B,pivo_secundario,0.0,0.0
KRT,2026-04-10,KRT-005,pivo,18.25,18.25
KRT,2026-04-10,KRT-006B,pivo_secundario,0.97,0.97
KRT,2026-04-10,KRT-006,pivo,21.48,21.48
KRT,2026-04-10,KRT-007B,pivo_secundario,5.22,5.22
KRT,2026-04-10,KRT-007,pivo,27.37,27.37
KRT,2026-04-10,KRT-008,pivo,27.69,27.69
KRT,2026-04-10,KRT-009,pivo,12.7,12.7
KRT,2026-04-10,KRT-010,pivo,8.89,8.89
KRT,2026-04-10,KRT-011,pivo,5.33,5.33
KRT,2026-04-10,KRT-012,pivo,6.25,6.25
KRT,2026-04-10,KRT-013,pivo,6.6,6.6
KRT,2026-04-10,KRT-014,pivo,2.79,2.79
KRT,2026-04-10,KRT-015,pivo,6.35,6.35
KRT,2026-04-10,KRT-016,pivo,7.48,7.48
KRT,2026-04-10,KRT-017,pivo,20.57,20.57
KRT,2026-04-10,KRT-018,pivo,8.66,8.66
KRT,2026-04-10,KRT-019,pivo,24.64,24.64
KRT,2026-04-10,KRT-020,pivo,8.38,8.38
KRT,2026-04-10,KRT-021,pivo,5.59,5.59
KRT,2026-04-10,KRT-022,pivo,0.0,0.0
KRT,2026-04-10,KRT-023,pivo,3.56,3.56
KRT,2026-04-10,KRT-024,pivo,1.52,1.52
KRT,2026-04-10,KRT-025,pivo,1.52,1.52
KRT,2026-04-10,KRT-026,pivo,4.17,4.17
KRT,2026-04-10,KRT-027,pivo,5.33,5.33
KRT,2026-04-10,KRT-028,pivo,0.25,0.25
KRT,2026-04-10,KRT-029,pivo,0.76,0.76
KRT,2026-04-10,KRT-030,pivo,0.51,0.51
KRT,2026-04-10,KRT-031,pivo,0.0,0.0
KRT,2026-04-10,KRT-032,pivo,0.0,0.0
KRT,2026-04-10,KRT-033,pivo,0.0,0.0
KRT,2026-04-10,KRT-034,pivo,0.0,0.0
KRT,2026-04-10,KRT-035,pivo,2.54,2.54
KRT,2026-04-10,KRT-036,pivo,1.52,1.52
KRT,2026-04-10,KRT-037,pivo,5.59,5.59
KRT,2026-04-10,KRT-038,pivo,0.51,0.51
KRT,2026-04-10,KRT-039,pivo,0.51,0.51
KRT,2026-04-10,KRT-040,pivo,0.0,0.0
KRT,2026-04-10,KRT-041,pivo,0.0,0.0
KRT,2026-04-10,KRT-042,pivo,0.51,0.51
KRT,2026-04-10,KRT-043,pivo,3.3,3.3
KRT,2026-04-10,KRT-044,pivo,1.52,1.52
KRT,2026-04-10,KRT-045,pivo,0.0,0.0
KRT,2026-04-10,KRT-046,pivo,2.79,2.79
KRT,2026-04-10,KRT-047,pivo,0.76,0.76
KRT,2026-04-10,KRT-048,pivo,3.05,3.05
KRT,2026-04-10,KRT-049,pivo,0.76,0.76
KRT,2026-04-10,KRT-050,pivo,7.87,7.87
KRT,2026-04-10,KRT-051,pivo,13.41,13.41
KRT,2026-04-10,KRT-052,pivo,5.08,5.08
KRT,2026-04-10,KRT-053,pivo,0.0,0.0
KRT,2026-04-10,KRT-054,pivo,0.0,0.0
KRT,2026-04-10,KRT-055,pivo,14.99,14.99
KRT,2026-04-10,KRT-056,pivo,24.89,24.89
KRT,2026-04-10,KRT-057,pivo,15.37,15.37
KRT,2026-04-10,KRT-058,pivo,15.25,15.25
KRT,2026-04-10,KRT-059,pivo,23.37,23.37
KRT,2026-04-10,KRT-060,pivo,30.9,30.9
KRT,2026-04-10,KRT-061,pivo,35.7,35.7
KRT,2026-04-10,KRT-062,pivo,32.41,32.41
KRT,2026-04-10,KRT-063,pivo,15.3,15.3
KRT,2026-04-10,KRT-064,pivo,15.3,15.3
KRT,2026-04-10,KRT-065,pivo,21.9,21.9
KRT,2026-04-10,KRT-066,pivo,18.29,18.29
KRT,2026-04-10,KRT-067,pivo,22.61,22.61
KRT,2026-04-10,KRT-068,pivo,18.36,18.36
KRT,2026-04-10,KRT-069,pivo,24.89,24.89
KRT,2026-04-10,KRT-070,pivo,23.44,23.44
KRT,2026-04-10,KRT-071,pivo,17.02,17.02
KRT,2026-04-10,KRT-072,pivo,20.58,20.58
KRT,2026-04-10,KRT-073,pivo,9.91,9.91
KRT,2026-04-10,KRT-074,pivo,4.32,4.32
KRT,2026-04-09,KRT-001,pivo,0.0,0.0
KRT,2026-04-09,KRT-001B,pivo_secundario,0.0,0.0
KRT,2026-04-09,KRT-002,pivo,0.0,0.0
KRT,2026-04-09,KRT-002B,pivo_secundario,0.68,0.68
KRT,2026-04-09,KRT-003,pivo,0.76,0.76
KRT,2026-04-09,KRT-004,pivo,0.0,0.0
KRT,2026-04-09,KRT-004B,pivo_secundario,0.0,0.0
KRT,2026-04-09,KRT-005,pivo,0.0,0.0
KRT,2026-04-09,KRT-006B,pivo_secundario,0.0,0.0
KRT,2026-04-09,KRT-006,pivo,0.0,0.0
KRT,2026-04-09,KRT-007B,pivo_secundario,0.0,0.0
KRT,2026-04-09,KRT-007,pivo,0.0,0.0
KRT,2026-04-09,KRT-008,pivo,0.0,0.0
KRT,2026-04-09,KRT-009,pivo,0.0,0.0
KRT,2026-04-09,KRT-010,pivo,0.0,0.0
KRT,2026-04-09,KRT-011,pivo,0.0,0.0
KRT,2026-04-09,KRT-012,pivo,0.0,0.0
KRT,2026-04-09,KRT-013,pivo,0.0,0.0
KRT,2026-04-09,KRT-014,pivo,0.0,0.0
KRT,2026-04-09,KRT-015,pivo,0.0,0.0
KRT,2026-04-09,KRT-016,pivo,0.0,0.0
KRT,2026-04-09,KRT-017,pivo,0.0,0.0
KRT,2026-04-09,KRT-018,pivo,0.0,0.0
KRT,2026-04-09,KRT-019,pivo,0.0,0.0
KRT,2026-04-09,KRT-020,pivo,0.0,0.0
KRT,2026-04-09,KRT-021,pivo,0.0,0.0
KRT,2026-04-09,KRT-022,pivo,0.0,0.0
KRT,2026-04-09,KRT-023,pivo,0.0,0.0
KRT,2026-04-09,KRT-024,pivo,0.0,0.0
KRT,2026-04-09,KRT-025,pivo,0.0,0.0
KRT,2026-04-09,KRT-026,pivo,0.0,0.0
KRT,2026-04-09,KRT-027,pivo,0.0,0.0
KRT,2026-04-09,KRT-028,pivo,0.0,0.0
KRT,2026-04-09,KRT-029,pivo,0.51,0.51
KRT,2026-04-09,KRT-030,pivo,0.0,0.0
KRT,2026-04-09,KRT-031,pivo,0.0,0.0
KRT,2026-04-09,KRT-032,pivo,0.0,0.0
KRT,2026-04-09,KRT-033,pivo,0.0,0.0
KRT,2026-04-09,KRT-034,pivo,0.0,0.0
KRT,2026-04-09,KRT-035,pivo,0.0,0.0
KRT,2026-04-09,KRT-036,pivo,0.0,0.0
KRT,2026-04-09,KRT-037,pivo,0.0,0.0
KRT,2026-04-09,KRT-038,pivo,0.0,0.0
KRT,2026-04-09,KRT-039,pivo,0.0,0.0
KRT,2026-04-09,KRT-040,pivo,0.0,0.0
KRT,2026-04-09,KRT-041,pivo,0.0,0.0
KRT,2026-04-09,KRT-042,pivo,0.0,0.0
KRT,2026-04-09,KRT-043,pivo,0.51,0.51
KRT,2026-04-09,KRT-044,pivo,0.0,0.0
KRT,2026-04-09,KRT-045,pivo,0.0,0.0
KRT,2026-04-09,KRT-046,pivo,0.0,0.0
KRT,2026-04-09,KRT-047,pivo,0.0,0.0
KRT,2026-04-09,KRT-048,pivo,0.25,0.25
KRT,2026-04-09,KRT-049,pivo,0.0,0.0
KRT,2026-04-09,KRT-050,pivo,0.0,0.0
KRT,2026-04-09,KRT-051,pivo,0.0,0.0
KRT,2026-04-09,KRT-052,pivo,0.0,0.0
KRT,2026-04-09,KRT-053,pivo,0.0,0.0
KRT,2026-04-09,KRT-054,pivo,0.25,0.25
KRT,2026-04-09,KRT-055,pivo,0.0,0.0
KRT,2026-04-09,KRT-056,pivo,0.0,0.0
KRT,2026-04-09,KRT-057,pivo,0.0,0.0
KRT,2026-04-09,KRT-058,pivo,0.0,0.0
KRT,2026-04-09,KRT-059,pivo,0.0,0.0
KRT,2026-04-09,KRT-060,pivo,0.0,0.0
KRT,2026-04-09,KRT-061,pivo,0.0,0.0
KRT,2026-04-09,KRT-062,pivo,0.0,0.0
KRT,2026-04-09,KRT-063,pivo,0.0,0.0
KRT,2026-04-09,KRT-064,pivo,0.0,0.0
KRT,2026-04-09,KRT-065,pivo,0.0,0.0
KRT,2026-04-09,KRT-066,pivo,0.0,0.0
KRT,2026-04-09,KRT-067,pivo,0.0,0.0
KRT,2026-04-09,KRT-068,pivo,0.0,0.0
KRT,2026-04-09,KRT-069,pivo,0.0,0.0
KRT,2026-04-09,KRT-070,pivo,0.0,0.0
KRT,2026-04-09,KRT-071,pivo,0.0,0.0
KRT,2026-04-09,KRT-072,pivo,0.0,0.0
KRT,2026-04-09,KRT-073,pivo,0.0,0.0
KRT,2026-04-09,KRT-074,pivo,0.0,0.0
KRT,2026-04-08,KRT-001,pivo,0.0,0.0
KRT,2026-04-08,KRT-001B,pivo_secundario,0.0,0.0
KRT,2026-04-08,KRT-002,pivo,0.0,0.0
KRT,2026-04-08,KRT-002B,pivo_secundario,0.0,0.0
KRT,2026-04-08,KRT-003,pivo,0.25,0.25
KRT,2026-04-08,KRT-004,pivo,0.0,0.0
KRT,2026-04-08,KRT-004B,pivo_secundario,0.0,0.0
KRT,2026-04-08,KRT-005,pivo,0.0,0.0
KRT,2026-04-08,KRT-006B,pivo_secundario,0.0,0.0
KRT,2026-04-08,KRT-006,pivo,0.0,0.0
KRT,2026-04-08,KRT-007B,pivo_secundario,0.0,0.0
KRT,2026-04-08,KRT-007,pivo,0.0,0.0
KRT,2026-04-08,KRT-008,pivo,0.0,0.0
KRT,2026-04-08,KRT-009,pivo,0.0,0.0
KRT,2026-04-08,KRT-010,pivo,0.0,0.0
KRT,2026-04-08,KRT-011,pivo,0.0,0.0
KRT,2026-04-08,KRT-012,pivo,0.0,0.0
KRT,2026-04-08,KRT-013,pivo,0.0,0.0
KRT,2026-04-08,KRT-014,pivo,0.0,0.0
KRT,2026-04-08,KRT-015,pivo,0.0,0.0
KRT,2026-04-08,KRT-016,pivo,0.0,0.0
KRT,2026-04-08,KRT-017,pivo,0.0,0.0
KRT,2026-04-08,KRT-018,pivo,0.0,0.0
KRT,2026-04-08,KRT-019,pivo,0.0,0.0
KRT,2026-04-08,KRT-020,pivo,0.0,0.0
KRT,2026-04-08,KRT-021,pivo,0.0,0.0
KRT,2026-04-08,KRT-022,pivo,0.0,0.0
KRT,2026-04-08,KRT-023,pivo,0.0,0.0
KRT,2026-04-08,KRT-024,pivo,0.0,0.0
KRT,2026-04-08,KRT-025,pivo,0.0,0.0
KRT,2026-04-08,KRT-026,pivo,0.0,0.0
KRT,2026-04-08,KRT-027,pivo,0.0,0.0
KRT,2026-04-08,KRT-028,pivo,0.0,0.0
KRT,2026-04-08,KRT-029,pivo,0.0,0.0
KRT,2026-04-08,KRT-030,pivo,0.0,0.0
KRT,2026-04-08,KRT-031,pivo,0.0,0.0
KRT,2026-04-08,KRT-032,pivo,0.0,0.0
KRT,2026-04-08,KRT-033,pivo,0.0,0.0
KRT,2026-04-08,KRT-034,pivo,0.0,0.0
KRT,2026-04-08,KRT-035,pivo,0.0,0.0
KRT,2026-04-08,KRT-036,pivo,0.0,0.0
KRT,2026-04-08,KRT-037,pivo,0.76,0.76
KRT,2026-04-08,KRT-038,pivo,0.0,0.0
KRT,2026-04-08,KRT-039,pivo,0.0,0.0
KRT,2026-04-08,KRT-040,pivo,0.0,0.0
KRT,2026-04-08,KRT-041,pivo,0.0,0.0
KRT,2026-04-08,KRT-042,pivo,0.0,0.0
KRT,2026-04-08,KRT-043,pivo,0.0,0.0
KRT,2026-04-08,KRT-044,pivo,0.0,0.0
KRT,2026-04-08,KRT-045,pivo,0.0,0.0
KRT,2026-04-08,KRT-046,pivo,0.0,0.0
KRT,2026-04-08,KRT-047,pivo,0.0,0.0
KRT,2026-04-08,KRT-048,pivo,0.0,0.0
KRT,2026-04-08,KRT-049,pivo,0.0,0.0
KRT,2026-04-08,KRT-050,pivo,0.0,0.0
KRT,2026-04-08,KRT-051,pivo,0.0,0.0
KRT,2026-04-08,KRT-052,pivo,0.0,0.0
KRT,2026-04-08,KRT-053,pivo,0.0,0.0
KRT,2026-04-08,KRT-054,pivo,0.0,0.0
KRT,2026-04-08,KRT-055,pivo,0.0,0.0
KRT,2026-04-08,KRT-056,pivo,0.0,0.0
KRT,2026-04-08,KRT-057,pivo,0.0,0.0
KRT,2026-04-08,KRT-058,pivo,0.0,0.0
KRT,2026-04-08,KRT-059,pivo,0.0,0.0
KRT,2026-04-08,KRT-060,pivo,0.0,0.0
KRT,2026-04-08,KRT-061,pivo,0.0,0.0
KRT,2026-04-08,KRT-062,pivo,0.0,0.0
KRT,2026-04-08,KRT-063,pivo,0.0,0.0
KRT,2026-04-08,KRT-064,pivo,0.0,0.0
KRT,2026-04-08,KRT-065,pivo,0.0,0.0
KRT,2026-04-08,KRT-066,pivo,0.0,0.0
KRT,2026-04-08,KRT-067,pivo,0.0,0.0
KRT,2026-04-08,KRT-068,pivo,0.0,0.0
KRT,2026-04-08,KRT-069,pivo,0.0,0.0
KRT,2026-04-08,KRT-070,pivo,0.0,0.0
KRT,2026-04-08,KRT-071,pivo,0.0,0.0
KRT,2026-04-08,KRT-072,pivo,0.0,0.0
KRT,2026-04-08,KRT-073,pivo,0.0,0.0
KRT,2026-04-08,KRT-074,pivo,0.25,0.25
KRT,2026-04-07,KRT-001,pivo,0.0,0.0
KRT,2026-04-07,KRT-001B,pivo_secundario,0.0,0.0
KRT,2026-04-07,KRT-002,pivo,0.0,0.0
KRT,2026-04-07,KRT-002B,pivo_secundario,0.0,0.0
KRT,2026-04-07,KRT-003,pivo,0.0,0.0
KRT,2026-04-07,KRT-004,pivo,0.0,0.0
KRT,2026-04-07,KRT-004B,pivo_secundario,0.0,0.0
KRT,2026-04-07,KRT-005,pivo,0.0,0.0
KRT,2026-04-07,KRT-006B,pivo_secundario,0.0,0.0
KRT,2026-04-07,KRT-006,pivo,0.0,0.0
KRT,2026-04-07,KRT-007B,pivo_secundario,0.0,0.0
KRT,2026-04-07,KRT-007,pivo,0.0,0.0
KRT,2026-04-07,KRT-008,pivo,0.0,0.0
KRT,2026-04-07,KRT-009,pivo,0.0,0.0
KRT,2026-04-07,KRT-010,pivo,0.0,0.0
KRT,2026-04-07,KRT-011,pivo,0.0,0.0
KRT,2026-04-07,KRT-012,pivo,0.0,0.0
KRT,2026-04-07,KRT-013,pivo,0.0,0.0
KRT,2026-04-07,KRT-014,pivo,0.0,0.0
KRT,2026-04-07,KRT-015,pivo,0.25,0.25
KRT,2026-04-07,KRT-016,pivo,0.0,0.0
KRT,2026-04-07,KRT-017,pivo,0.0,0.0
KRT,2026-04-07,KRT-018,pivo,0.0,0.0
KRT,2026-04-07,KRT-019,pivo,0.0,0.0
KRT,2026-04-07,KRT-020,pivo,0.0,0.0
KRT,2026-04-07,KRT-021,pivo,0.0,0.0
KRT,2026-04-07,KRT-022,pivo,0.0,0.0
KRT,2026-04-07,KRT-023,pivo,0.0,0.0
KRT,2026-04-07,KRT-024,pivo,0.0,0.0
KRT,2026-04-07,KRT-025,pivo,0.0,0.0
KRT,2026-04-07,KRT-026,pivo,0.0,0.0
KRT,2026-04-07,KRT-027,pivo,0.25,0.25
KRT,2026-04-07,KRT-028,pivo,0.25,0.25
KRT,2026-04-07,KRT-029,pivo,0.0,0.0
KRT,2026-04-07,KRT-030,pivo,0.0,0.0
KRT,2026-04-07,KRT-031,pivo,0.0,0.0
KRT,2026-04-07,KRT-032,pivo,0.25,0.25
KRT,2026-04-07,KRT-033,pivo,0.0,0.0
KRT,2026-04-07,KRT-034,pivo,0.0,0.0
KRT,2026-04-07,KRT-035,pivo,0.0,0.0
KRT,2026-04-07,KRT-036,pivo,0.0,0.0
KRT,2026-04-07,KRT-037,pivo,0.0,0.0
KRT,2026-04-07,KRT-038,pivo,0.0,0.0
KRT,2026-04-07,KRT-039,pivo,0.0,0.0
KRT,2026-04-07,KRT-040,pivo,0.0,0.0
KRT,2026-04-07,KRT-041,pivo,0.0,0.0
KRT,2026-04-07,KRT-042,pivo,0.0,0.0
KRT,2026-04-07,KRT-043,pivo,0.0,0.0
KRT,2026-04-07,KRT-044,pivo,0.0,0.0
KRT,2026-04-07,KRT-045,pivo,0.0,0.0
KRT,2026-04-07,KRT-046,pivo,0.0,0.0
KRT,2026-04-07,KRT-047,pivo,0.0,0.0
KRT,2026-04-07,KRT-048,pivo,0.0,0.0
KRT,2026-04-07,KRT-049,pivo,0.0,0.0
KRT,2026-04-07,KRT-050,pivo,0.0,0.0
KRT,2026-04-07,KRT-051,pivo,0.0,0.0
KRT,2026-04-07,KRT-052,pivo,0.0,0.0
KRT,2026-04-07,KRT-053,pivo,0.0,0.0
KRT,2026-04-07,KRT-054,pivo,0.0,0.0
KRT,2026-04-07,KRT-055,pivo,0.0,0.0
KRT,2026-04-07,KRT-056,pivo,0.0,0.0
KRT,2026-04-07,KRT-057,pivo,0.0,0.0
KRT,2026-04-07,KRT-058,pivo,0.0,0.0
KRT,2026-04-07,KRT-059,pivo,0.0,0.0
KRT,2026-04-07,KRT-060,pivo,0.0,0.0
KRT,2026-04-07,KRT-061,pivo,0.0,0.0
KRT,2026-04-07,KRT-062,pivo,0.22,0.22
KRT,2026-04-07,KRT-063,pivo,0.0,0.0
KRT,2026-04-07,KRT-064,pivo,0.0,0.0
KRT,2026-04-07,KRT-065,pivo,0.0,0.0
KRT,2026-04-07,KRT-066,pivo,0.0,0.0
KRT,2026-04-07,KRT-067,pivo,0.0,0.0
KRT,2026-04-07,KRT-068,pivo,0.0,0.0
KRT,2026-04-07,KRT-069,pivo,0.0,0.0
KRT,2026-04-07,KRT-070,pivo,0.0,0.0
KRT,2026-04-07,KRT-071,pivo,0.0,0.0
KRT,2026-04-07,KRT-072,pivo,0.0,0.0
KRT,2026-04-07,KRT-073,pivo,0.0,0.0
KRT,2026-04-07,KRT-074,pivo,0.0,0.0
KRT,2026-04-06,KRT-001,pivo,0.0,0.0
KRT,2026-04-06,KRT-001B,pivo_secundario,0.0,0.0
KRT,2026-04-06,KRT-002,pivo,0.0,0.0
KRT,2026-04-06,KRT-002B,pivo_secundario,0.0,0.0
KRT,2026-04-06,KRT-003,pivo,0.0,0.0
KRT,2026-04-06,KRT-004,pivo,0.0,0.0
KRT,2026-04-06,KRT-004B,pivo_secundario,0.0,0.0
KRT,2026-04-06,KRT-005,pivo,0.0,0.0
KRT,2026-04-06,KRT-006B,pivo_secundario,0.0,0.0
KRT,2026-04-06,KRT-006,pivo,0.0,0.0
KRT,2026-04-06,KRT-007B,pivo_secundario,0.0,0.0
KRT,2026-04-06,KRT-007,pivo,0.0,0.0
KRT,2026-04-06,KRT-008,pivo,0.0,0.0
KRT,2026-04-06,KRT-009,pivo,0.0,0.0
KRT,2026-04-06,KRT-010,pivo,0.0,0.0
KRT,2026-04-06,KRT-011,pivo,0.0,0.0
KRT,2026-04-06,KRT-012,pivo,0.0,0.0
KRT,2026-04-06,KRT-013,pivo,0.0,0.0
KRT,2026-04-06,KRT-014,pivo,0.0,0.0
KRT,2026-04-06,KRT-015,pivo,0.0,0.0
KRT,2026-04-06,KRT-016,pivo,0.0,0.0
KRT,2026-04-06,KRT-017,pivo,0.0,0.0
KRT,2026-04-06,KRT-018,pivo,0.0,0.0
KRT,2026-04-06,KRT-019,pivo,0.25,0.25
KRT,2026-04-06,KRT-020,pivo,0.0,0.0
KRT,2026-04-06,KRT-021,pivo,0.0,0.0
KRT,2026-04-06,KRT-022,pivo,0.0,0.0
KRT,2026-04-06,KRT-023,pivo,0.0,0.0
KRT,2026-04-06,KRT-024,pivo,0.0,0.0
KRT,2026-04-06,KRT-025,pivo,0.0,0.0
KRT,2026-04-06,KRT-026,pivo,0.0,0.0
KRT,2026-04-06,KRT-027,pivo,0.0,0.0
KRT,2026-04-06,KRT-028,pivo,0.0,0.0
KRT,2026-04-06,KRT-029,pivo,0.25,0.25
KRT,2026-04-06,KRT-030,pivo,0.0,0.0
KRT,2026-04-06,KRT-031,pivo,0.0,0.0
KRT,2026-04-06,KRT-032,pivo,0.0,0.0
KRT,2026-04-06,KRT-033,pivo,0.0,0.0
KRT,2026-04-06,KRT-034,pivo,0.0,0.0
KRT,2026-04-06,KRT-035,pivo,0.0,0.0
KRT,2026-04-06,KRT-036,pivo,0.0,0.0
KRT,2026-04-06,KRT-037,pivo,0.0,0.0
KRT,2026-04-06,KRT-038,pivo,0.0,0.0
KRT,2026-04-06,KRT-039,pivo,0.0,0.0
KRT,2026-04-06,KRT-040,pivo,0.0,0.0
KRT,2026-04-06,KRT-041,pivo,0.0,0.0
KRT,2026-04-06,KRT-042,pivo,0.0,0.0
KRT,2026-04-06,KRT-043,pivo,0.0,0.0
KRT,2026-04-06,KRT-044,pivo,0.0,0.0
KRT,2026-04-06,KRT-045,pivo,0.0,0.0
KRT,2026-04-06,KRT-046,pivo,0.0,0.0
KRT,2026-04-06,KRT-047,pivo,0.0,0.0
KRT,2026-04-06,KRT-048,pivo,0.0,0.0
KRT,2026-04-06,KRT-049,pivo,0.0,0.0
KRT,2026-04-06,KRT-050,pivo,0.0,0.0
KRT,2026-04-06,KRT-051,pivo,0.76,0.76
KRT,2026-04-06,KRT-052,pivo,0.0,0.0
KRT,2026-04-06,KRT-053,pivo,0.0,0.0
KRT,2026-04-06,KRT-054,pivo,0.51,0.51
KRT,2026-04-06,KRT-055,pivo,0.0,0.0
KRT,2026-04-06,KRT-056,pivo,0.0,0.0
KRT,2026-04-06,KRT-057,pivo,0.0,0.0
KRT,2026-04-06,KRT-058,pivo,0.5,0.5
KRT,2026-04-06,KRT-059,pivo,0.0,0.0
KRT,2026-04-06,KRT-060,pivo,0.3,0.3
KRT,2026-04-06,KRT-061,pivo,0.0,0.0
KRT,2026-04-06,KRT-062,pivo,0.0,0.0
KRT,2026-04-06,KRT-063,pivo,0.9,0.9
KRT,2026-04-06,KRT-064,pivo,0.0,0.0
KRT,2026-04-06,KRT-065,pivo,0.0,0.0
KRT,2026-04-06,KRT-066,pivo,0.0,0.0
KRT,2026-04-06,KRT-067,pivo,0.51,0.51
KRT,2026-04-06,KRT-068,pivo,0.0,0.0
KRT,2026-04-06,KRT-069,pivo,0.0,0.0
KRT,2026-04-06,KRT-070,pivo,0.0,0.0
KRT,2026-04-06,KRT-071,pivo,0.0,0.0
KRT,2026-04-06,KRT-072,pivo,0.0,0.0
KRT,2026-04-06,KRT-073,pivo,0.0,0.0
KRT,2026-04-06,KRT-074,pivo,0.0,0.0
KRT,2026-04-05,KRT-001,pivo,0.0,0.0
KRT,2026-04-05,KRT-001B,pivo_secundario,0.0,0.0
KRT,2026-04-05,KRT-002,pivo,0.0,0.0
KRT,2026-04-05,KRT-002B,pivo_secundario,0.0,0.0
KRT,2026-04-05,KRT-003,pivo,0.0,0.0
KRT,2026-04-05,KRT-004,pivo,0.0,0.0
KRT,2026-04-05,KRT-004B,pivo_secundario,0.0,0.0
KRT,2026-04-05,KRT-005,pivo,0.0,0.0
KRT,2026-04-05,KRT-006B,pivo_secundario,0.0,0.0
KRT,2026-04-05,KRT-006,pivo,0.0,0.0
KRT,2026-04-05,KRT-007B,pivo_secundario,0.0,0.0
KRT,2026-04-05,KRT-007,pivo,0.0,0.0
KRT,2026-04-05,KRT-008,pivo,0.0,0.0
KRT,2026-04-05,KRT-009,pivo,0.0,0.0
KRT,2026-04-05,KRT-010,pivo,0.0,0.0
KRT,2026-04-05,KRT-011,pivo,0.0,0.0
KRT,2026-04-05,KRT-012,pivo,0.0,0.0
KRT,2026-04-05,KRT-013,pivo,0.0,0.0
KRT,2026-04-05,KRT-014,pivo,0.0,0.0
KRT,2026-04-05,KRT-015,pivo,0.0,0.0
KRT,2026-04-05,KRT-016,pivo,0.0,0.0
KRT,2026-04-05,KRT-017,pivo,0.0,0.0
KRT,2026-04-05,KRT-018,pivo,0.0,0.0
KRT,2026-04-05,KRT-019,pivo,0.0,0.0
KRT,2026-04-05,KRT-020,pivo,0.0,0.0
KRT,2026-04-05,KRT-021,pivo,0.0,0.0
KRT,2026-04-05,KRT-022,pivo,0.0,0.0
KRT,2026-04-05,KRT-023,pivo,0.0,0.0
KRT,2026-04-05,KRT-024,pivo,0.0,0.0
KRT,2026-04-05,KRT-025,pivo,0.25,0.25
KRT,2026-04-05,KRT-026,pivo,0.0,0.0
KRT,2026-04-05,KRT-027,pivo,0.0,0.0
KRT,2026-04-05,KRT-028,pivo,0.25,0.25
KRT,2026-04-05,KRT-029,pivo,0.0,0.0
KRT,2026-04-05,KRT-030,pivo,0.0,0.0
KRT,2026-04-05,KRT-031,pivo,0.0,0.0
KRT,2026-04-05,KRT-032,pivo,0.0,0.0
KRT,2026-04-05,KRT-033,pivo,0.0,0.0
KRT,2026-04-05,KRT-034,pivo,0.0,0.0
KRT,2026-04-05,KRT-035,pivo,0.0,0.0
KRT,2026-04-05,KRT-036,pivo,0.0,0.0
KRT,2026-04-05,KRT-037,pivo,0.0,0.0
KRT,2026-04-05,KRT-038,pivo,0.0,0.0
KRT,2026-04-05,KRT-039,pivo,0.0,0.0
KRT,2026-04-05,KRT-040,pivo,0.0,0.0
KRT,2026-04-05,KRT-041,pivo,0.0,0.0
KRT,2026-04-05,KRT-042,pivo,0.0,0.0
KRT,2026-04-05,KRT-043,pivo,0.0,0.0
KRT,2026-04-05,KRT-044,pivo,0.0,0.0
KRT,2026-04-05,KRT-045,pivo,0.0,0.0
KRT,2026-04-05,KRT-046,pivo,0.0,0.0
KRT,2026-04-05,KRT-047,pivo,0.0,0.0
KRT,2026-04-05,KRT-048,pivo,0.0,0.0
KRT,2026-04-05,KRT-049,pivo,0.0,0.0
KRT,2026-04-05,KRT-050,pivo,0.0,0.0
KRT,2026-04-05,KRT-051,pivo,0.0,0.0
KRT,2026-04-05,KRT-052,pivo,0.0,0.0
KRT,2026-04-05,KRT-053,pivo,0.0,0.0
KRT,2026-04-05,KRT-054,pivo,0.0,0.0
KRT,2026-04-05,KRT-055,pivo,0.0,0.0
KRT,2026-04-05,KRT-056,pivo,0.0,0.0
KRT,2026-04-05,KRT-057,pivo,0.0,0.0
KRT,2026-04-05,KRT-058,pivo,0.5,0.5
KRT,2026-04-05,KRT-059,pivo,0.0,0.0
KRT,2026-04-05,KRT-060,pivo,0.0,0.0
KRT,2026-04-05,KRT-061,pivo,0.0,0.0
KRT,2026-04-05,KRT-062,pivo,0.0,0.0
KRT,2026-04-05,KRT-063,pivo,0.0,0.0
KRT,2026-04-05,KRT-064,pivo,0.0,0.0
KRT,2026-04-05,KRT-065,pivo,0.0,0.0
KRT,2026-04-05,KRT-066,pivo,0.0,0.0
KRT,2026-04-05,KRT-067,pivo,0.0,0.0
KRT,2026-04-05,KRT-068,pivo,0.0,0.0
KRT,2026-04-05,KRT-069,pivo,0.0,0.0
KRT,2026-04-05,KRT-070,pivo,0.0,0.0
KRT,2026-04-05,KRT-071,pivo,0.0,0.0
KRT,2026-04-05,KRT-072,pivo,0.0,0.0
KRT,2026-04-05,KRT-073,pivo,0.0,0.0
KRT,2026-04-05,KRT-074,pivo,0.0,0.0
KRT,2026-04-04,KRT-001,pivo,0.0,0.0
KRT,2026-04-04,KRT-001B,pivo_secundario,0.0,0.0
KRT,2026-04-04,KRT-002,pivo,0.0,0.0
KRT,2026-04-04,KRT-002B,pivo_secundario,0.0,0.0
KRT,2026-04-04,KRT-003,pivo,0.0,0.0
KRT,2026-04-04,KRT-004,pivo,0.0,0.0
KRT,2026-04-04,KRT-004B,pivo_secundario,0.0,0.0
KRT,2026-04-04,KRT-005,pivo,0.0,0.0
KRT,2026-04-04,KRT-006B,pivo_secundario,0.0,0.0
KRT,2026-04-04,KRT-006,pivo,0.0,0.0
KRT,2026-04-04,KRT-007B,pivo_secundario,0.0,0.0
KRT,2026-04-04,KRT-007,pivo,0.0,0.0
KRT,2026-04-04,KRT-008,pivo,0.0,0.0
KRT,2026-04-04,KRT-009,pivo,0.0,0.0
KRT,2026-04-04,KRT-010,pivo,0.0,0.0
KRT,2026-04-04,KRT-011,pivo,0.0,0.0
KRT,2026-04-04,KRT-012,pivo,0.0,0.0
KRT,2026-04-04,KRT-013,pivo,0.0,0.0
KRT,2026-04-04,KRT-014,pivo,0.0,0.0
KRT,2026-04-04,KRT-015,pivo,0.0,0.0
KRT,2026-04-04,KRT-016,pivo,0.0,0.0
KRT,2026-04-04,KRT-017,pivo,0.0,0.0
KRT,2026-04-04,KRT-018,pivo,0.0,0.0
KRT,2026-04-04,KRT-019,pivo,0.0,0.0
KRT,2026-04-04,KRT-020,pivo,0.0,0.0
KRT,2026-04-04,KRT-021,pivo,0.0,0.0
KRT,2026-04-04,KRT-022,pivo,0.0,0.0
KRT,2026-04-04,KRT-023,pivo,0.0,0.0
KRT,2026-04-04,KRT-024,pivo,0.0,0.0
KRT,2026-04-04,KRT-025,pivo,0.0,0.0
KRT,2026-04-04,KRT-026,pivo,0.0,0.0
KRT,2026-04-04,KRT-027,pivo,0.0,0.0
KRT,2026-04-04,KRT-028,pivo,0.0,0.0
KRT,2026-04-04,KRT-029,pivo,0.0,0.0
KRT,2026-04-04,KRT-030,pivo,0.0,0.0
KRT,2026-04-04,KRT-031,pivo,0.0,0.0
KRT,2026-04-04,KRT-032,pivo,0.0,0.0
KRT,2026-04-04,KRT-033,pivo,0.0,0.0
KRT,2026-04-04,KRT-034,pivo,0.0,0.0
KRT,2026-04-04,KRT-035,pivo,0.0,0.0
KRT,2026-04-04,KRT-036,pivo,0.0,0.0
KRT,2026-04-04,KRT-037,pivo,0.76,0.76
KRT,2026-04-04,KRT-038,pivo,0.25,0.25
KRT,2026-04-04,KRT-039,pivo,0.0,0.0
KRT,2026-04-04,KRT-040,pivo,0.0,0.0
KRT,2026-04-04,KRT-041,pivo,0.0,0.0
KRT,2026-04-04,KRT-042,pivo,0.0,0.0
KRT,2026-04-04,KRT-043,pivo,0.0,0.0
KRT,2026-04-04,KRT-044,pivo,0.0,0.0
KRT,2026-04-04,KRT-045,pivo,0.0,0.0
KRT,2026-04-04,KRT-046,pivo,0.0,0.0
KRT,2026-04-04,KRT-047,pivo,0.0,0.0
KRT,2026-04-04,KRT-048,pivo,0.0,0.0
KRT,2026-04-04,KRT-049,pivo,0.0,0.0
KRT,2026-04-04,KRT-050,pivo,0.0,0.0
KRT,2026-04-04,KRT-051,pivo,0.0,0.0
KRT,2026-04-04,KRT-052,pivo,0.0,0.0
KRT,2026-04-04,KRT-053,pivo,0.0,0.0
KRT,2026-04-04,KRT-054,pivo,0.0,0.0
KRT,2026-04-04,KRT-055,pivo,0.0,0.0
KRT,2026-04-04,KRT-056,pivo,0.0,0.0
KRT,2026-04-04,KRT-057,pivo,0.0,0.0
KRT,2026-04-04,KRT-058,pivo,0.25,0.25
KRT,2026-04-04,KRT-059,pivo,0.0,0.0
KRT,2026-04-04,KRT-060,pivo,0.0,0.0
KRT,2026-04-04,KRT-061,pivo,0.0,0.0
KRT,2026-04-04,KRT-062,pivo,0.0,0.0
KRT,2026-04-04,KRT-063,pivo,0.0,0.0
KRT,2026-04-04,KRT-064,pivo,0.0,0.0
KRT,2026-04-04,KRT-065,pivo,0.0,0.0
KRT,2026-04-04,KRT-066,pivo,0.0,0.0
KRT,2026-04-04,KRT-067,pivo,0.0,0.0
KRT,2026-04-04,KRT-068,pivo,0.0,0.0
KRT,2026-04-04,KRT-069,pivo,0.0,0.0
KRT,2026-04-04,KRT-070,pivo,0.0,0.0
KRT,2026-04-04,KRT-071,pivo,0.0,0.0
KRT,2026-04-04,KRT-072,pivo,0.0,0.0
KRT,2026-04-04,KRT-073,pivo,0.0,0.0
KRT,2026-04-04,KRT-074,pivo,0.0,0.0
KRT,2026-04-03,KRT-001,pivo,0.0,0.0
KRT,2026-04-03,KRT-001B,pivo_secundario,0.0,0.0
KRT,2026-04-03,KRT-002,pivo,0.0,0.0
KRT,2026-04-03,KRT-002B,pivo_secundario,0.0,0.0
KRT,2026-04-03,KRT-003,pivo,0.0,0.0
KRT,2026-04-03,KRT-004,pivo,0.0,0.0
KRT,2026-04-03,KRT-004B,pivo_secundario,0.0,0.0
KRT,2026-04-03,KRT-005,pivo,0.0,0.0
KRT,2026-04-03,KRT-006B,pivo_secundario,0.0,0.0
KRT,2026-04-03,KRT-006,pivo,0.0,0.0
KRT,2026-04-03,KRT-007B,pivo_secundario,0.0,0.0
KRT,2026-04-03,KRT-007,pivo,0.0,0.0
KRT,2026-04-03,KRT-008,pivo,0.0,0.0
KRT,2026-04-03,KRT-009,pivo,0.0,0.0
KRT,2026-04-03,KRT-010,pivo,0.0,0.0
KRT,2026-04-03,KRT-011,pivo,0.0,0.0
KRT,2026-04-03,KRT-012,pivo,0.0,0.0
KRT,2026-04-03,KRT-013,pivo,0.0,0.0
KRT,2026-04-03,KRT-014,pivo,0.25,0.25
KRT,2026-04-03,KRT-015,pivo,0.0,0.0
KRT,2026-04-03,KRT-016,pivo,0.0,0.0
KRT,2026-04-03,KRT-017,pivo,0.25,0.25
KRT,2026-04-03,KRT-018,pivo,0.0,0.0
KRT,2026-04-03,KRT-019,pivo,0.25,0.25
KRT,2026-04-03,KRT-020,pivo,0.0,0.0
KRT,2026-04-03,KRT-021,pivo,0.0,0.0
KRT,2026-04-03,KRT-022,pivo,0.0,0.0
KRT,2026-04-03,KRT-023,pivo,0.0,0.0
KRT,2026-04-03,KRT-024,pivo,0.0,0.0
KRT,2026-04-03,KRT-025,pivo,0.0,0.0
KRT,2026-04-03,KRT-026,pivo,0.0,0.0
KRT,2026-04-03,KRT-027,pivo,0.0,0.0
KRT,2026-04-03,KRT-028,pivo,0.25,0.25
KRT,2026-04-03,KRT-029,pivo,0.0,0.0
KRT,2026-04-03,KRT-030,pivo,0.0,0.0
KRT,2026-04-03,KRT-031,pivo,0.0,0.0
KRT,2026-04-03,KRT-032,pivo,0.0,0.0
KRT,2026-04-03,KRT-033,pivo,0.0,0.0
KRT,2026-04-03,KRT-034,pivo,0.0,0.0
KRT,2026-04-03,KRT-035,pivo,0.25,0.25
KRT,2026-04-03,KRT-036,pivo,0.0,0.0
KRT,2026-04-03,KRT-037,pivo,0.0,0.0
KRT,2026-04-03,KRT-038,pivo,0.0,0.0
KRT,2026-04-03,KRT-039,pivo,0.0,0.0
KRT,2026-04-03,KRT-040,pivo,0.0,0.0
KRT,2026-04-03,KRT-041,pivo,0.0,0.0
KRT,2026-04-03,KRT-042,pivo,0.0,0.0
KRT,2026-04-03,KRT-043,pivo,0.0,0.0
KRT,2026-04-03,KRT-044,pivo,0.0,0.0
KRT,2026-04-03,KRT-045,pivo,0.0,0.0
KRT,2026-04-03,KRT-046,pivo,0.0,0.0
KRT,2026-04-03,KRT-047,pivo,0.0,0.0
KRT,2026-04-03,KRT-048,pivo,0.0,0.0
KRT,2026-04-03,KRT-049,pivo,0.0,0.0
KRT,2026-04-03,KRT-050,pivo,0.0,0.0
KRT,2026-04-03,KRT-051,pivo,0.0,0.0
KRT,2026-04-03,KRT-052,pivo,0.0,0.0
KRT,2026-04-03,KRT-053,pivo,0.0,0.0
KRT,2026-04-03,KRT-054,pivo,0.0,0.0
KRT,2026-04-03,KRT-055,pivo,0.0,0.0
KRT,2026-04-03,KRT-056,pivo,0.0,0.0
KRT,2026-04-03,KRT-057,pivo,0.0,0.0
KRT,2026-04-03,KRT-058,pivo,0.25,0.25
KRT,2026-04-03,KRT-059,pivo,0.0,0.0
KRT,2026-04-03,KRT-060,pivo,0.0,0.0
KRT,2026-04-03,KRT-061,pivo,0.0,0.0
KRT,2026-04-03,KRT-062,pivo,0.0,0.0
KRT,2026-04-03,KRT-063,pivo,0.0,0.0
KRT,2026-04-03,KRT-064,pivo,0.0,0.0
KRT,2026-04-03,KRT-065,pivo,0.0,0.0
KRT,2026-04-03,KRT-066,pivo,0.0,0.0
KRT,2026-04-03,KRT-067,pivo,0.0,0.0
KRT,2026-04-03,KRT-068,pivo,0.0,0.0
KRT,2026-04-03,KRT-069,pivo,0.0,0.0
KRT,2026-04-03,KRT-070,pivo,0.0,0.0
KRT,2026-04-03,KRT-071,pivo,0.0,0.0
KRT,2026-04-03,KRT-072,pivo,0.0,0.0
KRT,2026-04-03,KRT-073,pivo,0.25,0.25
KRT,2026-04-03,KRT-074,pivo,0.0,0.0
KRT,2026-04-02,KRT-001,pivo,0.0,0.0
KRT,2026-04-02,KRT-001B,pivo_secundario,1.39,1.39
KRT,2026-04-02,KRT-002,pivo,0.0,0.0
KRT,2026-04-02,KRT-002B,pivo_secundario,2.28,2.28
KRT,2026-04-02,KRT-003,pivo,0.0,0.0
KRT,2026-04-02,KRT-004,pivo,0.0,0.0
KRT,2026-04-02,KRT-004B,pivo_secundario,0.24,0.24
KRT,2026-04-02,KRT-005,pivo,0.0,0.0
KRT,2026-04-02,KRT-006B,pivo_secundario,0.58,0.58
KRT,2026-04-02,KRT-006,pivo,0.0,0.0
KRT,2026-04-02,KRT-007B,pivo_secundario,0.0,0.0
KRT,2026-04-02,KRT-007,pivo,0.25,0.25
KRT,2026-04-02,KRT-008,pivo,0.25,0.25
KRT,2026-04-02,KRT-009,pivo,0.76,0.76
KRT,2026-04-02,KRT-010,pivo,2.54,2.54
KRT,2026-04-02,KRT-011,pivo,1.78,1.78
KRT,2026-04-02,KRT-012,pivo,3.5,3.5
KRT,2026-04-02,KRT-013,pivo,3.05,3.05
KRT,2026-04-02,KRT-014,pivo,4.57,4.57
KRT,2026-04-02,KRT-015,pivo,0.25,0.25
KRT,2026-04-02,KRT-016,pivo,0.0,0.0
KRT,2026-04-02,KRT-017,pivo,1.02,1.02
KRT,2026-04-02,KRT-018,pivo,1.58,1.58
KRT,2026-04-02,KRT-019,pivo,3.3,3.3
KRT,2026-04-02,KRT-020,pivo,3.3,3.3
KRT,2026-04-02,KRT-021,pivo,4.06,4.06
KRT,2026-04-02,KRT-022,pivo,3.3,3.3
KRT,2026-04-02,KRT-023,pivo,3.3,3.3
KRT,2026-04-02,KRT-024,pivo,7.37,7.37
KRT,2026-04-02,KRT-025,pivo,5.33,5.33
KRT,2026-04-02,KRT-026,pivo,5.02,5.02
KRT,2026-04-02,KRT-027,pivo,6.1,6.1
KRT,2026-04-02,KRT-028,pivo,8.89,8.89
KRT,2026-04-02,KRT-029,pivo,9.65,9.65
KRT,2026-04-02,KRT-030,pivo,8.64,8.64
KRT,2026-04-02,KRT-031,pivo,9.14,9.14
KRT,2026-04-02,KRT-032,pivo,5.59,5.59
KRT,2026-04-02,KRT-033,pivo,8.64,8.64
KRT,2026-04-02,KRT-034,pivo,4.32,4.32
KRT,2026-04-02,KRT-035,pivo,0.25,0.25
KRT,2026-04-02,KRT-036,pivo,0.76,0.76
KRT,2026-04-02,KRT-037,pivo,0.25,0.25
KRT,2026-04-02,KRT-038,pivo,0.0,0.0
KRT,2026-04-02,KRT-039,pivo,0.51,0.51
KRT,2026-04-02,KRT-040,pivo,0.0,0.0
KRT,2026-04-02,KRT-041,pivo,0.0,0.0
KRT,2026-04-02,KRT-042,pivo,0.25,0.25
KRT,2026-04-02,KRT-043,pivo,0.0,0.0
KRT,2026-04-02,KRT-044,pivo,0.25,0.25
KRT,2026-04-02,KRT-045,pivo,0.0,0.0
KRT,2026-04-02,KRT-046,pivo,0.0,0.0
KRT,2026-04-02,KRT-047,pivo,0.0,0.0
KRT,2026-04-02,KRT-048,pivo,0.0,0.0
KRT,2026-04-02,KRT-049,pivo,0.0,0.0
KRT,2026-04-02,KRT-050,pivo,1.27,1.27
KRT,2026-04-02,KRT-051,pivo,1.27,1.27
KRT,2026-04-02,KRT-052,pivo,0.0,0.0
KRT,2026-04-02,KRT-053,pivo,0.0,0.0
KRT,2026-04-02,KRT-054,pivo,0.25,0.25
KRT,2026-04-02,KRT-055,pivo,0.25,0.25
KRT,2026-04-02,KRT-056,pivo,0.25,0.25
KRT,2026-04-02,KRT-057,pivo,0.0,0.0
KRT,2026-04-02,KRT-058,pivo,0.0,0.0
KRT,2026-04-02,KRT-059,pivo,0.0,0.0
KRT,2026-04-02,KRT-060,pivo,0.0,0.0
KRT,2026-04-02,KRT-061,pivo,0.3,0.3
KRT,2026-04-02,KRT-062,pivo,0.22,0.22
KRT,2026-04-02,KRT-063,pivo,0.6,0.6
KRT,2026-04-02,KRT-064,pivo,0.3,0.3
KRT,2026-04-02,KRT-065,pivo,0.0,0.0
KRT,2026-04-02,KRT-066,pivo,0.25,0.25
KRT,2026-04-02,KRT-067,pivo,0.0,0.0
KRT,2026-04-02,KRT-068,pivo,0.0,0.0
KRT,2026-04-02,KRT-069,pivo,0.0,0.0
KRT,2026-04-02,KRT-070,pivo,0.2,0.2
KRT,2026-04-02,KRT-071,pivo,0.0,0.0
KRT,2026-04-02,KRT-072,pivo,0.0,0.0
KRT,2026-04-02,KRT-073,pivo,4.57,4.57
KRT,2026-04-02,KRT-074,pivo,2.29,2.29
KRT,2026-04-01,KRT-001,pivo,34.54,34.54
KRT,2026-04-01,KRT-001B,pivo_secundario,33.03,33.03
KRT,2026-04-01,KRT-002,pivo,22.4,22.4
KRT,2026-04-01,KRT-002B,pivo_secundario,43.55,43.55
KRT,2026-04-01,KRT-003,pivo,23.79,23.79
KRT,2026-04-01,KRT-004,pivo,27.43,27.43
KRT,2026-04-01,KRT-004B,pivo_secundario,47.09,47.09
KRT,2026-04-01,KRT-005,pivo,23.5,23.5
KRT,2026-04-01,KRT-006B,pivo_secundario,12.35,12.35
KRT,2026-04-01,KRT-006,pivo,15.9,15.9
KRT,2026-04-01,KRT-007B,pivo_secundario,15.66,15.66
KRT,2026-04-01,KRT-007,pivo,28.19,28.19
KRT,2026-04-01,KRT-008,pivo,23.88,23.88
KRT,2026-04-01,KRT-009,pivo,29.97,29.97
KRT,2026-04-01,KRT-010,pivo,23.11,23.11
KRT,2026-04-01,KRT-011,pivo,31.24,31.24
KRT,2026-04-01,KRT-012,pivo,25.03,25.03
KRT,2026-04-01,KRT-013,pivo,35.05,35.05
KRT,2026-04-01,KRT-014,pivo,29.46,29.46
KRT,2026-04-01,KRT-015,pivo,17.27,17.27
KRT,2026-04-01,KRT-016,pivo,12.4,12.4
KRT,2026-04-01,KRT-017,pivo,20.07,20.07
KRT,2026-04-01,KRT-018,pivo,14.3,14.3
KRT,2026-04-01,KRT-019,pivo,19.05,19.05
KRT,2026-04-01,KRT-020,pivo,21.34,21.34
KRT,2026-04-01,KRT-021,pivo,18.03,18.03
KRT,2026-04-01,KRT-022,pivo,19.05,19.05
KRT,2026-04-01,KRT-023,pivo,20.83,20.83
KRT,2026-04-01,KRT-024,pivo,19.3,19.3
KRT,2026-04-01,KRT-025,pivo,26.16,26.16
KRT,2026-04-01,KRT-026,pivo,27.0,27.0
KRT,2026-04-01,KRT-027,pivo,33.78,33.78
KRT,2026-04-01,KRT-028,pivo,36.25,36.25
KRT,2026-04-01,KRT-029,pivo,39.88,39.88
KRT,2026-04-01,KRT-030,pivo,20.07,20.07
KRT,2026-04-01,KRT-031,pivo,28.45,28.45
KRT,2026-04-01,KRT-032,pivo,40.39,40.39
KRT,2026-04-01,KRT-033,pivo,33.78,33.78
KRT,2026-04-01,KRT-034,pivo,24.38,24.38
KRT,2026-04-01,KRT-035,pivo,25.15,25.15
KRT,2026-04-01,KRT-036,pivo,20.57,20.57
KRT,2026-04-01,KRT-037,pivo,28.19,28.19
KRT,2026-04-01,KRT-038,pivo,23.11,23.11
KRT,2026-04-01,KRT-039,pivo,23.37,23.37
KRT,2026-04-01,KRT-040,pivo,11.45,11.45
KRT,2026-04-01,KRT-041,pivo,12.0,12.0
KRT,2026-04-01,KRT-042,pivo,21.84,21.84
KRT,2026-04-01,KRT-043,pivo,21.84,21.84
KRT,2026-04-01,KRT-044,pivo,17.02,17.02
KRT,2026-04-01,KRT-045,pivo,9.0,9.0
KRT,2026-04-01,KRT-046,pivo,14.48,14.48
KRT,2026-04-01,KRT-047,pivo,15.75,15.75
KRT,2026-04-01,KRT-048,pivo,9.91,9.91
KRT,2026-04-01,KRT-049,pivo,22.61,22.61
KRT,2026-04-01,KRT-050,pivo,12.45,12.45
KRT,2026-04-01,KRT-051,pivo,14.99,14.99
KRT,2026-04-01,KRT-052,pivo,19.56,19.56
KRT,2026-04-01,KRT-053,pivo,8.54,8.54
KRT,2026-04-01,KRT-054,pivo,12.7,12.7
KRT,2026-04-01,KRT-055,pivo,22.61,22.61
KRT,2026-04-01,KRT-056,pivo,19.05,19.05
KRT,2026-04-01,KRT-057,pivo,21.02,21.02
KRT,2026-04-01,KRT-058,pivo,14.0,14.0
KRT,2026-04-01,KRT-059,pivo,25.4,25.4
KRT,2026-04-01,KRT-060,pivo,21.6,21.6
KRT,2026-04-01,KRT-061,pivo,40.2,40.2
KRT,2026-04-01,KRT-062,pivo,27.59,27.59
KRT,2026-04-01,KRT-063,pivo,16.2,16.2
KRT,2026-04-01,KRT-064,pivo,21.0,21.0
KRT,2026-04-01,KRT-065,pivo,21.6,21.6
KRT,2026-04-01,KRT-066,pivo,13.21,13.21
KRT,2026-04-01,KRT-067,pivo,21.59,21.59
KRT,2026-04-01,KRT-068,pivo,15.23,15.23
KRT,2026-04-01,KRT-069,pivo,22.35,22.35
KRT,2026-04-01,KRT-070,pivo,24.03,24.03
KRT,2026-04-01,KRT-071,pivo,26.16,26.16
KRT,2026-04-01,KRT-072,pivo,8.54,8.54
KRT,2026-04-01,KRT-073,pivo,16.51,16.51
KRT,2026-04-01,KRT-074,pivo,15.24,15.24
KRT,2026-03-31,KRT-001,pivo,0.51,0.51
KRT,2026-03-31,KRT-001B,pivo_secundario,0.23,0.23
KRT,2026-03-31,KRT-002,pivo,0.0,0.0
KRT,2026-03-31,KRT-002B,pivo_secundario,0.23,0.23
KRT,2026-03-31,KRT-003,pivo,0.0,0.0
KRT,2026-03-31,KRT-004,pivo,0.0,0.0
KRT,2026-03-31,KRT-004B,pivo_secundario,0.0,0.0
KRT,2026-03-31,KRT-005,pivo,0.0,0.0
KRT,2026-03-31,KRT-006B,pivo_secundario,0.0,0.0
KRT,2026-03-31,KRT-006,pivo,0.0,0.0
KRT,2026-03-31,KRT-007B,pivo_secundario,0.26,0.26
KRT,2026-03-31,KRT-007,pivo,0.0,0.0
KRT,2026-03-31,KRT-008,pivo,0.25,0.25
KRT,2026-03-31,KRT-009,pivo,0.51,0.51
KRT,2026-03-31,KRT-010,pivo,0.51,0.51
KRT,2026-03-31,KRT-011,pivo,0.25,0.25
KRT,2026-03-31,KRT-012,pivo,0.0,0.0
KRT,2026-03-31,KRT-013,pivo,0.0,0.0
KRT,2026-03-31,KRT-014,pivo,0.0,0.0
KRT,2026-03-31,KRT-015,pivo,0.0,0.0
KRT,2026-03-31,KRT-016,pivo,0.0,0.0
KRT,2026-03-31,KRT-017,pivo,0.0,0.0
KRT,2026-03-31,KRT-018,pivo,0.0,0.0
KRT,2026-03-31,KRT-019,pivo,0.0,0.0
KRT,2026-03-31,KRT-020,pivo,0.0,0.0
KRT,2026-03-31,KRT-021,pivo,0.0,0.0
KRT,2026-03-31,KRT-022,pivo,0.0,0.0
KRT,2026-03-31,KRT-023,pivo,0.0,0.0
KRT,2026-03-31,KRT-024,pivo,0.0,0.0
KRT,2026-03-31,KRT-025,pivo,0.25,0.25
KRT,2026-03-31,KRT-026,pivo,0.0,0.0
KRT,2026-03-31,KRT-027,pivo,0.25,0.25
KRT,2026-03-31,KRT-028,pivo,0.0,0.0
KRT,2026-03-31,KRT-029,pivo,0.0,0.0
KRT,2026-03-31,KRT-030,pivo,0.0,0.0
KRT,2026-03-31,KRT-031,pivo,0.0,0.0
KRT,2026-03-31,KRT-032,pivo,0.0,0.0
KRT,2026-03-31,KRT-033,pivo,0.0,0.0
KRT,2026-03-31,KRT-034,pivo,0.25,0.25
KRT,2026-03-31,KRT-035,pivo,0.0,0.0
KRT,2026-03-31,KRT-036,pivo,0.25,0.25
KRT,2026-03-31,KRT-037,pivo,0.0,0.0
KRT,2026-03-31,KRT-038,pivo,0.51,0.51
KRT,2026-03-31,KRT-039,pivo,0.25,0.25
KRT,2026-03-31,KRT-040,pivo,0.0,0.0
KRT,2026-03-31,KRT-041,pivo,0.0,0.0
KRT,2026-03-31,KRT-042,pivo,0.0,0.0
KRT,2026-03-31,KRT-043,pivo,0.0,0.0
KRT,2026-03-31,KRT-044,pivo,0.0,0.0
KRT,2026-03-31,KRT-045,pivo,0.0,0.0
KRT,2026-03-31,KRT-046,pivo,0.0,0.0
KRT,2026-03-31,KRT-047,pivo,0.25,0.25
KRT,2026-03-31,KRT-048,pivo,0.76,0.76
KRT,2026-03-31,KRT-049,pivo,0.0,0.0
KRT,2026-03-31,KRT-050,pivo,0.25,0.25
KRT,2026-03-31,KRT-051,pivo,0.0,0.0
KRT,2026-03-31,KRT-052,pivo,0.25,0.25
KRT,2026-03-31,KRT-053,pivo,0.0,0.0
KRT,2026-03-31,KRT-054,pivo,0.0,0.0
KRT,2026-03-31,KRT-055,pivo,0.25,0.25
KRT,2026-03-31,KRT-056,pivo,0.25,0.25
KRT,2026-03-31,KRT-057,pivo,0.23,0.23
KRT,2026-03-31,KRT-058,pivo,1.25,1.25
KRT,2026-03-31,KRT-059,pivo,3.3,3.3
KRT,2026-03-31,KRT-060,pivo,6.9,6.9
KRT,2026-03-31,KRT-061,pivo,6.6,6.6
KRT,2026-03-31,KRT-062,pivo,9.42,9.42
KRT,2026-03-31,KRT-063,pivo,1.0,1.0
KRT,2026-03-31,KRT-064,pivo,1.2,1.2
KRT,2026-03-31,KRT-065,pivo,2.7,2.7
KRT,2026-03-31,KRT-066,pivo,3.81,3.81
KRT,2026-03-31,KRT-067,pivo,5.33,5.33
KRT,2026-03-31,KRT-068,pivo,5.14,5.14
KRT,2026-03-31,KRT-069,pivo,0.51,0.51
KRT,2026-03-31,KRT-070,pivo,0.59,0.59
KRT,2026-03-31,KRT-071,pivo,0.25,0.25
KRT,2026-03-31,KRT-072,pivo,0.0,0.0
KRT,2026-03-31,KRT-073,pivo,0.25,0.25
KRT,2026-03-31,KRT-074,pivo,0.0,0.0
KRT,2026-03-30,KRT-001,pivo,4.83,4.83
KRT,2026-03-30,KRT-001B,pivo_secundario,0.0,0.0
KRT,2026-03-30,KRT-002,pivo,2.47,2.47
KRT,2026-03-30,KRT-002B,pivo_secundario,0.46,0.46
KRT,2026-03-30,KRT-003,pivo,1.27,1.27
KRT,2026-03-30,KRT-004,pivo,4.57,4.57
KRT,2026-03-30,KRT-004B,pivo_secundario,8.3,8.3
KRT,2026-03-30,KRT-005,pivo,4.25,4.25
KRT,2026-03-30,KRT-006B,pivo_secundario,14.09,14.09
KRT,2026-03-30,KRT-006,pivo,5.14,5.14
KRT,2026-03-30,KRT-007B,pivo_secundario,3.39,3.39
KRT,2026-03-30,KRT-007,pivo,3.05,3.05
KRT,2026-03-30,KRT-008,pivo,4.83,4.83
KRT,2026-03-30,KRT-009,pivo,4.83,4.83
KRT,2026-03-30,KRT-010,pivo,5.84,5.84
KRT,2026-03-30,KRT-011,pivo,9.4,9.4
KRT,2026-03-30,KRT-012,pivo,4.27,4.27
KRT,2026-03-30,KRT-013,pivo,8.13,8.13
KRT,2026-03-30,KRT-014,pivo,7.62,7.62
KRT,2026-03-30,KRT-015,pivo,16.76,16.76
KRT,2026-03-30,KRT-016,pivo,14.25,14.25
KRT,2026-03-30,KRT-017,pivo,7.37,7.37
KRT,2026-03-30,KRT-018,pivo,8.47,8.47
KRT,2026-03-30,KRT-019,pivo,2.54,2.54
KRT,2026-03-30,KRT-020,pivo,2.79,2.79
KRT,2026-03-30,KRT-021,pivo,3.81,3.81
KRT,2026-03-30,KRT-022,pivo,1.02,1.02
KRT,2026-03-30,KRT-023,pivo,6.1,6.1
KRT,2026-03-30,KRT-024,pivo,4.57,4.57
KRT,2026-03-30,KRT-025,pivo,16.76,16.76
KRT,2026-03-30,KRT-026,pivo,18.25,18.25
KRT,2026-03-30,KRT-027,pivo,34.04,34.04
KRT,2026-03-30,KRT-028,pivo,18.75,18.75
KRT,2026-03-30,KRT-029,pivo,38.1,38.1
KRT,2026-03-30,KRT-030,pivo,10.16,10.16
KRT,2026-03-30,KRT-031,pivo,17.78,17.78
KRT,2026-03-30,KRT-032,pivo,28.19,28.19
KRT,2026-03-30,KRT-033,pivo,27.69,27.69
KRT,2026-03-30,KRT-034,pivo,19.05,19.05
KRT,2026-03-30,KRT-035,pivo,36.07,36.07
KRT,2026-03-30,KRT-036,pivo,13.97,13.97
KRT,2026-03-30,KRT-037,pivo,50.29,50.29
KRT,2026-03-30,KRT-038,pivo,32.51,32.51
KRT,2026-03-30,KRT-039,pivo,19.3,19.3
KRT,2026-03-30,KRT-040,pivo,27.4,27.4
KRT,2026-03-30,KRT-041,pivo,21.4,21.4
KRT,2026-03-30,KRT-042,pivo,27.18,27.18
KRT,2026-03-30,KRT-043,pivo,27.43,27.43
KRT,2026-03-30,KRT-044,pivo,11.43,11.43
KRT,2026-03-30,KRT-045,pivo,18.47,18.47
KRT,2026-03-30,KRT-046,pivo,17.53,17.53
KRT,2026-03-30,KRT-047,pivo,7.87,7.87
KRT,2026-03-30,KRT-048,pivo,2.5,2.5
KRT,2026-03-30,KRT-049,pivo,2.29,2.29
KRT,2026-03-30,KRT-050,pivo,6.1,6.1
KRT,2026-03-30,KRT-051,pivo,18.29,18.29
KRT,2026-03-30,KRT-052,pivo,15.49,15.49
KRT,2026-03-30,KRT-053,pivo,11.48,11.48
KRT,2026-03-30,KRT-054,pivo,7.37,7.37
KRT,2026-03-30,KRT-055,pivo,12.19,12.19
KRT,2026-03-30,KRT-056,pivo,15.49,15.49
KRT,2026-03-30,KRT-057,pivo,14.69,14.69
KRT,2026-03-30,KRT-058,pivo,15.75,15.75
KRT,2026-03-30,KRT-059,pivo,13.46,13.46
KRT,2026-03-30,KRT-060,pivo,24.3,24.3
KRT,2026-03-30,KRT-061,pivo,22.8,22.8
KRT,2026-03-30,KRT-062,pivo,26.06,26.06
KRT,2026-03-30,KRT-063,pivo,16.2,16.2
KRT,2026-03-30,KRT-064,pivo,20.1,20.1
KRT,2026-03-30,KRT-065,pivo,19.5,19.5
KRT,2026-03-30,KRT-066,pivo,19.56,19.56
KRT,2026-03-30,KRT-067,pivo,37.59,37.59
KRT,2026-03-30,KRT-068,pivo,32.54,32.54
KRT,2026-03-30,KRT-069,pivo,18.8,18.8
KRT,2026-03-30,KRT-070,pivo,19.9,19.9
KRT,2026-03-30,KRT-071,pivo,25.4,25.4
KRT,2026-03-30,KRT-072,pivo,24.58,24.58
KRT,2026-03-30,KRT-073,pivo,6.1,6.1
KRT,2026-03-30,KRT-074,pivo,28.19,28.19
KRT,2026-03-29,KRT-001,pivo,0.0,0.0
KRT,2026-03-29,KRT-001B,pivo_secundario,0.0,0.0
KRT,2026-03-29,KRT-002,pivo,0.0,0.0
KRT,2026-03-29,KRT-002B,pivo_secundario,0.0,0.0
KRT,2026-03-29,KRT-003,pivo,0.51,0.51
KRT,2026-03-29,KRT-004,pivo,0.25,0.25
KRT,2026-03-29,KRT-004B,pivo_secundario,0.0,0.0
KRT,2026-03-29,KRT-005,pivo,0.0,0.0
KRT,2026-03-29,KRT-006B,pivo_secundario,0.0,0.0
KRT,2026-03-29,KRT-006,pivo,0.0,0.0
KRT,2026-03-29,KRT-007B,pivo_secundario,0.0,0.0
KRT,2026-03-29,KRT-007,pivo,0.0,0.0
KRT,2026-03-29,KRT-008,pivo,0.0,0.0
KRT,2026-03-29,KRT-009,pivo,0.0,0.0
KRT,2026-03-29,KRT-010,pivo,0.0,0.0
KRT,2026-03-29,KRT-011,pivo,0.0,0.0
KRT,2026-03-29,KRT-012,pivo,0.0,0.0
KRT,2026-03-29,KRT-013,pivo,0.0,0.0
KRT,2026-03-29,KRT-014,pivo,0.0,0.0
KRT,2026-03-29,KRT-015,pivo,0.0,0.0
KRT,2026-03-29,KRT-016,pivo,0.0,0.0
KRT,2026-03-29,KRT-017,pivo,0.0,0.0
KRT,2026-03-29,KRT-018,pivo,0.0,0.0
KRT,2026-03-29,KRT-019,pivo,0.0,0.0
KRT,2026-03-29,KRT-020,pivo,0.0,0.0
KRT,2026-03-29,KRT-021,pivo,0.0,0.0
KRT,2026-03-29,KRT-022,pivo,0.0,0.0
KRT,2026-03-29,KRT-023,pivo,0.0,0.0
KRT,2026-03-29,KRT-024,pivo,0.0,0.0
KRT,2026-03-29,KRT-025,pivo,0.0,0.0
KRT,2026-03-29,KRT-026,pivo,0.0,0.0
KRT,2026-03-29,KRT-027,pivo,0.0,0.0
KRT,2026-03-29,KRT-028,pivo,0.25,0.25
KRT,2026-03-29,KRT-029,pivo,0.51,0.51
KRT,2026-03-29,KRT-030,pivo,0.0,0.0
KRT,2026-03-29,KRT-031,pivo,0.0,0.0
KRT,2026-03-29,KRT-032,pivo,0.0,0.0
KRT,2026-03-29,KRT-033,pivo,0.0,0.0
KRT,2026-03-29,KRT-034,pivo,0.0,0.0
KRT,2026-03-29,KRT-035,pivo,0.0,0.0
KRT,2026-03-29,KRT-036,pivo,0.0,0.0
KRT,2026-03-29,KRT-037,pivo,0.0,0.0
KRT,2026-03-29,KRT-038,pivo,0.0,0.0
KRT,2026-03-29,KRT-039,pivo,0.0,0.0
KRT,2026-03-29,KRT-040,pivo,0.0,0.0
KRT,2026-03-29,KRT-041,pivo,0.0,0.0
KRT,2026-03-29,KRT-042,pivo,0.0,0.0
KRT,2026-03-29,KRT-043,pivo,0.0,0.0
KRT,2026-03-29,KRT-044,pivo,0.0,0.0
KRT,2026-03-29,KRT-045,pivo,0.0,0.0
KRT,2026-03-29,KRT-046,pivo,0.0,0.0
KRT,2026-03-29,KRT-047,pivo,0.25,0.25
KRT,2026-03-29,KRT-048,pivo,0.0,0.0
KRT,2026-03-29,KRT-049,pivo,0.0,0.0
KRT,2026-03-29,KRT-050,pivo,0.0,0.0
KRT,2026-03-29,KRT-051,pivo,0.0,0.0
KRT,2026-03-29,KRT-052,pivo,0.0,0.0
KRT,2026-03-29,KRT-053,pivo,0.0,0.0
KRT,2026-03-29,KRT-054,pivo,0.0,0.0
KRT,2026-03-29,KRT-055,pivo,0.0,0.0
KRT,2026-03-29,KRT-056,pivo,0.0,0.0
KRT,2026-03-29,KRT-057,pivo,0.0,0.0
KRT,2026-03-29,KRT-058,pivo,0.0,0.0
KRT,2026-03-29,KRT-059,pivo,0.0,0.0
KRT,2026-03-29,KRT-060,pivo,0.0,0.0
KRT,2026-03-29,KRT-061,pivo,0.0,0.0
KRT,2026-03-29,KRT-062,pivo,0.0,0.0
KRT,2026-03-29,KRT-063,pivo,0.0,0.0
KRT,2026-03-29,KRT-064,pivo,0.0,0.0
KRT,2026-03-29,KRT-065,pivo,0.9,0.9
KRT,2026-03-29,KRT-066,pivo,0.0,0.0
KRT,2026-03-29,KRT-067,pivo,0.0,0.0
KRT,2026-03-29,KRT-068,pivo,0.0,0.0
KRT,2026-03-29,KRT-069,pivo,0.0,0.0
KRT,2026-03-29,KRT-070,pivo,0.0,0.0
KRT,2026-03-29,KRT-071,pivo,0.0,0.0
KRT,2026-03-29,KRT-072,pivo,0.0,0.0
KRT,2026-03-29,KRT-073,pivo,0.0,0.0
KRT,2026-03-29,KRT-074,pivo,0.0,0.0
KRT,2026-03-28,KRT-001,pivo,0.0,0.0
KRT,2026-03-28,KRT-001B,pivo_secundario,0.0,0.0
KRT,2026-03-28,KRT-002,pivo,0.0,0.0
KRT,2026-03-28,KRT-002B,pivo_secundario,0.0,0.0
KRT,2026-03-28,KRT-003,pivo,0.25,0.25
KRT,2026-03-28,KRT-004,pivo,0.0,0.0
KRT,2026-03-28,KRT-004B,pivo_secundario,0.0,0.0
KRT,2026-03-28,KRT-005,pivo,0.0,0.0
KRT,2026-03-28,KRT-006B,pivo_secundario,0.0,0.0
KRT,2026-03-28,KRT-006,pivo,0.0,0.0
KRT,2026-03-28,KRT-007B,pivo_secundario,0.0,0.0
KRT,2026-03-28,KRT-007,pivo,0.0,0.0
KRT,2026-03-28,KRT-008,pivo,0.0,0.0
KRT,2026-03-28,KRT-009,pivo,0.0,0.0
KRT,2026-03-28,KRT-010,pivo,0.0,0.0
KRT,2026-03-28,KRT-011,pivo,0.0,0.0
KRT,2026-03-28,KRT-012,pivo,0.0,0.0
KRT,2026-03-28,KRT-013,pivo,0.0,0.0
KRT,2026-03-28,KRT-014,pivo,0.0,0.0
KRT,2026-03-28,KRT-015,pivo,0.0,0.0
KRT,2026-03-28,KRT-016,pivo,0.0,0.0
KRT,2026-03-28,KRT-017,pivo,0.0,0.0
KRT,2026-03-28,KRT-018,pivo,0.0,0.0
KRT,2026-03-28,KRT-019,pivo,0.0,0.0
KRT,2026-03-28,KRT-020,pivo,0.0,0.0
KRT,2026-03-28,KRT-021,pivo,0.0,0.0
KRT,2026-03-28,KRT-022,pivo,0.0,0.0
KRT,2026-03-28,KRT-023,pivo,0.0,0.0
KRT,2026-03-28,KRT-024,pivo,0.0,0.0
KRT,2026-03-28,KRT-025,pivo,0.25,0.25
KRT,2026-03-28,KRT-026,pivo,0.0,0.0
KRT,2026-03-28,KRT-027,pivo,0.0,0.0
KRT,2026-03-28,KRT-028,pivo,0.0,0.0
KRT,2026-03-28,KRT-029,pivo,0.25,0.25
KRT,2026-03-28,KRT-030,pivo,0.0,0.0
KRT,2026-03-28,KRT-031,pivo,0.0,0.0
KRT,2026-03-28,KRT-032,pivo,0.0,0.0
KRT,2026-03-28,KRT-033,pivo,0.0,0.0
KRT,2026-03-28,KRT-034,pivo,0.0,0.0
KRT,2026-03-28,KRT-035,pivo,0.0,0.0
KRT,2026-03-28,KRT-036,pivo,0.0,0.0
KRT,2026-03-28,KRT-037,pivo,0.0,0.0
KRT,2026-03-28,KRT-038,pivo,0.0,0.0
KRT,2026-03-28,KRT-039,pivo,0.0,0.0
KRT,2026-03-28,KRT-040,pivo,0.0,0.0
KRT,2026-03-28,KRT-041,pivo,0.0,0.0
KRT,2026-03-28,KRT-042,pivo,0.0,0.0
KRT,2026-03-28,KRT-043,pivo,0.0,0.0
KRT,2026-03-28,KRT-044,pivo,0.0,0.0
KRT,2026-03-28,KRT-045,pivo,0.0,0.0
KRT,2026-03-28,KRT-046,pivo,0.0,0.0
KRT,2026-03-28,KRT-047,pivo,0.0,0.0
KRT,2026-03-28,KRT-048,pivo,0.0,0.0
KRT,2026-03-28,KRT-049,pivo,0.0,0.0
KRT,2026-03-28,KRT-050,pivo,0.0,0.0
KRT,2026-03-28,KRT-051,pivo,0.0,0.0
KRT,2026-03-28,KRT-052,pivo,0.0,0.0
KRT,2026-03-28,KRT-053,pivo,0.0,0.0
KRT,2026-03-28,KRT-054,pivo,0.0,0.0
KRT,2026-03-28,KRT-055,pivo,0.0,0.0
KRT,2026-03-28,KRT-056,pivo,0.0,0.0
KRT,2026-03-28,KRT-057,pivo,0.0,0.0
KRT,2026-03-28,KRT-058,pivo,0.0,0.0
KRT,2026-03-28,KRT-059,pivo,0.0,0.0
KRT,2026-03-28,KRT-060,pivo,0.0,0.0
KRT,2026-03-28,KRT-061,pivo,0.0,0.0
KRT,2026-03-28,KRT-062,pivo,0.0,0.0
KRT,2026-03-28,KRT-063,pivo,0.0,0.0
KRT,2026-03-28,KRT-064,pivo,0.0,0.0
KRT,2026-03-28,KRT-065,pivo,0.0,0.0
KRT,2026-03-28,KRT-066,pivo,0.0,0.0
KRT,2026-03-28,KRT-067,pivo,0.0,0.0
KRT,2026-03-28,KRT-068,pivo,0.0,0.0
KRT,2026-03-28,KRT-069,pivo,0.0,0.0
KRT,2026-03-28,KRT-070,pivo,0.0,0.0
KRT,2026-03-28,KRT-071,pivo,0.0,0.0
KRT,2026-03-28,KRT-072,pivo,0.0,0.0
KRT,2026-03-28,KRT-073,pivo,0.0,0.0
KRT,2026-03-28,KRT-074,pivo,0.0,0.0
KRT,2026-03-27,KRT-001,pivo,0.0,0.0
KRT,2026-03-27,KRT-001B,pivo_secundario,0.0,0.0
KRT,2026-03-27,KRT-002,pivo,0.0,0.0
KRT,2026-03-27,KRT-002B,pivo_secundario,0.0,0.0
KRT,2026-03-27,KRT-003,pivo,0.0,0.0
KRT,2026-03-27,KRT-004,pivo,0.0,0.0
KRT,2026-03-27,KRT-004B,pivo_secundario,0.0,0.0
KRT,2026-03-27,KRT-005,pivo,0.0,0.0
KRT,2026-03-27,KRT-006B,pivo_secundario,0.0,0.0
KRT,2026-03-27,KRT-006,pivo,0.0,0.0
KRT,2026-03-27,KRT-007B,pivo_secundario,0.0,0.0
KRT,2026-03-27,KRT-007,pivo,0.0,0.0
KRT,2026-03-27,KRT-008,pivo,0.0,0.0
KRT,2026-03-27,KRT-009,pivo,0.0,0.0
KRT,2026-03-27,KRT-010,pivo,0.0,0.0
KRT,2026-03-27,KRT-011,pivo,0.0,0.0
KRT,2026-03-27,KRT-012,pivo,0.0,0.0
KRT,2026-03-27,KRT-013,pivo,0.0,0.0
KRT,2026-03-27,KRT-014,pivo,0.0,0.0
KRT,2026-03-27,KRT-015,pivo,0.0,0.0
KRT,2026-03-27,KRT-016,pivo,0.0,0.0
KRT,2026-03-27,KRT-017,pivo,0.0,0.0
KRT,2026-03-27,KRT-018,pivo,0.0,0.0
KRT,2026-03-27,KRT-019,pivo,0.0,0.0
KRT,2026-03-27,KRT-020,pivo,0.0,0.0
KRT,2026-03-27,KRT-021,pivo,0.0,0.0
KRT,2026-03-27,KRT-022,pivo,0.0,0.0
KRT,2026-03-27,KRT-023,pivo,0.0,0.0
KRT,2026-03-27,KRT-024,pivo,0.0,0.0
KRT,2026-03-27,KRT-025,pivo,0.0,0.0
KRT,2026-03-27,KRT-026,pivo,0.0,0.0
KRT,2026-03-27,KRT-027,pivo,0.76,0.76
KRT,2026-03-27,KRT-028,pivo,0.25,0.25
KRT,2026-03-27,KRT-029,pivo,0.0,0.0
KRT,2026-03-27,KRT-030,pivo,0.0,0.0
KRT,2026-03-27,KRT-031,pivo,0.0,0.0
KRT,2026-03-27,KRT-032,pivo,0.0,0.0
KRT,2026-03-27,KRT-033,pivo,0.0,0.0
KRT,2026-03-27,KRT-034,pivo,0.0,0.0
KRT,2026-03-27,KRT-035,pivo,0.0,0.0
KRT,2026-03-27,KRT-036,pivo,0.0,0.0
KRT,2026-03-27,KRT-037,pivo,0.0,0.0
KRT,2026-03-27,KRT-038,pivo,0.0,0.0
KRT,2026-03-27,KRT-039,pivo,0.25,0.25
KRT,2026-03-27,KRT-040,pivo,0.0,0.0
KRT,2026-03-27,KRT-041,pivo,0.0,0.0
KRT,2026-03-27,KRT-042,pivo,0.0,0.0
KRT,2026-03-27,KRT-043,pivo,0.0,0.0
KRT,2026-03-27,KRT-044,pivo,0.0,0.0
KRT,2026-03-27,KRT-045,pivo,0.0,0.0
KRT,2026-03-27,KRT-046,pivo,0.0,0.0
KRT,2026-03-27,KRT-047,pivo,0.0,0.0
KRT,2026-03-27,KRT-048,pivo,0.0,0.0
KRT,2026-03-27,KRT-049,pivo,0.0,0.0
KRT,2026-03-27,KRT-050,pivo,0.0,0.0
KRT,2026-03-27,KRT-051,pivo,0.0,0.0
KRT,2026-03-27,KRT-052,pivo,0.0,0.0
KRT,2026-03-27,KRT-053,pivo,0.0,0.0
KRT,2026-03-27,KRT-054,pivo,0.0,0.0
KRT,2026-03-27,KRT-055,pivo,0.0,0.0
KRT,2026-03-27,KRT-056,pivo,0.0,0.0
KRT,2026-03-27,KRT-057,pivo,0.0,0.0
KRT,2026-03-27,KRT-058,pivo,0.0,0.0
KRT,2026-03-27,KRT-059,pivo,0.0,0.0
KRT,2026-03-27,KRT-060,pivo,0.0,0.0
KRT,2026-03-27,KRT-061,pivo,0.0,0.0
KRT,2026-03-27,KRT-062,pivo,0.0,0.0
KRT,2026-03-27,KRT-063,pivo,0.0,0.0
KRT,2026-03-27,KRT-064,pivo,0.0,0.0
KRT,2026-03-27,KRT-065,pivo,0.0,0.0
KRT,2026-03-27,KRT-066,pivo,0.0,0.0
KRT,2026-03-27,KRT-067,pivo,0.0,0.0
KRT,2026-03-27,KRT-068,pivo,0.0,0.0
KRT,2026-03-27,KRT-069,pivo,0.0,0.0
KRT,2026-03-27,KRT-070,pivo,0.0,0.0
KRT,2026-03-27,KRT-071,pivo,0.0,0.0
KRT,2026-03-27,KRT-072,pivo,0.0,0.0
KRT,2026-03-27,KRT-073,pivo,0.0,0.0
KRT,2026-03-27,KRT-074,pivo,0.0,0.0
KRT,2026-03-26,KRT-001,pivo,0.0,0.0
KRT,2026-03-26,KRT-001B,pivo_secundario,0.0,0.0
KRT,2026-03-26,KRT-002,pivo,0.0,0.0
KRT,2026-03-26,KRT-002B,pivo_secundario,0.0,0.0
KRT,2026-03-26,KRT-003,pivo,0.0,0.0
KRT,2026-03-26,KRT-004,pivo,0.0,0.0
KRT,2026-03-26,KRT-004B,pivo_secundario,0.0,0.0
KRT,2026-03-26,KRT-005,pivo,0.0,0.0
KRT,2026-03-26,KRT-006B,pivo_secundario,0.19,0.19
KRT,2026-03-26,KRT-006,pivo,0.0,0.0
KRT,2026-03-26,KRT-007B,pivo_secundario,0.0,0.0
KRT,2026-03-26,KRT-007,pivo,0.0,0.0
KRT,2026-03-26,KRT-008,pivo,0.0,0.0
KRT,2026-03-26,KRT-009,pivo,0.0,0.0
KRT,2026-03-26,KRT-010,pivo,0.25,0.25
KRT,2026-03-26,KRT-011,pivo,0.0,0.0
KRT,2026-03-26,KRT-012,pivo,0.25,0.25
KRT,2026-03-26,KRT-013,pivo,0.25,0.25
KRT,2026-03-26,KRT-014,pivo,0.25,0.25
KRT,2026-03-26,KRT-015,pivo,0.0,0.0
KRT,2026-03-26,KRT-016,pivo,0.0,0.0
KRT,2026-03-26,KRT-017,pivo,0.0,0.0
KRT,2026-03-26,KRT-018,pivo,0.0,0.0
KRT,2026-03-26,KRT-019,pivo,0.25,0.25
KRT,2026-03-26,KRT-020,pivo,0.0,0.0
KRT,2026-03-26,KRT-021,pivo,0.0,0.0
KRT,2026-03-26,KRT-022,pivo,0.25,0.25
KRT,2026-03-26,KRT-023,pivo,0.25,0.25
KRT,2026-03-26,KRT-024,pivo,0.0,0.0
KRT,2026-03-26,KRT-025,pivo,0.25,0.25
KRT,2026-03-26,KRT-026,pivo,0.0,0.0
KRT,2026-03-26,KRT-027,pivo,0.0,0.0
KRT,2026-03-26,KRT-028,pivo,0.0,0.0
KRT,2026-03-26,KRT-029,pivo,0.25,0.25
KRT,2026-03-26,KRT-030,pivo,0.25,0.25
KRT,2026-03-26,KRT-031,pivo,0.0,0.0
KRT,2026-03-26,KRT-032,pivo,0.0,0.0
KRT,2026-03-26,KRT-033,pivo,0.0,0.0
KRT,2026-03-26,KRT-034,pivo,0.0,0.0
KRT,2026-03-26,KRT-035,pivo,0.0,0.0
KRT,2026-03-26,KRT-036,pivo,0.0,0.0
KRT,2026-03-26,KRT-037,pivo,0.0,0.0
KRT,2026-03-26,KRT-038,pivo,0.0,0.0
KRT,2026-03-26,KRT-039,pivo,0.0,0.0
KRT,2026-03-26,KRT-040,pivo,0.0,0.0
KRT,2026-03-26,KRT-041,pivo,0.0,0.0
KRT,2026-03-26,KRT-042,pivo,0.0,0.0
KRT,2026-03-26,KRT-043,pivo,0.0,0.0
KRT,2026-03-26,KRT-044,pivo,0.0,0.0
KRT,2026-03-26,KRT-045,pivo,0.0,0.0
KRT,2026-03-26,KRT-046,pivo,0.0,0.0
KRT,2026-03-26,KRT-047,pivo,0.25,0.25
KRT,2026-03-26,KRT-048,pivo,0.51,0.51
KRT,2026-03-26,KRT-049,pivo,0.0,0.0
KRT,2026-03-26,KRT-050,pivo,0.0,0.0
KRT,2026-03-26,KRT-051,pivo,0.0,0.0
KRT,2026-03-26,KRT-052,pivo,0.0,0.0
KRT,2026-03-26,KRT-053,pivo,0.0,0.0
KRT,2026-03-26,KRT-054,pivo,0.0,0.0
KRT,2026-03-26,KRT-055,pivo,0.25,0.25
KRT,2026-03-26,KRT-056,pivo,0.25,0.25
KRT,2026-03-26,KRT-057,pivo,0.0,0.0
KRT,2026-03-26,KRT-058,pivo,0.0,0.0
KRT,2026-03-26,KRT-059,pivo,0.0,0.0
KRT,2026-03-26,KRT-060,pivo,0.0,0.0
KRT,2026-03-26,KRT-061,pivo,0.0,0.0
KRT,2026-03-26,KRT-062,pivo,0.0,0.0
KRT,2026-03-26,KRT-063,pivo,0.0,0.0
KRT,2026-03-26,KRT-064,pivo,0.0,0.0
KRT,2026-03-26,KRT-065,pivo,0.0,0.0
KRT,2026-03-26,KRT-066,pivo,0.0,0.0
KRT,2026-03-26,KRT-067,pivo,0.25,0.25
KRT,2026-03-26,KRT-068,pivo,0.0,0.0
KRT,2026-03-26,KRT-069,pivo,0.0,0.0
KRT,2026-03-26,KRT-070,pivo,0.0,0.0
KRT,2026-03-26,KRT-071,pivo,0.25,0.25
KRT,2026-03-26,KRT-072,pivo,0.0,0.0
KRT,2026-03-26,KRT-073,pivo,0.25,0.25
KRT,2026-03-26,KRT-074,pivo,0.0,0.0
KRT,2026-03-25,KRT-001,pivo,57.15,57.15
KRT,2026-03-25,KRT-001B,pivo_secundario,38.81,38.81
KRT,2026-03-25,KRT-002,pivo,41.2,41.2
KRT,2026-03-25,KRT-002B,pivo_secundario,47.88,47.88
KRT,2026-03-25,KRT-003,pivo,34.32,34.32
KRT,2026-03-25,KRT-004,pivo,26.67,26.67
KRT,2026-03-25,KRT-004B,pivo_secundario,55.88,55.88
KRT,2026-03-25,KRT-005,pivo,25.5,25.5
KRT,2026-03-25,KRT-006B,pivo_secundario,10.23,10.23
KRT,2026-03-25,KRT-006,pivo,21.55,21.55
KRT,2026-03-25,KRT-007B,pivo_secundario,15.14,15.14
KRT,2026-03-25,KRT-007,pivo,20.57,20.57
KRT,2026-03-25,KRT-008,pivo,20.32,20.32
KRT,2026-03-25,KRT-009,pivo,23.88,23.88
KRT,2026-03-25,KRT-010,pivo,21.34,21.34
KRT,2026-03-25,KRT-011,pivo,20.83,20.83
KRT,2026-03-25,KRT-012,pivo,20.63,20.63
KRT,2026-03-25,KRT-013,pivo,22.61,22.61
KRT,2026-03-25,KRT-014,pivo,18.29,18.29
KRT,2026-03-25,KRT-015,pivo,19.56,19.56
KRT,2026-03-25,KRT-016,pivo,16.21,16.21
KRT,2026-03-25,KRT-017,pivo,14.73,14.73
KRT,2026-03-25,KRT-018,pivo,13.0,13.0
KRT,2026-03-25,KRT-019,pivo,14.48,14.48
KRT,2026-03-25,KRT-020,pivo,16.0,16.0
KRT,2026-03-25,KRT-021,pivo,17.27,17.27
KRT,2026-03-25,KRT-022,pivo,16.51,16.51
KRT,2026-03-25,KRT-023,pivo,20.83,20.83
KRT,2026-03-25,KRT-024,pivo,19.3,19.3
KRT,2026-03-25,KRT-025,pivo,19.56,19.56
KRT,2026-03-25,KRT-026,pivo,20.42,20.42
KRT,2026-03-25,KRT-027,pivo,23.62,23.62
KRT,2026-03-25,KRT-028,pivo,21.84,21.84
KRT,2026-03-25,KRT-029,pivo,27.94,27.94
KRT,2026-03-25,KRT-030,pivo,28.45,28.45
KRT,2026-03-25,KRT-031,pivo,23.62,23.62
KRT,2026-03-25,KRT-032,pivo,27.18,27.18
KRT,2026-03-25,KRT-033,pivo,46.48,46.48
KRT,2026-03-25,KRT-034,pivo,28.7,28.7
KRT,2026-03-25,KRT-035,pivo,21.59,21.59
KRT,2026-03-25,KRT-036,pivo,15.49,15.49
KRT,2026-03-25,KRT-037,pivo,21.59,21.59
KRT,2026-03-25,KRT-038,pivo,15.75,15.75
KRT,2026-03-25,KRT-039,pivo,17.53,17.53
KRT,2026-03-25,KRT-040,pivo,14.8,14.8
KRT,2026-03-25,KRT-041,pivo,15.26,15.26
KRT,2026-03-25,KRT-042,pivo,19.56,19.56
KRT,2026-03-25,KRT-043,pivo,19.05,19.05
KRT,2026-03-25,KRT-044,pivo,15.75,15.75
KRT,2026-03-25,KRT-045,pivo,11.45,11.45
KRT,2026-03-25,KRT-046,pivo,15.49,15.49
KRT,2026-03-25,KRT-047,pivo,16.51,16.51
KRT,2026-03-25,KRT-048,pivo,7.62,7.62
KRT,2026-03-25,KRT-049,pivo,11.68,11.68
KRT,2026-03-25,KRT-050,pivo,19.56,19.56
KRT,2026-03-25,KRT-051,pivo,18.54,18.54
KRT,2026-03-25,KRT-052,pivo,20.83,20.83
KRT,2026-03-25,KRT-053,pivo,17.0,17.0
KRT,2026-03-25,KRT-054,pivo,21.34,21.34
KRT,2026-03-25,KRT-055,pivo,21.59,21.59
KRT,2026-03-25,KRT-056,pivo,21.84,21.84
KRT,2026-03-25,KRT-057,pivo,13.79,13.79
KRT,2026-03-25,KRT-058,pivo,13.25,13.25
KRT,2026-03-25,KRT-059,pivo,21.84,21.84
KRT,2026-03-25,KRT-060,pivo,24.9,24.9
KRT,2026-03-25,KRT-061,pivo,19.8,19.8
KRT,2026-03-25,KRT-062,pivo,20.37,20.37
KRT,2026-03-25,KRT-063,pivo,31.2,31.2
KRT,2026-03-25,KRT-064,pivo,32.1,32.1
KRT,2026-03-25,KRT-065,pivo,28.5,28.5
KRT,2026-03-25,KRT-066,pivo,14.48,14.48
KRT,2026-03-25,KRT-067,pivo,16.51,16.51
KRT,2026-03-25,KRT-068,pivo,12.77,12.77
KRT,2026-03-25,KRT-069,pivo,18.03,18.03
KRT,2026-03-25,KRT-070,pivo,15.76,15.76
KRT,2026-03-25,KRT-071,pivo,18.29,18.29
KRT,2026-03-25,KRT-072,pivo,15.3,15.3
KRT,2026-03-25,KRT-073,pivo,17.53,17.53
KRT,2026-03-25,KRT-074,pivo,17.78,17.78
KRT,2026-03-24,KRT-001,pivo,10.16,10.16
KRT,2026-03-24,KRT-001B,pivo_secundario,5.77,5.77
KRT,2026-03-24,KRT-002,pivo,10.7,10.7
KRT,2026-03-24,KRT-002B,pivo_secundario,5.47,5.47
KRT,2026-03-24,KRT-003,pivo,32.77,32.77
KRT,2026-03-24,KRT-004,pivo,11.94,11.94
KRT,2026-03-24,KRT-004B,pivo_secundario,9.27,9.27
KRT,2026-03-24,KRT-005,pivo,20.0,20.0
KRT,2026-03-24,KRT-006B,pivo_secundario,7.72,7.72
KRT,2026-03-24,KRT-006,pivo,24.21,24.21
KRT,2026-03-24,KRT-007B,pivo_secundario,4.18,4.18
KRT,2026-03-24,KRT-007,pivo,21.34,21.34
KRT,2026-03-24,KRT-008,pivo,30.23,30.23
KRT,2026-03-24,KRT-009,pivo,21.34,21.34
KRT,2026-03-24,KRT-010,pivo,27.69,27.69
KRT,2026-03-24,KRT-011,pivo,20.32,20.32
KRT,2026-03-24,KRT-012,pivo,20.78,20.78
KRT,2026-03-24,KRT-013,pivo,21.34,21.34
KRT,2026-03-24,KRT-014,pivo,25.91,25.91
KRT,2026-03-24,KRT-015,pivo,34.29,34.29
KRT,2026-03-24,KRT-016,pivo,35.0,35.0
KRT,2026-03-24,KRT-017,pivo,35.05,35.05
KRT,2026-03-24,KRT-018,pivo,34.87,34.87
KRT,2026-03-24,KRT-019,pivo,22.61,22.61
KRT,2026-03-24,KRT-020,pivo,26.67,26.67
KRT,2026-03-24,KRT-021,pivo,22.61,22.61
KRT,2026-03-24,KRT-022,pivo,29.46,29.46
KRT,2026-03-24,KRT-023,pivo,29.21,29.21
KRT,2026-03-24,KRT-024,pivo,27.43,27.43
KRT,2026-03-24,KRT-025,pivo,25.15,25.15
KRT,2026-03-24,KRT-026,pivo,22.1,22.1
KRT,2026-03-24,KRT-027,pivo,22.86,22.86
KRT,2026-03-24,KRT-028,pivo,18.22,18.22
KRT,2026-03-24,KRT-029,pivo,29.21,29.21
KRT,2026-03-24,KRT-030,pivo,14.22,14.22
KRT,2026-03-24,KRT-031,pivo,17.53,17.53
KRT,2026-03-24,KRT-032,pivo,14.48,14.48
KRT,2026-03-24,KRT-033,pivo,12.95,12.95
KRT,2026-03-24,KRT-034,pivo,14.48,14.48
KRT,2026-03-24,KRT-035,pivo,17.78,17.78
KRT,2026-03-24,KRT-036,pivo,13.46,13.46
KRT,2026-03-24,KRT-037,pivo,10.92,10.92
KRT,2026-03-24,KRT-038,pivo,5.33,5.33
KRT,2026-03-24,KRT-039,pivo,10.41,10.41
KRT,2026-03-24,KRT-040,pivo,4.5,4.5
KRT,2026-03-24,KRT-041,pivo,3.58,3.58
KRT,2026-03-24,KRT-042,pivo,3.81,3.81
KRT,2026-03-24,KRT-043,pivo,2.54,2.54
KRT,2026-03-24,KRT-044,pivo,7.87,7.87
KRT,2026-03-24,KRT-045,pivo,3.61,3.61
KRT,2026-03-24,KRT-046,pivo,3.05,3.05
KRT,2026-03-24,KRT-047,pivo,3.3,3.3
KRT,2026-03-24,KRT-048,pivo,1.02,1.02
KRT,2026-03-24,KRT-049,pivo,1.78,1.78
KRT,2026-03-24,KRT-050,pivo,22.1,22.1
KRT,2026-03-24,KRT-051,pivo,22.35,22.35
KRT,2026-03-24,KRT-052,pivo,4.32,4.32
KRT,2026-03-24,KRT-053,pivo,8.14,8.14
KRT,2026-03-24,KRT-054,pivo,14.48,14.48
KRT,2026-03-24,KRT-055,pivo,13.21,13.21
KRT,2026-03-24,KRT-056,pivo,17.02,17.02
KRT,2026-03-24,KRT-057,pivo,13.56,13.56
KRT,2026-03-24,KRT-058,pivo,6.0,6.0
KRT,2026-03-24,KRT-059,pivo,21.59,21.59
KRT,2026-03-24,KRT-060,pivo,17.4,17.4
KRT,2026-03-24,KRT-061,pivo,20.1,20.1
KRT,2026-03-24,KRT-062,pivo,11.83,11.83
KRT,2026-03-24,KRT-063,pivo,13.8,13.8
KRT,2026-03-24,KRT-064,pivo,11.7,11.7
KRT,2026-03-24,KRT-065,pivo,14.1,14.1
KRT,2026-03-24,KRT-066,pivo,6.1,6.1
KRT,2026-03-24,KRT-067,pivo,8.89,8.89
KRT,2026-03-24,KRT-068,pivo,7.0,7.0
KRT,2026-03-24,KRT-069,pivo,18.54,18.54
KRT,2026-03-24,KRT-070,pivo,12.02,12.02
KRT,2026-03-24,KRT-071,pivo,9.14,9.14
KRT,2026-03-24,KRT-072,pivo,10.28,10.28
KRT,2026-03-24,KRT-073,pivo,25.91,25.91
KRT,2026-03-24,KRT-074,pivo,10.16,10.16
KRT,2026-03-23,KRT-001,pivo,1.27,1.27
KRT,2026-03-23,KRT-001B,pivo_secundario,21.71,21.71
KRT,2026-03-23,KRT-002,pivo,0.0,0.0
KRT,2026-03-23,KRT-002B,pivo_secundario,5.47,5.47
KRT,2026-03-23,KRT-003,pivo,1.02,1.02
KRT,2026-03-23,KRT-004,pivo,0.25,0.25
KRT,2026-03-23,KRT-004B,pivo_secundario,0.98,0.98
KRT,2026-03-23,KRT-005,pivo,0.0,0.0
KRT,2026-03-23,KRT-006B,pivo_secundario,0.0,0.0
KRT,2026-03-23,KRT-006,pivo,0.0,0.0
KRT,2026-03-23,KRT-007B,pivo_secundario,0.0,0.0
KRT,2026-03-23,KRT-007,pivo,0.0,0.0
KRT,2026-03-23,KRT-008,pivo,0.0,0.0
KRT,2026-03-23,KRT-009,pivo,0.0,0.0
KRT,2026-03-23,KRT-010,pivo,0.0,0.0
KRT,2026-03-23,KRT-011,pivo,0.0,0.0
KRT,2026-03-23,KRT-012,pivo,0.0,0.0
KRT,2026-03-23,KRT-013,pivo,1.27,1.27
KRT,2026-03-23,KRT-014,pivo,1.27,1.27
KRT,2026-03-23,KRT-015,pivo,0.0,0.0
KRT,2026-03-23,KRT-016,pivo,0.0,0.0
KRT,2026-03-23,KRT-017,pivo,0.0,0.0
KRT,2026-03-23,KRT-018,pivo,0.0,0.0
KRT,2026-03-23,KRT-019,pivo,0.25,0.25
KRT,2026-03-23,KRT-020,pivo,0.0,0.0
KRT,2026-03-23,KRT-021,pivo,0.0,0.0
KRT,2026-03-23,KRT-022,pivo,0.0,0.0
KRT,2026-03-23,KRT-023,pivo,0.25,0.25
KRT,2026-03-23,KRT-024,pivo,0.25,0.25
KRT,2026-03-23,KRT-025,pivo,0.25,0.25
KRT,2026-03-23,KRT-026,pivo,0.0,0.0
KRT,2026-03-23,KRT-027,pivo,0.0,0.0
KRT,2026-03-23,KRT-028,pivo,0.0,0.0
KRT,2026-03-23,KRT-029,pivo,0.0,0.0
KRT,2026-03-23,KRT-030,pivo,0.0,0.0
KRT,2026-03-23,KRT-031,pivo,0.76,0.76
KRT,2026-03-23,KRT-032,pivo,0.0,0.0
KRT,2026-03-23,KRT-033,pivo,0.0,0.0
KRT,2026-03-23,KRT-034,pivo,0.0,0.0
KRT,2026-03-23,KRT-035,pivo,0.0,0.0
KRT,2026-03-23,KRT-036,pivo,0.0,0.0
KRT,2026-03-23,KRT-037,pivo,0.25,0.25
KRT,2026-03-23,KRT-038,pivo,0.0,0.0
KRT,2026-03-23,KRT-039,pivo,0.0,0.0
KRT,2026-03-23,KRT-040,pivo,0.0,0.0
KRT,2026-03-23,KRT-041,pivo,0.0,0.0
KRT,2026-03-23,KRT-042,pivo,0.0,0.0
KRT,2026-03-23,KRT-043,pivo,0.25,0.25
KRT,2026-03-23,KRT-044,pivo,0.0,0.0
KRT,2026-03-23,KRT-045,pivo,0.0,0.0
KRT,2026-03-23,KRT-046,pivo,0.25,0.25
KRT,2026-03-23,KRT-047,pivo,2.03,2.03
KRT,2026-03-23,KRT-048,pivo,0.0,0.0
KRT,2026-03-23,KRT-049,pivo,6.6,6.6
KRT,2026-03-23,KRT-050,pivo,0.0,0.0
KRT,2026-03-23,KRT-051,pivo,0.0,0.0
KRT,2026-03-23,KRT-052,pivo,0.25,0.25
KRT,2026-03-23,KRT-053,pivo,0.0,0.0
KRT,2026-03-23,KRT-054,pivo,0.0,0.0
KRT,2026-03-23,KRT-055,pivo,0.0,0.0
KRT,2026-03-23,KRT-056,pivo,0.0,0.0
KRT,2026-03-23,KRT-057,pivo,0.0,0.0
KRT,2026-03-23,KRT-058,pivo,0.5,0.5
KRT,2026-03-23,KRT-059,pivo,0.0,0.0
KRT,2026-03-23,KRT-060,pivo,0.0,0.0
KRT,2026-03-23,KRT-061,pivo,0.0,0.0
KRT,2026-03-23,KRT-062,pivo,0.0,0.0
KRT,2026-03-23,KRT-063,pivo,0.0,0.0
KRT,2026-03-23,KRT-064,pivo,0.0,0.0
KRT,2026-03-23,KRT-065,pivo,0.0,0.0
KRT,2026-03-23,KRT-066,pivo,0.0,0.0
KRT,2026-03-23,KRT-067,pivo,0.0,0.0
KRT,2026-03-23,KRT-068,pivo,0.0,0.0
KRT,2026-03-23,KRT-069,pivo,0.0,0.0
KRT,2026-03-23,KRT-070,pivo,0.0,0.0
KRT,2026-03-23,KRT-071,pivo,0.0,0.0
KRT,2026-03-23,KRT-072,pivo,0.0,0.0
KRT,2026-03-23,KRT-073,pivo,0.0,0.0
KRT,2026-03-23,KRT-074,pivo,0.0,0.0
KRT,2026-03-22,KRT-001,pivo,18.54,18.54
KRT,2026-03-22,KRT-001B,pivo_secundario,4.16,4.16
KRT,2026-03-22,KRT-002,pivo,10.4,10.4
KRT,2026-03-22,KRT-002B,pivo_secundario,0.91,0.91
KRT,2026-03-22,KRT-003,pivo,12.3,12.3
KRT,2026-03-22,KRT-004,pivo,9.14,9.14
KRT,2026-03-22,KRT-004B,pivo_secundario,14.4,14.4
KRT,2026-03-22,KRT-005,pivo,1.25,1.25
KRT,2026-03-22,KRT-006B,pivo_secundario,0.77,0.77
KRT,2026-03-22,KRT-006,pivo,1.15,1.15
KRT,2026-03-22,KRT-007B,pivo_secundario,1.04,1.04
KRT,2026-03-22,KRT-007,pivo,1.52,1.52
KRT,2026-03-22,KRT-008,pivo,0.0,0.0
KRT,2026-03-22,KRT-009,pivo,1.52,1.52
KRT,2026-03-22,KRT-010,pivo,3.81,3.81
KRT,2026-03-22,KRT-011,pivo,5.59,5.59
KRT,2026-03-22,KRT-012,pivo,1.78,1.78
KRT,2026-03-22,KRT-013,pivo,9.4,9.4
KRT,2026-03-22,KRT-014,pivo,3.81,3.81
KRT,2026-03-22,KRT-015,pivo,7.11,7.11
KRT,2026-03-22,KRT-016,pivo,4.58,4.58
KRT,2026-03-22,KRT-017,pivo,15.49,15.49
KRT,2026-03-22,KRT-018,pivo,5.01,5.01
KRT,2026-03-22,KRT-019,pivo,1.52,1.52
KRT,2026-03-22,KRT-020,pivo,0.76,0.76
KRT,2026-03-22,KRT-021,pivo,0.51,0.51
KRT,2026-03-22,KRT-022,pivo,0.76,0.76
KRT,2026-03-22,KRT-023,pivo,0.25,0.25
KRT,2026-03-22,KRT-024,pivo,0.76,0.76
KRT,2026-03-22,KRT-025,pivo,1.27,1.27
KRT,2026-03-22,KRT-026,pivo,1.8,1.8
KRT,2026-03-22,KRT-027,pivo,5.0,5.0
KRT,2026-03-22,KRT-028,pivo,7.62,7.62
KRT,2026-03-22,KRT-029,pivo,4.57,4.57
KRT,2026-03-22,KRT-030,pivo,7.11,7.11
KRT,2026-03-22,KRT-031,pivo,12.7,12.7
KRT,2026-03-22,KRT-032,pivo,18.03,18.03
KRT,2026-03-22,KRT-033,pivo,15.56,15.56
KRT,2026-03-22,KRT-034,pivo,14.48,14.48
KRT,2026-03-22,KRT-035,pivo,1.02,1.02
KRT,2026-03-22,KRT-036,pivo,0.51,0.51
KRT,2026-03-22,KRT-037,pivo,0.0,0.0
KRT,2026-03-22,KRT-038,pivo,1.27,1.27
KRT,2026-03-22,KRT-039,pivo,7.11,7.11
KRT,2026-03-22,KRT-040,pivo,0.0,0.0
KRT,2026-03-22,KRT-041,pivo,0.0,0.0
KRT,2026-03-22,KRT-042,pivo,0.51,0.51
KRT,2026-03-22,KRT-043,pivo,2.29,2.29
KRT,2026-03-22,KRT-044,pivo,1.27,1.27
KRT,2026-03-22,KRT-045,pivo,0.0,0.0
KRT,2026-03-22,KRT-046,pivo,10.16,10.16
KRT,2026-03-22,KRT-047,pivo,6.86,6.86
KRT,2026-03-22,KRT-048,pivo,1.27,1.27
KRT,2026-03-22,KRT-049,pivo,3.81,3.81
KRT,2026-03-22,KRT-050,pivo,6.35,6.35
KRT,2026-03-22,KRT-051,pivo,6.86,6.86
KRT,2026-03-22,KRT-052,pivo,10.92,10.92
KRT,2026-03-22,KRT-053,pivo,0.0,0.0
KRT,2026-03-22,KRT-054,pivo,2.03,2.03
KRT,2026-03-22,KRT-055,pivo,5.33,5.33
KRT,2026-03-22,KRT-056,pivo,4.57,4.57
KRT,2026-03-22,KRT-057,pivo,1.58,1.58
KRT,2026-03-22,KRT-058,pivo,1.0,1.0
KRT,2026-03-22,KRT-059,pivo,0.25,0.25
KRT,2026-03-22,KRT-060,pivo,1.5,1.5
KRT,2026-03-22,KRT-061,pivo,0.6,0.6
KRT,2026-03-22,KRT-062,pivo,1.31,1.31
KRT,2026-03-22,KRT-063,pivo,0.6,0.6
KRT,2026-03-22,KRT-064,pivo,1.8,1.8
KRT,2026-03-22,KRT-065,pivo,1.2,1.2
KRT,2026-03-22,KRT-066,pivo,3.05,3.05
KRT,2026-03-22,KRT-067,pivo,2.29,2.29
KRT,2026-03-22,KRT-068,pivo,2.3,2.3
KRT,2026-03-22,KRT-069,pivo,0.25,0.25
KRT,2026-03-22,KRT-070,pivo,0.59,0.59
KRT,2026-03-22,KRT-071,pivo,0.0,0.0
KRT,2026-03-22,KRT-072,pivo,0.0,0.0
KRT,2026-03-22,KRT-073,pivo,0.51,0.51
KRT,2026-03-22,KRT-074,pivo,0.0,0.0
KRT,2026-03-21,KRT-001,pivo,0.76,0.76
KRT,2026-03-21,KRT-001B,pivo_secundario,1.15,1.15
KRT,2026-03-21,KRT-002,pivo,1.4,1.4
KRT,2026-03-21,KRT-002B,pivo_secundario,0.0,0.0
KRT,2026-03-21,KRT-003,pivo,1.0,1.0
KRT,2026-03-21,KRT-004,pivo,1.52,1.52
KRT,2026-03-21,KRT-004B,pivo_secundario,0.24,0.24
KRT,2026-03-21,KRT-005,pivo,2.75,2.75
KRT,2026-03-21,KRT-006B,pivo_secundario,1.54,1.54
KRT,2026-03-21,KRT-006,pivo,1.58,1.58
KRT,2026-03-21,KRT-007B,pivo_secundario,2.61,2.61
KRT,2026-03-21,KRT-007,pivo,1.27,1.27
KRT,2026-03-21,KRT-008,pivo,1.02,1.02
KRT,2026-03-21,KRT-009,pivo,1.27,1.27
KRT,2026-03-21,KRT-010,pivo,0.76,0.76
KRT,2026-03-21,KRT-011,pivo,0.76,0.76
KRT,2026-03-21,KRT-012,pivo,1.0,1.0
KRT,2026-03-21,KRT-013,pivo,1.78,1.78
KRT,2026-03-21,KRT-014,pivo,1.02,1.02
KRT,2026-03-21,KRT-015,pivo,0.76,0.76
KRT,2026-03-21,KRT-016,pivo,0.0,0.0
KRT,2026-03-21,KRT-017,pivo,1.27,1.27
KRT,2026-03-21,KRT-018,pivo,0.0,0.0
KRT,2026-03-21,KRT-019,pivo,1.52,1.52
KRT,2026-03-21,KRT-020,pivo,0.76,0.76
KRT,2026-03-21,KRT-021,pivo,1.27,1.27
KRT,2026-03-21,KRT-022,pivo,0.25,0.25
KRT,2026-03-21,KRT-023,pivo,0.25,0.25
KRT,2026-03-21,KRT-024,pivo,0.25,0.25
KRT,2026-03-21,KRT-025,pivo,0.51,0.51
KRT,2026-03-21,KRT-026,pivo,0.0,0.0
KRT,2026-03-21,KRT-027,pivo,1.27,1.27
KRT,2026-03-21,KRT-028,pivo,0.51,0.51
KRT,2026-03-21,KRT-029,pivo,0.76,0.76
KRT,2026-03-21,KRT-030,pivo,0.25,0.25
KRT,2026-03-21,KRT-031,pivo,0.0,0.0
KRT,2026-03-21,KRT-032,pivo,0.51,0.51
KRT,2026-03-21,KRT-033,pivo,0.76,0.76
KRT,2026-03-21,KRT-034,pivo,0.51,0.51
KRT,2026-03-21,KRT-035,pivo,4.83,4.83
KRT,2026-03-21,KRT-036,pivo,3.05,3.05
KRT,2026-03-21,KRT-037,pivo,5.33,5.33
KRT,2026-03-21,KRT-038,pivo,4.83,4.83
KRT,2026-03-21,KRT-039,pivo,1.78,1.78
KRT,2026-03-21,KRT-040,pivo,2.14,2.14
KRT,2026-03-21,KRT-041,pivo,3.77,3.77
KRT,2026-03-21,KRT-042,pivo,2.29,2.29
KRT,2026-03-21,KRT-043,pivo,3.05,3.05
KRT,2026-03-21,KRT-044,pivo,3.3,3.3
KRT,2026-03-21,KRT-045,pivo,5.34,5.34
KRT,2026-03-21,KRT-046,pivo,7.87,7.87
KRT,2026-03-21,KRT-047,pivo,4.57,4.57
KRT,2026-03-21,KRT-048,pivo,1.27,1.27
KRT,2026-03-21,KRT-049,pivo,1.52,1.52
KRT,2026-03-21,KRT-050,pivo,2.03,2.03
KRT,2026-03-21,KRT-051,pivo,1.78,1.78
KRT,2026-03-21,KRT-052,pivo,5.33,5.33
KRT,2026-03-21,KRT-053,pivo,5.17,5.17
KRT,2026-03-21,KRT-054,pivo,5.59,5.59
KRT,2026-03-21,KRT-055,pivo,4.57,4.57
KRT,2026-03-21,KRT-056,pivo,3.56,3.56
KRT,2026-03-21,KRT-057,pivo,2.49,2.49
KRT,2026-03-21,KRT-058,pivo,1.25,1.25
KRT,2026-03-21,KRT-059,pivo,2.79,2.79
KRT,2026-03-21,KRT-060,pivo,3.0,3.0
KRT,2026-03-21,KRT-061,pivo,2.4,2.4
KRT,2026-03-21,KRT-062,pivo,2.85,2.85
KRT,2026-03-21,KRT-063,pivo,4.5,4.5
KRT,2026-03-21,KRT-064,pivo,5.4,5.4
KRT,2026-03-21,KRT-065,pivo,1.5,1.5
KRT,2026-03-21,KRT-066,pivo,2.29,2.29
KRT,2026-03-21,KRT-067,pivo,5.08,5.08
KRT,2026-03-21,KRT-068,pivo,4.77,4.77
KRT,2026-03-21,KRT-069,pivo,1.27,1.27
KRT,2026-03-21,KRT-070,pivo,0.99,0.99
KRT,2026-03-21,KRT-071,pivo,1.02,1.02
KRT,2026-03-21,KRT-072,pivo,1.0,1.0
KRT,2026-03-21,KRT-073,pivo,6.1,6.1
KRT,2026-03-21,KRT-074,pivo,4.83,4.83
KRT,2026-03-20,KRT-001,pivo,8.64,8.64
KRT,2026-03-20,KRT-001B,pivo_secundario,0.23,0.23
KRT,2026-03-20,KRT-002,pivo,4.55,4.55
KRT,2026-03-20,KRT-002B,pivo_secundario,0.23,0.23
KRT,2026-03-20,KRT-003,pivo,4.83,4.83
KRT,2026-03-20,KRT-004,pivo,5.84,5.84
KRT,2026-03-20,KRT-004B,pivo_secundario,8.78,8.78
KRT,2026-03-20,KRT-005,pivo,2.0,2.0
KRT,2026-03-20,KRT-006B,pivo_secundario,11.77,11.77
KRT,2026-03-20,KRT-006,pivo,1.0,1.0
KRT,2026-03-20,KRT-007B,pivo_secundario,12.53,12.53
KRT,2026-03-20,KRT-007,pivo,1.52,1.52
KRT,2026-03-20,KRT-008,pivo,0.25,0.25
KRT,2026-03-20,KRT-009,pivo,1.78,1.78
KRT,2026-03-20,KRT-010,pivo,1.02,1.02
KRT,2026-03-20,KRT-011,pivo,0.25,0.25
KRT,2026-03-20,KRT-012,pivo,0.0,0.0
KRT,2026-03-20,KRT-013,pivo,0.25,0.25
KRT,2026-03-20,KRT-014,pivo,0.0,0.0
KRT,2026-03-20,KRT-015,pivo,19.05,19.05
KRT,2026-03-20,KRT-016,pivo,21.3,21.3
KRT,2026-03-20,KRT-017,pivo,4.83,4.83
KRT,2026-03-20,KRT-018,pivo,3.49,3.49
KRT,2026-03-20,KRT-019,pivo,1.78,1.78
KRT,2026-03-20,KRT-020,pivo,7.87,7.87
KRT,2026-03-20,KRT-021,pivo,1.78,1.78
KRT,2026-03-20,KRT-022,pivo,3.05,3.05
KRT,2026-03-20,KRT-023,pivo,0.0,0.0
KRT,2026-03-20,KRT-024,pivo,0.51,0.51
KRT,2026-03-20,KRT-025,pivo,0.25,0.25
KRT,2026-03-20,KRT-026,pivo,0.0,0.0
KRT,2026-03-20,KRT-027,pivo,0.0,0.0
KRT,2026-03-20,KRT-028,pivo,0.0,0.0
KRT,2026-03-20,KRT-029,pivo,0.51,0.51
KRT,2026-03-20,KRT-030,pivo,0.0,0.0
KRT,2026-03-20,KRT-031,pivo,0.25,0.25
KRT,2026-03-20,KRT-032,pivo,0.0,0.0
KRT,2026-03-20,KRT-033,pivo,0.51,0.51
KRT,2026-03-20,KRT-034,pivo,0.25,0.25
KRT,2026-03-20,KRT-035,pivo,4.57,4.57
KRT,2026-03-20,KRT-036,pivo,19.05,19.05
KRT,2026-03-20,KRT-037,pivo,12.95,12.95
KRT,2026-03-20,KRT-038,pivo,28.19,28.19
KRT,2026-03-20,KRT-039,pivo,21.84,21.84
KRT,2026-03-20,KRT-040,pivo,21.48,21.48
KRT,2026-03-20,KRT-041,pivo,22.57,22.57
KRT,2026-03-20,KRT-042,pivo,26.42,26.42
KRT,2026-03-20,KRT-043,pivo,21.08,21.08
KRT,2026-03-20,KRT-044,pivo,19.56,19.56
KRT,2026-03-20,KRT-045,pivo,13.11,13.11
KRT,2026-03-20,KRT-046,pivo,14.22,14.22
KRT,2026-03-20,KRT-047,pivo,10.41,10.41
KRT,2026-03-20,KRT-048,pivo,4.32,4.32
KRT,2026-03-20,KRT-049,pivo,3.56,3.56
KRT,2026-03-20,KRT-050,pivo,23.11,23.11
KRT,2026-03-20,KRT-051,pivo,25.15,25.15
KRT,2026-03-20,KRT-052,pivo,21.84,21.84
KRT,2026-03-20,KRT-053,pivo,17.2,17.2
KRT,2026-03-20,KRT-054,pivo,21.59,21.59
KRT,2026-03-20,KRT-055,pivo,16.76,16.76
KRT,2026-03-20,KRT-056,pivo,23.11,23.11
KRT,2026-03-20,KRT-057,pivo,8.59,8.59
KRT,2026-03-20,KRT-058,pivo,3.25,3.25
KRT,2026-03-20,KRT-059,pivo,5.84,5.84
KRT,2026-03-20,KRT-060,pivo,5.1,5.1
KRT,2026-03-20,KRT-061,pivo,16.2,16.2
KRT,2026-03-20,KRT-062,pivo,5.26,5.26
KRT,2026-03-20,KRT-063,pivo,18.0,18.0
KRT,2026-03-20,KRT-064,pivo,18.0,18.0
KRT,2026-03-20,KRT-065,pivo,21.3,21.3
KRT,2026-03-20,KRT-066,pivo,1.52,1.52
KRT,2026-03-20,KRT-067,pivo,3.3,3.3
KRT,2026-03-20,KRT-068,pivo,1.5,1.5
KRT,2026-03-20,KRT-069,pivo,6.1,6.1
KRT,2026-03-20,KRT-070,pivo,13.79,13.79
KRT,2026-03-20,KRT-071,pivo,9.14,9.14
KRT,2026-03-20,KRT-072,pivo,10.0,10.0
KRT,2026-03-20,KRT-073,pivo,34.8,34.8
KRT,2026-03-20,KRT-074,pivo,24.89,24.89
KRT,2026-03-19,KRT-001,pivo,0.0,0.0
KRT,2026-03-19,KRT-001B,pivo_secundario,0.0,0.0
KRT,2026-03-19,KRT-002,pivo,0.0,0.0
KRT,2026-03-19,KRT-002B,pivo_secundario,0.0,0.0
KRT,2026-03-19,KRT-003,pivo,0.0,0.0
KRT,2026-03-19,KRT-004,pivo,0.0,0.0
KRT,2026-03-19,KRT-004B,pivo_secundario,7.32,7.32
KRT,2026-03-19,KRT-005,pivo,0.0,0.0
KRT,2026-03-19,KRT-006B,pivo_secundario,0.0,0.0
KRT,2026-03-19,KRT-006,pivo,0.0,0.0
KRT,2026-03-19,KRT-007B,pivo_secundario,0.0,0.0
KRT,2026-03-19,KRT-007,pivo,0.0,0.0
KRT,2026-03-19,KRT-008,pivo,0.0,0.0
KRT,2026-03-19,KRT-009,pivo,0.25,0.25
KRT,2026-03-19,KRT-010,pivo,0.0,0.0
KRT,2026-03-19,KRT-011,pivo,0.51,0.51
KRT,2026-03-19,KRT-012,pivo,0.0,0.0
KRT,2026-03-19,KRT-013,pivo,0.25,0.25
KRT,2026-03-19,KRT-014,pivo,0.0,0.0
KRT,2026-03-19,KRT-015,pivo,0.0,0.0
KRT,2026-03-19,KRT-016,pivo,0.0,0.0
KRT,2026-03-19,KRT-017,pivo,0.0,0.0
KRT,2026-03-19,KRT-018,pivo,0.0,0.0
KRT,2026-03-19,KRT-019,pivo,0.0,0.0
KRT,2026-03-19,KRT-020,pivo,0.0,0.0
KRT,2026-03-19,KRT-021,pivo,0.0,0.0
KRT,2026-03-19,KRT-022,pivo,0.0,0.0
KRT,2026-03-19,KRT-023,pivo,0.0,0.0
KRT,2026-03-19,KRT-024,pivo,0.25,0.25
KRT,2026-03-19,KRT-025,pivo,0.0,0.0
KRT,2026-03-19,KRT-026,pivo,0.0,0.0
KRT,2026-03-19,KRT-027,pivo,0.0,0.0
KRT,2026-03-19,KRT-028,pivo,0.0,0.0
KRT,2026-03-19,KRT-029,pivo,0.0,0.0
KRT,2026-03-19,KRT-030,pivo,0.0,0.0
KRT,2026-03-19,KRT-031,pivo,0.0,0.0
KRT,2026-03-19,KRT-032,pivo,0.0,0.0
KRT,2026-03-19,KRT-033,pivo,0.0,0.0
KRT,2026-03-19,KRT-034,pivo,0.0,0.0
KRT,2026-03-19,KRT-035,pivo,0.0,0.0
KRT,2026-03-19,KRT-036,pivo,0.0,0.0
KRT,2026-03-19,KRT-037,pivo,0.0,0.0
KRT,2026-03-19,KRT-038,pivo,0.0,0.0
KRT,2026-03-19,KRT-039,pivo,0.0,0.0
KRT,2026-03-19,KRT-040,pivo,0.0,0.0
KRT,2026-03-19,KRT-041,pivo,0.0,0.0
KRT,2026-03-19,KRT-042,pivo,0.0,0.0
KRT,2026-03-19,KRT-043,pivo,0.0,0.0
KRT,2026-03-19,KRT-044,pivo,0.0,0.0
KRT,2026-03-19,KRT-045,pivo,0.0,0.0
KRT,2026-03-19,KRT-046,pivo,0.0,0.0
KRT,2026-03-19,KRT-047,pivo,0.0,0.0
KRT,2026-03-19,KRT-048,pivo,0.0,0.0
KRT,2026-03-19,KRT-049,pivo,0.0,0.0
KRT,2026-03-19,KRT-050,pivo,0.0,0.0
KRT,2026-03-19,KRT-051,pivo,0.0,0.0
KRT,2026-03-19,KRT-052,pivo,0.0,0.0
KRT,2026-03-19,KRT-053,pivo,0.0,0.0
KRT,2026-03-19,KRT-054,pivo,0.0,0.0
KRT,2026-03-19,KRT-055,pivo,0.0,0.0
KRT,2026-03-19,KRT-056,pivo,0.0,0.0
KRT,2026-03-19,KRT-057,pivo,0.0,0.0
KRT,2026-03-19,KRT-058,pivo,0.0,0.0
KRT,2026-03-19,KRT-059,pivo,0.0,0.0
KRT,2026-03-19,KRT-060,pivo,0.0,0.0
KRT,2026-03-19,KRT-061,pivo,0.0,0.0
KRT,2026-03-19,KRT-062,pivo,0.0,0.0
KRT,2026-03-19,KRT-063,pivo,0.0,0.0
KRT,2026-03-19,KRT-064,pivo,0.0,0.0
KRT,2026-03-19,KRT-065,pivo,0.0,0.0
KRT,2026-03-19,KRT-066,pivo,0.0,0.0
KRT,2026-03-19,KRT-067,pivo,0.0,0.0
KRT,2026-03-19,KRT-068,pivo,0.0,0.0
KRT,2026-03-19,KRT-069,pivo,0.0,0.0
KRT,2026-03-19,KRT-070,pivo,0.0,0.0
KRT,2026-03-19,KRT-071,pivo,0.0,0.0
KRT,2026-03-19,KRT-072,pivo,0.0,0.0
KRT,2026-03-19,KRT-073,pivo,0.0,0.0
KRT,2026-03-19,KRT-074,pivo,0.0,0.0
KRT,2026-03-18,KRT-001,pivo,0.0,0.0
KRT,2026-03-18,KRT-001B,pivo_secundario,0.0,0.0
KRT,2026-03-18,KRT-002,pivo,0.0,0.0
KRT,2026-03-18,KRT-002B,pivo_secundario,0.0,0.0
KRT,2026-03-18,KRT-003,pivo,0.51,0.51
KRT,2026-03-18,KRT-004,pivo,0.51,0.51
KRT,2026-03-18,KRT-004B,pivo_secundario,2.2,2.2
KRT,2026-03-18,KRT-005,pivo,0.25,0.25
KRT,2026-03-18,KRT-006B,pivo_secundario,0.0,0.0
KRT,2026-03-18,KRT-006,pivo,0.0,0.0
KRT,2026-03-18,KRT-007B,pivo_secundario,0.0,0.0
KRT,2026-03-18,KRT-007,pivo,0.0,0.0
KRT,2026-03-18,KRT-008,pivo,0.0,0.0
KRT,2026-03-18,KRT-009,pivo,0.0,0.0
KRT,2026-03-18,KRT-010,pivo,0.51,0.51
KRT,2026-03-18,KRT-011,pivo,0.0,0.0
KRT,2026-03-18,KRT-012,pivo,0.0,0.0
KRT,2026-03-18,KRT-013,pivo,0.0,0.0
KRT,2026-03-18,KRT-014,pivo,0.0,0.0
KRT,2026-03-18,KRT-015,pivo,0.0,0.0
KRT,2026-03-18,KRT-016,pivo,0.0,0.0
KRT,2026-03-18,KRT-017,pivo,0.0,0.0
KRT,2026-03-18,KRT-018,pivo,0.0,0.0
KRT,2026-03-18,KRT-019,pivo,0.0,0.0
KRT,2026-03-18,KRT-020,pivo,0.0,0.0
KRT,2026-03-18,KRT-021,pivo,0.0,0.0
KRT,2026-03-18,KRT-022,pivo,0.0,0.0
KRT,2026-03-18,KRT-023,pivo,0.0,0.0
KRT,2026-03-18,KRT-024,pivo,0.0,0.0
KRT,2026-03-18,KRT-025,pivo,0.0,0.0
KRT,2026-03-18,KRT-026,pivo,0.0,0.0
KRT,2026-03-18,KRT-027,pivo,1.27,1.27
KRT,2026-03-18,KRT-028,pivo,0.0,0.0
KRT,2026-03-18,KRT-029,pivo,0.51,0.51
KRT,2026-03-18,KRT-030,pivo,0.0,0.0
KRT,2026-03-18,KRT-031,pivo,0.0,0.0
KRT,2026-03-18,KRT-032,pivo,0.0,0.0
KRT,2026-03-18,KRT-033,pivo,0.0,0.0
KRT,2026-03-18,KRT-034,pivo,0.0,0.0
KRT,2026-03-18,KRT-035,pivo,0.51,0.51
KRT,2026-03-18,KRT-036,pivo,0.0,0.0
KRT,2026-03-18,KRT-037,pivo,0.0,0.0
KRT,2026-03-18,KRT-038,pivo,0.0,0.0
KRT,2026-03-18,KRT-039,pivo,0.0,0.0
KRT,2026-03-18,KRT-040,pivo,0.0,0.0
KRT,2026-03-18,KRT-041,pivo,0.0,0.0
KRT,2026-03-18,KRT-042,pivo,0.0,0.0
KRT,2026-03-18,KRT-043,pivo,0.0,0.0
KRT,2026-03-18,KRT-044,pivo,0.0,0.0
KRT,2026-03-18,KRT-045,pivo,0.0,0.0
KRT,2026-03-18,KRT-046,pivo,0.0,0.0
KRT,2026-03-18,KRT-047,pivo,0.0,0.0
KRT,2026-03-18,KRT-048,pivo,0.0,0.0
KRT,2026-03-18,KRT-049,pivo,0.0,0.0
KRT,2026-03-18,KRT-050,pivo,0.0,0.0
KRT,2026-03-18,KRT-051,pivo,0.0,0.0
KRT,2026-03-18,KRT-052,pivo,0.51,0.51
KRT,2026-03-18,KRT-053,pivo,0.0,0.0
KRT,2026-03-18,KRT-054,pivo,0.0,0.0
KRT,2026-03-18,KRT-055,pivo,0.0,0.0
KRT,2026-03-18,KRT-056,pivo,0.25,0.25
KRT,2026-03-18,KRT-057,pivo,0.0,0.0
KRT,2026-03-18,KRT-058,pivo,0.0,0.0
KRT,2026-03-18,KRT-059,pivo,0.0,0.0
KRT,2026-03-18,KRT-060,pivo,0.0,0.0
KRT,2026-03-18,KRT-061,pivo,0.0,0.0
KRT,2026-03-18,KRT-062,pivo,0.0,0.0
KRT,2026-03-18,KRT-063,pivo,0.0,0.0
KRT,2026-03-18,KRT-064,pivo,0.0,0.0
KRT,2026-03-18,KRT-065,pivo,0.0,0.0
KRT,2026-03-18,KRT-066,pivo,0.0,0.0
KRT,2026-03-18,KRT-067,pivo,0.0,0.0
KRT,2026-03-18,KRT-068,pivo,0.0,0.0
KRT,2026-03-18,KRT-069,pivo,0.0,0.0
KRT,2026-03-18,KRT-070,pivo,0.0,0.0
KRT,2026-03-18,KRT-071,pivo,0.0,0.0
KRT,2026-03-18,KRT-072,pivo,0.0,0.0
KRT,2026-03-18,KRT-073,pivo,0.0,0.0
KRT,2026-03-18,KRT-074,pivo,0.0,0.0
KRT,2026-03-17,KRT-001,pivo,0.0,0.0
KRT,2026-03-17,KRT-001B,pivo_secundario,0.0,0.0
KRT,2026-03-17,KRT-002,pivo,0.0,0.0
KRT,2026-03-17,KRT-002B,pivo_secundario,0.0,0.0
KRT,2026-03-17,KRT-003,pivo,0.0,0.0
KRT,2026-03-17,KRT-004,pivo,0.0,0.0
KRT,2026-03-17,KRT-004B,pivo_secundario,0.0,0.0
KRT,2026-03-17,KRT-005,pivo,0.0,0.0
KRT,2026-03-17,KRT-006B,pivo_secundario,0.0,0.0
KRT,2026-03-17,KRT-006,pivo,0.0,0.0
KRT,2026-03-17,KRT-007B,pivo_secundario,0.0,0.0
KRT,2026-03-17,KRT-007,pivo,0.0,0.0
KRT,2026-03-17,KRT-008,pivo,0.0,0.0
KRT,2026-03-17,KRT-009,pivo,0.0,0.0
KRT,2026-03-17,KRT-010,pivo,0.0,0.0
KRT,2026-03-17,KRT-011,pivo,0.25,0.25
KRT,2026-03-17,KRT-012,pivo,0.0,0.0
KRT,2026-03-17,KRT-013,pivo,0.0,0.0
KRT,2026-03-17,KRT-014,pivo,0.0,0.0
KRT,2026-03-17,KRT-015,pivo,0.0,0.0
KRT,2026-03-17,KRT-016,pivo,0.0,0.0
KRT,2026-03-17,KRT-017,pivo,0.0,0.0
KRT,2026-03-17,KRT-018,pivo,0.0,0.0
KRT,2026-03-17,KRT-019,pivo,0.0,0.0
KRT,2026-03-17,KRT-020,pivo,0.0,0.0
KRT,2026-03-17,KRT-021,pivo,0.0,0.0
KRT,2026-03-17,KRT-022,pivo,0.0,0.0
KRT,2026-03-17,KRT-023,pivo,0.0,0.0
KRT,2026-03-17,KRT-024,pivo,0.0,0.0
KRT,2026-03-17,KRT-025,pivo,0.0,0.0
KRT,2026-03-17,KRT-026,pivo,0.0,0.0
KRT,2026-03-17,KRT-027,pivo,0.0,0.0
KRT,2026-03-17,KRT-028,pivo,0.0,0.0
KRT,2026-03-17,KRT-029,pivo,0.0,0.0
KRT,2026-03-17,KRT-030,pivo,0.0,0.0
KRT,2026-03-17,KRT-031,pivo,0.0,0.0
KRT,2026-03-17,KRT-032,pivo,0.0,0.0
KRT,2026-03-17,KRT-033,pivo,0.0,0.0
KRT,2026-03-17,KRT-034,pivo,0.0,0.0
KRT,2026-03-17,KRT-035,pivo,0.0,0.0
KRT,2026-03-17,KRT-036,pivo,0.0,0.0
KRT,2026-03-17,KRT-037,pivo,0.0,0.0
KRT,2026-03-17,KRT-038,pivo,0.0,0.0
KRT,2026-03-17,KRT-039,pivo,0.0,0.0
KRT,2026-03-17,KRT-040,pivo,0.0,0.0
KRT,2026-03-17,KRT-041,pivo,0.0,0.0
KRT,2026-03-17,KRT-042,pivo,0.0,0.0
KRT,2026-03-17,KRT-043,pivo,0.0,0.0
KRT,2026-03-17,KRT-044,pivo,0.0,0.0
KRT,2026-03-17,KRT-045,pivo,0.0,0.0
KRT,2026-03-17,KRT-046,pivo,0.0,0.0
KRT,2026-03-17,KRT-047,pivo,0.0,0.0
KRT,2026-03-17,KRT-048,pivo,0.0,0.0
KRT,2026-03-17,KRT-049,pivo,0.0,0.0
KRT,2026-03-17,KRT-050,pivo,0.0,0.0
KRT,2026-03-17,KRT-051,pivo,0.0,0.0
KRT,2026-03-17,KRT-052,pivo,0.0,0.0
KRT,2026-03-17,KRT-053,pivo,0.0,0.0
KRT,2026-03-17,KRT-054,pivo,0.0,0.0
KRT,2026-03-17,KRT-055,pivo,0.0,0.0
KRT,2026-03-17,KRT-056,pivo,0.25,0.25
KRT,2026-03-17,KRT-057,pivo,0.0,0.0
KRT,2026-03-17,KRT-058,pivo,0.0,0.0
KRT,2026-03-17,KRT-059,pivo,0.0,0.0
KRT,2026-03-17,KRT-060,pivo,0.0,0.0
KRT,2026-03-17,KRT-061,pivo,0.0,0.0
KRT,2026-03-17,KRT-062,pivo,0.0,0.0
KRT,2026-03-17,KRT-063,pivo,0.0,0.0
KRT,2026-03-17,KRT-064,pivo,0.0,0.0
KRT,2026-03-17,KRT-065,pivo,0.0,0.0
KRT,2026-03-17,KRT-066,pivo,0.0,0.0
KRT,2026-03-17,KRT-067,pivo,0.0,0.0
KRT,2026-03-17,KRT-068,pivo,0.0,0.0
KRT,2026-03-17,KRT-069,pivo,0.0,0.0
KRT,2026-03-17,KRT-070,pivo,0.0,0.0
KRT,2026-03-17,KRT-071,pivo,0.0,0.0
KRT,2026-03-17,KRT-072,pivo,0.0,0.0
KRT,2026-03-17,KRT-073,pivo,0.0,0.0
KRT,2026-03-17,KRT-074,pivo,0.0,0.0
KRT,2026-03-16,KRT-001,pivo,0.0,0.0
KRT,2026-03-16,KRT-001B,pivo_secundario,0.23,0.23
KRT,2026-03-16,KRT-002,pivo,0.0,0.0
KRT,2026-03-16,KRT-002B,pivo_secundario,0.46,0.46
KRT,2026-03-16,KRT-003,pivo,0.0,0.0
KRT,2026-03-16,KRT-004,pivo,0.0,0.0
KRT,2026-03-16,KRT-004B,pivo_secundario,0.24,0.24
KRT,2026-03-16,KRT-005,pivo,0.0,0.0
KRT,2026-03-16,KRT-006B,pivo_secundario,0.0,0.0
KRT,2026-03-16,KRT-006,pivo,0.0,0.0
KRT,2026-03-16,KRT-007B,pivo_secundario,0.26,0.26
KRT,2026-03-16,KRT-007,pivo,0.0,0.0
KRT,2026-03-16,KRT-008,pivo,0.0,0.0
KRT,2026-03-16,KRT-009,pivo,0.0,0.0
KRT,2026-03-16,KRT-010,pivo,0.0,0.0
KRT,2026-03-16,KRT-011,pivo,0.0,0.0
KRT,2026-03-16,KRT-012,pivo,0.0,0.0
KRT,2026-03-16,KRT-013,pivo,0.0,0.0
KRT,2026-03-16,KRT-014,pivo,0.0,0.0
KRT,2026-03-16,KRT-015,pivo,0.0,0.0
KRT,2026-03-16,KRT-016,pivo,0.0,0.0
KRT,2026-03-16,KRT-017,pivo,0.0,0.0
KRT,2026-03-16,KRT-018,pivo,0.0,0.0
KRT,2026-03-16,KRT-019,pivo,0.25,0.25
KRT,2026-03-16,KRT-020,pivo,0.0,0.0
KRT,2026-03-16,KRT-021,pivo,0.0,0.0
KRT,2026-03-16,KRT-022,pivo,0.25,0.25
KRT,2026-03-16,KRT-023,pivo,0.0,0.0
KRT,2026-03-16,KRT-024,pivo,0.0,0.0
KRT,2026-03-16,KRT-025,pivo,0.0,0.0
KRT,2026-03-16,KRT-026,pivo,0.0,0.0
KRT,2026-03-16,KRT-027,pivo,0.51,0.51
KRT,2026-03-16,KRT-028,pivo,0.0,0.0
KRT,2026-03-16,KRT-029,pivo,0.51,0.51
KRT,2026-03-16,KRT-030,pivo,0.0,0.0
KRT,2026-03-16,KRT-031,pivo,0.0,0.0
KRT,2026-03-16,KRT-032,pivo,0.0,0.0
KRT,2026-03-16,KRT-033,pivo,0.25,0.25
KRT,2026-03-16,KRT-034,pivo,0.25,0.25
KRT,2026-03-16,KRT-035,pivo,0.25,0.25
KRT,2026-03-16,KRT-036,pivo,0.0,0.0
KRT,2026-03-16,KRT-037,pivo,0.0,0.0
KRT,2026-03-16,KRT-038,pivo,0.0,0.0
KRT,2026-03-16,KRT-039,pivo,0.0,0.0
KRT,2026-03-16,KRT-040,pivo,0.0,0.0
KRT,2026-03-16,KRT-041,pivo,0.0,0.0
KRT,2026-03-16,KRT-042,pivo,0.0,0.0
KRT,2026-03-16,KRT-043,pivo,0.0,0.0
KRT,2026-03-16,KRT-044,pivo,0.0,0.0
KRT,2026-03-16,KRT-045,pivo,0.0,0.0
KRT,2026-03-16,KRT-046,pivo,0.0,0.0
KRT,2026-03-16,KRT-047,pivo,0.0,0.0
KRT,2026-03-16,KRT-048,pivo,0.0,0.0
KRT,2026-03-16,KRT-049,pivo,0.0,0.0
KRT,2026-03-16,KRT-050,pivo,0.25,0.25
KRT,2026-03-16,KRT-051,pivo,1.78,1.78
KRT,2026-03-16,KRT-052,pivo,0.25,0.25
KRT,2026-03-16,KRT-053,pivo,0.0,0.0
KRT,2026-03-16,KRT-054,pivo,0.51,0.51
KRT,2026-03-16,KRT-055,pivo,0.25,0.25
KRT,2026-03-16,KRT-056,pivo,1.27,1.27
KRT,2026-03-16,KRT-057,pivo,0.9,0.9
KRT,2026-03-16,KRT-058,pivo,1.0,1.0
KRT,2026-03-16,KRT-059,pivo,2.03,2.03
KRT,2026-03-16,KRT-060,pivo,4.2,4.2
KRT,2026-03-16,KRT-061,pivo,3.9,3.9
KRT,2026-03-16,KRT-062,pivo,4.82,4.82
KRT,2026-03-16,KRT-063,pivo,3.01,3.01
KRT,2026-03-16,KRT-064,pivo,3.0,3.0
KRT,2026-03-16,KRT-065,pivo,2.4,2.4
KRT,2026-03-16,KRT-066,pivo,3.05,3.05
KRT,2026-03-16,KRT-067,pivo,5.08,5.08
KRT,2026-03-16,KRT-068,pivo,4.59,4.59
KRT,2026-03-16,KRT-069,pivo,1.27,1.27
KRT,2026-03-16,KRT-070,pivo,1.97,1.97
KRT,2026-03-16,KRT-071,pivo,1.52,1.52
KRT,2026-03-16,KRT-072,pivo,1.58,1.58
KRT,2026-03-16,KRT-073,pivo,0.0,0.0
KRT,2026-03-16,KRT-074,pivo,0.0,0.0
KRT,2026-03-15,KRT-001,pivo,0.0,0.0
KRT,2026-03-15,KRT-001B,pivo_secundario,1.39,1.39
KRT,2026-03-15,KRT-002,pivo,0.0,0.0
KRT,2026-03-15,KRT-002B,pivo_secundario,2.96,2.96
KRT,2026-03-15,KRT-003,pivo,0.0,0.0
KRT,2026-03-15,KRT-004,pivo,0.0,0.0
KRT,2026-03-15,KRT-004B,pivo_secundario,0.73,0.73
KRT,2026-03-15,KRT-005,pivo,0.75,0.75
KRT,2026-03-15,KRT-006B,pivo_secundario,0.0,0.0
KRT,2026-03-15,KRT-006,pivo,0.0,0.0
KRT,2026-03-15,KRT-007B,pivo_secundario,0.0,0.0
KRT,2026-03-15,KRT-007,pivo,0.76,0.76
KRT,2026-03-15,KRT-008,pivo,0.0,0.0
KRT,2026-03-15,KRT-009,pivo,0.0,0.0
KRT,2026-03-15,KRT-010,pivo,0.0,0.0
KRT,2026-03-15,KRT-011,pivo,0.0,0.0
KRT,2026-03-15,KRT-012,pivo,0.0,0.0
KRT,2026-03-15,KRT-013,pivo,0.0,0.0
KRT,2026-03-15,KRT-014,pivo,0.0,0.0
KRT,2026-03-15,KRT-015,pivo,0.25,0.25
KRT,2026-03-15,KRT-016,pivo,0.0,0.0
KRT,2026-03-15,KRT-017,pivo,0.0,0.0
KRT,2026-03-15,KRT-018,pivo,0.0,0.0
KRT,2026-03-15,KRT-019,pivo,2.79,2.79
KRT,2026-03-15,KRT-020,pivo,4.83,4.83
KRT,2026-03-15,KRT-021,pivo,5.59,5.59
KRT,2026-03-15,KRT-022,pivo,4.51,4.51
KRT,2026-03-15,KRT-023,pivo,0.76,0.76
KRT,2026-03-15,KRT-024,pivo,7.11,7.11
KRT,2026-03-15,KRT-025,pivo,10.92,10.92
KRT,2026-03-15,KRT-026,pivo,0.0,0.0
KRT,2026-03-15,KRT-027,pivo,8.89,8.89
KRT,2026-03-15,KRT-028,pivo,8.64,8.64
KRT,2026-03-15,KRT-029,pivo,9.65,9.65
KRT,2026-03-15,KRT-030,pivo,1.52,1.52
KRT,2026-03-15,KRT-031,pivo,3.3,3.3
KRT,2026-03-15,KRT-032,pivo,6.6,6.6
KRT,2026-03-15,KRT-033,pivo,0.25,0.25
KRT,2026-03-15,KRT-034,pivo,1.52,1.52
KRT,2026-03-15,KRT-035,pivo,0.0,0.0
KRT,2026-03-15,KRT-036,pivo,0.0,0.0
KRT,2026-03-15,KRT-037,pivo,0.25,0.25
KRT,2026-03-15,KRT-038,pivo,0.25,0.25
KRT,2026-03-15,KRT-039,pivo,0.0,0.0
KRT,2026-03-15,KRT-040,pivo,0.0,0.0
KRT,2026-03-15,KRT-041,pivo,0.0,0.0
KRT,2026-03-15,KRT-042,pivo,0.0,0.0
KRT,2026-03-15,KRT-043,pivo,0.0,0.0
KRT,2026-03-15,KRT-044,pivo,0.0,0.0
KRT,2026-03-15,KRT-045,pivo,0.0,0.0
KRT,2026-03-15,KRT-046,pivo,0.25,0.25
KRT,2026-03-15,KRT-047,pivo,0.0,0.0
KRT,2026-03-15,KRT-048,pivo,0.25,0.25
KRT,2026-03-15,KRT-049,pivo,0.0,0.0
KRT,2026-03-15,KRT-050,pivo,0.0,0.0
KRT,2026-03-15,KRT-051,pivo,0.0,0.0
KRT,2026-03-15,KRT-052,pivo,0.25,0.25
KRT,2026-03-15,KRT-053,pivo,0.0,0.0
KRT,2026-03-15,KRT-054,pivo,0.0,0.0
KRT,2026-03-15,KRT-055,pivo,0.0,0.0
KRT,2026-03-15,KRT-056,pivo,0.0,0.0
KRT,2026-03-15,KRT-057,pivo,0.0,0.0
KRT,2026-03-15,KRT-058,pivo,0.0,0.0
KRT,2026-03-15,KRT-059,pivo,0.0,0.0
KRT,2026-03-15,KRT-060,pivo,0.0,0.0
KRT,2026-03-15,KRT-061,pivo,0.0,0.0
KRT,2026-03-15,KRT-062,pivo,0.0,0.0
KRT,2026-03-15,KRT-063,pivo,0.0,0.0
KRT,2026-03-15,KRT-064,pivo,0.0,0.0
KRT,2026-03-15,KRT-065,pivo,0.0,0.0
KRT,2026-03-15,KRT-066,pivo,0.0,0.0
KRT,2026-03-15,KRT-067,pivo,0.0,0.0
KRT,2026-03-15,KRT-068,pivo,0.0,0.0
KRT,2026-03-15,KRT-069,pivo,0.0,0.0
KRT,2026-03-15,KRT-070,pivo,0.0,0.0
KRT,2026-03-15,KRT-071,pivo,0.0,0.0
KRT,2026-03-15,KRT-072,pivo,0.0,0.0
KRT,2026-03-15,KRT-073,pivo,0.0,0.0
KRT,2026-03-15,KRT-074,pivo,0.0,0.0
KRT,2026-03-14,KRT-001,pivo,0.0,0.0
KRT,2026-03-14,KRT-001B,pivo_secundario,0.0,0.0
KRT,2026-03-14,KRT-002,pivo,0.0,0.0
KRT,2026-03-14,KRT-002B,pivo_secundario,0.0,0.0
KRT,2026-03-14,KRT-003,pivo,0.0,0.0
KRT,2026-03-14,KRT-004,pivo,0.0,0.0
KRT,2026-03-14,KRT-004B,pivo_secundario,0.0,0.0
KRT,2026-03-14,KRT-005,pivo,0.0,0.0
KRT,2026-03-14,KRT-006B,pivo_secundario,0.0,0.0
KRT,2026-03-14,KRT-006,pivo,0.0,0.0
KRT,2026-03-14,KRT-007B,pivo_secundario,0.0,0.0
KRT,2026-03-14,KRT-007,pivo,0.0,0.0
KRT,2026-03-14,KRT-008,pivo,0.0,0.0
KRT,2026-03-14,KRT-009,pivo,0.0,0.0
KRT,2026-03-14,KRT-010,pivo,0.25,0.25
KRT,2026-03-14,KRT-011,pivo,0.0,0.0
KRT,2026-03-14,KRT-012,pivo,0.0,0.0
KRT,2026-03-14,KRT-013,pivo,0.25,0.25
KRT,2026-03-14,KRT-014,pivo,0.25,0.25
KRT,2026-03-14,KRT-015,pivo,0.0,0.0
KRT,2026-03-14,KRT-016,pivo,0.0,0.0
KRT,2026-03-14,KRT-017,pivo,0.0,0.0
KRT,2026-03-14,KRT-018,pivo,0.0,0.0
KRT,2026-03-14,KRT-019,pivo,0.0,0.0
KRT,2026-03-14,KRT-020,pivo,0.25,0.25
KRT,2026-03-14,KRT-021,pivo,0.0,0.0
KRT,2026-03-14,KRT-022,pivo,0.0,0.0
KRT,2026-03-14,KRT-023,pivo,0.0,0.0
KRT,2026-03-14,KRT-024,pivo,0.0,0.0
KRT,2026-03-14,KRT-025,pivo,0.76,0.76
KRT,2026-03-14,KRT-026,pivo,0.0,0.0
KRT,2026-03-14,KRT-027,pivo,0.0,0.0
KRT,2026-03-14,KRT-028,pivo,0.0,0.0
KRT,2026-03-14,KRT-029,pivo,0.0,0.0
KRT,2026-03-14,KRT-030,pivo,0.25,0.25
KRT,2026-03-14,KRT-031,pivo,0.0,0.0
KRT,2026-03-14,KRT-032,pivo,0.0,0.0
KRT,2026-03-14,KRT-033,pivo,0.0,0.0
KRT,2026-03-14,KRT-034,pivo,0.25,0.25
KRT,2026-03-14,KRT-035,pivo,0.0,0.0
KRT,2026-03-14,KRT-036,pivo,0.0,0.0
KRT,2026-03-14,KRT-037,pivo,0.0,0.0
KRT,2026-03-14,KRT-038,pivo,0.0,0.0
KRT,2026-03-14,KRT-039,pivo,0.76,0.76
KRT,2026-03-14,KRT-040,pivo,0.0,0.0
KRT,2026-03-14,KRT-041,pivo,0.0,0.0
KRT,2026-03-14,KRT-042,pivo,0.0,0.0
KRT,2026-03-14,KRT-043,pivo,0.0,0.0
KRT,2026-03-14,KRT-044,pivo,0.0,0.0
KRT,2026-03-14,KRT-045,pivo,0.0,0.0
KRT,2026-03-14,KRT-046,pivo,0.0,0.0
KRT,2026-03-14,KRT-047,pivo,0.0,0.0
KRT,2026-03-14,KRT-048,pivo,0.0,0.0
KRT,2026-03-14,KRT-049,pivo,0.0,0.0
KRT,2026-03-14,KRT-050,pivo,0.0,0.0
KRT,2026-03-14,KRT-051,pivo,0.0,0.0
KRT,2026-03-14,KRT-052,pivo,0.25,0.25
KRT,2026-03-14,KRT-053,pivo,0.0,0.0
KRT,2026-03-14,KRT-054,pivo,0.25,0.25
KRT,2026-03-14,KRT-055,pivo,0.0,0.0
KRT,2026-03-14,KRT-056,pivo,0.25,0.25
KRT,2026-03-14,KRT-057,pivo,0.23,0.23
KRT,2026-03-14,KRT-058,pivo,0.0,0.0
KRT,2026-03-14,KRT-059,pivo,0.25,0.25
KRT,2026-03-14,KRT-060,pivo,0.0,0.0
KRT,2026-03-14,KRT-061,pivo,0.0,0.0
KRT,2026-03-14,KRT-062,pivo,0.22,0.22
KRT,2026-03-14,KRT-063,pivo,0.0,0.0
KRT,2026-03-14,KRT-064,pivo,0.0,0.0
KRT,2026-03-14,KRT-065,pivo,0.0,0.0
KRT,2026-03-14,KRT-066,pivo,0.0,0.0
KRT,2026-03-14,KRT-067,pivo,0.0,0.0
KRT,2026-03-14,KRT-068,pivo,0.0,0.0
KRT,2026-03-14,KRT-069,pivo,0.0,0.0
KRT,2026-03-14,KRT-070,pivo,0.0,0.0
KRT,2026-03-14,KRT-071,pivo,0.25,0.25
KRT,2026-03-14,KRT-072,pivo,0.0,0.0
KRT,2026-03-14,KRT-073,pivo,0.25,0.25
KRT,2026-03-14,KRT-074,pivo,0.0,0.0
KRT,2026-03-13,KRT-001,pivo,11.68,11.68
KRT,2026-03-13,KRT-001B,pivo_secundario,3.23,3.23
KRT,2026-03-13,KRT-002,pivo,9.11,9.11
KRT,2026-03-13,KRT-002B,pivo_secundario,4.33,4.33
KRT,2026-03-13,KRT-003,pivo,8.64,8.64
KRT,2026-03-13,KRT-004,pivo,8.13,8.13
KRT,2026-03-13,KRT-004B,pivo_secundario,7.08,7.08
KRT,2026-03-13,KRT-005,pivo,7.0,7.0
KRT,2026-03-13,KRT-006B,pivo_secundario,6.95,6.95
KRT,2026-03-13,KRT-006,pivo,9.24,9.24
KRT,2026-03-13,KRT-007B,pivo_secundario,1.04,1.04
KRT,2026-03-13,KRT-007,pivo,6.86,6.86
KRT,2026-03-13,KRT-008,pivo,9.4,9.4
KRT,2026-03-13,KRT-009,pivo,17.02,17.02
KRT,2026-03-13,KRT-010,pivo,10.16,10.16
KRT,2026-03-13,KRT-011,pivo,23.11,23.11
KRT,2026-03-13,KRT-012,pivo,14.51,14.51
KRT,2026-03-13,KRT-013,pivo,12.45,12.45
KRT,2026-03-13,KRT-014,pivo,9.14,9.14
KRT,2026-03-13,KRT-015,pivo,12.7,12.7
KRT,2026-03-13,KRT-016,pivo,11.74,11.74
KRT,2026-03-13,KRT-017,pivo,5.59,5.59
KRT,2026-03-13,KRT-018,pivo,6.58,6.58
KRT,2026-03-13,KRT-019,pivo,4.32,4.32
KRT,2026-03-13,KRT-020,pivo,5.59,5.59
KRT,2026-03-13,KRT-021,pivo,6.35,6.35
KRT,2026-03-13,KRT-022,pivo,23.37,23.37
KRT,2026-03-13,KRT-023,pivo,3.81,3.81
KRT,2026-03-13,KRT-024,pivo,4.32,4.32
KRT,2026-03-13,KRT-025,pivo,5.59,5.59
KRT,2026-03-13,KRT-026,pivo,3.58,3.58
KRT,2026-03-13,KRT-027,pivo,1.78,1.78
KRT,2026-03-13,KRT-028,pivo,4.32,4.32
KRT,2026-03-13,KRT-029,pivo,2.54,2.54
KRT,2026-03-13,KRT-030,pivo,7.11,7.11
KRT,2026-03-13,KRT-031,pivo,2.03,2.03
KRT,2026-03-13,KRT-032,pivo,0.51,0.51
KRT,2026-03-13,KRT-033,pivo,1.78,1.78
KRT,2026-03-13,KRT-034,pivo,0.25,0.25
KRT,2026-03-13,KRT-035,pivo,12.19,12.19
KRT,2026-03-13,KRT-036,pivo,4.83,4.83
KRT,2026-03-13,KRT-037,pivo,9.14,9.14
KRT,2026-03-13,KRT-038,pivo,4.06,4.06
KRT,2026-03-13,KRT-039,pivo,8.89,8.89
KRT,2026-03-13,KRT-040,pivo,6.24,6.24
KRT,2026-03-13,KRT-041,pivo,6.47,6.47
KRT,2026-03-13,KRT-042,pivo,3.81,3.81
KRT,2026-03-13,KRT-043,pivo,10.16,10.16
KRT,2026-03-13,KRT-044,pivo,5.14,5.14
KRT,2026-03-13,KRT-045,pivo,10.01,10.01
KRT,2026-03-13,KRT-046,pivo,11.94,11.94
KRT,2026-03-13,KRT-047,pivo,8.64,8.64
KRT,2026-03-13,KRT-048,pivo,4.76,4.76
KRT,2026-03-13,KRT-049,pivo,3.05,3.05
KRT,2026-03-13,KRT-050,pivo,9.14,9.14
KRT,2026-03-13,KRT-051,pivo,8.38,8.38
KRT,2026-03-13,KRT-052,pivo,11.18,11.18
KRT,2026-03-13,KRT-053,pivo,6.12,6.12
KRT,2026-03-13,KRT-054,pivo,2.29,2.29
KRT,2026-03-13,KRT-055,pivo,6.35,6.35
KRT,2026-03-13,KRT-056,pivo,6.6,6.6
KRT,2026-03-13,KRT-057,pivo,1.81,1.81
KRT,2026-03-13,KRT-058,pivo,1.0,1.0
KRT,2026-03-13,KRT-059,pivo,2.03,2.03
KRT,2026-03-13,KRT-060,pivo,2.7,2.7
KRT,2026-03-13,KRT-061,pivo,6.6,6.6
KRT,2026-03-13,KRT-062,pivo,1.97,1.97
KRT,2026-03-13,KRT-063,pivo,8.1,8.1
KRT,2026-03-13,KRT-064,pivo,5.7,5.7
KRT,2026-03-13,KRT-065,pivo,2.7,2.7
KRT,2026-03-13,KRT-066,pivo,2.75,2.75
KRT,2026-03-13,KRT-067,pivo,1.78,1.78
KRT,2026-03-13,KRT-068,pivo,1.02,1.02
KRT,2026-03-13,KRT-069,pivo,6.6,6.6
KRT,2026-03-13,KRT-070,pivo,6.89,6.89
KRT,2026-03-13,KRT-071,pivo,8.89,8.89
KRT,2026-03-13,KRT-072,pivo,7.26,7.26
KRT,2026-03-13,KRT-073,pivo,10.92,10.92
KRT,2026-03-13,KRT-074,pivo,13.21,13.21
KRT,2026-03-12,KRT-001,pivo,0.0,0.0
KRT,2026-03-12,KRT-001B,pivo_secundario,0.0,0.0
KRT,2026-03-12,KRT-002,pivo,0.0,0.0
KRT,2026-03-12,KRT-002B,pivo_secundario,0.0,0.0
KRT,2026-03-12,KRT-003,pivo,0.0,0.0
KRT,2026-03-12,KRT-004,pivo,0.0,0.0
KRT,2026-03-12,KRT-004B,pivo_secundario,0.0,0.0
KRT,2026-03-12,KRT-005,pivo,0.0,0.0
KRT,2026-03-12,KRT-006B,pivo_secundario,0.0,0.0
KRT,2026-03-12,KRT-006,pivo,0.0,0.0
KRT,2026-03-12,KRT-007B,pivo_secundario,0.78,0.78
KRT,2026-03-12,KRT-007,pivo,0.0,0.0
KRT,2026-03-12,KRT-008,pivo,0.0,0.0
KRT,2026-03-12,KRT-009,pivo,0.0,0.0
KRT,2026-03-12,KRT-010,pivo,0.0,0.0
KRT,2026-03-12,KRT-011,pivo,0.0,0.0
KRT,2026-03-12,KRT-012,pivo,0.0,0.0
KRT,2026-03-12,KRT-013,pivo,0.0,0.0
KRT,2026-03-12,KRT-014,pivo,0.0,0.0
KRT,2026-03-12,KRT-015,pivo,0.25,0.25
KRT,2026-03-12,KRT-016,pivo,0.0,0.0
KRT,2026-03-12,KRT-017,pivo,0.0,0.0
KRT,2026-03-12,KRT-018,pivo,0.0,0.0
KRT,2026-03-12,KRT-019,pivo,0.0,0.0
KRT,2026-03-12,KRT-020,pivo,0.25,0.25
KRT,2026-03-12,KRT-021,pivo,0.0,0.0
KRT,2026-03-12,KRT-022,pivo,0.0,0.0
KRT,2026-03-12,KRT-023,pivo,0.0,0.0
KRT,2026-03-12,KRT-024,pivo,0.0,0.0
KRT,2026-03-12,KRT-025,pivo,0.0,0.0
KRT,2026-03-12,KRT-026,pivo,0.0,0.0
KRT,2026-03-12,KRT-027,pivo,0.0,0.0
KRT,2026-03-12,KRT-028,pivo,0.0,0.0
KRT,2026-03-12,KRT-029,pivo,0.0,0.0
KRT,2026-03-12,KRT-030,pivo,0.0,0.0
KRT,2026-03-12,KRT-031,pivo,0.0,0.0
KRT,2026-03-12,KRT-032,pivo,0.0,0.0
KRT,2026-03-12,KRT-033,pivo,0.0,0.0
KRT,2026-03-12,KRT-034,pivo,0.0,0.0
KRT,2026-03-12,KRT-035,pivo,0.0,0.0
KRT,2026-03-12,KRT-036,pivo,0.0,0.0
KRT,2026-03-12,KRT-037,pivo,0.0,0.0
KRT,2026-03-12,KRT-038,pivo,0.0,0.0
KRT,2026-03-12,KRT-039,pivo,0.0,0.0
KRT,2026-03-12,KRT-040,pivo,0.0,0.0
KRT,2026-03-12,KRT-041,pivo,0.0,0.0
KRT,2026-03-12,KRT-042,pivo,0.0,0.0
KRT,2026-03-12,KRT-043,pivo,0.0,0.0
KRT,2026-03-12,KRT-044,pivo,0.0,0.0
KRT,2026-03-12,KRT-045,pivo,0.0,0.0
KRT,2026-03-12,KRT-046,pivo,0.0,0.0
KRT,2026-03-12,KRT-047,pivo,0.0,0.0
KRT,2026-03-12,KRT-048,pivo,0.0,0.0
KRT,2026-03-12,KRT-049,pivo,0.0,0.0
KRT,2026-03-12,KRT-050,pivo,0.0,0.0
KRT,2026-03-12,KRT-051,pivo,2.54,2.54
KRT,2026-03-12,KRT-052,pivo,1.02,1.02
KRT,2026-03-12,KRT-053,pivo,0.0,0.0
KRT,2026-03-12,KRT-054,pivo,0.25,0.25
KRT,2026-03-12,KRT-055,pivo,0.51,0.51
KRT,2026-03-12,KRT-056,pivo,0.76,0.76
KRT,2026-03-12,KRT-057,pivo,3.16,3.16
KRT,2026-03-12,KRT-058,pivo,1.75,1.75
KRT,2026-03-12,KRT-059,pivo,3.81,3.81
KRT,2026-03-12,KRT-060,pivo,11.4,11.4
KRT,2026-03-12,KRT-061,pivo,12.3,12.3
KRT,2026-03-12,KRT-062,pivo,10.51,10.51
KRT,2026-03-12,KRT-063,pivo,5.7,5.7
KRT,2026-03-12,KRT-064,pivo,5.4,5.4
KRT,2026-03-12,KRT-065,pivo,3.9,3.9
KRT,2026-03-12,KRT-066,pivo,8.89,8.89
KRT,2026-03-12,KRT-067,pivo,12.7,12.7
KRT,2026-03-12,KRT-068,pivo,10.2,10.2
KRT,2026-03-12,KRT-069,pivo,3.76,3.76
KRT,2026-03-12,KRT-070,pivo,4.14,4.14
KRT,2026-03-12,KRT-071,pivo,3.51,3.51
KRT,2026-03-12,KRT-072,pivo,4.22,4.22
KRT,2026-03-12,KRT-073,pivo,0.0,0.0
KRT,2026-03-12,KRT-074,pivo,0.0,0.0
KRT,2026-03-11,KRT-001,pivo,0.0,0.0
KRT,2026-03-11,KRT-001B,pivo_secundario,0.0,0.0
KRT,2026-03-11,KRT-002,pivo,0.0,0.0
KRT,2026-03-11,KRT-002B,pivo_secundario,0.0,0.0
KRT,2026-03-11,KRT-003,pivo,0.0,0.0
KRT,2026-03-11,KRT-004,pivo,0.0,0.0
KRT,2026-03-11,KRT-004B,pivo_secundario,0.0,0.0
KRT,2026-03-11,KRT-005,pivo,0.0,0.0
KRT,2026-03-11,KRT-006B,pivo_secundario,0.0,0.0
KRT,2026-03-11,KRT-006,pivo,0.0,0.0
KRT,2026-03-11,KRT-007B,pivo_secundario,0.0,0.0
KRT,2026-03-11,KRT-007,pivo,0.0,0.0
KRT,2026-03-11,KRT-008,pivo,0.0,0.0
KRT,2026-03-11,KRT-009,pivo,0.0,0.0
KRT,2026-03-11,KRT-010,pivo,0.0,0.0
KRT,2026-03-11,KRT-011,pivo,0.0,0.0
KRT,2026-03-11,KRT-012,pivo,0.0,0.0
KRT,2026-03-11,KRT-013,pivo,0.0,0.0
KRT,2026-03-11,KRT-014,pivo,0.0,0.0
KRT,2026-03-11,KRT-015,pivo,0.25,0.25
KRT,2026-03-11,KRT-016,pivo,0.0,0.0
KRT,2026-03-11,KRT-017,pivo,0.0,0.0
KRT,2026-03-11,KRT-018,pivo,0.0,0.0
KRT,2026-03-11,KRT-019,pivo,0.0,0.0
KRT,2026-03-11,KRT-020,pivo,0.0,0.0
KRT,2026-03-11,KRT-021,pivo,0.0,0.0
KRT,2026-03-11,KRT-022,pivo,0.0,0.0
KRT,2026-03-11,KRT-023,pivo,0.0,0.0
KRT,2026-03-11,KRT-024,pivo,0.0,0.0
KRT,2026-03-11,KRT-025,pivo,0.0,0.0
KRT,2026-03-11,KRT-026,pivo,0.0,0.0
KRT,2026-03-11,KRT-027,pivo,0.0,0.0
KRT,2026-03-11,KRT-028,pivo,0.0,0.0
KRT,2026-03-11,KRT-029,pivo,0.25,0.25
KRT,2026-03-11,KRT-030,pivo,0.0,0.0
KRT,2026-03-11,KRT-031,pivo,0.0,0.0
KRT,2026-03-11,KRT-032,pivo,0.0,0.0
KRT,2026-03-11,KRT-033,pivo,0.0,0.0
KRT,2026-03-11,KRT-034,pivo,0.0,0.0
KRT,2026-03-11,KRT-035,pivo,0.0,0.0
KRT,2026-03-11,KRT-036,pivo,0.0,0.0
KRT,2026-03-11,KRT-037,pivo,0.0,0.0
KRT,2026-03-11,KRT-038,pivo,0.0,0.0
KRT,2026-03-11,KRT-039,pivo,0.0,0.0
KRT,2026-03-11,KRT-040,pivo,0.0,0.0
KRT,2026-03-11,KRT-041,pivo,0.0,0.0
KRT,2026-03-11,KRT-042,pivo,0.0,0.0
KRT,2026-03-11,KRT-043,pivo,0.0,0.0
KRT,2026-03-11,KRT-044,pivo,0.0,0.0
KRT,2026-03-11,KRT-045,pivo,0.0,0.0
KRT,2026-03-11,KRT-046,pivo,0.0,0.0
KRT,2026-03-11,KRT-047,pivo,0.0,0.0
KRT,2026-03-11,KRT-048,pivo,0.0,0.0
KRT,2026-03-11,KRT-049,pivo,0.0,0.0
KRT,2026-03-11,KRT-050,pivo,0.0,0.0
KRT,2026-03-11,KRT-051,pivo,0.0,0.0
KRT,2026-03-11,KRT-052,pivo,0.25,0.25
KRT,2026-03-11,KRT-053,pivo,0.0,0.0
KRT,2026-03-11,KRT-054,pivo,0.0,0.0
KRT,2026-03-11,KRT-055,pivo,0.25,0.25
KRT,2026-03-11,KRT-056,pivo,0.0,0.0
KRT,2026-03-11,KRT-057,pivo,0.0,0.0
KRT,2026-03-11,KRT-058,pivo,0.0,0.0
KRT,2026-03-11,KRT-059,pivo,0.0,0.0
KRT,2026-03-11,KRT-060,pivo,0.0,0.0
KRT,2026-03-11,KRT-061,pivo,0.0,0.0
KRT,2026-03-11,KRT-062,pivo,0.0,0.0
KRT,2026-03-11,KRT-063,pivo,0.0,0.0
KRT,2026-03-11,KRT-064,pivo,0.0,0.0
KRT,2026-03-11,KRT-065,pivo,0.0,0.0
KRT,2026-03-11,KRT-066,pivo,0.0,0.0
KRT,2026-03-11,KRT-067,pivo,0.0,0.0
KRT,2026-03-11,KRT-068,pivo,0.0,0.0
KRT,2026-03-11,KRT-069,pivo,0.0,0.0
KRT,2026-03-11,KRT-070,pivo,0.0,0.0
KRT,2026-03-11,KRT-071,pivo,0.0,0.0
KRT,2026-03-11,KRT-072,pivo,0.19,0.19
KRT,2026-03-11,KRT-073,pivo,0.0,0.0
KRT,2026-03-11,KRT-074,pivo,0.0,0.0
KRT,2026-03-10,KRT-001,pivo,0.0,0.0
KRT,2026-03-10,KRT-001B,pivo_secundario,0.0,0.0
KRT,2026-03-10,KRT-002,pivo,0.0,0.0
KRT,2026-03-10,KRT-002B,pivo_secundario,0.0,0.0
KRT,2026-03-10,KRT-003,pivo,0.25,0.25
KRT,2026-03-10,KRT-004,pivo,0.25,0.25
KRT,2026-03-10,KRT-004B,pivo_secundario,0.0,0.0
KRT,2026-03-10,KRT-005,pivo,0.0,0.0
KRT,2026-03-10,KRT-006B,pivo_secundario,0.0,0.0
KRT,2026-03-10,KRT-006,pivo,0.0,0.0
KRT,2026-03-10,KRT-007B,pivo_secundario,1.31,1.31
KRT,2026-03-10,KRT-007,pivo,0.0,0.0
KRT,2026-03-10,KRT-008,pivo,0.0,0.0
KRT,2026-03-10,KRT-009,pivo,0.0,0.0
KRT,2026-03-10,KRT-010,pivo,0.0,0.0
KRT,2026-03-10,KRT-011,pivo,0.0,0.0
KRT,2026-03-10,KRT-012,pivo,0.0,0.0
KRT,2026-03-10,KRT-013,pivo,0.0,0.0
KRT,2026-03-10,KRT-014,pivo,0.0,0.0
KRT,2026-03-10,KRT-015,pivo,0.0,0.0
KRT,2026-03-10,KRT-016,pivo,0.0,0.0
KRT,2026-03-10,KRT-017,pivo,0.0,0.0
KRT,2026-03-10,KRT-018,pivo,0.0,0.0
KRT,2026-03-10,KRT-019,pivo,0.0,0.0
KRT,2026-03-10,KRT-020,pivo,0.0,0.0
KRT,2026-03-10,KRT-021,pivo,0.0,0.0
KRT,2026-03-10,KRT-022,pivo,0.0,0.0
KRT,2026-03-10,KRT-023,pivo,0.0,0.0
KRT,2026-03-10,KRT-024,pivo,0.0,0.0
KRT,2026-03-10,KRT-025,pivo,0.76,0.76
KRT,2026-03-10,KRT-026,pivo,0.0,0.0
KRT,2026-03-10,KRT-027,pivo,0.0,0.0
KRT,2026-03-10,KRT-028,pivo,0.0,0.0
KRT,2026-03-10,KRT-029,pivo,0.0,0.0
KRT,2026-03-10,KRT-030,pivo,0.0,0.0
KRT,2026-03-10,KRT-031,pivo,0.25,0.25
KRT,2026-03-10,KRT-032,pivo,0.0,0.0
KRT,2026-03-10,KRT-033,pivo,0.0,0.0
KRT,2026-03-10,KRT-034,pivo,0.0,0.0
KRT,2026-03-10,KRT-035,pivo,0.0,0.0
KRT,2026-03-10,KRT-036,pivo,0.0,0.0
KRT,2026-03-10,KRT-037,pivo,0.0,0.0
KRT,2026-03-10,KRT-038,pivo,0.0,0.0
KRT,2026-03-10,KRT-039,pivo,0.0,0.0
KRT,2026-03-10,KRT-040,pivo,0.0,0.0
KRT,2026-03-10,KRT-041,pivo,0.0,0.0
KRT,2026-03-10,KRT-042,pivo,0.0,0.0
KRT,2026-03-10,KRT-043,pivo,0.0,0.0
KRT,2026-03-10,KRT-044,pivo,0.0,0.0
KRT,2026-03-10,KRT-045,pivo,0.0,0.0
KRT,2026-03-10,KRT-046,pivo,0.0,0.0
KRT,2026-03-10,KRT-047,pivo,0.25,0.25
KRT,2026-03-10,KRT-048,pivo,0.51,0.51
KRT,2026-03-10,KRT-049,pivo,0.76,0.76
KRT,2026-03-10,KRT-050,pivo,0.0,0.0
KRT,2026-03-10,KRT-051,pivo,0.0,0.0
KRT,2026-03-10,KRT-052,pivo,0.25,0.25
KRT,2026-03-10,KRT-053,pivo,0.0,0.0
KRT,2026-03-10,KRT-054,pivo,0.76,0.76
KRT,2026-03-10,KRT-055,pivo,0.0,0.0
KRT,2026-03-10,KRT-056,pivo,0.0,0.0
KRT,2026-03-10,KRT-057,pivo,0.68,0.68
KRT,2026-03-10,KRT-058,pivo,0.0,0.0
KRT,2026-03-10,KRT-059,pivo,0.0,0.0
KRT,2026-03-10,KRT-060,pivo,0.3,0.3
KRT,2026-03-10,KRT-061,pivo,0.0,0.0
KRT,2026-03-10,KRT-062,pivo,0.0,0.0
KRT,2026-03-10,KRT-063,pivo,0.0,0.0
KRT,2026-03-10,KRT-064,pivo,0.0,0.0
KRT,2026-03-10,KRT-065,pivo,0.0,0.0
KRT,2026-03-10,KRT-066,pivo,0.51,0.51
KRT,2026-03-10,KRT-067,pivo,0.0,0.0
KRT,2026-03-10,KRT-068,pivo,0.0,0.0
KRT,2026-03-10,KRT-069,pivo,0.0,0.0
KRT,2026-03-10,KRT-070,pivo,0.0,0.0
KRT,2026-03-10,KRT-071,pivo,0.0,0.0
KRT,2026-03-10,KRT-072,pivo,0.0,0.0
KRT,2026-03-10,KRT-073,pivo,0.0,0.0
KRT,2026-03-10,KRT-074,pivo,0.0,0.0
KRT,2026-03-09,KRT-001,pivo,4.3,4.3
KRT,2026-03-09,KRT-001B,pivo_secundario,15.02,15.02
KRT,2026-03-09,KRT-002,pivo,3.02,3.02
KRT,2026-03-09,KRT-002B,pivo_secundario,19.61,19.61
KRT,2026-03-09,KRT-003,pivo,4.06,4.06
KRT,2026-03-09,KRT-004,pivo,2.54,2.54
KRT,2026-03-09,KRT-004B,pivo_secundario,13.18,13.18
KRT,2026-03-09,KRT-005,pivo,4.5,4.5
KRT,2026-03-09,KRT-006B,pivo_secundario,0.0,0.0
KRT,2026-03-09,KRT-006,pivo,4.0,4.0
KRT,2026-03-09,KRT-007B,pivo_secundario,0.0,0.0
KRT,2026-03-09,KRT-007,pivo,0.0,0.0
KRT,2026-03-09,KRT-008,pivo,0.0,0.0
KRT,2026-03-09,KRT-009,pivo,0.0,0.0
KRT,2026-03-09,KRT-010,pivo,0.0,0.0
KRT,2026-03-09,KRT-011,pivo,0.0,0.0
KRT,2026-03-09,KRT-012,pivo,0.0,0.0
KRT,2026-03-09,KRT-013,pivo,0.0,0.0
KRT,2026-03-09,KRT-014,pivo,0.0,0.0
KRT,2026-03-09,KRT-015,pivo,0.0,0.0
KRT,2026-03-09,KRT-016,pivo,0.0,0.0
KRT,2026-03-09,KRT-017,pivo,0.0,0.0
KRT,2026-03-09,KRT-018,pivo,0.0,0.0
KRT,2026-03-09,KRT-019,pivo,0.0,0.0
KRT,2026-03-09,KRT-020,pivo,0.0,0.0
KRT,2026-03-09,KRT-021,pivo,0.0,0.0
KRT,2026-03-09,KRT-022,pivo,0.0,0.0
KRT,2026-03-09,KRT-023,pivo,0.0,0.0
KRT,2026-03-09,KRT-024,pivo,0.0,0.0
KRT,2026-03-09,KRT-025,pivo,0.0,0.0
KRT,2026-03-09,KRT-026,pivo,0.0,0.0
KRT,2026-03-09,KRT-027,pivo,0.0,0.0
KRT,2026-03-09,KRT-028,pivo,0.0,0.0
KRT,2026-03-09,KRT-029,pivo,0.0,0.0
KRT,2026-03-09,KRT-030,pivo,0.0,0.0
KRT,2026-03-09,KRT-031,pivo,0.0,0.0
KRT,2026-03-09,KRT-032,pivo,0.0,0.0
KRT,2026-03-09,KRT-033,pivo,0.0,0.0
KRT,2026-03-09,KRT-034,pivo,0.0,0.0
KRT,2026-03-09,KRT-035,pivo,3.05,3.05
KRT,2026-03-09,KRT-036,pivo,2.29,2.29
KRT,2026-03-09,KRT-037,pivo,4.32,4.32
KRT,2026-03-09,KRT-038,pivo,3.81,3.81
KRT,2026-03-09,KRT-039,pivo,0.0,0.0
KRT,2026-03-09,KRT-040,pivo,1.27,1.27
KRT,2026-03-09,KRT-041,pivo,3.4,3.4
KRT,2026-03-09,KRT-042,pivo,6.35,6.35
KRT,2026-03-09,KRT-043,pivo,5.59,5.59
KRT,2026-03-09,KRT-044,pivo,0.0,0.0
KRT,2026-03-09,KRT-045,pivo,0.0,0.0
KRT,2026-03-09,KRT-046,pivo,1.02,1.02
KRT,2026-03-09,KRT-047,pivo,4.32,4.32
KRT,2026-03-09,KRT-048,pivo,3.56,3.56
KRT,2026-03-09,KRT-049,pivo,10.41,10.41
KRT,2026-03-09,KRT-050,pivo,0.0,0.0
KRT,2026-03-09,KRT-051,pivo,0.0,0.0
KRT,2026-03-09,KRT-052,pivo,0.0,0.0
KRT,2026-03-09,KRT-053,pivo,0.0,0.0
KRT,2026-03-09,KRT-054,pivo,0.0,0.0
KRT,2026-03-09,KRT-055,pivo,0.0,0.0
KRT,2026-03-09,KRT-056,pivo,0.0,0.0
KRT,2026-03-09,KRT-057,pivo,0.0,0.0
KRT,2026-03-09,KRT-058,pivo,0.75,0.75
KRT,2026-03-09,KRT-059,pivo,0.0,0.0
KRT,2026-03-09,KRT-060,pivo,0.0,0.0
KRT,2026-03-09,KRT-061,pivo,0.0,0.0
KRT,2026-03-09,KRT-062,pivo,0.0,0.0
KRT,2026-03-09,KRT-063,pivo,0.0,0.0
KRT,2026-03-09,KRT-064,pivo,0.0,0.0
KRT,2026-03-09,KRT-065,pivo,0.0,0.0
KRT,2026-03-09,KRT-066,pivo,0.0,0.0
KRT,2026-03-09,KRT-067,pivo,0.0,0.0
KRT,2026-03-09,KRT-068,pivo,0.0,0.0
KRT,2026-03-09,KRT-069,pivo,0.0,0.0
KRT,2026-03-09,KRT-070,pivo,0.0,0.0
KRT,2026-03-09,KRT-071,pivo,0.0,0.0
KRT,2026-03-09,KRT-072,pivo,0.0,0.0
KRT,2026-03-09,KRT-073,pivo,0.0,0.0
KRT,2026-03-09,KRT-074,pivo,0.0,0.0
KRT,2026-03-08,KRT-001,pivo,0.0,0.0
KRT,2026-03-08,KRT-001B,pivo_secundario,0.0,0.0
KRT,2026-03-08,KRT-002,pivo,0.0,0.0
KRT,2026-03-08,KRT-002B,pivo_secundario,0.0,0.0
KRT,2026-03-08,KRT-003,pivo,0.25,0.25
KRT,2026-03-08,KRT-004,pivo,0.0,0.0
KRT,2026-03-08,KRT-004B,pivo_secundario,0.0,0.0
KRT,2026-03-08,KRT-005,pivo,0.0,0.0
KRT,2026-03-08,KRT-006B,pivo_secundario,0.0,0.0
KRT,2026-03-08,KRT-006,pivo,0.0,0.0
KRT,2026-03-08,KRT-007B,pivo_secundario,0.0,0.0
KRT,2026-03-08,KRT-007,pivo,0.0,0.0
KRT,2026-03-08,KRT-008,pivo,0.0,0.0
KRT,2026-03-08,KRT-009,pivo,0.0,0.0
KRT,2026-03-08,KRT-010,pivo,0.0,0.0
KRT,2026-03-08,KRT-011,pivo,0.0,0.0
KRT,2026-03-08,KRT-012,pivo,0.0,0.0
KRT,2026-03-08,KRT-013,pivo,0.0,0.0
KRT,2026-03-08,KRT-014,pivo,0.0,0.0
KRT,2026-03-08,KRT-015,pivo,0.0,0.0
KRT,2026-03-08,KRT-016,pivo,0.0,0.0
KRT,2026-03-08,KRT-017,pivo,0.0,0.0
KRT,2026-03-08,KRT-018,pivo,0.0,0.0
KRT,2026-03-08,KRT-019,pivo,0.0,0.0
KRT,2026-03-08,KRT-020,pivo,0.0,0.0
KRT,2026-03-08,KRT-021,pivo,0.0,0.0
KRT,2026-03-08,KRT-022,pivo,0.0,0.0
KRT,2026-03-08,KRT-023,pivo,0.0,0.0
KRT,2026-03-08,KRT-024,pivo,0.0,0.0
KRT,2026-03-08,KRT-025,pivo,0.0,0.0
KRT,2026-03-08,KRT-026,pivo,0.0,0.0
KRT,2026-03-08,KRT-027,pivo,0.0,0.0
KRT,2026-03-08,KRT-028,pivo,0.0,0.0
KRT,2026-03-08,KRT-029,pivo,0.0,0.0
KRT,2026-03-08,KRT-030,pivo,0.0,0.0
KRT,2026-03-08,KRT-031,pivo,0.0,0.0
KRT,2026-03-08,KRT-032,pivo,0.0,0.0
KRT,2026-03-08,KRT-033,pivo,0.0,0.0
KRT,2026-03-08,KRT-034,pivo,0.0,0.0
KRT,2026-03-08,KRT-035,pivo,0.25,0.25
KRT,2026-03-08,KRT-036,pivo,0.0,0.0
KRT,2026-03-08,KRT-037,pivo,0.0,0.0
KRT,2026-03-08,KRT-038,pivo,0.0,0.0
KRT,2026-03-08,KRT-039,pivo,0.0,0.0
KRT,2026-03-08,KRT-040,pivo,0.0,0.0
KRT,2026-03-08,KRT-041,pivo,0.0,0.0
KRT,2026-03-08,KRT-042,pivo,0.0,0.0
KRT,2026-03-08,KRT-043,pivo,0.0,0.0
KRT,2026-03-08,KRT-044,pivo,0.25,0.25
KRT,2026-03-08,KRT-045,pivo,0.0,0.0
KRT,2026-03-08,KRT-046,pivo,0.0,0.0
KRT,2026-03-08,KRT-047,pivo,0.0,0.0
KRT,2026-03-08,KRT-048,pivo,0.0,0.0
KRT,2026-03-08,KRT-049,pivo,0.0,0.0
KRT,2026-03-08,KRT-050,pivo,0.0,0.0
KRT,2026-03-08,KRT-051,pivo,0.0,0.0
KRT,2026-03-08,KRT-052,pivo,0.51,0.51
KRT,2026-03-08,KRT-053,pivo,0.0,0.0
KRT,2026-03-08,KRT-054,pivo,0.0,0.0
KRT,2026-03-08,KRT-055,pivo,0.25,0.25
KRT,2026-03-08,KRT-056,pivo,0.25,0.25
KRT,2026-03-08,KRT-057,pivo,0.0,0.0
KRT,2026-03-08,KRT-058,pivo,0.0,0.0
KRT,2026-03-08,KRT-059,pivo,0.0,0.0
KRT,2026-03-08,KRT-060,pivo,0.0,0.0
KRT,2026-03-08,KRT-061,pivo,0.0,0.0
KRT,2026-03-08,KRT-062,pivo,0.0,0.0
KRT,2026-03-08,KRT-063,pivo,0.0,0.0
KRT,2026-03-08,KRT-064,pivo,0.0,0.0
KRT,2026-03-08,KRT-065,pivo,0.0,0.0
KRT,2026-03-08,KRT-066,pivo,0.0,0.0
KRT,2026-03-08,KRT-067,pivo,0.0,0.0
KRT,2026-03-08,KRT-068,pivo,0.0,0.0
KRT,2026-03-08,KRT-069,pivo,0.0,0.0
KRT,2026-03-08,KRT-070,pivo,0.0,0.0
KRT,2026-03-08,KRT-071,pivo,0.0,0.0
KRT,2026-03-08,KRT-072,pivo,0.0,0.0
KRT,2026-03-08,KRT-073,pivo,0.0,0.0
KRT,2026-03-08,KRT-074,pivo,0.0,0.0
KRT,2026-03-07,KRT-001,pivo,0.0,0.0
KRT,2026-03-07,KRT-001B,pivo_secundario,0.0,0.0
KRT,2026-03-07,KRT-002,pivo,0.0,0.0
KRT,2026-03-07,KRT-002B,pivo_secundario,0.0,0.0
KRT,2026-03-07,KRT-003,pivo,0.0,0.0
KRT,2026-03-07,KRT-004,pivo,0.0,0.0
KRT,2026-03-07,KRT-004B,pivo_secundario,0.0,0.0
KRT,2026-03-07,KRT-005,pivo,0.0,0.0
KRT,2026-03-07,KRT-006B,pivo_secundario,0.0,0.0
KRT,2026-03-07,KRT-006,pivo,0.0,0.0
KRT,2026-03-07,KRT-007B,pivo_secundario,1.04,1.04
KRT,2026-03-07,KRT-007,pivo,0.0,0.0
KRT,2026-03-07,KRT-008,pivo,0.0,0.0
KRT,2026-03-07,KRT-009,pivo,0.0,0.0
KRT,2026-03-07,KRT-010,pivo,0.0,0.0
KRT,2026-03-07,KRT-011,pivo,0.0,0.0
KRT,2026-03-07,KRT-012,pivo,0.0,0.0
KRT,2026-03-07,KRT-013,pivo,0.0,0.0
KRT,2026-03-07,KRT-014,pivo,0.0,0.0
KRT,2026-03-07,KRT-015,pivo,0.0,0.0
KRT,2026-03-07,KRT-016,pivo,0.0,0.0
KRT,2026-03-07,KRT-017,pivo,0.0,0.0
KRT,2026-03-07,KRT-018,pivo,0.0,0.0
KRT,2026-03-07,KRT-019,pivo,0.0,0.0
KRT,2026-03-07,KRT-020,pivo,0.0,0.0
KRT,2026-03-07,KRT-021,pivo,0.0,0.0
KRT,2026-03-07,KRT-022,pivo,0.0,0.0
KRT,2026-03-07,KRT-023,pivo,0.0,0.0
KRT,2026-03-07,KRT-024,pivo,0.0,0.0
KRT,2026-03-07,KRT-025,pivo,0.0,0.0
KRT,2026-03-07,KRT-026,pivo,0.0,0.0
KRT,2026-03-07,KRT-027,pivo,0.0,0.0
KRT,2026-03-07,KRT-028,pivo,0.0,0.0
KRT,2026-03-07,KRT-029,pivo,0.0,0.0
KRT,2026-03-07,KRT-030,pivo,0.0,0.0
KRT,2026-03-07,KRT-031,pivo,0.0,0.0
KRT,2026-03-07,KRT-032,pivo,0.0,0.0
KRT,2026-03-07,KRT-033,pivo,0.0,0.0
KRT,2026-03-07,KRT-034,pivo,0.0,0.0
KRT,2026-03-07,KRT-035,pivo,0.51,0.51
KRT,2026-03-07,KRT-036,pivo,0.0,0.0
KRT,2026-03-07,KRT-037,pivo,0.0,0.0
KRT,2026-03-07,KRT-038,pivo,0.0,0.0
KRT,2026-03-07,KRT-039,pivo,0.0,0.0
KRT,2026-03-07,KRT-040,pivo,0.0,0.0
KRT,2026-03-07,KRT-041,pivo,0.0,0.0
KRT,2026-03-07,KRT-042,pivo,0.0,0.0
KRT,2026-03-07,KRT-043,pivo,0.0,0.0
KRT,2026-03-07,KRT-044,pivo,0.0,0.0
KRT,2026-03-07,KRT-045,pivo,0.0,0.0
KRT,2026-03-07,KRT-046,pivo,0.0,0.0
KRT,2026-03-07,KRT-047,pivo,0.0,0.0
KRT,2026-03-07,KRT-048,pivo,0.0,0.0
KRT,2026-03-07,KRT-049,pivo,0.0,0.0
KRT,2026-03-07,KRT-050,pivo,0.0,0.0
KRT,2026-03-07,KRT-051,pivo,0.25,0.25
KRT,2026-03-07,KRT-052,pivo,0.0,0.0
KRT,2026-03-07,KRT-053,pivo,0.0,0.0
KRT,2026-03-07,KRT-054,pivo,0.0,0.0
KRT,2026-03-07,KRT-055,pivo,0.51,0.51
KRT,2026-03-07,KRT-056,pivo,0.0,0.0
KRT,2026-03-07,KRT-057,pivo,0.0,0.0
KRT,2026-03-07,KRT-058,pivo,0.0,0.0
KRT,2026-03-07,KRT-059,pivo,0.0,0.0
KRT,2026-03-07,KRT-060,pivo,0.0,0.0
KRT,2026-03-07,KRT-061,pivo,0.0,0.0
KRT,2026-03-07,KRT-062,pivo,0.0,0.0
KRT,2026-03-07,KRT-063,pivo,0.0,0.0
KRT,2026-03-07,KRT-064,pivo,0.0,0.0
KRT,2026-03-07,KRT-065,pivo,0.0,0.0
KRT,2026-03-07,KRT-066,pivo,0.0,0.0
KRT,2026-03-07,KRT-067,pivo,0.0,0.0
KRT,2026-03-07,KRT-068,pivo,0.0,0.0
KRT,2026-03-07,KRT-069,pivo,0.0,0.0
KRT,2026-03-07,KRT-070,pivo,0.0,0.0
KRT,2026-03-07,KRT-071,pivo,0.0,0.0
KRT,2026-03-07,KRT-072,pivo,0.0,0.0
KRT,2026-03-07,KRT-073,pivo,0.0,0.0
KRT,2026-03-07,KRT-074,pivo,0.0,0.0
KRT,2026-03-06,KRT-001,pivo,21.34,21.34
KRT,2026-03-06,KRT-001B,pivo_secundario,25.41,25.41
KRT,2026-03-06,KRT-002,pivo,18.27,18.27
KRT,2026-03-06,KRT-002B,pivo_secundario,21.66,21.66
KRT,2026-03-06,KRT-003,pivo,19.05,19.05
KRT,2026-03-06,KRT-004,pivo,13.46,13.46
KRT,2026-03-06,KRT-004B,pivo_secundario,19.03,19.03
KRT,2026-03-06,KRT-005,pivo,18.0,18.0
KRT,2026-03-06,KRT-006B,pivo_secundario,10.04,10.04
KRT,2026-03-06,KRT-006,pivo,15.78,15.78
KRT,2026-03-06,KRT-007B,pivo_secundario,13.05,13.05
KRT,2026-03-06,KRT-007,pivo,30.48,30.48
KRT,2026-03-06,KRT-008,pivo,13.72,13.72
KRT,2026-03-06,KRT-009,pivo,13.72,13.72
KRT,2026-03-06,KRT-010,pivo,14.99,14.99
KRT,2026-03-06,KRT-011,pivo,12.95,12.95
KRT,2026-03-06,KRT-012,pivo,8.52,8.52
KRT,2026-03-06,KRT-013,pivo,16.0,16.0
KRT,2026-03-06,KRT-014,pivo,12.19,12.19
KRT,2026-03-06,KRT-015,pivo,15.49,15.49
KRT,2026-03-06,KRT-016,pivo,15.89,15.89
KRT,2026-03-06,KRT-017,pivo,15.24,15.24
KRT,2026-03-06,KRT-018,pivo,14.59,14.59
KRT,2026-03-06,KRT-019,pivo,7.37,7.37
KRT,2026-03-06,KRT-020,pivo,10.41,10.41
KRT,2026-03-06,KRT-021,pivo,12.95,12.95
KRT,2026-03-06,KRT-022,pivo,14.22,14.22
KRT,2026-03-06,KRT-023,pivo,14.22,14.22
KRT,2026-03-06,KRT-024,pivo,11.43,11.43
KRT,2026-03-06,KRT-025,pivo,10.67,10.67
KRT,2026-03-06,KRT-026,pivo,8.01,8.01
KRT,2026-03-06,KRT-027,pivo,7.87,7.87
KRT,2026-03-06,KRT-028,pivo,8.89,8.89
KRT,2026-03-06,KRT-029,pivo,8.38,8.38
KRT,2026-03-06,KRT-030,pivo,5.84,5.84
KRT,2026-03-06,KRT-031,pivo,5.84,5.84
KRT,2026-03-06,KRT-032,pivo,6.35,6.35
KRT,2026-03-06,KRT-033,pivo,6.6,6.6
KRT,2026-03-06,KRT-034,pivo,5.08,5.08
KRT,2026-03-06,KRT-035,pivo,21.34,21.34
KRT,2026-03-06,KRT-036,pivo,17.53,17.53
KRT,2026-03-06,KRT-037,pivo,25.4,25.4
KRT,2026-03-06,KRT-038,pivo,23.88,23.88
KRT,2026-03-06,KRT-039,pivo,15.49,15.49
KRT,2026-03-06,KRT-040,pivo,18.54,18.54
KRT,2026-03-06,KRT-041,pivo,19.44,19.44
KRT,2026-03-06,KRT-042,pivo,18.8,18.8
KRT,2026-03-06,KRT-043,pivo,21.59,21.59
KRT,2026-03-06,KRT-044,pivo,14.22,14.22
KRT,2026-03-06,KRT-045,pivo,13.0,13.0
KRT,2026-03-06,KRT-046,pivo,16.26,16.26
KRT,2026-03-06,KRT-047,pivo,20.57,20.57
KRT,2026-03-06,KRT-048,pivo,26.38,26.38
KRT,2026-03-06,KRT-049,pivo,22.86,22.86
KRT,2026-03-06,KRT-050,pivo,12.19,12.19
KRT,2026-03-06,KRT-051,pivo,9.14,9.14
KRT,2026-03-06,KRT-052,pivo,19.05,19.05
KRT,2026-03-06,KRT-053,pivo,13.24,13.24
KRT,2026-03-06,KRT-054,pivo,9.14,9.14
KRT,2026-03-06,KRT-055,pivo,14.22,14.22
KRT,2026-03-06,KRT-056,pivo,12.19,12.19
KRT,2026-03-06,KRT-057,pivo,10.4,10.4
KRT,2026-03-06,KRT-058,pivo,12.75,12.75
KRT,2026-03-06,KRT-059,pivo,12.45,12.45
KRT,2026-03-06,KRT-060,pivo,13.2,13.2
KRT,2026-03-06,KRT-061,pivo,15.3,15.3
KRT,2026-03-06,KRT-062,pivo,13.14,13.14
KRT,2026-03-06,KRT-063,pivo,15.0,15.0
KRT,2026-03-06,KRT-064,pivo,12.9,12.9
KRT,2026-03-06,KRT-065,pivo,13.5,13.5
KRT,2026-03-06,KRT-066,pivo,10.16,10.16
KRT,2026-03-06,KRT-067,pivo,12.7,12.7
KRT,2026-03-06,KRT-068,pivo,0.0,0.0
KRT,2026-03-06,KRT-069,pivo,9.14,9.14
KRT,2026-03-06,KRT-070,pivo,9.85,9.85
KRT,2026-03-06,KRT-071,pivo,12.19,12.19
KRT,2026-03-06,KRT-072,pivo,19.76,19.76
KRT,2026-03-06,KRT-073,pivo,11.68,11.68
KRT,2026-03-06,KRT-074,pivo,10.67,10.67
KRT,2026-03-05,KRT-001,pivo,2.29,2.29
KRT,2026-03-05,KRT-001B,pivo_secundario,8.78,8.78
KRT,2026-03-05,KRT-002,pivo,2.36,2.36
KRT,2026-03-05,KRT-002B,pivo_secundario,8.66,8.66
KRT,2026-03-05,KRT-003,pivo,2.79,2.79
KRT,2026-03-05,KRT-004,pivo,3.56,3.56
KRT,2026-03-05,KRT-004B,pivo_secundario,5.37,5.37
KRT,2026-03-05,KRT-005,pivo,3.5,3.5
KRT,2026-03-05,KRT-006B,pivo_secundario,1.93,1.93
KRT,2026-03-05,KRT-006,pivo,3.1,3.1
KRT,2026-03-05,KRT-007B,pivo_secundario,2.87,2.87
KRT,2026-03-05,KRT-007,pivo,4.06,4.06
KRT,2026-03-05,KRT-008,pivo,2.79,2.79
KRT,2026-03-05,KRT-009,pivo,5.08,5.08
KRT,2026-03-05,KRT-010,pivo,2.79,2.79
KRT,2026-03-05,KRT-011,pivo,6.35,6.35
KRT,2026-03-05,KRT-012,pivo,1.51,1.51
KRT,2026-03-05,KRT-013,pivo,5.59,5.59
KRT,2026-03-05,KRT-014,pivo,8.64,8.64
KRT,2026-03-05,KRT-015,pivo,4.83,4.83
KRT,2026-03-05,KRT-016,pivo,4.21,4.21
KRT,2026-03-05,KRT-017,pivo,2.54,2.54
KRT,2026-03-05,KRT-018,pivo,3.66,3.66
KRT,2026-03-05,KRT-019,pivo,3.81,3.81
KRT,2026-03-05,KRT-020,pivo,8.89,8.89
KRT,2026-03-05,KRT-021,pivo,7.62,7.62
KRT,2026-03-05,KRT-022,pivo,7.37,7.37
KRT,2026-03-05,KRT-023,pivo,6.35,6.35
KRT,2026-03-05,KRT-024,pivo,2.03,2.03
KRT,2026-03-05,KRT-025,pivo,2.54,2.54
KRT,2026-03-05,KRT-026,pivo,3.66,3.66
KRT,2026-03-05,KRT-027,pivo,10.67,10.67
KRT,2026-03-05,KRT-028,pivo,31.75,31.75
KRT,2026-03-05,KRT-029,pivo,42.42,42.42
KRT,2026-03-05,KRT-030,pivo,23.37,23.37
KRT,2026-03-05,KRT-031,pivo,56.13,56.13
KRT,2026-03-05,KRT-032,pivo,72.39,72.39
KRT,2026-03-05,KRT-033,pivo,40.89,40.89
KRT,2026-03-05,KRT-034,pivo,44.2,44.2
KRT,2026-03-05,KRT-035,pivo,3.56,3.56
KRT,2026-03-05,KRT-036,pivo,3.05,3.05
KRT,2026-03-05,KRT-037,pivo,3.81,3.81
KRT,2026-03-05,KRT-038,pivo,4.83,4.83
KRT,2026-03-05,KRT-039,pivo,4.57,4.57
KRT,2026-03-05,KRT-040,pivo,3.81,3.81
KRT,2026-03-05,KRT-041,pivo,4.7,4.7
KRT,2026-03-05,KRT-042,pivo,7.62,7.62
KRT,2026-03-05,KRT-043,pivo,8.38,8.38
KRT,2026-03-05,KRT-044,pivo,2.54,2.54
KRT,2026-03-05,KRT-045,pivo,2.55,2.55
KRT,2026-03-05,KRT-046,pivo,2.79,2.79
KRT,2026-03-05,KRT-047,pivo,5.08,5.08
KRT,2026-03-05,KRT-048,pivo,7.11,7.11
KRT,2026-03-05,KRT-049,pivo,8.38,8.38
KRT,2026-03-05,KRT-050,pivo,1.78,1.78
KRT,2026-03-05,KRT-051,pivo,3.3,3.3
KRT,2026-03-05,KRT-052,pivo,4.83,4.83
KRT,2026-03-05,KRT-053,pivo,0.0,0.0
KRT,2026-03-05,KRT-054,pivo,1.02,1.02
KRT,2026-03-05,KRT-055,pivo,2.54,2.54
KRT,2026-03-05,KRT-056,pivo,1.78,1.78
KRT,2026-03-05,KRT-057,pivo,2.03,2.03
KRT,2026-03-05,KRT-058,pivo,1.5,1.5
KRT,2026-03-05,KRT-059,pivo,2.79,2.79
KRT,2026-03-05,KRT-060,pivo,3.9,3.9
KRT,2026-03-05,KRT-061,pivo,5.1,5.1
KRT,2026-03-05,KRT-062,pivo,5.26,5.26
KRT,2026-03-05,KRT-063,pivo,3.9,3.9
KRT,2026-03-05,KRT-064,pivo,6.3,6.3
KRT,2026-03-05,KRT-065,pivo,3.3,3.3
KRT,2026-03-05,KRT-066,pivo,3.05,3.05
KRT,2026-03-05,KRT-067,pivo,4.57,4.57
KRT,2026-03-05,KRT-068,pivo,4.0,4.0
KRT,2026-03-05,KRT-069,pivo,3.81,3.81
KRT,2026-03-05,KRT-070,pivo,3.35,3.35
KRT,2026-03-05,KRT-071,pivo,5.08,5.08
KRT,2026-03-05,KRT-072,pivo,7.22,7.22
KRT,2026-03-05,KRT-073,pivo,1.27,1.27
KRT,2026-03-05,KRT-074,pivo,2.29,2.29
KRT,2026-03-04,KRT-001,pivo,0.0,0.0
KRT,2026-03-04,KRT-001B,pivo_secundario,0.0,0.0
KRT,2026-03-04,KRT-002,pivo,0.0,0.0
KRT,2026-03-04,KRT-002B,pivo_secundario,0.0,0.0
KRT,2026-03-04,KRT-003,pivo,0.0,0.0
KRT,2026-03-04,KRT-004,pivo,0.0,0.0
KRT,2026-03-04,KRT-004B,pivo_secundario,0.0,0.0
KRT,2026-03-04,KRT-005,pivo,0.0,0.0
KRT,2026-03-04,KRT-006B,pivo_secundario,0.0,0.0
KRT,2026-03-04,KRT-006,pivo,0.0,0.0
KRT,2026-03-04,KRT-007B,pivo_secundario,0.0,0.0
KRT,2026-03-04,KRT-007,pivo,0.25,0.25
KRT,2026-03-04,KRT-008,pivo,0.0,0.0
KRT,2026-03-04,KRT-009,pivo,0.25,0.25
KRT,2026-03-04,KRT-010,pivo,0.25,0.25
KRT,2026-03-04,KRT-011,pivo,0.0,0.0
KRT,2026-03-04,KRT-012,pivo,0.0,0.0
KRT,2026-03-04,KRT-013,pivo,0.0,0.0
KRT,2026-03-04,KRT-014,pivo,0.0,0.0
KRT,2026-03-04,KRT-015,pivo,0.0,0.0
KRT,2026-03-04,KRT-016,pivo,0.0,0.0
KRT,2026-03-04,KRT-017,pivo,0.0,0.0
KRT,2026-03-04,KRT-018,pivo,0.0,0.0
KRT,2026-03-04,KRT-019,pivo,0.0,0.0
KRT,2026-03-04,KRT-020,pivo,0.0,0.0
KRT,2026-03-04,KRT-021,pivo,0.0,0.0
KRT,2026-03-04,KRT-022,pivo,0.0,0.0
KRT,2026-03-04,KRT-023,pivo,0.0,0.0
KRT,2026-03-04,KRT-024,pivo,0.0,0.0
KRT,2026-03-04,KRT-025,pivo,0.0,0.0
KRT,2026-03-04,KRT-026,pivo,0.0,0.0
KRT,2026-03-04,KRT-027,pivo,0.76,0.76
KRT,2026-03-04,KRT-028,pivo,0.0,0.0
KRT,2026-03-04,KRT-029,pivo,0.0,0.0
KRT,2026-03-04,KRT-030,pivo,0.0,0.0
KRT,2026-03-04,KRT-031,pivo,0.0,0.0
KRT,2026-03-04,KRT-032,pivo,0.25,0.25
KRT,2026-03-04,KRT-033,pivo,0.25,0.25
KRT,2026-03-04,KRT-034,pivo,0.51,0.51
KRT,2026-03-04,KRT-035,pivo,0.0,0.0
KRT,2026-03-04,KRT-036,pivo,0.0,0.0
KRT,2026-03-04,KRT-037,pivo,0.0,0.0
KRT,2026-03-04,KRT-038,pivo,0.0,0.0
KRT,2026-03-04,KRT-039,pivo,0.0,0.0
KRT,2026-03-04,KRT-040,pivo,0.25,0.25
KRT,2026-03-04,KRT-041,pivo,0.0,0.0
KRT,2026-03-04,KRT-042,pivo,0.0,0.0
KRT,2026-03-04,KRT-043,pivo,0.0,0.0
KRT,2026-03-04,KRT-044,pivo,0.0,0.0
KRT,2026-03-04,KRT-045,pivo,0.0,0.0
KRT,2026-03-04,KRT-046,pivo,0.0,0.0
KRT,2026-03-04,KRT-047,pivo,0.0,0.0
KRT,2026-03-04,KRT-048,pivo,0.25,0.25
KRT,2026-03-04,KRT-049,pivo,0.0,0.0
KRT,2026-03-04,KRT-050,pivo,0.0,0.0
KRT,2026-03-04,KRT-051,pivo,0.0,0.0
KRT,2026-03-04,KRT-052,pivo,0.25,0.25
KRT,2026-03-04,KRT-053,pivo,0.0,0.0
KRT,2026-03-04,KRT-054,pivo,0.0,0.0
KRT,2026-03-04,KRT-055,pivo,0.0,0.0
KRT,2026-03-04,KRT-056,pivo,0.0,0.0
KRT,2026-03-04,KRT-057,pivo,0.0,0.0
KRT,2026-03-04,KRT-058,pivo,0.0,0.0
KRT,2026-03-04,KRT-059,pivo,0.0,0.0
KRT,2026-03-04,KRT-060,pivo,0.0,0.0
KRT,2026-03-04,KRT-061,pivo,0.0,0.0
KRT,2026-03-04,KRT-062,pivo,0.22,0.22
KRT,2026-03-04,KRT-063,pivo,0.0,0.0
KRT,2026-03-04,KRT-064,pivo,0.0,0.0
KRT,2026-03-04,KRT-065,pivo,0.0,0.0
KRT,2026-03-04,KRT-066,pivo,0.0,0.0
KRT,2026-03-04,KRT-067,pivo,0.0,0.0
KRT,2026-03-04,KRT-068,pivo,0.0,0.0
KRT,2026-03-04,KRT-069,pivo,0.0,0.0
KRT,2026-03-04,KRT-070,pivo,0.0,0.0
KRT,2026-03-04,KRT-071,pivo,0.0,0.0
KRT,2026-03-04,KRT-072,pivo,0.0,0.0
KRT,2026-03-04,KRT-073,pivo,0.0,0.0
KRT,2026-03-04,KRT-074,pivo,0.0,0.0
KRT,2026-03-03,KRT-001,pivo,0.25,0.25
KRT,2026-03-03,KRT-001B,pivo_secundario,0.0,0.0
KRT,2026-03-03,KRT-002,pivo,0.0,0.0
KRT,2026-03-03,KRT-002B,pivo_secundario,0.0,0.0
KRT,2026-03-03,KRT-003,pivo,0.51,0.51
KRT,2026-03-03,KRT-004,pivo,0.0,0.0
KRT,2026-03-03,KRT-004B,pivo_secundario,0.0,0.0
KRT,2026-03-03,KRT-005,pivo,0.25,0.25
KRT,2026-03-03,KRT-006B,pivo_secundario,0.97,0.97
KRT,2026-03-03,KRT-006,pivo,0.0,0.0
KRT,2026-03-03,KRT-007B,pivo_secundario,0.0,0.0
KRT,2026-03-03,KRT-007,pivo,0.25,0.25
KRT,2026-03-03,KRT-008,pivo,0.0,0.0
KRT,2026-03-03,KRT-009,pivo,0.0,0.0
KRT,2026-03-03,KRT-010,pivo,0.25,0.25
KRT,2026-03-03,KRT-011,pivo,0.25,0.25
KRT,2026-03-03,KRT-012,pivo,0.0,0.0
KRT,2026-03-03,KRT-013,pivo,0.25,0.25
KRT,2026-03-03,KRT-014,pivo,0.0,0.0
KRT,2026-03-03,KRT-015,pivo,0.25,0.25
KRT,2026-03-03,KRT-016,pivo,0.0,0.0
KRT,2026-03-03,KRT-017,pivo,0.0,0.0
KRT,2026-03-03,KRT-018,pivo,0.0,0.0
KRT,2026-03-03,KRT-019,pivo,0.0,0.0
KRT,2026-03-03,KRT-020,pivo,0.0,0.0
KRT,2026-03-03,KRT-021,pivo,0.0,0.0
KRT,2026-03-03,KRT-022,pivo,0.0,0.0
KRT,2026-03-03,KRT-023,pivo,0.0,0.0
KRT,2026-03-03,KRT-024,pivo,0.0,0.0
KRT,2026-03-03,KRT-025,pivo,0.0,0.0
KRT,2026-03-03,KRT-026,pivo,0.0,0.0
KRT,2026-03-03,KRT-027,pivo,0.25,0.25
KRT,2026-03-03,KRT-028,pivo,0.0,0.0
KRT,2026-03-03,KRT-029,pivo,0.51,0.51
KRT,2026-03-03,KRT-030,pivo,0.0,0.0
KRT,2026-03-03,KRT-031,pivo,0.0,0.0
KRT,2026-03-03,KRT-032,pivo,0.0,0.0
KRT,2026-03-03,KRT-033,pivo,0.0,0.0
KRT,2026-03-03,KRT-034,pivo,0.0,0.0
KRT,2026-03-03,KRT-035,pivo,0.0,0.0
KRT,2026-03-03,KRT-036,pivo,0.25,0.25
KRT,2026-03-03,KRT-037,pivo,0.0,0.0
KRT,2026-03-03,KRT-038,pivo,0.25,0.25
KRT,2026-03-03,KRT-039,pivo,0.0,0.0
KRT,2026-03-03,KRT-040,pivo,0.0,0.0
KRT,2026-03-03,KRT-041,pivo,0.0,0.0
KRT,2026-03-03,KRT-042,pivo,0.0,0.0
KRT,2026-03-03,KRT-043,pivo,0.25,0.25
KRT,2026-03-03,KRT-044,pivo,0.0,0.0
KRT,2026-03-03,KRT-045,pivo,0.0,0.0
KRT,2026-03-03,KRT-046,pivo,0.0,0.0
KRT,2026-03-03,KRT-047,pivo,0.0,0.0
KRT,2026-03-03,KRT-048,pivo,0.0,0.0
KRT,2026-03-03,KRT-049,pivo,0.0,0.0
KRT,2026-03-03,KRT-050,pivo,0.25,0.25
KRT,2026-03-03,KRT-051,pivo,0.0,0.0
KRT,2026-03-03,KRT-052,pivo,0.25,0.25
KRT,2026-03-03,KRT-053,pivo,0.25,0.25
KRT,2026-03-03,KRT-054,pivo,0.25,0.25
KRT,2026-03-03,KRT-055,pivo,0.0,0.0
KRT,2026-03-03,KRT-056,pivo,0.25,0.25
KRT,2026-03-03,KRT-057,pivo,0.23,0.23
KRT,2026-03-03,KRT-058,pivo,0.0,0.0
KRT,2026-03-03,KRT-059,pivo,0.25,0.25
KRT,2026-03-03,KRT-060,pivo,0.0,0.0
KRT,2026-03-03,KRT-061,pivo,0.6,0.6
KRT,2026-03-03,KRT-062,pivo,0.22,0.22
KRT,2026-03-03,KRT-063,pivo,0.0,0.0
KRT,2026-03-03,KRT-064,pivo,0.0,0.0
KRT,2026-03-03,KRT-065,pivo,0.0,0.0
KRT,2026-03-03,KRT-066,pivo,0.0,0.0
KRT,2026-03-03,KRT-067,pivo,0.0,0.0
KRT,2026-03-03,KRT-068,pivo,0.0,0.0
KRT,2026-03-03,KRT-069,pivo,0.0,0.0
KRT,2026-03-03,KRT-070,pivo,0.0,0.0
KRT,2026-03-03,KRT-071,pivo,0.0,0.0
KRT,2026-03-03,KRT-072,pivo,0.0,0.0
KRT,2026-03-03,KRT-073,pivo,0.0,0.0
KRT,2026-03-03,KRT-074,pivo,0.0,0.0
KRT,2026-03-02,KRT-001,pivo,6.35,6.35
KRT,2026-03-02,KRT-001B,pivo_secundario,0.46,0.46
KRT,2026-03-02,KRT-002,pivo,0.0,0.0
KRT,2026-03-02,KRT-002B,pivo_secundario,12.08,12.08
KRT,2026-03-02,KRT-003,pivo,3.05,3.05
KRT,2026-03-02,KRT-004,pivo,0.25,0.25
KRT,2026-03-02,KRT-004B,pivo_secundario,6.34,6.34
KRT,2026-03-02,KRT-005,pivo,0.0,0.0
KRT,2026-03-02,KRT-006B,pivo_secundario,0.19,0.19
KRT,2026-03-02,KRT-006,pivo,0.0,0.0
KRT,2026-03-02,KRT-007B,pivo_secundario,2.09,2.09
KRT,2026-03-02,KRT-007,pivo,0.25,0.25
KRT,2026-03-02,KRT-008,pivo,0.25,0.25
KRT,2026-03-02,KRT-009,pivo,0.25,0.25
KRT,2026-03-02,KRT-010,pivo,0.0,0.0
KRT,2026-03-02,KRT-011,pivo,0.0,0.0
KRT,2026-03-02,KRT-012,pivo,0.0,0.0
KRT,2026-03-02,KRT-013,pivo,0.0,0.0
KRT,2026-03-02,KRT-014,pivo,0.25,0.25
KRT,2026-03-02,KRT-015,pivo,0.51,0.51
KRT,2026-03-02,KRT-016,pivo,0.0,0.0
KRT,2026-03-02,KRT-017,pivo,0.25,0.25
KRT,2026-03-02,KRT-018,pivo,0.0,0.0
KRT,2026-03-02,KRT-019,pivo,0.0,0.0
KRT,2026-03-02,KRT-020,pivo,0.51,0.51
KRT,2026-03-02,KRT-021,pivo,0.0,0.0
KRT,2026-03-02,KRT-022,pivo,0.0,0.0
KRT,2026-03-02,KRT-023,pivo,0.0,0.0
KRT,2026-03-02,KRT-024,pivo,0.0,0.0
KRT,2026-03-02,KRT-025,pivo,0.0,0.0
KRT,2026-03-02,KRT-026,pivo,0.0,0.0
KRT,2026-03-02,KRT-027,pivo,2.03,2.03
KRT,2026-03-02,KRT-028,pivo,0.0,0.0
KRT,2026-03-02,KRT-029,pivo,8.13,8.13
KRT,2026-03-02,KRT-030,pivo,0.0,0.0
KRT,2026-03-02,KRT-031,pivo,3.01,3.01
KRT,2026-03-02,KRT-032,pivo,19.05,19.05
KRT,2026-03-02,KRT-033,pivo,3.56,3.56
KRT,2026-03-02,KRT-034,pivo,11.18,11.18
KRT,2026-03-02,KRT-035,pivo,1.02,1.02
KRT,2026-03-02,KRT-036,pivo,1.02,1.02
KRT,2026-03-02,KRT-037,pivo,5.33,5.33
KRT,2026-03-02,KRT-038,pivo,11.94,11.94
KRT,2026-03-02,KRT-039,pivo,0.51,0.51
KRT,2026-03-02,KRT-040,pivo,10.16,10.16
KRT,2026-03-02,KRT-041,pivo,7.4,7.4
KRT,2026-03-02,KRT-042,pivo,15.75,15.75
KRT,2026-03-02,KRT-043,pivo,9.32,9.32
KRT,2026-03-02,KRT-044,pivo,5.08,5.08
KRT,2026-03-02,KRT-045,pivo,4.28,4.28
KRT,2026-03-02,KRT-046,pivo,3.81,3.81
KRT,2026-03-02,KRT-047,pivo,4.83,4.83
KRT,2026-03-02,KRT-048,pivo,0.25,0.25
KRT,2026-03-02,KRT-049,pivo,0.76,0.76
KRT,2026-03-02,KRT-050,pivo,0.25,0.25
KRT,2026-03-02,KRT-051,pivo,2.29,2.29
KRT,2026-03-02,KRT-052,pivo,14.99,14.99
KRT,2026-03-02,KRT-053,pivo,0.51,0.51
KRT,2026-03-02,KRT-054,pivo,2.03,2.03
KRT,2026-03-02,KRT-055,pivo,0.51,0.51
KRT,2026-03-02,KRT-056,pivo,2.54,2.54
KRT,2026-03-02,KRT-057,pivo,0.0,0.0
KRT,2026-03-02,KRT-058,pivo,0.5,0.5
KRT,2026-03-02,KRT-059,pivo,0.25,0.25
KRT,2026-03-02,KRT-060,pivo,0.6,0.6
KRT,2026-03-02,KRT-061,pivo,0.3,0.3
KRT,2026-03-02,KRT-062,pivo,0.0,0.0
KRT,2026-03-02,KRT-063,pivo,10.8,10.8
KRT,2026-03-02,KRT-064,pivo,4.2,4.2
KRT,2026-03-02,KRT-065,pivo,1.2,1.2
KRT,2026-03-02,KRT-066,pivo,0.25,0.25
KRT,2026-03-02,KRT-067,pivo,0.51,0.51
KRT,2026-03-02,KRT-068,pivo,0.0,0.0
KRT,2026-03-02,KRT-069,pivo,2.29,2.29
KRT,2026-03-02,KRT-070,pivo,1.58,1.58
KRT,2026-03-02,KRT-071,pivo,2.79,2.79
KRT,2026-03-02,KRT-072,pivo,1.19,1.19
KRT,2026-03-02,KRT-073,pivo,6.1,6.1
KRT,2026-03-02,KRT-074,pivo,5.84,5.84
KRT,2026-03-01,KRT-001,pivo,27.43,27.43
KRT,2026-03-01,KRT-001B,pivo_secundario,8.78,8.78
KRT,2026-03-01,KRT-002,pivo,16.5,16.5
KRT,2026-03-01,KRT-002B,pivo_secundario,7.75,7.75
KRT,2026-03-01,KRT-003,pivo,20.32,20.32
KRT,2026-03-01,KRT-004,pivo,13.97,13.97
KRT,2026-03-01,KRT-004B,pivo_secundario,16.84,16.84
KRT,2026-03-01,KRT-005,pivo,10.75,10.75
KRT,2026-03-01,KRT-006B,pivo_secundario,19.3,19.3
KRT,2026-03-01,KRT-006,pivo,14.22,14.22
KRT,2026-03-01,KRT-007B,pivo_secundario,27.67,27.67
KRT,2026-03-01,KRT-007,pivo,25.65,25.65
KRT,2026-03-01,KRT-008,pivo,23.11,23.11
KRT,2026-03-01,KRT-009,pivo,18.03,18.03
KRT,2026-03-01,KRT-010,pivo,20.32,20.32
KRT,2026-03-01,KRT-011,pivo,25.65,25.65
KRT,2026-03-01,KRT-012,pivo,19.77,19.77
KRT,2026-03-01,KRT-013,pivo,13.46,13.46
KRT,2026-03-01,KRT-014,pivo,13.72,13.72
KRT,2026-03-01,KRT-015,pivo,25.91,25.91
KRT,2026-03-01,KRT-016,pivo,30.2,30.2
KRT,2026-03-01,KRT-017,pivo,32.77,32.77
KRT,2026-03-01,KRT-018,pivo,29.08,29.08
KRT,2026-03-01,KRT-019,pivo,22.86,22.86
KRT,2026-03-01,KRT-020,pivo,25.15,25.15
KRT,2026-03-01,KRT-021,pivo,17.02,17.02
KRT,2026-03-01,KRT-022,pivo,9.91,9.91
KRT,2026-03-01,KRT-023,pivo,11.43,11.43
KRT,2026-03-01,KRT-024,pivo,7.62,7.62
KRT,2026-03-01,KRT-025,pivo,11.18,11.18
KRT,2026-03-01,KRT-026,pivo,12.6,12.6
KRT,2026-03-01,KRT-027,pivo,12.7,12.7
KRT,2026-03-01,KRT-028,pivo,9.91,9.91
KRT,2026-03-01,KRT-029,pivo,19.05,19.05
KRT,2026-03-01,KRT-030,pivo,10.16,10.16
KRT,2026-03-01,KRT-031,pivo,8.64,8.64
KRT,2026-03-01,KRT-032,pivo,7.87,7.87
KRT,2026-03-01,KRT-033,pivo,12.95,12.95
KRT,2026-03-01,KRT-034,pivo,9.14,9.14
KRT,2026-03-01,KRT-035,pivo,13.97,13.97
KRT,2026-03-01,KRT-036,pivo,22.35,22.35
KRT,2026-03-01,KRT-037,pivo,19.3,19.3
KRT,2026-03-01,KRT-038,pivo,24.89,24.89
KRT,2026-03-01,KRT-039,pivo,35.31,35.31
KRT,2026-03-01,KRT-040,pivo,36.07,36.07
KRT,2026-03-01,KRT-041,pivo,33.04,33.04
KRT,2026-03-01,KRT-042,pivo,35.05,35.05
KRT,2026-03-01,KRT-043,pivo,37.08,37.08
KRT,2026-03-01,KRT-044,pivo,16.0,16.0
KRT,2026-03-01,KRT-045,pivo,23.14,23.14
KRT,2026-03-01,KRT-046,pivo,40.39,40.39
KRT,2026-03-01,KRT-047,pivo,35.56,35.56
KRT,2026-03-01,KRT-048,pivo,35.81,35.81
KRT,2026-03-01,KRT-049,pivo,78.49,78.49
KRT,2026-03-01,KRT-050,pivo,9.4,9.4
KRT,2026-03-01,KRT-051,pivo,10.16,10.16
KRT,2026-03-01,KRT-052,pivo,46.74,46.74
KRT,2026-03-01,KRT-053,pivo,15.6,15.6
KRT,2026-03-01,KRT-054,pivo,8.64,8.64
KRT,2026-03-01,KRT-055,pivo,11.43,11.43
KRT,2026-03-01,KRT-056,pivo,15.24,15.24
KRT,2026-03-01,KRT-057,pivo,9.94,9.94
KRT,2026-03-01,KRT-058,pivo,10.5,10.5
KRT,2026-03-01,KRT-059,pivo,17.02,17.02
KRT,2026-03-01,KRT-060,pivo,13.5,13.5
KRT,2026-03-01,KRT-061,pivo,27.0,27.0
KRT,2026-03-01,KRT-062,pivo,22.78,22.78
KRT,2026-03-01,KRT-063,pivo,11.1,11.1
KRT,2026-03-01,KRT-064,pivo,8.7,8.7
KRT,2026-03-01,KRT-065,pivo,12.6,12.6
KRT,2026-03-01,KRT-066,pivo,7.37,7.37
KRT,2026-03-01,KRT-067,pivo,17.78,17.78
KRT,2026-03-01,KRT-068,pivo,14.2,14.2
KRT,2026-03-01,KRT-069,pivo,16.51,16.51
KRT,2026-03-01,KRT-070,pivo,17.14,17.14
KRT,2026-03-01,KRT-071,pivo,12.45,12.45
KRT,2026-03-01,KRT-072,pivo,11.97,11.97
KRT,2026-03-01,KRT-073,pivo,20.83,20.83
KRT,2026-03-01,KRT-074,pivo,18.54,18.54
KRT,2026-02-28,KRT-001,pivo,26.42,26.42
KRT,2026-02-28,KRT-001B,pivo_secundario,15.48,15.48
KRT,2026-02-28,KRT-002,pivo,26.3,26.3
KRT,2026-02-28,KRT-002B,pivo_secundario,11.86,11.86
KRT,2026-02-28,KRT-003,pivo,25.91,25.91
KRT,2026-02-28,KRT-004,pivo,27.69,27.69
KRT,2026-02-28,KRT-004B,pivo_secundario,18.3,18.3
KRT,2026-02-28,KRT-005,pivo,36.25,36.25
KRT,2026-02-28,KRT-006B,pivo_secundario,19.88,19.88
KRT,2026-02-28,KRT-006,pivo,28.27,28.27
KRT,2026-02-28,KRT-007B,pivo_secundario,31.58,31.58
KRT,2026-02-28,KRT-007,pivo,49.28,49.28
KRT,2026-02-28,KRT-008,pivo,20.32,20.32
KRT,2026-02-28,KRT-009,pivo,21.84,21.84
KRT,2026-02-28,KRT-010,pivo,22.1,22.1
KRT,2026-02-28,KRT-011,pivo,11.94,11.94
KRT,2026-02-28,KRT-012,pivo,13.26,13.26
KRT,2026-02-28,KRT-013,pivo,18.03,18.03
KRT,2026-02-28,KRT-014,pivo,20.07,20.07
KRT,2026-02-28,KRT-015,pivo,30.99,30.99
KRT,2026-02-28,KRT-016,pivo,30.2,30.2
KRT,2026-02-28,KRT-017,pivo,34.54,34.54
KRT,2026-02-28,KRT-018,pivo,31.3,31.3
KRT,2026-02-28,KRT-019,pivo,19.3,19.3
KRT,2026-02-28,KRT-020,pivo,14.99,14.99
KRT,2026-02-28,KRT-021,pivo,14.48,14.48
KRT,2026-02-28,KRT-022,pivo,15.49,15.49
KRT,2026-02-28,KRT-023,pivo,19.81,19.81
KRT,2026-02-28,KRT-024,pivo,16.76,16.76
KRT,2026-02-28,KRT-025,pivo,17.53,17.53
KRT,2026-02-28,KRT-026,pivo,18.41,18.41
KRT,2026-02-28,KRT-027,pivo,16.26,16.26
KRT,2026-02-28,KRT-028,pivo,13.21,13.21
KRT,2026-02-28,KRT-029,pivo,17.27,17.27
KRT,2026-02-28,KRT-030,pivo,10.92,10.92
KRT,2026-02-28,KRT-031,pivo,21.34,21.34
KRT,2026-02-28,KRT-032,pivo,15.75,15.75
KRT,2026-02-28,KRT-033,pivo,11.68,11.68
KRT,2026-02-28,KRT-034,pivo,9.14,9.14
KRT,2026-02-28,KRT-035,pivo,27.94,27.94
KRT,2026-02-28,KRT-036,pivo,25.65,25.65
KRT,2026-02-28,KRT-037,pivo,23.88,23.88
KRT,2026-02-28,KRT-038,pivo,19.56,19.56
KRT,2026-02-28,KRT-039,pivo,36.07,36.07
KRT,2026-02-28,KRT-040,pivo,29.97,29.97
KRT,2026-02-28,KRT-041,pivo,16.01,16.01
KRT,2026-02-28,KRT-042,pivo,19.3,19.3
KRT,2026-02-28,KRT-043,pivo,15.49,15.49
KRT,2026-02-28,KRT-044,pivo,27.69,27.69
KRT,2026-02-28,KRT-045,pivo,22.3,22.3
KRT,2026-02-28,KRT-046,pivo,21.59,21.59
KRT,2026-02-28,KRT-047,pivo,24.64,24.64
KRT,2026-02-28,KRT-048,pivo,16.51,16.51
KRT,2026-02-28,KRT-049,pivo,34.8,34.8
KRT,2026-02-28,KRT-050,pivo,22.35,22.35
KRT,2026-02-28,KRT-051,pivo,17.53,17.53
KRT,2026-02-28,KRT-052,pivo,27.18,27.18
KRT,2026-02-28,KRT-053,pivo,21.45,21.45
KRT,2026-02-28,KRT-054,pivo,20.83,20.83
KRT,2026-02-28,KRT-055,pivo,18.29,18.29
KRT,2026-02-28,KRT-056,pivo,19.3,19.3
KRT,2026-02-28,KRT-057,pivo,12.88,12.88
KRT,2026-02-28,KRT-058,pivo,15.0,15.0
KRT,2026-02-28,KRT-059,pivo,14.48,14.48
KRT,2026-02-28,KRT-060,pivo,19.5,19.5
KRT,2026-02-28,KRT-061,pivo,18.9,18.9
KRT,2026-02-28,KRT-062,pivo,27.16,27.16
KRT,2026-02-28,KRT-063,pivo,13.8,13.8
KRT,2026-02-28,KRT-064,pivo,19.2,19.2
KRT,2026-02-28,KRT-065,pivo,14.7,14.7
KRT,2026-02-28,KRT-066,pivo,20.32,20.32
KRT,2026-02-28,KRT-067,pivo,23.88,23.88
KRT,2026-02-28,KRT-068,pivo,22.0,22.0
KRT,2026-02-28,KRT-069,pivo,12.45,12.45
KRT,2026-02-28,KRT-070,pivo,11.23,11.23
KRT,2026-02-28,KRT-071,pivo,12.45,12.45
KRT,2026-02-28,KRT-072,pivo,18.24,18.24
KRT,2026-02-28,KRT-073,pivo,29.72,29.72
KRT,2026-02-28,KRT-074,pivo,27.18,27.18
KRT,2026-02-27,KRT-001,pivo,1.78,1.78
KRT,2026-02-27,KRT-001B,pivo_secundario,0.0,0.0
KRT,2026-02-27,KRT-002,pivo,2.33,2.33
KRT,2026-02-27,KRT-002B,pivo_secundario,0.0,0.0
KRT,2026-02-27,KRT-003,pivo,1.78,1.78
KRT,2026-02-27,KRT-004,pivo,3.56,3.56
KRT,2026-02-27,KRT-004B,pivo_secundario,0.73,0.73
KRT,2026-02-27,KRT-005,pivo,2.5,2.5
KRT,2026-02-27,KRT-006B,pivo_secundario,1.74,1.74
KRT,2026-02-27,KRT-006,pivo,3.0,3.0
KRT,2026-02-27,KRT-007B,pivo_secundario,2.35,2.35
KRT,2026-02-27,KRT-007,pivo,7.16,7.16
KRT,2026-02-27,KRT-008,pivo,2.29,2.29
KRT,2026-02-27,KRT-009,pivo,3.56,3.56
KRT,2026-02-27,KRT-010,pivo,2.29,2.29
KRT,2026-02-27,KRT-011,pivo,2.29,2.29
KRT,2026-02-27,KRT-012,pivo,2.14,2.14
KRT,2026-02-27,KRT-013,pivo,2.03,2.03
KRT,2026-02-27,KRT-014,pivo,1.02,1.02
KRT,2026-02-27,KRT-015,pivo,2.29,2.29
KRT,2026-02-27,KRT-016,pivo,2.55,2.55
KRT,2026-02-27,KRT-017,pivo,1.78,1.78
KRT,2026-02-27,KRT-018,pivo,1.89,1.89
KRT,2026-02-27,KRT-019,pivo,1.78,1.78
KRT,2026-02-27,KRT-020,pivo,1.78,1.78
KRT,2026-02-27,KRT-021,pivo,1.78,1.78
KRT,2026-02-27,KRT-022,pivo,1.52,1.52
KRT,2026-02-27,KRT-023,pivo,1.02,1.02
KRT,2026-02-27,KRT-024,pivo,1.78,1.78
KRT,2026-02-27,KRT-025,pivo,1.27,1.27
KRT,2026-02-27,KRT-026,pivo,1.01,1.01
KRT,2026-02-27,KRT-027,pivo,1.02,1.02
KRT,2026-02-27,KRT-028,pivo,1.27,1.27
KRT,2026-02-27,KRT-029,pivo,3.3,3.3
KRT,2026-02-27,KRT-030,pivo,1.27,1.27
KRT,2026-02-27,KRT-031,pivo,1.27,1.27
KRT,2026-02-27,KRT-032,pivo,3.3,3.3
KRT,2026-02-27,KRT-033,pivo,3.3,3.3
KRT,2026-02-27,KRT-034,pivo,3.56,3.56
KRT,2026-02-27,KRT-035,pivo,2.03,2.03
KRT,2026-02-27,KRT-036,pivo,2.29,2.29
KRT,2026-02-27,KRT-037,pivo,0.0,0.0
KRT,2026-02-27,KRT-038,pivo,0.0,0.0
KRT,2026-02-27,KRT-039,pivo,2.79,2.79
KRT,2026-02-27,KRT-040,pivo,1.27,1.27
KRT,2026-02-27,KRT-041,pivo,0.0,0.0
KRT,2026-02-27,KRT-042,pivo,0.0,0.0
KRT,2026-02-27,KRT-043,pivo,0.0,0.0
KRT,2026-02-27,KRT-044,pivo,2.54,2.54
KRT,2026-02-27,KRT-045,pivo,0.0,0.0
KRT,2026-02-27,KRT-046,pivo,0.51,0.51
KRT,2026-02-27,KRT-047,pivo,0.25,0.25
KRT,2026-02-27,KRT-048,pivo,0.25,0.25
KRT,2026-02-27,KRT-049,pivo,5.84,5.84
KRT,2026-02-27,KRT-050,pivo,3.05,3.05
KRT,2026-02-27,KRT-051,pivo,3.81,3.81
KRT,2026-02-27,KRT-052,pivo,1.78,1.78
KRT,2026-02-27,KRT-053,pivo,2.3,2.3
KRT,2026-02-27,KRT-054,pivo,2.29,2.29
KRT,2026-02-27,KRT-055,pivo,2.29,2.29
KRT,2026-02-27,KRT-056,pivo,2.54,2.54
KRT,2026-02-27,KRT-057,pivo,1.58,1.58
KRT,2026-02-27,KRT-058,pivo,1.25,1.25
KRT,2026-02-27,KRT-059,pivo,1.52,1.52
KRT,2026-02-27,KRT-060,pivo,2.7,2.7
KRT,2026-02-27,KRT-061,pivo,2.1,2.1
KRT,2026-02-27,KRT-062,pivo,3.94,3.94
KRT,2026-02-27,KRT-063,pivo,2.1,2.1
KRT,2026-02-27,KRT-064,pivo,1.5,1.5
KRT,2026-02-27,KRT-065,pivo,3.0,3.0
KRT,2026-02-27,KRT-066,pivo,2.03,2.03
KRT,2026-02-27,KRT-067,pivo,3.56,3.56
KRT,2026-02-27,KRT-068,pivo,2.72,2.72
KRT,2026-02-27,KRT-069,pivo,2.29,2.29
KRT,2026-02-27,KRT-070,pivo,1.18,1.18
KRT,2026-02-27,KRT-071,pivo,1.52,1.52
KRT,2026-02-27,KRT-072,pivo,1.52,1.52
KRT,2026-02-27,KRT-073,pivo,3.81,3.81
KRT,2026-02-27,KRT-074,pivo,3.3,3.3
KRT,2026-02-26,KRT-001,pivo,0.51,0.51
KRT,2026-02-26,KRT-001B,pivo_secundario,0.0,0.0
KRT,2026-02-26,KRT-002,pivo,0.0,0.0
KRT,2026-02-26,KRT-002B,pivo_secundario,0.0,0.0
KRT,2026-02-26,KRT-003,pivo,0.0,0.0
KRT,2026-02-26,KRT-004,pivo,0.0,0.0
KRT,2026-02-26,KRT-004B,pivo_secundario,0.0,0.0
KRT,2026-02-26,KRT-005,pivo,0.0,0.0
KRT,2026-02-26,KRT-006B,pivo_secundario,0.77,0.77
KRT,2026-02-26,KRT-006,pivo,0.0,0.0
KRT,2026-02-26,KRT-007B,pivo_secundario,0.0,0.0
KRT,2026-02-26,KRT-007,pivo,0.0,0.0
KRT,2026-02-26,KRT-008,pivo,0.0,0.0
KRT,2026-02-26,KRT-009,pivo,0.0,0.0
KRT,2026-02-26,KRT-010,pivo,0.0,0.0
KRT,2026-02-26,KRT-011,pivo,1.02,1.02
KRT,2026-02-26,KRT-012,pivo,0.0,0.0
KRT,2026-02-26,KRT-013,pivo,0.0,0.0
KRT,2026-02-26,KRT-014,pivo,0.0,0.0
KRT,2026-02-26,KRT-015,pivo,0.0,0.0
KRT,2026-02-26,KRT-016,pivo,0.0,0.0
KRT,2026-02-26,KRT-017,pivo,0.0,0.0
KRT,2026-02-26,KRT-018,pivo,0.0,0.0
KRT,2026-02-26,KRT-019,pivo,0.0,0.0
KRT,2026-02-26,KRT-020,pivo,0.0,0.0
KRT,2026-02-26,KRT-021,pivo,0.0,0.0
KRT,2026-02-26,KRT-022,pivo,0.0,0.0
KRT,2026-02-26,KRT-023,pivo,1.27,1.27
KRT,2026-02-26,KRT-024,pivo,0.25,0.25
KRT,2026-02-26,KRT-025,pivo,0.0,0.0
KRT,2026-02-26,KRT-026,pivo,0.0,0.0
KRT,2026-02-26,KRT-027,pivo,0.0,0.0
KRT,2026-02-26,KRT-028,pivo,0.0,0.0
KRT,2026-02-26,KRT-029,pivo,0.0,0.0
KRT,2026-02-26,KRT-030,pivo,0.25,0.25
KRT,2026-02-26,KRT-031,pivo,0.0,0.0
KRT,2026-02-26,KRT-032,pivo,0.0,0.0
KRT,2026-02-26,KRT-033,pivo,0.0,0.0
KRT,2026-02-26,KRT-034,pivo,0.25,0.25
KRT,2026-02-26,KRT-035,pivo,0.76,0.76
KRT,2026-02-26,KRT-036,pivo,0.76,0.76
KRT,2026-02-26,KRT-037,pivo,2.29,2.29
KRT,2026-02-26,KRT-038,pivo,2.54,2.54
KRT,2026-02-26,KRT-039,pivo,2.03,2.03
KRT,2026-02-26,KRT-040,pivo,3.81,3.81
KRT,2026-02-26,KRT-041,pivo,0.0,0.0
KRT,2026-02-26,KRT-042,pivo,0.76,0.76
KRT,2026-02-26,KRT-043,pivo,0.51,0.51
KRT,2026-02-26,KRT-044,pivo,3.3,3.3
KRT,2026-02-26,KRT-045,pivo,2.0,2.0
KRT,2026-02-26,KRT-046,pivo,2.03,2.03
KRT,2026-02-26,KRT-047,pivo,1.02,1.02
KRT,2026-02-26,KRT-048,pivo,0.51,0.51
KRT,2026-02-26,KRT-049,pivo,0.51,0.51
KRT,2026-02-26,KRT-050,pivo,1.02,1.02
KRT,2026-02-26,KRT-051,pivo,1.27,1.27
KRT,2026-02-26,KRT-052,pivo,1.52,1.52
KRT,2026-02-26,KRT-053,pivo,1.0,1.0
KRT,2026-02-26,KRT-054,pivo,1.27,1.27
KRT,2026-02-26,KRT-055,pivo,0.76,0.76
KRT,2026-02-26,KRT-056,pivo,1.02,1.02
KRT,2026-02-26,KRT-057,pivo,0.0,0.0
KRT,2026-02-26,KRT-058,pivo,0.5,0.5
KRT,2026-02-26,KRT-059,pivo,0.25,0.25
KRT,2026-02-26,KRT-060,pivo,0.9,0.9
KRT,2026-02-26,KRT-061,pivo,0.0,0.0
KRT,2026-02-26,KRT-062,pivo,0.0,0.0
KRT,2026-02-26,KRT-063,pivo,0.6,0.6
KRT,2026-02-26,KRT-064,pivo,0.6,0.6
KRT,2026-02-26,KRT-065,pivo,2.1,2.1
KRT,2026-02-26,KRT-066,pivo,0.25,0.25
KRT,2026-02-26,KRT-067,pivo,0.25,0.25
KRT,2026-02-26,KRT-068,pivo,0.0,0.0
KRT,2026-02-26,KRT-069,pivo,0.25,0.25
KRT,2026-02-26,KRT-070,pivo,0.39,0.39
KRT,2026-02-26,KRT-071,pivo,0.51,0.51
KRT,2026-02-26,KRT-072,pivo,0.19,0.19
KRT,2026-02-26,KRT-073,pivo,0.76,0.76
KRT,2026-02-26,KRT-074,pivo,3.05,3.05
KRT,2026-02-25,KRT-001,pivo,0.0,0.0
KRT,2026-02-25,KRT-001B,pivo_secundario,0.0,0.0
KRT,2026-02-25,KRT-002,pivo,0.0,0.0
KRT,2026-02-25,KRT-002B,pivo_secundario,0.0,0.0
KRT,2026-02-25,KRT-003,pivo,0.0,0.0
KRT,2026-02-25,KRT-004,pivo,0.0,0.0
KRT,2026-02-25,KRT-004B,pivo_secundario,0.0,0.0
KRT,2026-02-25,KRT-005,pivo,0.0,0.0
KRT,2026-02-25,KRT-006B,pivo_secundario,0.58,0.58
KRT,2026-02-25,KRT-006,pivo,0.0,0.0
KRT,2026-02-25,KRT-007B,pivo_secundario,3.13,3.13
KRT,2026-02-25,KRT-007,pivo,0.0,0.0
KRT,2026-02-25,KRT-008,pivo,0.25,0.25
KRT,2026-02-25,KRT-009,pivo,0.0,0.0
KRT,2026-02-25,KRT-010,pivo,0.0,0.0
KRT,2026-02-25,KRT-011,pivo,0.25,0.25
KRT,2026-02-25,KRT-012,pivo,0.0,0.0
KRT,2026-02-25,KRT-013,pivo,0.0,0.0
KRT,2026-02-25,KRT-014,pivo,0.25,0.25
KRT,2026-02-25,KRT-015,pivo,0.0,0.0
KRT,2026-02-25,KRT-016,pivo,0.0,0.0
KRT,2026-02-25,KRT-017,pivo,0.51,0.51
KRT,2026-02-25,KRT-018,pivo,0.0,0.0
KRT,2026-02-25,KRT-019,pivo,0.0,0.0
KRT,2026-02-25,KRT-020,pivo,0.0,0.0
KRT,2026-02-25,KRT-021,pivo,0.0,0.0
KRT,2026-02-25,KRT-022,pivo,0.0,0.0
KRT,2026-02-25,KRT-023,pivo,0.25,0.25
KRT,2026-02-25,KRT-024,pivo,0.0,0.0
KRT,2026-02-25,KRT-025,pivo,0.0,0.0
KRT,2026-02-25,KRT-026,pivo,0.0,0.0
KRT,2026-02-25,KRT-027,pivo,0.51,0.51
KRT,2026-02-25,KRT-028,pivo,0.76,0.76
KRT,2026-02-25,KRT-029,pivo,1.78,1.78
KRT,2026-02-25,KRT-030,pivo,0.76,0.76
KRT,2026-02-25,KRT-031,pivo,2.29,2.29
KRT,2026-02-25,KRT-032,pivo,1.02,1.02
KRT,2026-02-25,KRT-033,pivo,1.52,1.52
KRT,2026-02-25,KRT-034,pivo,2.29,2.29
KRT,2026-02-25,KRT-035,pivo,0.51,0.51
KRT,2026-02-25,KRT-036,pivo,2.54,2.54
KRT,2026-02-25,KRT-037,pivo,1.02,1.02
KRT,2026-02-25,KRT-038,pivo,1.78,1.78
KRT,2026-02-25,KRT-039,pivo,3.3,3.3
KRT,2026-02-25,KRT-040,pivo,4.57,4.57
KRT,2026-02-25,KRT-041,pivo,2.0,2.0
KRT,2026-02-25,KRT-042,pivo,1.52,1.52
KRT,2026-02-25,KRT-043,pivo,1.78,1.78
KRT,2026-02-25,KRT-044,pivo,4.32,4.32
KRT,2026-02-25,KRT-045,pivo,3.06,3.06
KRT,2026-02-25,KRT-046,pivo,3.05,3.05
KRT,2026-02-25,KRT-047,pivo,1.78,1.78
KRT,2026-02-25,KRT-048,pivo,1.02,1.02
KRT,2026-02-25,KRT-049,pivo,1.02,1.02
KRT,2026-02-25,KRT-050,pivo,0.76,0.76
KRT,2026-02-25,KRT-051,pivo,2.29,2.29
KRT,2026-02-25,KRT-052,pivo,4.32,4.32
KRT,2026-02-25,KRT-053,pivo,4.88,4.88
KRT,2026-02-25,KRT-054,pivo,2.79,2.79
KRT,2026-02-25,KRT-055,pivo,4.83,4.83
KRT,2026-02-25,KRT-056,pivo,1.78,1.78
KRT,2026-02-25,KRT-057,pivo,4.97,4.97
KRT,2026-02-25,KRT-058,pivo,4.0,4.0
KRT,2026-02-25,KRT-059,pivo,4.83,4.83
KRT,2026-02-25,KRT-060,pivo,5.7,5.7
KRT,2026-02-25,KRT-061,pivo,7.2,7.2
KRT,2026-02-25,KRT-062,pivo,7.01,7.01
KRT,2026-02-25,KRT-063,pivo,2.4,2.4
KRT,2026-02-25,KRT-064,pivo,3.9,3.9
KRT,2026-02-25,KRT-065,pivo,2.7,2.7
KRT,2026-02-25,KRT-066,pivo,4.06,4.06
KRT,2026-02-25,KRT-067,pivo,4.83,4.83
KRT,2026-02-25,KRT-068,pivo,5.0,5.0
KRT,2026-02-25,KRT-069,pivo,1.02,1.02
KRT,2026-02-25,KRT-070,pivo,1.58,1.58
KRT,2026-02-25,KRT-071,pivo,0.51,0.51
KRT,2026-02-25,KRT-072,pivo,0.38,0.38
KRT,2026-02-25,KRT-073,pivo,1.52,1.52
KRT,2026-02-25,KRT-074,pivo,3.56,3.56
KRT,2026-02-24,KRT-001,pivo,19.05,19.05
KRT,2026-02-24,KRT-001B,pivo_secundario,6.7,6.7
KRT,2026-02-24,KRT-002,pivo,15.08,15.08
KRT,2026-02-24,KRT-002B,pivo_secundario,8.66,8.66
KRT,2026-02-24,KRT-003,pivo,7.11,7.11
KRT,2026-02-24,KRT-004,pivo,16.26,16.26
KRT,2026-02-24,KRT-004B,pivo_secundario,10.25,10.25
KRT,2026-02-24,KRT-005,pivo,8.75,8.75
KRT,2026-02-24,KRT-006B,pivo_secundario,7.33,7.33
KRT,2026-02-24,KRT-006,pivo,13.58,13.58
KRT,2026-02-24,KRT-007B,pivo_secundario,13.57,13.57
KRT,2026-02-24,KRT-007,pivo,19.3,19.3
KRT,2026-02-24,KRT-008,pivo,12.7,12.7
KRT,2026-02-24,KRT-009,pivo,18.29,18.29
KRT,2026-02-24,KRT-010,pivo,17.02,17.02
KRT,2026-02-24,KRT-011,pivo,5.84,5.84
KRT,2026-02-24,KRT-012,pivo,10.09,10.09
KRT,2026-02-24,KRT-013,pivo,7.37,7.37
KRT,2026-02-24,KRT-014,pivo,9.4,9.4
KRT,2026-02-24,KRT-015,pivo,6.6,6.6
KRT,2026-02-24,KRT-016,pivo,7.8,7.8
KRT,2026-02-24,KRT-017,pivo,11.43,11.43
KRT,2026-02-24,KRT-018,pivo,11.87,11.87
KRT,2026-02-24,KRT-019,pivo,15.24,15.24
KRT,2026-02-24,KRT-020,pivo,13.21,13.21
KRT,2026-02-24,KRT-021,pivo,12.95,12.95
KRT,2026-02-24,KRT-022,pivo,11.94,11.94
KRT,2026-02-24,KRT-023,pivo,8.13,8.13
KRT,2026-02-24,KRT-024,pivo,9.4,9.4
KRT,2026-02-24,KRT-025,pivo,17.27,17.27
KRT,2026-02-24,KRT-026,pivo,16.6,16.6
KRT,2026-02-24,KRT-027,pivo,23.11,23.11
KRT,2026-02-24,KRT-028,pivo,20.07,20.07
KRT,2026-02-24,KRT-029,pivo,29.72,29.72
KRT,2026-02-24,KRT-030,pivo,9.65,9.65
KRT,2026-02-24,KRT-031,pivo,23.11,23.11
KRT,2026-02-24,KRT-032,pivo,17.02,17.02
KRT,2026-02-24,KRT-033,pivo,20.83,20.83
KRT,2026-02-24,KRT-034,pivo,19.56,19.56
KRT,2026-02-24,KRT-035,pivo,7.37,7.37
KRT,2026-02-24,KRT-036,pivo,8.89,8.89
KRT,2026-02-24,KRT-037,pivo,10.67,10.67
KRT,2026-02-24,KRT-038,pivo,9.91,9.91
KRT,2026-02-24,KRT-039,pivo,11.68,11.68
KRT,2026-02-24,KRT-040,pivo,7.11,7.11
KRT,2026-02-24,KRT-041,pivo,11.0,11.0
KRT,2026-02-24,KRT-042,pivo,14.57,14.57
KRT,2026-02-24,KRT-043,pivo,16.0,16.0
KRT,2026-02-24,KRT-044,pivo,18.03,18.03
KRT,2026-02-24,KRT-045,pivo,15.28,15.28
KRT,2026-02-24,KRT-046,pivo,15.49,15.49
KRT,2026-02-24,KRT-047,pivo,18.8,18.8
KRT,2026-02-24,KRT-048,pivo,10.35,10.35
KRT,2026-02-24,KRT-049,pivo,11.68,11.68
KRT,2026-02-24,KRT-050,pivo,16.51,16.51
KRT,2026-02-24,KRT-051,pivo,19.05,19.05
KRT,2026-02-24,KRT-052,pivo,16.0,16.0
KRT,2026-02-24,KRT-053,pivo,14.77,14.77
KRT,2026-02-24,KRT-054,pivo,12.95,12.95
KRT,2026-02-24,KRT-055,pivo,11.94,11.94
KRT,2026-02-24,KRT-056,pivo,10.41,10.41
KRT,2026-02-24,KRT-057,pivo,7.46,7.46
KRT,2026-02-24,KRT-058,pivo,9.5,9.5
KRT,2026-02-24,KRT-059,pivo,9.4,9.4
KRT,2026-02-24,KRT-060,pivo,10.5,10.5
KRT,2026-02-24,KRT-061,pivo,9.6,9.6
KRT,2026-02-24,KRT-062,pivo,8.98,8.98
KRT,2026-02-24,KRT-063,pivo,16.2,16.2
KRT,2026-02-24,KRT-064,pivo,14.7,14.7
KRT,2026-02-24,KRT-065,pivo,15.0,15.0
KRT,2026-02-24,KRT-066,pivo,10.16,10.16
KRT,2026-02-24,KRT-067,pivo,7.37,7.37
KRT,2026-02-24,KRT-068,pivo,8.21,8.21
KRT,2026-02-24,KRT-069,pivo,6.6,6.6
KRT,2026-02-24,KRT-070,pivo,9.26,9.26
KRT,2026-02-24,KRT-071,pivo,8.38,8.38
KRT,2026-02-24,KRT-072,pivo,15.58,15.58
KRT,2026-02-24,KRT-073,pivo,17.02,17.02
KRT,2026-02-24,KRT-074,pivo,16.0,16.0
KRT,2026-02-23,KRT-001,pivo,33.02,33.02
KRT,2026-02-23,KRT-001B,pivo_secundario,28.64,28.64
KRT,2026-02-23,KRT-002,pivo,22.66,22.66
KRT,2026-02-23,KRT-002B,pivo_secundario,26.45,26.45
KRT,2026-02-23,KRT-003,pivo,15.75,15.75
KRT,2026-02-23,KRT-004,pivo,19.05,19.05
KRT,2026-02-23,KRT-004B,pivo_secundario,0.98,0.98
KRT,2026-02-23,KRT-005,pivo,18.25,18.25
KRT,2026-02-23,KRT-006B,pivo_secundario,0.0,0.0
KRT,2026-02-23,KRT-006,pivo,18.47,18.47
KRT,2026-02-23,KRT-007B,pivo_secundario,28.19,28.19
KRT,2026-02-23,KRT-007,pivo,49.02,49.02
KRT,2026-02-23,KRT-008,pivo,17.53,17.53
KRT,2026-02-23,KRT-009,pivo,25.4,25.4
KRT,2026-02-23,KRT-010,pivo,27.43,27.43
KRT,2026-02-23,KRT-011,pivo,33.02,33.02
KRT,2026-02-23,KRT-012,pivo,27.79,27.79
KRT,2026-02-23,KRT-013,pivo,35.56,35.56
KRT,2026-02-23,KRT-014,pivo,32.51,32.51
KRT,2026-02-23,KRT-015,pivo,12.45,12.45
KRT,2026-02-23,KRT-016,pivo,19.12,19.12
KRT,2026-02-23,KRT-017,pivo,17.78,17.78
KRT,2026-02-23,KRT-018,pivo,19.12,19.12
KRT,2026-02-23,KRT-019,pivo,18.03,18.03
KRT,2026-02-23,KRT-020,pivo,24.64,24.64
KRT,2026-02-23,KRT-021,pivo,24.38,24.38
KRT,2026-02-23,KRT-022,pivo,20.57,20.57
KRT,2026-02-23,KRT-023,pivo,32.77,32.77
KRT,2026-02-23,KRT-024,pivo,17.71,17.71
KRT,2026-02-23,KRT-025,pivo,36.58,36.58
KRT,2026-02-23,KRT-026,pivo,34.06,34.06
KRT,2026-02-23,KRT-027,pivo,35.05,35.05
KRT,2026-02-23,KRT-028,pivo,38.86,38.86
KRT,2026-02-23,KRT-029,pivo,41.91,41.91
KRT,2026-02-23,KRT-030,pivo,25.65,25.65
KRT,2026-02-23,KRT-031,pivo,33.27,33.27
KRT,2026-02-23,KRT-032,pivo,26.54,26.54
KRT,2026-02-23,KRT-033,pivo,27.94,27.94
KRT,2026-02-23,KRT-034,pivo,28.7,28.7
KRT,2026-02-23,KRT-035,pivo,9.4,9.4
KRT,2026-02-23,KRT-036,pivo,17.78,17.78
KRT,2026-02-23,KRT-037,pivo,13.46,13.46
KRT,2026-02-23,KRT-038,pivo,15.49,15.49
KRT,2026-02-23,KRT-039,pivo,21.59,21.59
KRT,2026-02-23,KRT-040,pivo,26.92,26.92
KRT,2026-02-23,KRT-041,pivo,15.86,15.86
KRT,2026-02-23,KRT-042,pivo,24.13,24.13
KRT,2026-02-23,KRT-043,pivo,12.45,12.45
KRT,2026-02-23,KRT-044,pivo,32.0,32.0
KRT,2026-02-23,KRT-045,pivo,20.13,20.13
KRT,2026-02-23,KRT-046,pivo,19.81,19.81
KRT,2026-02-23,KRT-047,pivo,17.53,17.53
KRT,2026-02-23,KRT-048,pivo,18.37,18.37
KRT,2026-02-23,KRT-049,pivo,29.46,29.46
KRT,2026-02-23,KRT-050,pivo,13.21,13.21
KRT,2026-02-23,KRT-051,pivo,27.43,27.43
KRT,2026-02-23,KRT-052,pivo,25.91,25.91
KRT,2026-02-23,KRT-053,pivo,20.4,20.4
KRT,2026-02-23,KRT-054,pivo,24.38,24.38
KRT,2026-02-23,KRT-055,pivo,19.05,19.05
KRT,2026-02-23,KRT-056,pivo,21.59,21.59
KRT,2026-02-23,KRT-057,pivo,13.33,13.33
KRT,2026-02-23,KRT-058,pivo,17.0,17.0
KRT,2026-02-23,KRT-059,pivo,10.67,10.67
KRT,2026-02-23,KRT-060,pivo,12.0,12.0
KRT,2026-02-23,KRT-061,pivo,18.9,18.9
KRT,2026-02-23,KRT-062,pivo,14.89,14.89
KRT,2026-02-23,KRT-063,pivo,20.7,20.7
KRT,2026-02-23,KRT-064,pivo,14.1,14.1
KRT,2026-02-23,KRT-065,pivo,18.9,18.9
KRT,2026-02-23,KRT-066,pivo,6.6,6.6
KRT,2026-02-23,KRT-067,pivo,11.18,11.18
KRT,2026-02-23,KRT-068,pivo,9.51,9.51
KRT,2026-02-23,KRT-069,pivo,11.94,11.94
KRT,2026-02-23,KRT-070,pivo,13.4,13.4
KRT,2026-02-23,KRT-071,pivo,12.7,12.7
KRT,2026-02-23,KRT-072,pivo,15.77,15.77
KRT,2026-02-23,KRT-073,pivo,32.51,32.51
KRT,2026-02-23,KRT-074,pivo,22.86,22.86
KRT,2026-02-22,KRT-001,pivo,56.13,56.13
KRT,2026-02-22,KRT-001B,pivo_secundario,31.88,31.88
KRT,2026-02-22,KRT-002,pivo,66.0,66.0
KRT,2026-02-22,KRT-002B,pivo_secundario,13.91,13.91
KRT,2026-02-22,KRT-003,pivo,62.23,62.23
KRT,2026-02-22,KRT-004,pivo,71.88,71.88
KRT,2026-02-22,KRT-004B,pivo_secundario,0.0,0.0
KRT,2026-02-22,KRT-005,pivo,62.0,62.0
KRT,2026-02-22,KRT-006B,pivo_secundario,0.0,0.0
KRT,2026-02-22,KRT-006,pivo,62.3,62.3
KRT,2026-02-22,KRT-007B,pivo_secundario,73.86,73.86
KRT,2026-02-22,KRT-007,pivo,124.46,124.46
KRT,2026-02-22,KRT-008,pivo,61.47,61.47
KRT,2026-02-22,KRT-009,pivo,120.65,120.65
KRT,2026-02-22,KRT-010,pivo,103.38,103.38
KRT,2026-02-22,KRT-011,pivo,82.8,82.8
KRT,2026-02-22,KRT-012,pivo,85.93,85.93
KRT,2026-02-22,KRT-013,pivo,73.15,73.15
KRT,2026-02-22,KRT-014,pivo,73.91,73.91
KRT,2026-02-22,KRT-015,pivo,49.28,49.28
KRT,2026-02-22,KRT-016,pivo,49.56,49.56
KRT,2026-02-22,KRT-017,pivo,53.85,53.85
KRT,2026-02-22,KRT-018,pivo,50.25,50.25
KRT,2026-02-22,KRT-019,pivo,77.47,77.47
KRT,2026-02-22,KRT-020,pivo,68.07,68.07
KRT,2026-02-22,KRT-021,pivo,85.09,85.09
KRT,2026-02-22,KRT-022,pivo,71.37,71.37
KRT,2026-02-22,KRT-023,pivo,97.03,97.03
KRT,2026-02-22,KRT-024,pivo,68.58,68.58
KRT,2026-02-22,KRT-025,pivo,51.82,51.82
KRT,2026-02-22,KRT-026,pivo,53.62,53.62
KRT,2026-02-22,KRT-027,pivo,68.83,68.83
KRT,2026-02-22,KRT-028,pivo,56.13,56.13
KRT,2026-02-22,KRT-029,pivo,67.31,67.31
KRT,2026-02-22,KRT-030,pivo,72.14,72.14
KRT,2026-02-22,KRT-031,pivo,59.94,59.94
KRT,2026-02-22,KRT-032,pivo,36.58,36.58
KRT,2026-02-22,KRT-033,pivo,60.96,60.96
KRT,2026-02-22,KRT-034,pivo,33.53,33.53
KRT,2026-02-22,KRT-035,pivo,61.21,61.21
KRT,2026-02-22,KRT-036,pivo,56.64,56.64
KRT,2026-02-22,KRT-037,pivo,76.96,76.96
KRT,2026-02-22,KRT-038,pivo,52.83,52.83
KRT,2026-02-22,KRT-039,pivo,56.9,56.9
KRT,2026-02-22,KRT-040,pivo,62.48,62.48
KRT,2026-02-22,KRT-041,pivo,65.05,65.05
KRT,2026-02-22,KRT-042,pivo,59.44,59.44
KRT,2026-02-22,KRT-043,pivo,73.91,73.91
KRT,2026-02-22,KRT-044,pivo,68.07,68.07
KRT,2026-02-22,KRT-045,pivo,64.6,64.6
KRT,2026-02-22,KRT-046,pivo,73.91,73.91
KRT,2026-02-22,KRT-047,pivo,64.01,64.01
KRT,2026-02-22,KRT-048,pivo,45.72,45.72
KRT,2026-02-22,KRT-049,pivo,82.04,82.04
KRT,2026-02-22,KRT-050,pivo,68.58,68.58
KRT,2026-02-22,KRT-051,pivo,76.2,76.2
KRT,2026-02-22,KRT-052,pivo,83.31,83.31
KRT,2026-02-22,KRT-053,pivo,61.7,61.7
KRT,2026-02-22,KRT-054,pivo,71.37,71.37
KRT,2026-02-22,KRT-055,pivo,67.06,67.06
KRT,2026-02-22,KRT-056,pivo,73.66,73.66
KRT,2026-02-22,KRT-057,pivo,42.04,42.04
KRT,2026-02-22,KRT-058,pivo,56.75,56.75
KRT,2026-02-22,KRT-059,pivo,33.27,33.27
KRT,2026-02-22,KRT-060,pivo,58.2,58.2
KRT,2026-02-22,KRT-061,pivo,45.6,45.6
KRT,2026-02-22,KRT-062,pivo,56.28,56.28
KRT,2026-02-22,KRT-063,pivo,74.7,74.7
KRT,2026-02-22,KRT-064,pivo,85.8,85.8
KRT,2026-02-22,KRT-065,pivo,95.7,95.7
KRT,2026-02-22,KRT-066,pivo,41.66,41.66
KRT,2026-02-22,KRT-067,pivo,42.93,42.93
KRT,2026-02-22,KRT-068,pivo,40.02,40.02
KRT,2026-02-22,KRT-069,pivo,25.4,25.4
KRT,2026-02-22,KRT-070,pivo,27.97,27.97
KRT,2026-02-22,KRT-071,pivo,25.91,25.91
KRT,2026-02-22,KRT-072,pivo,38.76,38.76
KRT,2026-02-22,KRT-073,pivo,53.59,53.59
KRT,2026-02-22,KRT-074,pivo,61.47,61.47
KRT,2026-02-21,KRT-001,pivo,5.08,5.08
KRT,2026-02-21,KRT-001B,pivo_secundario,1.15,1.15
KRT,2026-02-21,KRT-002,pivo,6.23,6.23
KRT,2026-02-21,KRT-002B,pivo_secundario,0.68,0.68
KRT,2026-02-21,KRT-003,pivo,5.59,5.59
KRT,2026-02-21,KRT-004,pivo,8.13,8.13
KRT,2026-02-21,KRT-004B,pivo_secundario,0.0,0.0
KRT,2026-02-21,KRT-005,pivo,16.25,16.25
KRT,2026-02-21,KRT-006B,pivo_secundario,0.0,0.0
KRT,2026-02-21,KRT-006,pivo,21.36,21.36
KRT,2026-02-21,KRT-007B,pivo_secundario,6.79,6.79
KRT,2026-02-21,KRT-007,pivo,29.21,29.21
KRT,2026-02-21,KRT-008,pivo,21.84,21.84
KRT,2026-02-21,KRT-009,pivo,17.27,17.27
KRT,2026-02-21,KRT-010,pivo,15.24,15.24
KRT,2026-02-21,KRT-011,pivo,7.37,7.37
KRT,2026-02-21,KRT-012,pivo,8.53,8.53
KRT,2026-02-21,KRT-013,pivo,8.26,8.26
KRT,2026-02-21,KRT-014,pivo,4.32,4.32
KRT,2026-02-21,KRT-015,pivo,17.53,17.53
KRT,2026-02-21,KRT-016,pivo,18.74,18.74
KRT,2026-02-21,KRT-017,pivo,21.34,21.34
KRT,2026-02-21,KRT-018,pivo,21.41,21.41
KRT,2026-02-21,KRT-019,pivo,19.56,19.56
KRT,2026-02-21,KRT-020,pivo,25.15,25.15
KRT,2026-02-21,KRT-021,pivo,20.32,20.32
KRT,2026-02-21,KRT-022,pivo,17.53,17.53
KRT,2026-02-21,KRT-023,pivo,11.43,11.43
KRT,2026-02-21,KRT-024,pivo,18.54,18.54
KRT,2026-02-21,KRT-025,pivo,8.89,8.89
KRT,2026-02-21,KRT-026,pivo,4.56,4.56
KRT,2026-02-21,KRT-027,pivo,6.35,6.35
KRT,2026-02-21,KRT-028,pivo,6.34,6.34
KRT,2026-02-21,KRT-029,pivo,5.08,5.08
KRT,2026-02-21,KRT-030,pivo,11.18,11.18
KRT,2026-02-21,KRT-031,pivo,6.35,6.35
KRT,2026-02-21,KRT-032,pivo,3.3,3.3
KRT,2026-02-21,KRT-033,pivo,6.35,6.35
KRT,2026-02-21,KRT-034,pivo,3.05,3.05
KRT,2026-02-21,KRT-035,pivo,17.02,17.02
KRT,2026-02-21,KRT-036,pivo,14.73,14.73
KRT,2026-02-21,KRT-037,pivo,11.18,11.18
KRT,2026-02-21,KRT-038,pivo,10.16,10.16
KRT,2026-02-21,KRT-039,pivo,8.89,8.89
KRT,2026-02-21,KRT-040,pivo,6.1,6.1
KRT,2026-02-21,KRT-041,pivo,6.21,6.21
KRT,2026-02-21,KRT-042,pivo,6.1,6.1
KRT,2026-02-21,KRT-043,pivo,6.15,6.15
KRT,2026-02-21,KRT-044,pivo,8.64,8.64
KRT,2026-02-21,KRT-045,pivo,5.89,5.89
KRT,2026-02-21,KRT-046,pivo,3.05,3.05
KRT,2026-02-21,KRT-047,pivo,4.06,4.06
KRT,2026-02-21,KRT-048,pivo,4.52,4.52
KRT,2026-02-21,KRT-049,pivo,8.13,8.13
KRT,2026-02-21,KRT-050,pivo,10.92,10.92
KRT,2026-02-21,KRT-051,pivo,17.53,17.53
KRT,2026-02-21,KRT-052,pivo,4.06,4.06
KRT,2026-02-21,KRT-053,pivo,6.12,6.12
KRT,2026-02-21,KRT-054,pivo,9.14,9.14
KRT,2026-02-21,KRT-055,pivo,6.35,6.35
KRT,2026-02-21,KRT-056,pivo,11.94,11.94
KRT,2026-02-21,KRT-057,pivo,6.55,6.55
KRT,2026-02-21,KRT-058,pivo,7.25,7.25
KRT,2026-02-21,KRT-059,pivo,5.59,5.59
KRT,2026-02-21,KRT-060,pivo,7.5,7.5
KRT,2026-02-21,KRT-061,pivo,11.7,11.7
KRT,2026-02-21,KRT-062,pivo,8.32,8.32
KRT,2026-02-21,KRT-063,pivo,20.7,20.7
KRT,2026-02-21,KRT-064,pivo,18.0,18.0
KRT,2026-02-21,KRT-065,pivo,16.8,16.8
KRT,2026-02-21,KRT-066,pivo,4.8,4.8
KRT,2026-02-21,KRT-067,pivo,6.6,6.6
KRT,2026-02-21,KRT-068,pivo,4.12,4.12
KRT,2026-02-21,KRT-069,pivo,6.35,6.35
KRT,2026-02-21,KRT-070,pivo,7.29,7.29
KRT,2026-02-21,KRT-071,pivo,9.14,9.14
KRT,2026-02-21,KRT-072,pivo,9.31,9.31
KRT,2026-02-21,KRT-073,pivo,7.37,7.37
KRT,2026-02-21,KRT-074,pivo,3.56,3.56
KRT,2026-02-20,KRT-001,pivo,39.88,39.88
KRT,2026-02-20,KRT-001B,pivo_secundario,43.2,43.2
KRT,2026-02-20,KRT-002,pivo,39.96,39.96
KRT,2026-02-20,KRT-002B,pivo_secundario,52.21,52.21
KRT,2026-02-20,KRT-003,pivo,52.07,52.07
KRT,2026-02-20,KRT-004,pivo,35.93,35.93
KRT,2026-02-20,KRT-004B,pivo_secundario,0.0,0.0
KRT,2026-02-20,KRT-005,pivo,31.0,31.0
KRT,2026-02-20,KRT-006B,pivo_secundario,0.0,0.0
KRT,2026-02-20,KRT-006,pivo,33.38,33.38
KRT,2026-02-20,KRT-007B,pivo_secundario,37.58,37.58
KRT,2026-02-20,KRT-007,pivo,47.76,47.76
KRT,2026-02-20,KRT-008,pivo,37.34,37.34
KRT,2026-02-20,KRT-009,pivo,46.74,46.74
KRT,2026-02-20,KRT-010,pivo,45.21,45.21
KRT,2026-02-20,KRT-011,pivo,46.74,46.74
KRT,2026-02-20,KRT-012,pivo,47.95,47.95
KRT,2026-02-20,KRT-013,pivo,49.02,49.02
KRT,2026-02-20,KRT-014,pivo,42.16,42.16
KRT,2026-02-20,KRT-015,pivo,23.62,23.62
KRT,2026-02-20,KRT-016,pivo,26.41,26.41
KRT,2026-02-20,KRT-017,pivo,36.83,36.83
KRT,2026-02-20,KRT-018,pivo,32.85,32.85
KRT,2026-02-20,KRT-019,pivo,42.67,42.67
KRT,2026-02-20,KRT-020,pivo,52.58,52.58
KRT,2026-02-20,KRT-021,pivo,49.28,49.28
KRT,2026-02-20,KRT-022,pivo,51.56,51.56
KRT,2026-02-20,KRT-023,pivo,57.66,57.66
KRT,2026-02-20,KRT-024,pivo,58.93,58.93
KRT,2026-02-20,KRT-025,pivo,44.45,44.45
KRT,2026-02-20,KRT-026,pivo,44.26,44.26
KRT,2026-02-20,KRT-027,pivo,46.23,46.23
KRT,2026-02-20,KRT-028,pivo,33.27,33.27
KRT,2026-02-20,KRT-029,pivo,26.92,26.92
KRT,2026-02-20,KRT-030,pivo,40.89,40.89
KRT,2026-02-20,KRT-031,pivo,23.11,23.11
KRT,2026-02-20,KRT-032,pivo,20.73,20.73
KRT,2026-02-20,KRT-033,pivo,25.15,25.15
KRT,2026-02-20,KRT-034,pivo,19.75,19.75
KRT,2026-02-20,KRT-035,pivo,23.11,23.11
KRT,2026-02-20,KRT-036,pivo,19.81,19.81
KRT,2026-02-20,KRT-037,pivo,35.05,35.05
KRT,2026-02-20,KRT-038,pivo,18.29,18.29
KRT,2026-02-20,KRT-039,pivo,31.75,31.75
KRT,2026-02-20,KRT-040,pivo,19.56,19.56
KRT,2026-02-20,KRT-041,pivo,22.36,22.36
KRT,2026-02-20,KRT-042,pivo,18.8,18.8
KRT,2026-02-20,KRT-043,pivo,21.34,21.34
KRT,2026-02-20,KRT-044,pivo,66.04,66.04
KRT,2026-02-20,KRT-045,pivo,22.54,22.54
KRT,2026-02-20,KRT-046,pivo,25.33,25.33
KRT,2026-02-20,KRT-047,pivo,26.07,26.07
KRT,2026-02-20,KRT-048,pivo,42.57,42.57
KRT,2026-02-20,KRT-049,pivo,44.96,44.96
KRT,2026-02-20,KRT-050,pivo,55.88,55.88
KRT,2026-02-20,KRT-051,pivo,46.99,46.99
KRT,2026-02-20,KRT-052,pivo,30.73,30.73
KRT,2026-02-20,KRT-053,pivo,74.69,74.69
KRT,2026-02-20,KRT-054,pivo,80.52,80.52
KRT,2026-02-20,KRT-055,pivo,85.6,85.6
KRT,2026-02-20,KRT-056,pivo,74.17,74.17
KRT,2026-02-20,KRT-057,pivo,53.34,53.34
KRT,2026-02-20,KRT-058,pivo,81.0,81.0
KRT,2026-02-20,KRT-059,pivo,66.04,66.04
KRT,2026-02-20,KRT-060,pivo,94.8,94.8
KRT,2026-02-20,KRT-061,pivo,56.4,56.4
KRT,2026-02-20,KRT-062,pivo,77.53,77.53
KRT,2026-02-20,KRT-063,pivo,30.9,30.9
KRT,2026-02-20,KRT-064,pivo,25.5,25.5
KRT,2026-02-20,KRT-065,pivo,42.3,42.3
KRT,2026-02-20,KRT-066,pivo,50.2,50.2
KRT,2026-02-20,KRT-067,pivo,62.99,62.99
KRT,2026-02-20,KRT-068,pivo,50.56,50.56
KRT,2026-02-20,KRT-069,pivo,28.96,28.96
KRT,2026-02-20,KRT-070,pivo,25.02,25.02
KRT,2026-02-20,KRT-071,pivo,20.54,20.54
KRT,2026-02-20,KRT-072,pivo,20.24,20.24
KRT,2026-02-20,KRT-073,pivo,55.37,55.37
KRT,2026-02-20,KRT-074,pivo,65.53,65.53
KRT,2026-02-19,KRT-001,pivo,12.7,12.7
KRT,2026-02-19,KRT-001B,pivo_secundario,0.69,0.69
KRT,2026-02-19,KRT-002,pivo,9.96,9.96
KRT,2026-02-19,KRT-002B,pivo_secundario,0.68,0.68
KRT,2026-02-19,KRT-003,pivo,10.28,10.28
KRT,2026-02-19,KRT-004,pivo,10.16,10.16
KRT,2026-02-19,KRT-004B,pivo_secundario,0.0,0.0
KRT,2026-02-19,KRT-005,pivo,4.5,4.5
KRT,2026-02-19,KRT-006B,pivo_secundario,0.0,0.0
KRT,2026-02-19,KRT-006,pivo,5.06,5.06
KRT,2026-02-19,KRT-007B,pivo_secundario,36.8,36.8
KRT,2026-02-19,KRT-007,pivo,18.8,18.8
KRT,2026-02-19,KRT-008,pivo,4.06,4.06
KRT,2026-02-19,KRT-009,pivo,11.94,11.94
KRT,2026-02-19,KRT-010,pivo,11.68,11.68
KRT,2026-02-19,KRT-011,pivo,8.89,8.89
KRT,2026-02-19,KRT-012,pivo,10.25,10.25
KRT,2026-02-19,KRT-013,pivo,8.07,8.07
KRT,2026-02-19,KRT-014,pivo,11.94,11.94
KRT,2026-02-19,KRT-015,pivo,2.29,2.29
KRT,2026-02-19,KRT-016,pivo,1.95,1.95
KRT,2026-02-19,KRT-017,pivo,2.03,2.03
KRT,2026-02-19,KRT-018,pivo,1.89,1.89
KRT,2026-02-19,KRT-019,pivo,5.08,5.08
KRT,2026-02-19,KRT-020,pivo,2.03,2.03
KRT,2026-02-19,KRT-021,pivo,5.08,5.08
KRT,2026-02-19,KRT-022,pivo,3.56,3.56
KRT,2026-02-19,KRT-023,pivo,6.1,6.1
KRT,2026-02-19,KRT-024,pivo,4.32,4.32
KRT,2026-02-19,KRT-025,pivo,6.6,6.6
KRT,2026-02-19,KRT-026,pivo,7.23,7.23
KRT,2026-02-19,KRT-027,pivo,7.89,7.89
KRT,2026-02-19,KRT-028,pivo,14.48,14.48
KRT,2026-02-19,KRT-029,pivo,13.97,13.97
KRT,2026-02-19,KRT-030,pivo,26.16,26.16
KRT,2026-02-19,KRT-031,pivo,18.29,18.29
KRT,2026-02-19,KRT-032,pivo,11.94,11.94
KRT,2026-02-19,KRT-033,pivo,10.67,10.67
KRT,2026-02-19,KRT-034,pivo,13.21,13.21
KRT,2026-02-19,KRT-035,pivo,4.06,4.06
KRT,2026-02-19,KRT-036,pivo,2.79,2.79
KRT,2026-02-19,KRT-037,pivo,1.52,1.52
KRT,2026-02-19,KRT-038,pivo,1.78,1.78
KRT,2026-02-19,KRT-039,pivo,2.29,2.29
KRT,2026-02-19,KRT-040,pivo,2.03,2.03
KRT,2026-02-19,KRT-041,pivo,7.56,7.56
KRT,2026-02-19,KRT-042,pivo,1.52,1.52
KRT,2026-02-19,KRT-043,pivo,1.78,1.78
KRT,2026-02-19,KRT-044,pivo,26.42,26.42
KRT,2026-02-19,KRT-045,pivo,2.89,2.89
KRT,2026-02-19,KRT-046,pivo,3.81,3.81
KRT,2026-02-19,KRT-047,pivo,3.56,3.56
KRT,2026-02-19,KRT-048,pivo,3.25,3.25
KRT,2026-02-19,KRT-049,pivo,3.78,3.78
KRT,2026-02-19,KRT-050,pivo,27.43,27.43
KRT,2026-02-19,KRT-051,pivo,23.88,23.88
KRT,2026-02-19,KRT-052,pivo,7.87,7.87
KRT,2026-02-19,KRT-053,pivo,30.25,30.25
KRT,2026-02-19,KRT-054,pivo,27.18,27.18
KRT,2026-02-19,KRT-055,pivo,29.72,29.72
KRT,2026-02-19,KRT-056,pivo,28.19,28.19
KRT,2026-02-19,KRT-057,pivo,18.98,18.98
KRT,2026-02-19,KRT-058,pivo,14.13,14.13
KRT,2026-02-19,KRT-059,pivo,23.37,23.37
KRT,2026-02-19,KRT-060,pivo,17.7,17.7
KRT,2026-02-19,KRT-061,pivo,11.4,11.4
KRT,2026-02-19,KRT-062,pivo,11.45,11.45
KRT,2026-02-19,KRT-063,pivo,17.1,17.1
KRT,2026-02-19,KRT-064,pivo,17.7,17.7
KRT,2026-02-19,KRT-065,pivo,18.3,18.3
KRT,2026-02-19,KRT-066,pivo,12.6,12.6
KRT,2026-02-19,KRT-067,pivo,12.57,12.57
KRT,2026-02-19,KRT-068,pivo,12.7,12.7
KRT,2026-02-19,KRT-069,pivo,33.27,33.27
KRT,2026-02-19,KRT-070,pivo,24.43,24.43
KRT,2026-02-19,KRT-071,pivo,35.81,35.81
KRT,2026-02-19,KRT-072,pivo,31.73,31.73
KRT,2026-02-19,KRT-073,pivo,9.91,9.91
KRT,2026-02-19,KRT-074,pivo,9.3,9.3
KRT,2026-02-18,KRT-001,pivo,0.0,0.0
KRT,2026-02-18,KRT-001B,pivo_secundario,0.23,0.23
KRT,2026-02-18,KRT-002,pivo,0.0,0.0
KRT,2026-02-18,KRT-002B,pivo_secundario,0.68,0.68
KRT,2026-02-18,KRT-003,pivo,0.0,0.0
KRT,2026-02-18,KRT-004,pivo,0.0,0.0
KRT,2026-02-18,KRT-004B,pivo_secundario,0.0,0.0
KRT,2026-02-18,KRT-005,pivo,0.0,0.0
KRT,2026-02-18,KRT-006B,pivo_secundario,0.0,0.0
KRT,2026-02-18,KRT-006,pivo,0.0,0.0
KRT,2026-02-18,KRT-007B,pivo_secundario,0.0,0.0
KRT,2026-02-18,KRT-007,pivo,0.0,0.0
KRT,2026-02-18,KRT-008,pivo,0.0,0.0
KRT,2026-02-18,KRT-009,pivo,0.0,0.0
KRT,2026-02-18,KRT-010,pivo,0.0,0.0
KRT,2026-02-18,KRT-011,pivo,0.25,0.25
KRT,2026-02-18,KRT-012,pivo,0.0,0.0
KRT,2026-02-18,KRT-013,pivo,0.25,0.25
KRT,2026-02-18,KRT-014,pivo,0.0,0.0
KRT,2026-02-18,KRT-015,pivo,0.0,0.0
KRT,2026-02-18,KRT-016,pivo,0.0,0.0
KRT,2026-02-18,KRT-017,pivo,0.0,0.0
KRT,2026-02-18,KRT-018,pivo,0.0,0.0
KRT,2026-02-18,KRT-019,pivo,0.0,0.0
KRT,2026-02-18,KRT-020,pivo,0.0,0.0
KRT,2026-02-18,KRT-021,pivo,0.0,0.0
KRT,2026-02-18,KRT-022,pivo,0.0,0.0
KRT,2026-02-18,KRT-023,pivo,0.0,0.0
KRT,2026-02-18,KRT-024,pivo,0.0,0.0
KRT,2026-02-18,KRT-025,pivo,0.0,0.0
KRT,2026-02-18,KRT-026,pivo,0.0,0.0
KRT,2026-02-18,KRT-027,pivo,0.0,0.0
KRT,2026-02-18,KRT-028,pivo,0.0,0.0
KRT,2026-02-18,KRT-029,pivo,0.0,0.0
KRT,2026-02-18,KRT-030,pivo,0.0,0.0
KRT,2026-02-18,KRT-031,pivo,0.0,0.0
KRT,2026-02-18,KRT-032,pivo,0.0,0.0
KRT,2026-02-18,KRT-033,pivo,0.0,0.0
KRT,2026-02-18,KRT-034,pivo,0.0,0.0
KRT,2026-02-18,KRT-035,pivo,0.0,0.0
KRT,2026-02-18,KRT-036,pivo,0.0,0.0
KRT,2026-02-18,KRT-037,pivo,0.0,0.0
KRT,2026-02-18,KRT-038,pivo,0.0,0.0
KRT,2026-02-18,KRT-039,pivo,0.25,0.25
KRT,2026-02-18,KRT-040,pivo,0.0,0.0
KRT,2026-02-18,KRT-041,pivo,0.0,0.0
KRT,2026-02-18,KRT-042,pivo,0.51,0.51
KRT,2026-02-18,KRT-043,pivo,0.0,0.0
KRT,2026-02-18,KRT-044,pivo,0.0,0.0
KRT,2026-02-18,KRT-045,pivo,0.0,0.0
KRT,2026-02-18,KRT-046,pivo,0.0,0.0
KRT,2026-02-18,KRT-047,pivo,0.0,0.0
KRT,2026-02-18,KRT-048,pivo,0.0,0.0
KRT,2026-02-18,KRT-049,pivo,0.0,0.0
KRT,2026-02-18,KRT-050,pivo,0.0,0.0
KRT,2026-02-18,KRT-051,pivo,0.0,0.0
KRT,2026-02-18,KRT-052,pivo,0.0,0.0
KRT,2026-02-18,KRT-053,pivo,0.0,0.0
KRT,2026-02-18,KRT-054,pivo,0.0,0.0
KRT,2026-02-18,KRT-055,pivo,0.0,0.0
KRT,2026-02-18,KRT-056,pivo,0.0,0.0
KRT,2026-02-18,KRT-057,pivo,0.0,0.0
KRT,2026-02-18,KRT-058,pivo,0.0,0.0
KRT,2026-02-18,KRT-059,pivo,1.02,1.02
KRT,2026-02-18,KRT-060,pivo,3.16,3.16
KRT,2026-02-18,KRT-061,pivo,2.2,2.2
KRT,2026-02-18,KRT-062,pivo,2.41,2.41
KRT,2026-02-18,KRT-063,pivo,0.9,0.9
KRT,2026-02-18,KRT-064,pivo,0.3,0.3
KRT,2026-02-18,KRT-065,pivo,0.3,0.3
KRT,2026-02-18,KRT-066,pivo,1.78,1.78
KRT,2026-02-18,KRT-067,pivo,3.3,3.3
KRT,2026-02-18,KRT-068,pivo,0.0,0.0
KRT,2026-02-18,KRT-069,pivo,2.03,2.03
KRT,2026-02-18,KRT-070,pivo,0.59,0.59
KRT,2026-02-18,KRT-071,pivo,0.25,0.25
KRT,2026-02-18,KRT-072,pivo,3.8,3.8
KRT,2026-02-18,KRT-073,pivo,0.0,0.0
KRT,2026-02-18,KRT-074,pivo,0.0,0.0
KRT,2026-02-17,KRT-001,pivo,0.0,0.0
KRT,2026-02-17,KRT-001B,pivo_secundario,0.0,0.0
KRT,2026-02-17,KRT-002,pivo,0.0,0.0
KRT,2026-02-17,KRT-002B,pivo_secundario,0.0,0.0
KRT,2026-02-17,KRT-003,pivo,0.0,0.0
KRT,2026-02-17,KRT-004,pivo,0.0,0.0
KRT,2026-02-17,KRT-004B,pivo_secundario,0.0,0.0
KRT,2026-02-17,KRT-005,pivo,0.0,0.0
KRT,2026-02-17,KRT-006B,pivo_secundario,0.0,0.0
KRT,2026-02-17,KRT-006,pivo,0.0,0.0
KRT,2026-02-17,KRT-007B,pivo_secundario,0.0,0.0
KRT,2026-02-17,KRT-007,pivo,0.0,0.0
KRT,2026-02-17,KRT-008,pivo,0.0,0.0
KRT,2026-02-17,KRT-009,pivo,0.0,0.0
KRT,2026-02-17,KRT-010,pivo,0.0,0.0
KRT,2026-02-17,KRT-011,pivo,0.0,0.0
KRT,2026-02-17,KRT-012,pivo,0.25,0.25
KRT,2026-02-17,KRT-013,pivo,0.0,0.0
KRT,2026-02-17,KRT-014,pivo,1.52,1.52
KRT,2026-02-17,KRT-015,pivo,0.0,0.0
KRT,2026-02-17,KRT-016,pivo,0.0,0.0
KRT,2026-02-17,KRT-017,pivo,0.0,0.0
KRT,2026-02-17,KRT-018,pivo,0.0,0.0
KRT,2026-02-17,KRT-019,pivo,0.0,0.0
KRT,2026-02-17,KRT-020,pivo,0.0,0.0
KRT,2026-02-17,KRT-021,pivo,0.0,0.0
KRT,2026-02-17,KRT-022,pivo,0.0,0.0
KRT,2026-02-17,KRT-023,pivo,0.0,0.0
KRT,2026-02-17,KRT-024,pivo,0.0,0.0
KRT,2026-02-17,KRT-025,pivo,0.0,0.0
KRT,2026-02-17,KRT-026,pivo,0.0,0.0
KRT,2026-02-17,KRT-027,pivo,0.0,0.0
KRT,2026-02-17,KRT-028,pivo,0.0,0.0
KRT,2026-02-17,KRT-029,pivo,0.0,0.0
KRT,2026-02-17,KRT-030,pivo,0.0,0.0
KRT,2026-02-17,KRT-031,pivo,0.0,0.0
KRT,2026-02-17,KRT-032,pivo,0.0,0.0
KRT,2026-02-17,KRT-033,pivo,0.0,0.0
KRT,2026-02-17,KRT-034,pivo,0.0,0.0
KRT,2026-02-17,KRT-035,pivo,0.76,0.76
KRT,2026-02-17,KRT-036,pivo,0.0,0.0
KRT,2026-02-17,KRT-037,pivo,0.0,0.0
KRT,2026-02-17,KRT-038,pivo,0.0,0.0
KRT,2026-02-17,KRT-039,pivo,0.0,0.0
KRT,2026-02-17,KRT-040,pivo,0.0,0.0
KRT,2026-02-17,KRT-041,pivo,0.0,0.0
KRT,2026-02-17,KRT-042,pivo,0.25,0.25
KRT,2026-02-17,KRT-043,pivo,0.0,0.0
KRT,2026-02-17,KRT-044,pivo,0.0,0.0
KRT,2026-02-17,KRT-045,pivo,0.0,0.0
KRT,2026-02-17,KRT-046,pivo,0.0,0.0
KRT,2026-02-17,KRT-047,pivo,0.0,0.0
KRT,2026-02-17,KRT-048,pivo,0.0,0.0
KRT,2026-02-17,KRT-049,pivo,0.0,0.0
KRT,2026-02-17,KRT-050,pivo,0.0,0.0
KRT,2026-02-17,KRT-051,pivo,0.0,0.0
KRT,2026-02-17,KRT-052,pivo,0.0,0.0
KRT,2026-02-17,KRT-053,pivo,0.0,0.0
KRT,2026-02-17,KRT-054,pivo,0.0,0.0
KRT,2026-02-17,KRT-055,pivo,0.0,0.0
KRT,2026-02-17,KRT-056,pivo,0.25,0.25
KRT,2026-02-17,KRT-057,pivo,0.0,0.0
KRT,2026-02-17,KRT-058,pivo,0.0,0.0
KRT,2026-02-17,KRT-059,pivo,0.0,0.0
KRT,2026-02-17,KRT-060,pivo,0.0,0.0
KRT,2026-02-17,KRT-061,pivo,0.0,0.0
KRT,2026-02-17,KRT-062,pivo,0.0,0.0
KRT,2026-02-17,KRT-063,pivo,0.0,0.0
KRT,2026-02-17,KRT-064,pivo,2.4,2.4
KRT,2026-02-17,KRT-065,pivo,0.3,0.3
KRT,2026-02-17,KRT-066,pivo,0.0,0.0
KRT,2026-02-17,KRT-067,pivo,0.0,0.0
KRT,2026-02-17,KRT-068,pivo,0.0,0.0
KRT,2026-02-17,KRT-069,pivo,0.0,0.0
KRT,2026-02-17,KRT-070,pivo,0.0,0.0
KRT,2026-02-17,KRT-071,pivo,0.0,0.0
KRT,2026-02-17,KRT-072,pivo,0.0,0.0
KRT,2026-02-17,KRT-073,pivo,0.0,0.0
KRT,2026-02-17,KRT-074,pivo,0.0,0.0
KRT,2026-02-16,KRT-001,pivo,0.0,0.0
KRT,2026-02-16,KRT-001B,pivo_secundario,0.0,0.0
KRT,2026-02-16,KRT-002,pivo,0.0,0.0
KRT,2026-02-16,KRT-002B,pivo_secundario,0.0,0.0
KRT,2026-02-16,KRT-003,pivo,0.0,0.0
KRT,2026-02-16,KRT-004,pivo,0.0,0.0
KRT,2026-02-16,KRT-004B,pivo_secundario,0.0,0.0
KRT,2026-02-16,KRT-005,pivo,0.0,0.0
KRT,2026-02-16,KRT-006B,pivo_secundario,0.0,0.0
KRT,2026-02-16,KRT-006,pivo,0.0,0.0
KRT,2026-02-16,KRT-007B,pivo_secundario,0.0,0.0
KRT,2026-02-16,KRT-007,pivo,0.0,0.0
KRT,2026-02-16,KRT-008,pivo,0.0,0.0
KRT,2026-02-16,KRT-009,pivo,0.0,0.0
KRT,2026-02-16,KRT-010,pivo,31.5,31.5
KRT,2026-02-16,KRT-011,pivo,0.0,0.0
KRT,2026-02-16,KRT-012,pivo,1.02,1.02
KRT,2026-02-16,KRT-013,pivo,0.0,0.0
KRT,2026-02-16,KRT-014,pivo,0.0,0.0
KRT,2026-02-16,KRT-015,pivo,0.0,0.0
KRT,2026-02-16,KRT-016,pivo,0.0,0.0
KRT,2026-02-16,KRT-017,pivo,0.0,0.0
KRT,2026-02-16,KRT-018,pivo,0.0,0.0
KRT,2026-02-16,KRT-019,pivo,0.0,0.0
KRT,2026-02-16,KRT-020,pivo,0.0,0.0
KRT,2026-02-16,KRT-021,pivo,0.0,0.0
KRT,2026-02-16,KRT-022,pivo,0.0,0.0
KRT,2026-02-16,KRT-023,pivo,0.0,0.0
KRT,2026-02-16,KRT-024,pivo,0.0,0.0
KRT,2026-02-16,KRT-025,pivo,0.0,0.0
KRT,2026-02-16,KRT-026,pivo,0.0,0.0
KRT,2026-02-16,KRT-027,pivo,0.0,0.0
KRT,2026-02-16,KRT-028,pivo,0.0,0.0
KRT,2026-02-16,KRT-029,pivo,0.0,0.0
KRT,2026-02-16,KRT-030,pivo,0.0,0.0
KRT,2026-02-16,KRT-031,pivo,0.0,0.0
KRT,2026-02-16,KRT-032,pivo,0.0,0.0
KRT,2026-02-16,KRT-033,pivo,0.0,0.0
KRT,2026-02-16,KRT-034,pivo,0.0,0.0
KRT,2026-02-16,KRT-035,pivo,0.0,0.0
KRT,2026-02-16,KRT-036,pivo,0.0,0.0
KRT,2026-02-16,KRT-037,pivo,0.0,0.0
KRT,2026-02-16,KRT-038,pivo,0.0,0.0
KRT,2026-02-16,KRT-039,pivo,0.0,0.0
KRT,2026-02-16,KRT-040,pivo,0.0,0.0
KRT,2026-02-16,KRT-041,pivo,0.0,0.0
KRT,2026-02-16,KRT-042,pivo,0.0,0.0
KRT,2026-02-16,KRT-043,pivo,0.0,0.0
KRT,2026-02-16,KRT-044,pivo,0.0,0.0
KRT,2026-02-16,KRT-045,pivo,0.0,0.0
KRT,2026-02-16,KRT-046,pivo,0.0,0.0
KRT,2026-02-16,KRT-047,pivo,0.0,0.0
KRT,2026-02-16,KRT-048,pivo,0.0,0.0
KRT,2026-02-16,KRT-049,pivo,0.0,0.0
KRT,2026-02-16,KRT-050,pivo,0.0,0.0
KRT,2026-02-16,KRT-051,pivo,0.0,0.0
KRT,2026-02-16,KRT-052,pivo,0.51,0.51
KRT,2026-02-16,KRT-053,pivo,0.0,0.0
KRT,2026-02-16,KRT-054,pivo,0.0,0.0
KRT,2026-02-16,KRT-055,pivo,0.0,0.0
KRT,2026-02-16,KRT-056,pivo,0.0,0.0
KRT,2026-02-16,KRT-057,pivo,0.0,0.0
KRT,2026-02-16,KRT-058,pivo,0.0,0.0
KRT,2026-02-16,KRT-059,pivo,0.0,0.0
KRT,2026-02-16,KRT-060,pivo,1.52,1.52
KRT,2026-02-16,KRT-061,pivo,0.0,0.0
KRT,2026-02-16,KRT-062,pivo,0.0,0.0
KRT,2026-02-16,KRT-063,pivo,0.0,0.0
KRT,2026-02-16,KRT-064,pivo,0.6,0.6
KRT,2026-02-16,KRT-065,pivo,0.0,0.0
KRT,2026-02-16,KRT-066,pivo,0.0,0.0
KRT,2026-02-16,KRT-067,pivo,0.0,0.0
KRT,2026-02-16,KRT-068,pivo,0.0,0.0
KRT,2026-02-16,KRT-069,pivo,0.0,0.0
KRT,2026-02-16,KRT-070,pivo,0.0,0.0
KRT,2026-02-16,KRT-071,pivo,0.0,0.0
KRT,2026-02-16,KRT-072,pivo,0.0,0.0
KRT,2026-02-16,KRT-073,pivo,0.0,0.0
KRT,2026-02-16,KRT-074,pivo,0.0,0.0
KRT,2026-02-15,KRT-001,pivo,1.27,1.27
KRT,2026-02-15,KRT-001B,pivo_secundario,0.0,0.0
KRT,2026-02-15,KRT-002,pivo,0.0,0.0
KRT,2026-02-15,KRT-002B,pivo_secundario,0.0,0.0
KRT,2026-02-15,KRT-003,pivo,0.0,0.0
KRT,2026-02-15,KRT-004,pivo,0.0,0.0
KRT,2026-02-15,KRT-004B,pivo_secundario,0.0,0.0
KRT,2026-02-15,KRT-005,pivo,0.0,0.0
KRT,2026-02-15,KRT-006B,pivo_secundario,0.0,0.0
KRT,2026-02-15,KRT-006,pivo,0.0,0.0
KRT,2026-02-15,KRT-007B,pivo_secundario,0.0,0.0
KRT,2026-02-15,KRT-007,pivo,0.0,0.0
KRT,2026-02-15,KRT-008,pivo,0.0,0.0
KRT,2026-02-15,KRT-009,pivo,0.0,0.0
KRT,2026-02-15,KRT-010,pivo,42.67,42.67
KRT,2026-02-15,KRT-011,pivo,0.0,0.0
KRT,2026-02-15,KRT-012,pivo,8.38,8.38
KRT,2026-02-15,KRT-013,pivo,0.0,0.0
KRT,2026-02-15,KRT-014,pivo,2.79,2.79
KRT,2026-02-15,KRT-015,pivo,0.0,0.0
KRT,2026-02-15,KRT-016,pivo,0.0,0.0
KRT,2026-02-15,KRT-017,pivo,0.0,0.0
KRT,2026-02-15,KRT-018,pivo,0.0,0.0
KRT,2026-02-15,KRT-019,pivo,0.0,0.0
KRT,2026-02-15,KRT-020,pivo,0.0,0.0
KRT,2026-02-15,KRT-021,pivo,0.0,0.0
KRT,2026-02-15,KRT-022,pivo,0.0,0.0
KRT,2026-02-15,KRT-023,pivo,0.0,0.0
KRT,2026-02-15,KRT-024,pivo,0.0,0.0
KRT,2026-02-15,KRT-025,pivo,0.0,0.0
KRT,2026-02-15,KRT-026,pivo,0.0,0.0
KRT,2026-02-15,KRT-027,pivo,0.0,0.0
KRT,2026-02-15,KRT-028,pivo,0.0,0.0
KRT,2026-02-15,KRT-029,pivo,0.0,0.0
KRT,2026-02-15,KRT-030,pivo,0.0,0.0
KRT,2026-02-15,KRT-031,pivo,0.0,0.0
KRT,2026-02-15,KRT-032,pivo,0.0,0.0
KRT,2026-02-15,KRT-033,pivo,0.0,0.0
KRT,2026-02-15,KRT-034,pivo,0.0,0.0
KRT,2026-02-15,KRT-035,pivo,0.0,0.0
KRT,2026-02-15,KRT-036,pivo,0.0,0.0
KRT,2026-02-15,KRT-037,pivo,0.0,0.0
KRT,2026-02-15,KRT-038,pivo,0.0,0.0
KRT,2026-02-15,KRT-039,pivo,0.0,0.0
KRT,2026-02-15,KRT-040,pivo,0.0,0.0
KRT,2026-02-15,KRT-041,pivo,0.0,0.0
KRT,2026-02-15,KRT-042,pivo,0.0,0.0
KRT,2026-02-15,KRT-043,pivo,0.51,0.51
KRT,2026-02-15,KRT-044,pivo,0.0,0.0
KRT,2026-02-15,KRT-045,pivo,0.0,0.0
KRT,2026-02-15,KRT-046,pivo,0.0,0.0
KRT,2026-02-15,KRT-047,pivo,0.0,0.0
KRT,2026-02-15,KRT-048,pivo,0.0,0.0
KRT,2026-02-15,KRT-049,pivo,0.0,0.0
KRT,2026-02-15,KRT-050,pivo,0.0,0.0
KRT,2026-02-15,KRT-051,pivo,0.0,0.0
KRT,2026-02-15,KRT-052,pivo,0.25,0.25
KRT,2026-02-15,KRT-053,pivo,0.0,0.0
KRT,2026-02-15,KRT-054,pivo,0.0,0.0
KRT,2026-02-15,KRT-055,pivo,0.0,0.0
KRT,2026-02-15,KRT-056,pivo,0.0,0.0
KRT,2026-02-15,KRT-057,pivo,0.23,0.23
KRT,2026-02-15,KRT-058,pivo,0.0,0.0
KRT,2026-02-15,KRT-059,pivo,0.0,0.0
KRT,2026-02-15,KRT-060,pivo,1.02,1.02
KRT,2026-02-15,KRT-061,pivo,0.0,0.0
KRT,2026-02-15,KRT-062,pivo,0.0,0.0
KRT,2026-02-15,KRT-063,pivo,0.0,0.0
KRT,2026-02-15,KRT-064,pivo,0.0,0.0
KRT,2026-02-15,KRT-065,pivo,0.0,0.0
KRT,2026-02-15,KRT-066,pivo,0.0,0.0
KRT,2026-02-15,KRT-067,pivo,0.0,0.0
KRT,2026-02-15,KRT-068,pivo,0.0,0.0
KRT,2026-02-15,KRT-069,pivo,0.0,0.0
KRT,2026-02-15,KRT-070,pivo,0.0,0.0
KRT,2026-02-15,KRT-071,pivo,0.0,0.0
KRT,2026-02-15,KRT-072,pivo,0.0,0.0
KRT,2026-02-15,KRT-073,pivo,0.0,0.0
KRT,2026-02-15,KRT-074,pivo,0.0,0.0
KRT,2026-02-14,KRT-001,pivo,0.0,0.0
KRT,2026-02-14,KRT-001B,pivo_secundario,0.0,0.0
KRT,2026-02-14,KRT-002,pivo,0.0,0.0
KRT,2026-02-14,KRT-002B,pivo_secundario,0.0,0.0
KRT,2026-02-14,KRT-003,pivo,0.0,0.0
KRT,2026-02-14,KRT-004,pivo,0.0,0.0
KRT,2026-02-14,KRT-004B,pivo_secundario,0.0,0.0
KRT,2026-02-14,KRT-005,pivo,0.0,0.0
KRT,2026-02-14,KRT-006B,pivo_secundario,0.0,0.0
KRT,2026-02-14,KRT-006,pivo,0.0,0.0
KRT,2026-02-14,KRT-007B,pivo_secundario,0.0,0.0
KRT,2026-02-14,KRT-007,pivo,0.0,0.0
KRT,2026-02-14,KRT-008,pivo,0.0,0.0
KRT,2026-02-14,KRT-009,pivo,0.0,0.0
KRT,2026-02-14,KRT-010,pivo,0.0,0.0
KRT,2026-02-14,KRT-011,pivo,0.25,0.25
KRT,2026-02-14,KRT-012,pivo,0.0,0.0
KRT,2026-02-14,KRT-013,pivo,0.0,0.0
KRT,2026-02-14,KRT-014,pivo,0.0,0.0
KRT,2026-02-14,KRT-015,pivo,0.0,0.0
KRT,2026-02-14,KRT-016,pivo,0.0,0.0
KRT,2026-02-14,KRT-017,pivo,0.0,0.0
KRT,2026-02-14,KRT-018,pivo,0.0,0.0
KRT,2026-02-14,KRT-019,pivo,0.0,0.0
KRT,2026-02-14,KRT-020,pivo,0.0,0.0
KRT,2026-02-14,KRT-021,pivo,0.0,0.0
KRT,2026-02-14,KRT-022,pivo,0.0,0.0
KRT,2026-02-14,KRT-023,pivo,0.0,0.0
KRT,2026-02-14,KRT-024,pivo,0.0,0.0
KRT,2026-02-14,KRT-025,pivo,0.0,0.0
KRT,2026-02-14,KRT-026,pivo,0.0,0.0
KRT,2026-02-14,KRT-027,pivo,0.0,0.0
KRT,2026-02-14,KRT-028,pivo,0.0,0.0
KRT,2026-02-14,KRT-029,pivo,0.0,0.0
KRT,2026-02-14,KRT-030,pivo,0.0,0.0
KRT,2026-02-14,KRT-031,pivo,0.0,0.0
KRT,2026-02-14,KRT-032,pivo,0.51,0.51
KRT,2026-02-14,KRT-033,pivo,0.0,0.0
KRT,2026-02-14,KRT-034,pivo,0.0,0.0
KRT,2026-02-14,KRT-035,pivo,0.25,0.25
KRT,2026-02-14,KRT-036,pivo,0.0,0.0
KRT,2026-02-14,KRT-037,pivo,0.0,0.0
KRT,2026-02-14,KRT-038,pivo,0.0,0.0
KRT,2026-02-14,KRT-039,pivo,0.0,0.0
KRT,2026-02-14,KRT-040,pivo,0.0,0.0
KRT,2026-02-14,KRT-041,pivo,0.0,0.0
KRT,2026-02-14,KRT-042,pivo,0.0,0.0
KRT,2026-02-14,KRT-043,pivo,0.0,0.0
KRT,2026-02-14,KRT-044,pivo,0.0,0.0
KRT,2026-02-14,KRT-045,pivo,0.0,0.0
KRT,2026-02-14,KRT-046,pivo,0.0,0.0
KRT,2026-02-14,KRT-047,pivo,0.0,0.0
KRT,2026-02-14,KRT-048,pivo,0.0,0.0
KRT,2026-02-14,KRT-049,pivo,0.0,0.0
KRT,2026-02-14,KRT-050,pivo,0.0,0.0
KRT,2026-02-14,KRT-051,pivo,0.0,0.0
KRT,2026-02-14,KRT-052,pivo,0.0,0.0
KRT,2026-02-14,KRT-053,pivo,0.0,0.0
KRT,2026-02-14,KRT-054,pivo,0.0,0.0
KRT,2026-02-14,KRT-055,pivo,0.0,0.0
KRT,2026-02-14,KRT-056,pivo,0.0,0.0
KRT,2026-02-14,KRT-057,pivo,1.81,1.81
KRT,2026-02-14,KRT-058,pivo,0.0,0.0
KRT,2026-02-14,KRT-059,pivo,0.0,0.0
KRT,2026-02-14,KRT-060,pivo,0.0,0.0
KRT,2026-02-14,KRT-061,pivo,0.0,0.0
KRT,2026-02-14,KRT-062,pivo,0.0,0.0
KRT,2026-02-14,KRT-063,pivo,0.0,0.0
KRT,2026-02-14,KRT-064,pivo,0.0,0.0
KRT,2026-02-14,KRT-065,pivo,0.0,0.0
KRT,2026-02-14,KRT-066,pivo,0.0,0.0
KRT,2026-02-14,KRT-067,pivo,0.0,0.0
KRT,2026-02-14,KRT-068,pivo,0.0,0.0
KRT,2026-02-14,KRT-069,pivo,0.0,0.0
KRT,2026-02-14,KRT-070,pivo,0.0,0.0
KRT,2026-02-14,KRT-071,pivo,0.0,0.0
KRT,2026-02-14,KRT-072,pivo,0.0,0.0
KRT,2026-02-14,KRT-073,pivo,0.0,0.0
KRT,2026-02-14,KRT-074,pivo,0.0,0.0
KRT,2026-02-13,KRT-001,pivo,0.76,0.76
KRT,2026-02-13,KRT-001B,pivo_secundario,0.0,0.0
KRT,2026-02-13,KRT-002,pivo,0.0,0.0
KRT,2026-02-13,KRT-002B,pivo_secundario,0.0,0.0
KRT,2026-02-13,KRT-003,pivo,0.0,0.0
KRT,2026-02-13,KRT-004,pivo,0.51,0.51
KRT,2026-02-13,KRT-004B,pivo_secundario,0.0,0.0
KRT,2026-02-13,KRT-005,pivo,0.75,0.75
KRT,2026-02-13,KRT-006B,pivo_secundario,0.0,0.0
KRT,2026-02-13,KRT-006,pivo,0.0,0.0
KRT,2026-02-13,KRT-007B,pivo_secundario,0.0,0.0
KRT,2026-02-13,KRT-007,pivo,0.0,0.0
KRT,2026-02-13,KRT-008,pivo,0.0,0.0
KRT,2026-02-13,KRT-009,pivo,0.0,0.0
KRT,2026-02-13,KRT-010,pivo,0.0,0.0
KRT,2026-02-13,KRT-011,pivo,0.0,0.0
KRT,2026-02-13,KRT-012,pivo,0.0,0.0
KRT,2026-02-13,KRT-013,pivo,0.25,0.25
KRT,2026-02-13,KRT-014,pivo,0.0,0.0
KRT,2026-02-13,KRT-015,pivo,3.05,3.05
KRT,2026-02-13,KRT-016,pivo,0.0,0.0
KRT,2026-02-13,KRT-017,pivo,0.25,0.25
KRT,2026-02-13,KRT-018,pivo,0.0,0.0
KRT,2026-02-13,KRT-019,pivo,0.51,0.51
KRT,2026-02-13,KRT-020,pivo,0.0,0.0
KRT,2026-02-13,KRT-021,pivo,0.25,0.25
KRT,2026-02-13,KRT-022,pivo,0.51,0.51
KRT,2026-02-13,KRT-023,pivo,0.0,0.0
KRT,2026-02-13,KRT-024,pivo,0.0,0.0
KRT,2026-02-13,KRT-025,pivo,0.0,0.0
KRT,2026-02-13,KRT-026,pivo,0.0,0.0
KRT,2026-02-13,KRT-027,pivo,0.0,0.0
KRT,2026-02-13,KRT-028,pivo,0.0,0.0
KRT,2026-02-13,KRT-029,pivo,0.51,0.51
KRT,2026-02-13,KRT-030,pivo,0.51,0.51
KRT,2026-02-13,KRT-031,pivo,0.51,0.51
KRT,2026-02-13,KRT-032,pivo,0.51,0.51
KRT,2026-02-13,KRT-033,pivo,0.25,0.25
KRT,2026-02-13,KRT-034,pivo,0.76,0.76
KRT,2026-02-13,KRT-035,pivo,2.03,2.03
KRT,2026-02-13,KRT-036,pivo,0.51,0.51
KRT,2026-02-13,KRT-037,pivo,0.0,0.0
KRT,2026-02-13,KRT-038,pivo,0.0,0.0
KRT,2026-02-13,KRT-039,pivo,1.27,1.27
KRT,2026-02-13,KRT-040,pivo,0.25,0.25
KRT,2026-02-13,KRT-041,pivo,0.0,0.0
KRT,2026-02-13,KRT-042,pivo,0.0,0.0
KRT,2026-02-13,KRT-043,pivo,0.0,0.0
KRT,2026-02-13,KRT-044,pivo,0.0,0.0
KRT,2026-02-13,KRT-045,pivo,0.0,0.0
KRT,2026-02-13,KRT-046,pivo,0.0,0.0
KRT,2026-02-13,KRT-047,pivo,0.0,0.0
KRT,2026-02-13,KRT-048,pivo,0.0,0.0
KRT,2026-02-13,KRT-049,pivo,0.0,0.0
KRT,2026-02-13,KRT-050,pivo,0.0,0.0
KRT,2026-02-13,KRT-051,pivo,0.0,0.0
KRT,2026-02-13,KRT-052,pivo,0.0,0.0
KRT,2026-02-13,KRT-053,pivo,0.0,0.0
KRT,2026-02-13,KRT-054,pivo,0.0,0.0
KRT,2026-02-13,KRT-055,pivo,0.0,0.0
KRT,2026-02-13,KRT-056,pivo,0.0,0.0
KRT,2026-02-13,KRT-057,pivo,0.0,0.0
KRT,2026-02-13,KRT-058,pivo,0.0,0.0
KRT,2026-02-13,KRT-059,pivo,0.25,0.25
KRT,2026-02-13,KRT-060,pivo,0.0,0.0
KRT,2026-02-13,KRT-061,pivo,0.0,0.0
KRT,2026-02-13,KRT-062,pivo,0.0,0.0
KRT,2026-02-13,KRT-063,pivo,0.0,0.0
KRT,2026-02-13,KRT-064,pivo,0.0,0.0
KRT,2026-02-13,KRT-065,pivo,0.0,0.0
KRT,2026-02-13,KRT-066,pivo,0.0,0.0
KRT,2026-02-13,KRT-067,pivo,0.0,0.0
KRT,2026-02-13,KRT-068,pivo,0.0,0.0
KRT,2026-02-13,KRT-069,pivo,0.0,0.0
KRT,2026-02-13,KRT-070,pivo,0.59,0.59
KRT,2026-02-13,KRT-071,pivo,0.0,0.0
KRT,2026-02-13,KRT-072,pivo,0.57,0.57
KRT,2026-02-13,KRT-073,pivo,0.0,0.0
KRT,2026-02-13,KRT-074,pivo,0.25,0.25
KRT,2026-02-12,KRT-001,pivo,0.25,0.25
KRT,2026-02-12,KRT-001B,pivo_secundario,0.0,0.0
KRT,2026-02-12,KRT-002,pivo,0.0,0.0
KRT,2026-02-12,KRT-002B,pivo_secundario,0.23,0.23
KRT,2026-02-12,KRT-003,pivo,0.25,0.25
KRT,2026-02-12,KRT-004,pivo,0.0,0.0
KRT,2026-02-12,KRT-004B,pivo_secundario,0.0,0.0
KRT,2026-02-12,KRT-005,pivo,0.25,0.25
KRT,2026-02-12,KRT-006B,pivo_secundario,0.0,0.0
KRT,2026-02-12,KRT-006,pivo,0.0,0.0
KRT,2026-02-12,KRT-007B,pivo_secundario,0.0,0.0
KRT,2026-02-12,KRT-007,pivo,0.0,0.0
KRT,2026-02-12,KRT-008,pivo,0.25,0.25
KRT,2026-02-12,KRT-009,pivo,0.25,0.25
KRT,2026-02-12,KRT-010,pivo,3.05,3.05
KRT,2026-02-12,KRT-011,pivo,0.25,0.25
KRT,2026-02-12,KRT-012,pivo,7.62,7.62
KRT,2026-02-12,KRT-013,pivo,0.25,0.25
KRT,2026-02-12,KRT-014,pivo,0.25,0.25
KRT,2026-02-12,KRT-015,pivo,0.0,0.0
KRT,2026-02-12,KRT-016,pivo,0.0,0.0
KRT,2026-02-12,KRT-017,pivo,0.0,0.0
KRT,2026-02-12,KRT-018,pivo,0.0,0.0
KRT,2026-02-12,KRT-019,pivo,0.0,0.0
KRT,2026-02-12,KRT-020,pivo,0.0,0.0
KRT,2026-02-12,KRT-021,pivo,0.0,0.0
KRT,2026-02-12,KRT-022,pivo,0.0,0.0
KRT,2026-02-12,KRT-023,pivo,0.0,0.0
KRT,2026-02-12,KRT-024,pivo,0.0,0.0
KRT,2026-02-12,KRT-025,pivo,0.0,0.0
KRT,2026-02-12,KRT-026,pivo,0.0,0.0
KRT,2026-02-12,KRT-027,pivo,0.0,0.0
KRT,2026-02-12,KRT-028,pivo,0.0,0.0
KRT,2026-02-12,KRT-029,pivo,0.0,0.0
KRT,2026-02-12,KRT-030,pivo,0.0,0.0
KRT,2026-02-12,KRT-031,pivo,0.0,0.0
KRT,2026-02-12,KRT-032,pivo,0.25,0.25
KRT,2026-02-12,KRT-033,pivo,0.25,0.25
KRT,2026-02-12,KRT-034,pivo,0.25,0.25
KRT,2026-02-12,KRT-035,pivo,0.0,0.0
KRT,2026-02-12,KRT-036,pivo,0.0,0.0
KRT,2026-02-12,KRT-037,pivo,0.0,0.0
KRT,2026-02-12,KRT-038,pivo,0.0,0.0
KRT,2026-02-12,KRT-039,pivo,0.0,0.0
KRT,2026-02-12,KRT-040,pivo,0.0,0.0
KRT,2026-02-12,KRT-041,pivo,0.0,0.0
KRT,2026-02-12,KRT-042,pivo,0.0,0.0
KRT,2026-02-12,KRT-043,pivo,0.0,0.0
KRT,2026-02-12,KRT-044,pivo,0.0,0.0
KRT,2026-02-12,KRT-045,pivo,0.0,0.0
KRT,2026-02-12,KRT-046,pivo,0.0,0.0
KRT,2026-02-12,KRT-047,pivo,0.0,0.0
KRT,2026-02-12,KRT-048,pivo,0.0,0.0
KRT,2026-02-12,KRT-049,pivo,0.0,0.0
KRT,2026-02-12,KRT-050,pivo,0.0,0.0
KRT,2026-02-12,KRT-051,pivo,0.25,0.25
KRT,2026-02-12,KRT-052,pivo,0.25,0.25
KRT,2026-02-12,KRT-053,pivo,0.0,0.0
KRT,2026-02-12,KRT-054,pivo,0.0,0.0
KRT,2026-02-12,KRT-055,pivo,0.0,0.0
KRT,2026-02-12,KRT-056,pivo,0.25,0.25
KRT,2026-02-12,KRT-057,pivo,0.0,0.0
KRT,2026-02-12,KRT-058,pivo,0.0,0.0
KRT,2026-02-12,KRT-059,pivo,0.0,0.0
KRT,2026-02-12,KRT-060,pivo,0.0,0.0
KRT,2026-02-12,KRT-061,pivo,0.25,0.25
KRT,2026-02-12,KRT-062,pivo,0.0,0.0
KRT,2026-02-12,KRT-063,pivo,0.0,0.0
KRT,2026-02-12,KRT-064,pivo,0.0,0.0
KRT,2026-02-12,KRT-065,pivo,0.0,0.0
KRT,2026-02-12,KRT-066,pivo,0.0,0.0
KRT,2026-02-12,KRT-067,pivo,0.0,0.0
KRT,2026-02-12,KRT-068,pivo,0.0,0.0
KRT,2026-02-12,KRT-069,pivo,0.0,0.0
KRT,2026-02-12,KRT-070,pivo,0.0,0.0
KRT,2026-02-12,KRT-071,pivo,0.0,0.0
KRT,2026-02-12,KRT-072,pivo,0.0,0.0
KRT,2026-02-12,KRT-073,pivo,0.0,0.0
KRT,2026-02-12,KRT-074,pivo,0.0,0.0
KRT,2026-02-11,KRT-001,pivo,54.1,54.1
KRT,2026-02-11,KRT-001B,pivo_secundario,57.52,57.52
KRT,2026-02-11,KRT-002,pivo,45.58,45.58
KRT,2026-02-11,KRT-002B,pivo_secundario,0.46,0.46
KRT,2026-02-11,KRT-003,pivo,48.77,48.77
KRT,2026-02-11,KRT-004,pivo,43.94,43.94
KRT,2026-02-11,KRT-004B,pivo_secundario,0.0,0.0
KRT,2026-02-11,KRT-005,pivo,59.75,59.75
KRT,2026-02-11,KRT-006B,pivo_secundario,0.0,0.0
KRT,2026-02-11,KRT-006,pivo,58.04,58.04
KRT,2026-02-11,KRT-007B,pivo_secundario,64.21,64.21
KRT,2026-02-11,KRT-007,pivo,58.42,58.42
KRT,2026-02-11,KRT-008,pivo,59.94,59.94
KRT,2026-02-11,KRT-009,pivo,63.3,63.3
KRT,2026-02-11,KRT-010,pivo,51.82,51.82
KRT,2026-02-11,KRT-011,pivo,52.58,52.58
KRT,2026-02-11,KRT-012,pivo,53.34,53.34
KRT,2026-02-11,KRT-013,pivo,54.1,54.1
KRT,2026-02-11,KRT-014,pivo,58.67,58.67
KRT,2026-02-11,KRT-015,pivo,55.37,55.37
KRT,2026-02-11,KRT-016,pivo,53.06,53.06
KRT,2026-02-11,KRT-017,pivo,47.75,47.75
KRT,2026-02-11,KRT-018,pivo,52.16,52.16
KRT,2026-02-11,KRT-019,pivo,48.51,48.51
KRT,2026-02-11,KRT-020,pivo,50.8,50.8
KRT,2026-02-11,KRT-021,pivo,39.37,39.37
KRT,2026-02-11,KRT-022,pivo,54.36,54.36
KRT,2026-02-11,KRT-023,pivo,45.97,45.97
KRT,2026-02-11,KRT-024,pivo,48.01,48.01
KRT,2026-02-11,KRT-025,pivo,52.83,52.83
KRT,2026-02-11,KRT-026,pivo,55.32,55.32
KRT,2026-02-11,KRT-027,pivo,55.23,55.23
KRT,2026-02-11,KRT-028,pivo,71.88,71.88
KRT,2026-02-11,KRT-029,pivo,86.11,86.11
KRT,2026-02-11,KRT-030,pivo,59.69,59.69
KRT,2026-02-11,KRT-031,pivo,65.02,65.02
KRT,2026-02-11,KRT-032,pivo,57.66,57.66
KRT,2026-02-11,KRT-033,pivo,70.36,70.36
KRT,2026-02-11,KRT-034,pivo,75.18,75.18
KRT,2026-02-11,KRT-035,pivo,48.26,48.26
KRT,2026-02-11,KRT-036,pivo,50.55,50.55
KRT,2026-02-11,KRT-037,pivo,45.47,45.47
KRT,2026-02-11,KRT-038,pivo,58.17,58.17
KRT,2026-02-11,KRT-039,pivo,51.05,51.05
KRT,2026-02-11,KRT-040,pivo,52.58,52.58
KRT,2026-02-11,KRT-041,pivo,49.3,49.3
KRT,2026-02-11,KRT-042,pivo,46.48,46.48
KRT,2026-02-11,KRT-043,pivo,64.26,64.26
KRT,2026-02-11,KRT-044,pivo,64.01,64.01
KRT,2026-02-11,KRT-045,pivo,52.4,52.4
KRT,2026-02-11,KRT-046,pivo,49.53,49.53
KRT,2026-02-11,KRT-047,pivo,54.1,54.1
KRT,2026-02-11,KRT-048,pivo,52.07,52.07
KRT,2026-02-11,KRT-049,pivo,66.55,66.55
KRT,2026-02-11,KRT-050,pivo,57.91,57.91
KRT,2026-02-11,KRT-051,pivo,66.29,66.29
KRT,2026-02-11,KRT-052,pivo,55.63,55.63
KRT,2026-02-11,KRT-053,pivo,62.52,62.52
KRT,2026-02-11,KRT-054,pivo,55.12,55.12
KRT,2026-02-11,KRT-055,pivo,78.23,78.23
KRT,2026-02-11,KRT-056,pivo,66.04,66.04
KRT,2026-02-11,KRT-057,pivo,58.53,58.53
KRT,2026-02-11,KRT-058,pivo,65.75,65.75
KRT,2026-02-11,KRT-059,pivo,60.2,60.2
KRT,2026-02-11,KRT-060,pivo,64.75,64.75
KRT,2026-02-11,KRT-061,pivo,58.75,58.75
KRT,2026-02-11,KRT-062,pivo,81.25,81.25
KRT,2026-02-11,KRT-063,pivo,81.9,81.9
KRT,2026-02-11,KRT-064,pivo,84.9,84.9
KRT,2026-02-11,KRT-065,pivo,76.5,76.5
KRT,2026-02-11,KRT-066,pivo,57.4,57.4
KRT,2026-02-11,KRT-067,pivo,76.45,76.45
KRT,2026-02-11,KRT-068,pivo,71.66,71.66
KRT,2026-02-11,KRT-069,pivo,60.57,60.57
KRT,2026-02-11,KRT-070,pivo,59.49,59.49
KRT,2026-02-11,KRT-071,pivo,62.03,62.03
KRT,2026-02-11,KRT-072,pivo,71.44,71.44
KRT,2026-02-11,KRT-073,pivo,59.94,59.94
KRT,2026-02-11,KRT-074,pivo,48.77,48.77
KRT,2026-02-10,KRT-001,pivo,9.65,9.65
KRT,2026-02-10,KRT-001B,pivo_secundario,13.4,13.4
KRT,2026-02-10,KRT-002,pivo,10.23,10.23
KRT,2026-02-10,KRT-002B,pivo_secundario,1.14,1.14
KRT,2026-02-10,KRT-003,pivo,22.1,22.1
KRT,2026-02-10,KRT-004,pivo,21.34,21.34
KRT,2026-02-10,KRT-004B,pivo_secundario,0.0,0.0
KRT,2026-02-10,KRT-005,pivo,23.75,23.75
KRT,2026-02-10,KRT-006B,pivo_secundario,0.0,0.0
KRT,2026-02-10,KRT-006,pivo,20.46,20.46
KRT,2026-02-10,KRT-007B,pivo_secundario,25.32,25.32
KRT,2026-02-10,KRT-007,pivo,18.03,18.03
KRT,2026-02-10,KRT-008,pivo,9.14,9.14
KRT,2026-02-10,KRT-009,pivo,24.89,24.89
KRT,2026-02-10,KRT-010,pivo,7.11,7.11
KRT,2026-02-10,KRT-011,pivo,8.13,8.13
KRT,2026-02-10,KRT-012,pivo,8.77,8.77
KRT,2026-02-10,KRT-013,pivo,7.87,7.87
KRT,2026-02-10,KRT-014,pivo,4.06,4.06
KRT,2026-02-10,KRT-015,pivo,6.86,6.86
KRT,2026-02-10,KRT-016,pivo,7.35,7.35
KRT,2026-02-10,KRT-017,pivo,5.84,5.84
KRT,2026-02-10,KRT-018,pivo,8.25,8.25
KRT,2026-02-10,KRT-019,pivo,3.3,3.3
KRT,2026-02-10,KRT-020,pivo,6.35,6.35
KRT,2026-02-10,KRT-021,pivo,4.57,4.57
KRT,2026-02-10,KRT-022,pivo,4.32,4.32
KRT,2026-02-10,KRT-023,pivo,4.32,4.32
KRT,2026-02-10,KRT-024,pivo,4.57,4.57
KRT,2026-02-10,KRT-025,pivo,5.84,5.84
KRT,2026-02-10,KRT-026,pivo,6.07,6.07
KRT,2026-02-10,KRT-027,pivo,6.44,6.44
KRT,2026-02-10,KRT-028,pivo,4.83,4.83
KRT,2026-02-10,KRT-029,pivo,9.65,9.65
KRT,2026-02-10,KRT-030,pivo,2.79,2.79
KRT,2026-02-10,KRT-031,pivo,4.27,4.27
KRT,2026-02-10,KRT-032,pivo,6.86,6.86
KRT,2026-02-10,KRT-033,pivo,4.57,4.57
KRT,2026-02-10,KRT-034,pivo,10.41,10.41
KRT,2026-02-10,KRT-035,pivo,15.49,15.49
KRT,2026-02-10,KRT-036,pivo,10.41,10.41
KRT,2026-02-10,KRT-037,pivo,18.54,18.54
KRT,2026-02-10,KRT-038,pivo,11.94,11.94
KRT,2026-02-10,KRT-039,pivo,6.6,6.6
KRT,2026-02-10,KRT-040,pivo,4.83,4.83
KRT,2026-02-10,KRT-041,pivo,6.89,6.89
KRT,2026-02-10,KRT-042,pivo,9.14,9.14
KRT,2026-02-10,KRT-043,pivo,5.01,5.01
KRT,2026-02-10,KRT-044,pivo,27.43,27.43
KRT,2026-02-10,KRT-045,pivo,6.31,6.31
KRT,2026-02-10,KRT-046,pivo,5.08,5.08
KRT,2026-02-10,KRT-047,pivo,5.33,5.33
KRT,2026-02-10,KRT-048,pivo,2.78,2.78
KRT,2026-02-10,KRT-049,pivo,11.18,11.18
KRT,2026-02-10,KRT-050,pivo,22.86,22.86
KRT,2026-02-10,KRT-051,pivo,6.1,6.1
KRT,2026-02-10,KRT-052,pivo,9.65,9.65
KRT,2026-02-10,KRT-053,pivo,23.12,23.12
KRT,2026-02-10,KRT-054,pivo,14.22,14.22
KRT,2026-02-10,KRT-055,pivo,14.48,14.48
KRT,2026-02-10,KRT-056,pivo,12.19,12.19
KRT,2026-02-10,KRT-057,pivo,7.46,7.46
KRT,2026-02-10,KRT-058,pivo,4.25,4.25
KRT,2026-02-10,KRT-059,pivo,15.24,15.24
KRT,2026-02-10,KRT-060,pivo,4.5,4.5
KRT,2026-02-10,KRT-061,pivo,17.75,17.75
KRT,2026-02-10,KRT-062,pivo,4.38,4.38
KRT,2026-02-10,KRT-063,pivo,3.9,3.9
KRT,2026-02-10,KRT-064,pivo,1.2,1.2
KRT,2026-02-10,KRT-065,pivo,4.8,4.8
KRT,2026-02-10,KRT-066,pivo,2.54,2.54
KRT,2026-02-10,KRT-067,pivo,2.03,2.03
KRT,2026-02-10,KRT-068,pivo,2.04,2.04
KRT,2026-02-10,KRT-069,pivo,18.69,18.69
KRT,2026-02-10,KRT-070,pivo,27.19,27.19
KRT,2026-02-10,KRT-071,pivo,17.1,17.1
KRT,2026-02-10,KRT-072,pivo,19.57,19.57
KRT,2026-02-10,KRT-073,pivo,29.97,29.97
KRT,2026-02-10,KRT-074,pivo,24.13,24.13
KRT,2026-02-09,KRT-001,pivo,0.0,0.0
KRT,2026-02-09,KRT-001B,pivo_secundario,0.0,0.0
KRT,2026-02-09,KRT-002,pivo,0.0,0.0
KRT,2026-02-09,KRT-002B,pivo_secundario,0.0,0.0
KRT,2026-02-09,KRT-003,pivo,0.0,0.0
KRT,2026-02-09,KRT-004,pivo,0.0,0.0
KRT,2026-02-09,KRT-004B,pivo_secundario,0.0,0.0
KRT,2026-02-09,KRT-005,pivo,0.0,0.0
KRT,2026-02-09,KRT-006B,pivo_secundario,0.0,0.0
KRT,2026-02-09,KRT-006,pivo,0.0,0.0
KRT,2026-02-09,KRT-007B,pivo_secundario,0.0,0.0
KRT,2026-02-09,KRT-007,pivo,0.0,0.0
KRT,2026-02-09,KRT-008,pivo,0.0,0.0
KRT,2026-02-09,KRT-009,pivo,0.0,0.0
KRT,2026-02-09,KRT-010,pivo,0.0,0.0
KRT,2026-02-09,KRT-011,pivo,0.0,0.0
KRT,2026-02-09,KRT-012,pivo,0.0,0.0
KRT,2026-02-09,KRT-013,pivo,0.25,0.25
KRT,2026-02-09,KRT-014,pivo,0.0,0.0
KRT,2026-02-09,KRT-015,pivo,0.25,0.25
KRT,2026-02-09,KRT-016,pivo,0.0,0.0
KRT,2026-02-09,KRT-017,pivo,0.0,0.0
KRT,2026-02-09,KRT-018,pivo,0.0,0.0
KRT,2026-02-09,KRT-019,pivo,0.25,0.25
KRT,2026-02-09,KRT-020,pivo,0.0,0.0
KRT,2026-02-09,KRT-021,pivo,0.0,0.0
KRT,2026-02-09,KRT-022,pivo,0.0,0.0
KRT,2026-02-09,KRT-023,pivo,0.0,0.0
KRT,2026-02-09,KRT-024,pivo,0.0,0.0
KRT,2026-02-09,KRT-025,pivo,0.0,0.0
KRT,2026-02-09,KRT-026,pivo,0.0,0.0
KRT,2026-02-09,KRT-027,pivo,0.0,0.0
KRT,2026-02-09,KRT-028,pivo,0.0,0.0
KRT,2026-02-09,KRT-029,pivo,0.0,0.0
KRT,2026-02-09,KRT-030,pivo,0.0,0.0
KRT,2026-02-09,KRT-031,pivo,0.0,0.0
KRT,2026-02-09,KRT-032,pivo,0.0,0.0
KRT,2026-02-09,KRT-033,pivo,0.0,0.0
KRT,2026-02-09,KRT-034,pivo,0.0,0.0
KRT,2026-02-09,KRT-035,pivo,0.0,0.0
KRT,2026-02-09,KRT-036,pivo,0.0,0.0
KRT,2026-02-09,KRT-037,pivo,0.0,0.0
KRT,2026-02-09,KRT-038,pivo,0.0,0.0
KRT,2026-02-09,KRT-039,pivo,0.0,0.0
KRT,2026-02-09,KRT-040,pivo,0.0,0.0
KRT,2026-02-09,KRT-041,pivo,0.0,0.0
KRT,2026-02-09,KRT-042,pivo,0.0,0.0
KRT,2026-02-09,KRT-043,pivo,0.0,0.0
KRT,2026-02-09,KRT-044,pivo,0.0,0.0
KRT,2026-02-09,KRT-045,pivo,0.0,0.0
KRT,2026-02-09,KRT-046,pivo,0.0,0.0
KRT,2026-02-09,KRT-047,pivo,0.0,0.0
KRT,2026-02-09,KRT-048,pivo,0.0,0.0
KRT,2026-02-09,KRT-049,pivo,0.0,0.0
KRT,2026-02-09,KRT-050,pivo,0.0,0.0
KRT,2026-02-09,KRT-051,pivo,0.25,0.25
KRT,2026-02-09,KRT-052,pivo,0.51,0.51
KRT,2026-02-09,KRT-053,pivo,0.0,0.0
KRT,2026-02-09,KRT-054,pivo,0.0,0.0
KRT,2026-02-09,KRT-055,pivo,0.51,0.51
KRT,2026-02-09,KRT-056,pivo,0.0,0.0
KRT,2026-02-09,KRT-057,pivo,0.0,0.0
KRT,2026-02-09,KRT-058,pivo,0.0,0.0
KRT,2026-02-09,KRT-059,pivo,0.0,0.0
KRT,2026-02-09,KRT-060,pivo,0.0,0.0
KRT,2026-02-09,KRT-061,pivo,0.0,0.0
KRT,2026-02-09,KRT-062,pivo,0.0,0.0
KRT,2026-02-09,KRT-063,pivo,0.0,0.0
KRT,2026-02-09,KRT-064,pivo,0.0,0.0
KRT,2026-02-09,KRT-065,pivo,0.0,0.0
KRT,2026-02-09,KRT-066,pivo,0.0,0.0
KRT,2026-02-09,KRT-067,pivo,0.25,0.25
KRT,2026-02-09,KRT-068,pivo,0.0,0.0
KRT,2026-02-09,KRT-069,pivo,0.0,0.0
KRT,2026-02-09,KRT-070,pivo,0.0,0.0
KRT,2026-02-09,KRT-071,pivo,0.0,0.0
KRT,2026-02-09,KRT-072,pivo,0.0,0.0
KRT,2026-02-09,KRT-073,pivo,0.0,0.0
KRT,2026-02-09,KRT-074,pivo,0.0,0.0
KRT,2026-02-08,KRT-001,pivo,0.25,0.25
KRT,2026-02-08,KRT-001B,pivo_secundario,0.0,0.0
KRT,2026-02-08,KRT-002,pivo,0.0,0.0
KRT,2026-02-08,KRT-002B,pivo_secundario,0.0,0.0
KRT,2026-02-08,KRT-003,pivo,0.25,0.25
KRT,2026-02-08,KRT-004,pivo,0.0,0.0
KRT,2026-02-08,KRT-004B,pivo_secundario,0.0,0.0
KRT,2026-02-08,KRT-005,pivo,0.0,0.0
KRT,2026-02-08,KRT-006B,pivo_secundario,0.0,0.0
KRT,2026-02-08,KRT-006,pivo,0.0,0.0
KRT,2026-02-08,KRT-007B,pivo_secundario,0.0,0.0
KRT,2026-02-08,KRT-007,pivo,0.76,0.76
KRT,2026-02-08,KRT-008,pivo,0.76,0.76
KRT,2026-02-08,KRT-009,pivo,0.51,0.51
KRT,2026-02-08,KRT-010,pivo,0.0,0.0
KRT,2026-02-08,KRT-011,pivo,0.25,0.25
KRT,2026-02-08,KRT-012,pivo,0.76,0.76
KRT,2026-02-08,KRT-013,pivo,0.25,0.25
KRT,2026-02-08,KRT-014,pivo,0.0,0.0
KRT,2026-02-08,KRT-015,pivo,0.0,0.0
KRT,2026-02-08,KRT-016,pivo,0.0,0.0
KRT,2026-02-08,KRT-017,pivo,0.0,0.0
KRT,2026-02-08,KRT-018,pivo,0.75,0.75
KRT,2026-02-08,KRT-019,pivo,0.0,0.0
KRT,2026-02-08,KRT-020,pivo,0.76,0.76
KRT,2026-02-08,KRT-021,pivo,0.51,0.51
KRT,2026-02-08,KRT-022,pivo,0.0,0.0
KRT,2026-02-08,KRT-023,pivo,0.0,0.0
KRT,2026-02-08,KRT-024,pivo,0.0,0.0
KRT,2026-02-08,KRT-025,pivo,0.0,0.0
KRT,2026-02-08,KRT-026,pivo,0.0,0.0
KRT,2026-02-08,KRT-027,pivo,0.0,0.0
KRT,2026-02-08,KRT-028,pivo,0.25,0.25
KRT,2026-02-08,KRT-029,pivo,0.0,0.0
KRT,2026-02-08,KRT-030,pivo,0.0,0.0
KRT,2026-02-08,KRT-031,pivo,0.0,0.0
KRT,2026-02-08,KRT-032,pivo,0.25,0.25
KRT,2026-02-08,KRT-033,pivo,0.0,0.0
KRT,2026-02-08,KRT-034,pivo,0.0,0.0
KRT,2026-02-08,KRT-035,pivo,0.0,0.0
KRT,2026-02-08,KRT-036,pivo,0.0,0.0
KRT,2026-02-08,KRT-037,pivo,0.0,0.0
KRT,2026-02-08,KRT-038,pivo,0.25,0.25
KRT,2026-02-08,KRT-039,pivo,0.0,0.0
KRT,2026-02-08,KRT-040,pivo,0.25,0.25
KRT,2026-02-08,KRT-041,pivo,0.0,0.0
KRT,2026-02-08,KRT-042,pivo,0.25,0.25
KRT,2026-02-08,KRT-043,pivo,0.0,0.0
KRT,2026-02-08,KRT-044,pivo,0.0,0.0
KRT,2026-02-08,KRT-045,pivo,0.0,0.0
KRT,2026-02-08,KRT-046,pivo,0.0,0.0
KRT,2026-02-08,KRT-047,pivo,0.76,0.76
KRT,2026-02-08,KRT-048,pivo,0.0,0.0
KRT,2026-02-08,KRT-049,pivo,0.0,0.0
KRT,2026-02-08,KRT-050,pivo,0.0,0.0
KRT,2026-02-08,KRT-051,pivo,0.0,0.0
KRT,2026-02-08,KRT-052,pivo,0.0,0.0
KRT,2026-02-08,KRT-053,pivo,0.0,0.0
KRT,2026-02-08,KRT-054,pivo,0.0,0.0
KRT,2026-02-08,KRT-055,pivo,0.51,0.51
KRT,2026-02-08,KRT-056,pivo,0.0,0.0
KRT,2026-02-08,KRT-057,pivo,0.0,0.0
KRT,2026-02-08,KRT-058,pivo,0.25,0.25
KRT,2026-02-08,KRT-059,pivo,0.0,0.0
KRT,2026-02-08,KRT-060,pivo,0.0,0.0
KRT,2026-02-08,KRT-061,pivo,0.51,0.51
KRT,2026-02-08,KRT-062,pivo,0.0,0.0
KRT,2026-02-08,KRT-063,pivo,0.3,0.3
KRT,2026-02-08,KRT-064,pivo,0.9,0.9
KRT,2026-02-08,KRT-065,pivo,1.2,1.2
KRT,2026-02-08,KRT-066,pivo,0.0,0.0
KRT,2026-02-08,KRT-067,pivo,0.0,0.0
KRT,2026-02-08,KRT-068,pivo,0.0,0.0
KRT,2026-02-08,KRT-069,pivo,0.0,0.0
KRT,2026-02-08,KRT-070,pivo,0.2,0.2
KRT,2026-02-08,KRT-071,pivo,0.0,0.0
KRT,2026-02-08,KRT-072,pivo,0.0,0.0
KRT,2026-02-08,KRT-073,pivo,0.25,0.25
KRT,2026-02-08,KRT-074,pivo,0.0,0.0
KRT,2026-02-07,KRT-001,pivo,2.54,2.54
KRT,2026-02-07,KRT-001B,pivo_secundario,0.0,0.0
KRT,2026-02-07,KRT-002,pivo,3.48,3.48
KRT,2026-02-07,KRT-002B,pivo_secundario,0.0,0.0
KRT,2026-02-07,KRT-003,pivo,4.83,4.83
KRT,2026-02-07,KRT-004,pivo,4.32,4.32
KRT,2026-02-07,KRT-004B,pivo_secundario,0.0,0.0
KRT,2026-02-07,KRT-005,pivo,8.25,8.25
KRT,2026-02-07,KRT-006B,pivo_secundario,0.0,0.0
KRT,2026-02-07,KRT-006,pivo,5.18,5.18
KRT,2026-02-07,KRT-007B,pivo_secundario,0.0,0.0
KRT,2026-02-07,KRT-007,pivo,7.62,7.62
KRT,2026-02-07,KRT-008,pivo,4.32,4.32
KRT,2026-02-07,KRT-009,pivo,4.83,4.83
KRT,2026-02-07,KRT-010,pivo,3.56,3.56
KRT,2026-02-07,KRT-011,pivo,5.33,5.33
KRT,2026-02-07,KRT-012,pivo,3.04,3.04
KRT,2026-02-07,KRT-013,pivo,5.08,5.08
KRT,2026-02-07,KRT-014,pivo,1.78,1.78
KRT,2026-02-07,KRT-015,pivo,1.02,1.02
KRT,2026-02-07,KRT-016,pivo,0.0,0.0
KRT,2026-02-07,KRT-017,pivo,1.52,1.52
KRT,2026-02-07,KRT-018,pivo,0.75,0.75
KRT,2026-02-07,KRT-019,pivo,0.25,0.25
KRT,2026-02-07,KRT-020,pivo,0.25,0.25
KRT,2026-02-07,KRT-021,pivo,2.03,2.03
KRT,2026-02-07,KRT-022,pivo,11.43,11.43
KRT,2026-02-07,KRT-023,pivo,2.79,2.79
KRT,2026-02-07,KRT-024,pivo,9.14,9.14
KRT,2026-02-07,KRT-025,pivo,4.57,4.57
KRT,2026-02-07,KRT-026,pivo,4.59,4.59
KRT,2026-02-07,KRT-027,pivo,7.56,7.56
KRT,2026-02-07,KRT-028,pivo,4.83,4.83
KRT,2026-02-07,KRT-029,pivo,11.43,11.43
KRT,2026-02-07,KRT-030,pivo,4.77,4.77
KRT,2026-02-07,KRT-031,pivo,8.64,8.64
KRT,2026-02-07,KRT-032,pivo,14.48,14.48
KRT,2026-02-07,KRT-033,pivo,11.43,11.43
KRT,2026-02-07,KRT-034,pivo,20.32,20.32
KRT,2026-02-07,KRT-035,pivo,2.29,2.29
KRT,2026-02-07,KRT-036,pivo,3.05,3.05
KRT,2026-02-07,KRT-037,pivo,2.54,2.54
KRT,2026-02-07,KRT-038,pivo,3.05,3.05
KRT,2026-02-07,KRT-039,pivo,3.3,3.3
KRT,2026-02-07,KRT-040,pivo,7.11,7.11
KRT,2026-02-07,KRT-041,pivo,1.56,1.56
KRT,2026-02-07,KRT-042,pivo,0.0,0.0
KRT,2026-02-07,KRT-043,pivo,1.02,1.02
KRT,2026-02-07,KRT-044,pivo,0.76,0.76
KRT,2026-02-07,KRT-045,pivo,5.36,5.36
KRT,2026-02-07,KRT-046,pivo,5.33,5.33
KRT,2026-02-07,KRT-047,pivo,2.03,2.03
KRT,2026-02-07,KRT-048,pivo,0.25,0.25
KRT,2026-02-07,KRT-049,pivo,0.51,0.51
KRT,2026-02-07,KRT-050,pivo,0.25,0.25
KRT,2026-02-07,KRT-051,pivo,1.27,1.27
KRT,2026-02-07,KRT-052,pivo,5.08,5.08
KRT,2026-02-07,KRT-053,pivo,0.0,0.0
KRT,2026-02-07,KRT-054,pivo,0.0,0.0
KRT,2026-02-07,KRT-055,pivo,0.25,0.25
KRT,2026-02-07,KRT-056,pivo,1.02,1.02
KRT,2026-02-07,KRT-057,pivo,2.26,2.26
KRT,2026-02-07,KRT-058,pivo,0.25,0.25
KRT,2026-02-07,KRT-059,pivo,1.27,1.27
KRT,2026-02-07,KRT-060,pivo,0.25,0.25
KRT,2026-02-07,KRT-061,pivo,1.2,1.2
KRT,2026-02-07,KRT-062,pivo,1.1,1.1
KRT,2026-02-07,KRT-063,pivo,0.0,0.0
KRT,2026-02-07,KRT-064,pivo,0.0,0.0
KRT,2026-02-07,KRT-065,pivo,0.0,0.0
KRT,2026-02-07,KRT-066,pivo,0.51,0.51
KRT,2026-02-07,KRT-067,pivo,0.76,0.76
KRT,2026-02-07,KRT-068,pivo,0.0,0.0
KRT,2026-02-07,KRT-069,pivo,2.35,2.35
KRT,2026-02-07,KRT-070,pivo,5.71,5.71
KRT,2026-02-07,KRT-071,pivo,2.59,2.59
KRT,2026-02-07,KRT-072,pivo,1.9,1.9
KRT,2026-02-07,KRT-073,pivo,4.06,4.06
KRT,2026-02-07,KRT-074,pivo,6.35,6.35
KRT,2026-02-06,KRT-001,pivo,0.0,0.0
KRT,2026-02-06,KRT-001B,pivo_secundario,0.0,0.0
KRT,2026-02-06,KRT-002,pivo,0.0,0.0
KRT,2026-02-06,KRT-002B,pivo_secundario,0.0,0.0
KRT,2026-02-06,KRT-003,pivo,0.51,0.51
KRT,2026-02-06,KRT-004,pivo,0.0,0.0
KRT,2026-02-06,KRT-004B,pivo_secundario,0.0,0.0
KRT,2026-02-06,KRT-005,pivo,0.0,0.0
KRT,2026-02-06,KRT-006B,pivo_secundario,0.0,0.0
KRT,2026-02-06,KRT-006,pivo,0.0,0.0
KRT,2026-02-06,KRT-007B,pivo_secundario,0.0,0.0
KRT,2026-02-06,KRT-007,pivo,0.0,0.0
KRT,2026-02-06,KRT-008,pivo,0.0,0.0
KRT,2026-02-06,KRT-009,pivo,0.0,0.0
KRT,2026-02-06,KRT-010,pivo,0.0,0.0
KRT,2026-02-06,KRT-011,pivo,0.0,0.0
KRT,2026-02-06,KRT-012,pivo,0.0,0.0
KRT,2026-02-06,KRT-013,pivo,0.25,0.25
KRT,2026-02-06,KRT-014,pivo,0.0,0.0
KRT,2026-02-06,KRT-015,pivo,0.0,0.0
KRT,2026-02-06,KRT-016,pivo,0.0,0.0
KRT,2026-02-06,KRT-017,pivo,0.0,0.0
KRT,2026-02-06,KRT-018,pivo,0.0,0.0
KRT,2026-02-06,KRT-019,pivo,0.0,0.0
KRT,2026-02-06,KRT-020,pivo,0.0,0.0
KRT,2026-02-06,KRT-021,pivo,0.0,0.0
KRT,2026-02-06,KRT-022,pivo,0.0,0.0
KRT,2026-02-06,KRT-023,pivo,0.0,0.0
KRT,2026-02-06,KRT-024,pivo,0.0,0.0
KRT,2026-02-06,KRT-025,pivo,0.51,0.51
KRT,2026-02-06,KRT-026,pivo,0.0,0.0
KRT,2026-02-06,KRT-027,pivo,0.0,0.0
KRT,2026-02-06,KRT-028,pivo,0.0,0.0
KRT,2026-02-06,KRT-029,pivo,0.51,0.51
KRT,2026-02-06,KRT-030,pivo,0.0,0.0
KRT,2026-02-06,KRT-031,pivo,0.0,0.0
KRT,2026-02-06,KRT-032,pivo,0.25,0.25
KRT,2026-02-06,KRT-033,pivo,0.0,0.0
KRT,2026-02-06,KRT-034,pivo,0.0,0.0
KRT,2026-02-06,KRT-035,pivo,0.51,0.51
KRT,2026-02-06,KRT-036,pivo,0.0,0.0
KRT,2026-02-06,KRT-037,pivo,0.0,0.0
KRT,2026-02-06,KRT-038,pivo,0.0,0.0
KRT,2026-02-06,KRT-039,pivo,0.0,0.0
KRT,2026-02-06,KRT-040,pivo,0.0,0.0
KRT,2026-02-06,KRT-041,pivo,0.0,0.0
KRT,2026-02-06,KRT-042,pivo,0.0,0.0
KRT,2026-02-06,KRT-043,pivo,0.0,0.0
KRT,2026-02-06,KRT-044,pivo,0.25,0.25
KRT,2026-02-06,KRT-045,pivo,0.0,0.0
KRT,2026-02-06,KRT-046,pivo,0.0,0.0
KRT,2026-02-06,KRT-047,pivo,0.0,0.0
KRT,2026-02-06,KRT-048,pivo,0.0,0.0
KRT,2026-02-06,KRT-049,pivo,0.0,0.0
KRT,2026-02-06,KRT-050,pivo,0.0,0.0
KRT,2026-02-06,KRT-051,pivo,0.0,0.0
KRT,2026-02-06,KRT-052,pivo,0.0,0.0
KRT,2026-02-06,KRT-053,pivo,0.0,0.0
KRT,2026-02-06,KRT-054,pivo,0.0,0.0
KRT,2026-02-06,KRT-055,pivo,0.0,0.0
KRT,2026-02-06,KRT-056,pivo,0.0,0.0
KRT,2026-02-06,KRT-057,pivo,0.0,0.0
KRT,2026-02-06,KRT-058,pivo,0.25,0.25
KRT,2026-02-06,KRT-059,pivo,0.0,0.0
KRT,2026-02-06,KRT-060,pivo,0.0,0.0
KRT,2026-02-06,KRT-061,pivo,0.25,0.25
KRT,2026-02-06,KRT-062,pivo,0.0,0.0
KRT,2026-02-06,KRT-063,pivo,0.0,0.0
KRT,2026-02-06,KRT-064,pivo,0.0,0.0
KRT,2026-02-06,KRT-065,pivo,0.0,0.0
KRT,2026-02-06,KRT-066,pivo,0.0,0.0
KRT,2026-02-06,KRT-067,pivo,0.0,0.0
KRT,2026-02-06,KRT-068,pivo,0.0,0.0
KRT,2026-02-06,KRT-069,pivo,0.0,0.0
KRT,2026-02-06,KRT-070,pivo,0.0,0.0
KRT,2026-02-06,KRT-071,pivo,0.0,0.0
KRT,2026-02-06,KRT-072,pivo,0.0,0.0
KRT,2026-02-06,KRT-073,pivo,0.0,0.0
KRT,2026-02-06,KRT-074,pivo,0.0,0.0
KRT,2026-02-05,KRT-001,pivo,1.78,1.78
KRT,2026-02-05,KRT-001B,pivo_secundario,0.23,0.23
KRT,2026-02-05,KRT-002,pivo,0.0,0.0
KRT,2026-02-05,KRT-002B,pivo_secundario,0.0,0.0
KRT,2026-02-05,KRT-003,pivo,0.51,0.51
KRT,2026-02-05,KRT-004,pivo,0.0,0.0
KRT,2026-02-05,KRT-004B,pivo_secundario,0.0,0.0
KRT,2026-02-05,KRT-005,pivo,0.25,0.25
KRT,2026-02-05,KRT-006B,pivo_secundario,0.0,0.0
KRT,2026-02-05,KRT-006,pivo,0.0,0.0
KRT,2026-02-05,KRT-007B,pivo_secundario,0.0,0.0
KRT,2026-02-05,KRT-007,pivo,0.25,0.25
KRT,2026-02-05,KRT-008,pivo,0.25,0.25
KRT,2026-02-05,KRT-009,pivo,0.25,0.25
KRT,2026-02-05,KRT-010,pivo,0.25,0.25
KRT,2026-02-05,KRT-011,pivo,0.25,0.25
KRT,2026-02-05,KRT-012,pivo,0.0,0.0
KRT,2026-02-05,KRT-013,pivo,0.76,0.76
KRT,2026-02-05,KRT-014,pivo,3.3,3.3
KRT,2026-02-05,KRT-015,pivo,0.25,0.25
KRT,2026-02-05,KRT-016,pivo,0.0,0.0
KRT,2026-02-05,KRT-017,pivo,0.25,0.25
KRT,2026-02-05,KRT-018,pivo,0.25,0.25
KRT,2026-02-05,KRT-019,pivo,0.51,0.51
KRT,2026-02-05,KRT-020,pivo,0.25,0.25
KRT,2026-02-05,KRT-021,pivo,0.25,0.25
KRT,2026-02-05,KRT-022,pivo,0.51,0.51
KRT,2026-02-05,KRT-023,pivo,0.51,0.51
KRT,2026-02-05,KRT-024,pivo,1.27,1.27
KRT,2026-02-05,KRT-025,pivo,2.03,2.03
KRT,2026-02-05,KRT-026,pivo,0.0,0.0
KRT,2026-02-05,KRT-027,pivo,0.0,0.0
KRT,2026-02-05,KRT-028,pivo,3.56,3.56
KRT,2026-02-05,KRT-029,pivo,0.25,0.25
KRT,2026-02-05,KRT-030,pivo,2.03,2.03
KRT,2026-02-05,KRT-031,pivo,0.25,0.25
KRT,2026-02-05,KRT-032,pivo,0.0,0.0
KRT,2026-02-05,KRT-033,pivo,0.25,0.25
KRT,2026-02-05,KRT-034,pivo,0.25,0.25
KRT,2026-02-05,KRT-035,pivo,0.25,0.25
KRT,2026-02-05,KRT-036,pivo,0.25,0.25
KRT,2026-02-05,KRT-037,pivo,0.25,0.25
KRT,2026-02-05,KRT-038,pivo,0.25,0.25
KRT,2026-02-05,KRT-039,pivo,0.76,0.76
KRT,2026-02-05,KRT-040,pivo,3.81,3.81
KRT,2026-02-05,KRT-041,pivo,3.19,3.19
KRT,2026-02-05,KRT-042,pivo,1.02,1.02
KRT,2026-02-05,KRT-043,pivo,3.05,3.05
KRT,2026-02-05,KRT-044,pivo,9.65,9.65
KRT,2026-02-05,KRT-045,pivo,9.57,9.57
KRT,2026-02-05,KRT-046,pivo,10.67,10.67
KRT,2026-02-05,KRT-047,pivo,11.94,11.94
KRT,2026-02-05,KRT-048,pivo,10.92,10.92
KRT,2026-02-05,KRT-049,pivo,24.13,24.13
KRT,2026-02-05,KRT-050,pivo,4.57,4.57
KRT,2026-02-05,KRT-051,pivo,2.03,2.03
KRT,2026-02-05,KRT-052,pivo,10.92,10.92
KRT,2026-02-05,KRT-053,pivo,6.89,6.89
KRT,2026-02-05,KRT-054,pivo,4.76,4.76
KRT,2026-02-05,KRT-055,pivo,3.05,3.05
KRT,2026-02-05,KRT-056,pivo,1.0,1.0
KRT,2026-02-05,KRT-057,pivo,3.16,3.16
KRT,2026-02-05,KRT-058,pivo,0.75,0.75
KRT,2026-02-05,KRT-059,pivo,2.54,2.54
KRT,2026-02-05,KRT-060,pivo,0.25,0.25
KRT,2026-02-05,KRT-061,pivo,1.75,1.75
KRT,2026-02-05,KRT-062,pivo,0.0,0.0
KRT,2026-02-05,KRT-063,pivo,0.3,0.3
KRT,2026-02-05,KRT-064,pivo,0.3,0.3
KRT,2026-02-05,KRT-065,pivo,0.3,0.3
KRT,2026-02-05,KRT-066,pivo,0.0,0.0
KRT,2026-02-05,KRT-067,pivo,0.0,0.0
KRT,2026-02-05,KRT-068,pivo,0.0,0.0
KRT,2026-02-05,KRT-069,pivo,3.06,3.06
KRT,2026-02-05,KRT-070,pivo,5.12,5.12
KRT,2026-02-05,KRT-071,pivo,5.03,5.03
KRT,2026-02-05,KRT-072,pivo,6.08,6.08
KRT,2026-02-05,KRT-073,pivo,2.29,2.29
KRT,2026-02-05,KRT-074,pivo,7.11,7.11
KRT,2026-02-04,KRT-001,pivo,0.0,0.0
KRT,2026-02-04,KRT-001B,pivo_secundario,0.23,0.23
KRT,2026-02-04,KRT-002,pivo,0.0,0.0
KRT,2026-02-04,KRT-002B,pivo_secundario,0.23,0.23
KRT,2026-02-04,KRT-003,pivo,0.0,0.0
KRT,2026-02-04,KRT-004,pivo,0.0,0.0
KRT,2026-02-04,KRT-004B,pivo_secundario,0.0,0.0
KRT,2026-02-04,KRT-005,pivo,0.5,0.5
KRT,2026-02-04,KRT-006B,pivo_secundario,0.0,0.0
KRT,2026-02-04,KRT-006,pivo,0.0,0.0
KRT,2026-02-04,KRT-007B,pivo_secundario,0.0,0.0
KRT,2026-02-04,KRT-007,pivo,0.25,0.25
KRT,2026-02-04,KRT-008,pivo,0.25,0.25
KRT,2026-02-04,KRT-009,pivo,0.51,0.51
KRT,2026-02-04,KRT-010,pivo,0.51,0.51
KRT,2026-02-04,KRT-011,pivo,0.51,0.51
KRT,2026-02-04,KRT-012,pivo,0.0,0.0
KRT,2026-02-04,KRT-013,pivo,0.51,0.51
KRT,2026-02-04,KRT-014,pivo,0.51,0.51
KRT,2026-02-04,KRT-015,pivo,0.0,0.0
KRT,2026-02-04,KRT-016,pivo,0.0,0.0
KRT,2026-02-04,KRT-017,pivo,0.51,0.51
KRT,2026-02-04,KRT-018,pivo,0.25,0.25
KRT,2026-02-04,KRT-019,pivo,0.25,0.25
KRT,2026-02-04,KRT-020,pivo,0.0,0.0
KRT,2026-02-04,KRT-021,pivo,0.51,0.51
KRT,2026-02-04,KRT-022,pivo,0.25,0.25
KRT,2026-02-04,KRT-023,pivo,0.25,0.25
KRT,2026-02-04,KRT-024,pivo,0.25,0.25
KRT,2026-02-04,KRT-025,pivo,0.76,0.76
KRT,2026-02-04,KRT-026,pivo,0.0,0.0
KRT,2026-02-04,KRT-027,pivo,0.0,0.0
KRT,2026-02-04,KRT-028,pivo,0.76,0.76
KRT,2026-02-04,KRT-029,pivo,1.02,1.02
KRT,2026-02-04,KRT-030,pivo,0.25,0.25
KRT,2026-02-04,KRT-031,pivo,0.0,0.0
KRT,2026-02-04,KRT-032,pivo,0.76,0.76
KRT,2026-02-04,KRT-033,pivo,1.02,1.02
KRT,2026-02-04,KRT-034,pivo,0.51,0.51
KRT,2026-02-04,KRT-035,pivo,0.25,0.25
KRT,2026-02-04,KRT-036,pivo,0.25,0.25
KRT,2026-02-04,KRT-037,pivo,0.0,0.0
KRT,2026-02-04,KRT-038,pivo,0.0,0.0
KRT,2026-02-04,KRT-039,pivo,0.51,0.51
KRT,2026-02-04,KRT-040,pivo,0.0,0.0
KRT,2026-02-04,KRT-041,pivo,0.0,0.0
KRT,2026-02-04,KRT-042,pivo,0.0,0.0
KRT,2026-02-04,KRT-043,pivo,0.76,0.76
KRT,2026-02-04,KRT-044,pivo,6.1,6.1
KRT,2026-02-04,KRT-045,pivo,1.03,1.03
KRT,2026-02-04,KRT-046,pivo,2.54,2.54
KRT,2026-02-04,KRT-047,pivo,2.03,2.03
KRT,2026-02-04,KRT-048,pivo,2.59,2.59
KRT,2026-02-04,KRT-049,pivo,2.79,2.79
KRT,2026-02-04,KRT-050,pivo,3.81,3.81
KRT,2026-02-04,KRT-051,pivo,4.06,4.06
KRT,2026-02-04,KRT-052,pivo,10.41,10.41
KRT,2026-02-04,KRT-053,pivo,8.59,8.59
KRT,2026-02-04,KRT-054,pivo,5.84,5.84
KRT,2026-02-04,KRT-055,pivo,17.02,17.02
KRT,2026-02-04,KRT-056,pivo,3.81,3.81
KRT,2026-02-04,KRT-057,pivo,12.43,12.43
KRT,2026-02-04,KRT-058,pivo,4.75,4.75
KRT,2026-02-04,KRT-059,pivo,5.84,5.84
KRT,2026-02-04,KRT-060,pivo,1.76,1.76
KRT,2026-02-04,KRT-061,pivo,1.75,1.75
KRT,2026-02-04,KRT-062,pivo,1.97,1.97
KRT,2026-02-04,KRT-063,pivo,2.1,2.1
KRT,2026-02-04,KRT-064,pivo,1.5,1.5
KRT,2026-02-04,KRT-065,pivo,2.7,2.7
KRT,2026-02-04,KRT-066,pivo,1.78,1.78
KRT,2026-02-04,KRT-067,pivo,1.52,1.52
KRT,2026-02-04,KRT-068,pivo,1.23,1.23
KRT,2026-02-04,KRT-069,pivo,0.0,0.0
KRT,2026-02-04,KRT-070,pivo,0.79,0.79
KRT,2026-02-04,KRT-071,pivo,0.0,0.0
KRT,2026-02-04,KRT-072,pivo,0.38,0.38
KRT,2026-02-04,KRT-073,pivo,6.6,6.6
KRT,2026-02-04,KRT-074,pivo,8.13,8.13
KRT,2026-02-03,KRT-001,pivo,22.61,22.61
KRT,2026-02-03,KRT-001B,pivo_secundario,39.5,39.5
KRT,2026-02-03,KRT-002,pivo,21.05,21.05
KRT,2026-02-03,KRT-002B,pivo_secundario,0.68,0.68
KRT,2026-02-03,KRT-003,pivo,14.99,14.99
KRT,2026-02-03,KRT-004,pivo,26.42,26.42
KRT,2026-02-03,KRT-004B,pivo_secundario,0.0,0.0
KRT,2026-02-03,KRT-005,pivo,19.25,19.25
KRT,2026-02-03,KRT-006B,pivo_secundario,0.0,0.0
KRT,2026-02-03,KRT-006,pivo,22.5,22.5
KRT,2026-02-03,KRT-007B,pivo_secundario,0.0,0.0
KRT,2026-02-03,KRT-007,pivo,20.32,20.32
KRT,2026-02-03,KRT-008,pivo,27.94,27.94
KRT,2026-02-03,KRT-009,pivo,19.56,19.56
KRT,2026-02-03,KRT-010,pivo,17.53,17.53
KRT,2026-02-03,KRT-011,pivo,18.29,18.29
KRT,2026-02-03,KRT-012,pivo,15.52,15.52
KRT,2026-02-03,KRT-013,pivo,17.53,17.53
KRT,2026-02-03,KRT-014,pivo,15.24,15.24
KRT,2026-02-03,KRT-015,pivo,20.83,20.83
KRT,2026-02-03,KRT-016,pivo,10.36,10.36
KRT,2026-02-03,KRT-017,pivo,13.46,13.46
KRT,2026-02-03,KRT-018,pivo,10.75,10.75
KRT,2026-02-03,KRT-019,pivo,12.45,12.45
KRT,2026-02-03,KRT-020,pivo,11.43,11.43
KRT,2026-02-03,KRT-021,pivo,8.64,8.64
KRT,2026-02-03,KRT-022,pivo,9.14,9.14
KRT,2026-02-03,KRT-023,pivo,10.41,10.41
KRT,2026-02-03,KRT-024,pivo,9.91,9.91
KRT,2026-02-03,KRT-025,pivo,8.64,8.64
KRT,2026-02-03,KRT-026,pivo,11.56,11.56
KRT,2026-02-03,KRT-027,pivo,11.23,11.23
KRT,2026-02-03,KRT-028,pivo,10.92,10.92
KRT,2026-02-03,KRT-029,pivo,10.67,10.67
KRT,2026-02-03,KRT-030,pivo,12.7,12.7
KRT,2026-02-03,KRT-031,pivo,11.68,11.68
KRT,2026-02-03,KRT-032,pivo,9.62,9.62
KRT,2026-02-03,KRT-033,pivo,11.68,11.68
KRT,2026-02-03,KRT-034,pivo,14.73,14.73
KRT,2026-02-03,KRT-035,pivo,23.37,23.37
KRT,2026-02-03,KRT-036,pivo,21.34,21.34
KRT,2026-02-03,KRT-037,pivo,16.0,16.0
KRT,2026-02-03,KRT-038,pivo,17.27,17.27
KRT,2026-02-03,KRT-039,pivo,11.68,11.68
KRT,2026-02-03,KRT-040,pivo,9.4,9.4
KRT,2026-02-03,KRT-041,pivo,9.68,9.68
KRT,2026-02-03,KRT-042,pivo,10.16,10.16
KRT,2026-02-03,KRT-043,pivo,8.89,8.89
KRT,2026-02-03,KRT-044,pivo,2.29,2.29
KRT,2026-02-03,KRT-045,pivo,4.03,4.03
KRT,2026-02-03,KRT-046,pivo,4.06,4.06
KRT,2026-02-03,KRT-047,pivo,8.13,8.13
KRT,2026-02-03,KRT-048,pivo,5.84,5.84
KRT,2026-02-03,KRT-049,pivo,3.3,3.3
KRT,2026-02-03,KRT-050,pivo,3.56,3.56
KRT,2026-02-03,KRT-051,pivo,6.35,6.35
KRT,2026-02-03,KRT-052,pivo,3.3,3.3
KRT,2026-02-03,KRT-053,pivo,1.59,1.59
KRT,2026-02-03,KRT-054,pivo,2.03,2.03
KRT,2026-02-03,KRT-055,pivo,1.78,1.78
KRT,2026-02-03,KRT-056,pivo,3.05,3.05
KRT,2026-02-03,KRT-057,pivo,3.16,3.16
KRT,2026-02-03,KRT-058,pivo,2.5,2.5
KRT,2026-02-03,KRT-059,pivo,2.29,2.29
KRT,2026-02-03,KRT-060,pivo,1.14,1.14
KRT,2026-02-03,KRT-061,pivo,2.03,2.03
KRT,2026-02-03,KRT-062,pivo,1.53,1.53
KRT,2026-02-03,KRT-063,pivo,4.5,4.5
KRT,2026-02-03,KRT-064,pivo,3.3,3.3
KRT,2026-02-03,KRT-065,pivo,3.9,3.9
KRT,2026-02-03,KRT-066,pivo,1.27,1.27
KRT,2026-02-03,KRT-067,pivo,1.78,1.78
KRT,2026-02-03,KRT-068,pivo,1.3,1.3
KRT,2026-02-03,KRT-069,pivo,1.25,1.25
KRT,2026-02-03,KRT-070,pivo,1.77,1.77
KRT,2026-02-03,KRT-071,pivo,1.2,1.2
KRT,2026-02-03,KRT-072,pivo,1.14,1.14
KRT,2026-02-03,KRT-073,pivo,6.1,6.1
KRT,2026-02-03,KRT-074,pivo,3.81,3.81
KRT,2026-02-02,KRT-001,pivo,11.27,11.27
KRT,2026-02-02,KRT-001B,pivo_secundario,0.46,0.46
KRT,2026-02-02,KRT-002,pivo,10.8,10.8
KRT,2026-02-02,KRT-002B,pivo_secundario,0.68,0.68
KRT,2026-02-02,KRT-003,pivo,13.72,13.72
KRT,2026-02-02,KRT-004,pivo,7.87,7.87
KRT,2026-02-02,KRT-004B,pivo_secundario,0.0,0.0
KRT,2026-02-02,KRT-005,pivo,21.25,21.25
KRT,2026-02-02,KRT-006B,pivo_secundario,0.0,0.0
KRT,2026-02-02,KRT-006,pivo,17.0,17.0
KRT,2026-02-02,KRT-007B,pivo_secundario,0.0,0.0
KRT,2026-02-02,KRT-007,pivo,8.64,8.64
KRT,2026-02-02,KRT-008,pivo,2.79,2.79
KRT,2026-02-02,KRT-009,pivo,6.6,6.6
KRT,2026-02-02,KRT-010,pivo,4.57,4.57
KRT,2026-02-02,KRT-011,pivo,3.05,3.05
KRT,2026-02-02,KRT-012,pivo,0.51,0.51
KRT,2026-02-02,KRT-013,pivo,1.27,1.27
KRT,2026-02-02,KRT-014,pivo,0.51,0.51
KRT,2026-02-02,KRT-015,pivo,1.02,1.02
KRT,2026-02-02,KRT-016,pivo,0.0,0.0
KRT,2026-02-02,KRT-017,pivo,0.76,0.76
KRT,2026-02-02,KRT-018,pivo,0.25,0.25
KRT,2026-02-02,KRT-019,pivo,5.27,5.27
KRT,2026-02-02,KRT-020,pivo,5.84,5.84
KRT,2026-02-02,KRT-021,pivo,3.52,3.52
KRT,2026-02-02,KRT-022,pivo,4.06,4.06
KRT,2026-02-02,KRT-023,pivo,1.27,1.27
KRT,2026-02-02,KRT-024,pivo,0.25,0.25
KRT,2026-02-02,KRT-025,pivo,0.51,0.51
KRT,2026-02-02,KRT-026,pivo,0.0,0.0
KRT,2026-02-02,KRT-027,pivo,0.0,0.0
KRT,2026-02-02,KRT-028,pivo,0.25,0.25
KRT,2026-02-02,KRT-029,pivo,0.0,0.0
KRT,2026-02-02,KRT-030,pivo,0.25,0.25
KRT,2026-02-02,KRT-031,pivo,0.0,0.0
KRT,2026-02-02,KRT-032,pivo,0.0,0.0
KRT,2026-02-02,KRT-033,pivo,0.0,0.0
KRT,2026-02-02,KRT-034,pivo,0.25,0.25
KRT,2026-02-02,KRT-035,pivo,5.33,5.33
KRT,2026-02-02,KRT-036,pivo,2.03,2.03
KRT,2026-02-02,KRT-037,pivo,3.05,3.05
KRT,2026-02-02,KRT-038,pivo,1.52,1.52
KRT,2026-02-02,KRT-039,pivo,1.52,1.52
KRT,2026-02-02,KRT-040,pivo,1.27,1.27
KRT,2026-02-02,KRT-041,pivo,0.0,0.0
KRT,2026-02-02,KRT-042,pivo,0.51,0.51
KRT,2026-02-02,KRT-043,pivo,2.79,2.79
KRT,2026-02-02,KRT-044,pivo,3.56,3.56
KRT,2026-02-02,KRT-045,pivo,0.0,0.0
KRT,2026-02-02,KRT-046,pivo,3.81,3.81
KRT,2026-02-02,KRT-047,pivo,5.59,5.59
KRT,2026-02-02,KRT-048,pivo,3.56,3.56
KRT,2026-02-02,KRT-049,pivo,11.18,11.18
KRT,2026-02-02,KRT-050,pivo,1.78,1.78
KRT,2026-02-02,KRT-051,pivo,2.54,2.54
KRT,2026-02-02,KRT-052,pivo,8.64,8.64
KRT,2026-02-02,KRT-053,pivo,4.65,4.65
KRT,2026-02-02,KRT-054,pivo,2.79,2.79
KRT,2026-02-02,KRT-055,pivo,9.65,9.65
KRT,2026-02-02,KRT-056,pivo,7.11,7.11
KRT,2026-02-02,KRT-057,pivo,7.01,7.01
KRT,2026-02-02,KRT-058,pivo,11.75,11.75
KRT,2026-02-02,KRT-059,pivo,12.7,12.7
KRT,2026-02-02,KRT-060,pivo,5.26,5.26
KRT,2026-02-02,KRT-061,pivo,9.31,9.31
KRT,2026-02-02,KRT-062,pivo,8.76,8.76
KRT,2026-02-02,KRT-063,pivo,1.8,1.8
KRT,2026-02-02,KRT-064,pivo,3.6,3.6
KRT,2026-02-02,KRT-065,pivo,13.8,13.8
KRT,2026-02-02,KRT-066,pivo,4.06,4.06
KRT,2026-02-02,KRT-067,pivo,6.6,6.6
KRT,2026-02-02,KRT-068,pivo,4.33,4.33
KRT,2026-02-02,KRT-069,pivo,11.6,11.6
KRT,2026-02-02,KRT-070,pivo,10.84,10.84
KRT,2026-02-02,KRT-071,pivo,10.3,10.3
KRT,2026-02-02,KRT-072,pivo,7.98,7.98
KRT,2026-02-02,KRT-073,pivo,0.76,0.76
KRT,2026-02-02,KRT-074,pivo,2.54,2.54
KRT,2026-02-01,KRT-001,pivo,0.0,0.0
KRT,2026-02-01,KRT-001B,pivo_secundario,0.23,0.23
KRT,2026-02-01,KRT-002,pivo,0.0,0.0
KRT,2026-02-01,KRT-002B,pivo_secundario,0.23,0.23
KRT,2026-02-01,KRT-003,pivo,0.0,0.0
KRT,2026-02-01,KRT-004,pivo,0.0,0.0
KRT,2026-02-01,KRT-004B,pivo_secundario,0.0,0.0
KRT,2026-02-01,KRT-005,pivo,0.0,0.0
KRT,2026-02-01,KRT-006B,pivo_secundario,0.0,0.0
KRT,2026-02-01,KRT-006,pivo,0.0,0.0
KRT,2026-02-01,KRT-007B,pivo_secundario,0.0,0.0
KRT,2026-02-01,KRT-007,pivo,0.0,0.0
KRT,2026-02-01,KRT-008,pivo,0.0,0.0
KRT,2026-02-01,KRT-009,pivo,0.0,0.0
KRT,2026-02-01,KRT-010,pivo,0.0,0.0
KRT,2026-02-01,KRT-011,pivo,2.29,2.29
KRT,2026-02-01,KRT-012,pivo,0.25,0.25
KRT,2026-02-01,KRT-013,pivo,2.79,2.79
KRT,2026-02-01,KRT-014,pivo,4.32,4.32
KRT,2026-02-01,KRT-015,pivo,2.03,2.03
KRT,2026-02-01,KRT-016,pivo,0.0,0.0
KRT,2026-02-01,KRT-017,pivo,0.0,0.0
KRT,2026-02-01,KRT-018,pivo,0.75,0.75
KRT,2026-02-01,KRT-019,pivo,0.0,0.0
KRT,2026-02-01,KRT-020,pivo,0.0,0.0
KRT,2026-02-01,KRT-021,pivo,0.0,0.0
KRT,2026-02-01,KRT-022,pivo,0.0,0.0
KRT,2026-02-01,KRT-023,pivo,2.79,2.79
KRT,2026-02-01,KRT-024,pivo,1.52,1.52
KRT,2026-02-01,KRT-025,pivo,1.78,1.78
KRT,2026-02-01,KRT-026,pivo,0.0,0.0
KRT,2026-02-01,KRT-027,pivo,0.0,0.0
KRT,2026-02-01,KRT-028,pivo,1.02,1.02
KRT,2026-02-01,KRT-029,pivo,0.51,0.51
KRT,2026-02-01,KRT-030,pivo,1.52,1.52
KRT,2026-02-01,KRT-031,pivo,0.0,0.0
KRT,2026-02-01,KRT-032,pivo,0.0,0.0
KRT,2026-02-01,KRT-033,pivo,0.25,0.25
KRT,2026-02-01,KRT-034,pivo,0.76,0.76
KRT,2026-02-01,KRT-035,pivo,0.25,0.25
KRT,2026-02-01,KRT-036,pivo,4.06,4.06
KRT,2026-02-01,KRT-037,pivo,0.51,0.51
KRT,2026-02-01,KRT-038,pivo,0.25,0.25
KRT,2026-02-01,KRT-039,pivo,3.81,3.81
KRT,2026-02-01,KRT-040,pivo,1.02,1.02
KRT,2026-02-01,KRT-041,pivo,0.0,0.0
KRT,2026-02-01,KRT-042,pivo,2.03,2.03
KRT,2026-02-01,KRT-043,pivo,5.59,5.59
KRT,2026-02-01,KRT-044,pivo,4.83,4.83
KRT,2026-02-01,KRT-045,pivo,3.5,3.5
KRT,2026-02-01,KRT-046,pivo,3.56,3.56
KRT,2026-02-01,KRT-047,pivo,1.78,1.78
KRT,2026-02-01,KRT-048,pivo,1.02,1.02
KRT,2026-02-01,KRT-049,pivo,0.76,0.76
KRT,2026-02-01,KRT-050,pivo,4.32,4.32
KRT,2026-02-01,KRT-051,pivo,5.59,5.59
KRT,2026-02-01,KRT-052,pivo,6.35,6.35
KRT,2026-02-01,KRT-053,pivo,5.03,5.03
KRT,2026-02-01,KRT-054,pivo,5.33,5.33
KRT,2026-02-01,KRT-055,pivo,5.59,5.59
KRT,2026-02-01,KRT-056,pivo,5.33,5.33
KRT,2026-02-01,KRT-057,pivo,4.85,4.85
KRT,2026-02-01,KRT-058,pivo,4.75,4.75
KRT,2026-02-01,KRT-059,pivo,9.91,9.91
KRT,2026-02-01,KRT-060,pivo,8.76,8.76
KRT,2026-02-01,KRT-061,pivo,7.78,7.78
KRT,2026-02-01,KRT-062,pivo,10.73,10.73
KRT,2026-02-01,KRT-063,pivo,9.0,9.0
KRT,2026-02-01,KRT-064,pivo,9.6,9.6
KRT,2026-02-01,KRT-065,pivo,10.5,10.5
KRT,2026-02-01,KRT-066,pivo,8.38,8.38
KRT,2026-02-01,KRT-067,pivo,12.19,12.19
KRT,2026-02-01,KRT-068,pivo,9.6,9.6
KRT,2026-02-01,KRT-069,pivo,8.3,8.3
KRT,2026-02-01,KRT-070,pivo,7.09,7.09
KRT,2026-02-01,KRT-071,pivo,7.89,7.89
KRT,2026-02-01,KRT-072,pivo,8.76,8.76
KRT,2026-02-01,KRT-073,pivo,3.05,3.05
KRT,2026-02-01,KRT-074,pivo,6.6,6.6
KRT,2026-01-31,KRT-001,pivo,12.45,12.45
KRT,2026-01-31,KRT-001B,pivo_secundario,6.47,6.47
KRT,2026-01-31,KRT-002,pivo,9.98,9.98
KRT,2026-01-31,KRT-002B,pivo_secundario,1.14,1.14
KRT,2026-01-31,KRT-003,pivo,11.18,11.18
KRT,2026-01-31,KRT-004,pivo,11.43,11.43
KRT,2026-01-31,KRT-004B,pivo_secundario,0.0,0.0
KRT,2026-01-31,KRT-005,pivo,9.25,9.25
KRT,2026-01-31,KRT-006B,pivo_secundario,4.05,4.05
KRT,2026-01-31,KRT-006,pivo,9.02,9.02
KRT,2026-01-31,KRT-007B,pivo_secundario,0.26,0.26
KRT,2026-01-31,KRT-007,pivo,6.1,6.1
KRT,2026-01-31,KRT-008,pivo,9.14,9.14
KRT,2026-01-31,KRT-009,pivo,10.92,10.92
KRT,2026-01-31,KRT-010,pivo,10.67,10.67
KRT,2026-01-31,KRT-011,pivo,9.91,9.91
KRT,2026-01-31,KRT-012,pivo,8.55,8.55
KRT,2026-01-31,KRT-013,pivo,11.68,11.68
KRT,2026-01-31,KRT-014,pivo,16.26,16.26
KRT,2026-01-31,KRT-015,pivo,8.38,8.38
KRT,2026-01-31,KRT-016,pivo,6.3,6.3
KRT,2026-01-31,KRT-017,pivo,4.83,4.83
KRT,2026-01-31,KRT-018,pivo,4.75,4.75
KRT,2026-01-31,KRT-019,pivo,9.65,9.65
KRT,2026-01-31,KRT-020,pivo,5.33,5.33
KRT,2026-01-31,KRT-021,pivo,8.38,8.38
KRT,2026-01-31,KRT-022,pivo,17.02,17.02
KRT,2026-01-31,KRT-023,pivo,14.22,14.22
KRT,2026-01-31,KRT-024,pivo,11.12,11.12
KRT,2026-01-31,KRT-025,pivo,16.38,16.38
KRT,2026-01-31,KRT-026,pivo,18.0,18.0
KRT,2026-01-31,KRT-027,pivo,17.96,17.96
KRT,2026-01-31,KRT-028,pivo,18.1,18.1
KRT,2026-01-31,KRT-029,pivo,20.71,20.71
KRT,2026-01-31,KRT-030,pivo,17.64,17.64
KRT,2026-01-31,KRT-031,pivo,19.85,19.85
KRT,2026-01-31,KRT-032,pivo,24.38,24.38
KRT,2026-01-31,KRT-033,pivo,15.49,15.49
KRT,2026-01-31,KRT-034,pivo,18.8,18.8
KRT,2026-01-31,KRT-035,pivo,14.99,14.99
KRT,2026-01-31,KRT-036,pivo,16.76,16.76
KRT,2026-01-31,KRT-037,pivo,16.0,16.0
KRT,2026-01-31,KRT-038,pivo,17.53,17.53
KRT,2026-01-31,KRT-039,pivo,17.53,17.53
KRT,2026-01-31,KRT-040,pivo,21.34,21.34
KRT,2026-01-31,KRT-041,pivo,17.92,17.92
KRT,2026-01-31,KRT-042,pivo,17.02,17.02
KRT,2026-01-31,KRT-043,pivo,16.0,16.0
KRT,2026-01-31,KRT-044,pivo,26.16,26.16
KRT,2026-01-31,KRT-045,pivo,17.23,17.23
KRT,2026-01-31,KRT-046,pivo,15.24,15.24
KRT,2026-01-31,KRT-047,pivo,13.46,13.46
KRT,2026-01-31,KRT-048,pivo,8.38,8.38
KRT,2026-01-31,KRT-049,pivo,6.86,6.86
KRT,2026-01-31,KRT-050,pivo,18.8,18.8
KRT,2026-01-31,KRT-051,pivo,21.08,21.08
KRT,2026-01-31,KRT-052,pivo,16.51,16.51
KRT,2026-01-31,KRT-053,pivo,23.0,23.0
KRT,2026-01-31,KRT-054,pivo,22.61,22.61
KRT,2026-01-31,KRT-055,pivo,13.72,13.72
KRT,2026-01-31,KRT-056,pivo,21.84,21.84
KRT,2026-01-31,KRT-057,pivo,4.75,4.75
KRT,2026-01-31,KRT-058,pivo,11.75,11.75
KRT,2026-01-31,KRT-059,pivo,6.35,6.35
KRT,2026-01-31,KRT-060,pivo,11.54,11.54
KRT,2026-01-31,KRT-061,pivo,8.02,8.02
KRT,2026-01-31,KRT-062,pivo,12.26,12.26
KRT,2026-01-31,KRT-063,pivo,24.3,24.3
KRT,2026-01-31,KRT-064,pivo,23.1,23.1
KRT,2026-01-31,KRT-065,pivo,18.9,18.9
KRT,2026-01-31,KRT-066,pivo,11.18,11.18
KRT,2026-01-31,KRT-067,pivo,14.99,14.99
KRT,2026-01-31,KRT-068,pivo,12.3,12.3
KRT,2026-01-31,KRT-069,pivo,2.6,2.6
KRT,2026-01-31,KRT-070,pivo,2.59,2.59
KRT,2026-01-31,KRT-071,pivo,2.86,2.86
KRT,2026-01-31,KRT-072,pivo,3.57,3.57
KRT,2026-01-31,KRT-073,pivo,24.89,24.89
KRT,2026-01-31,KRT-074,pivo,28.96,28.96
KRT,2026-01-30,KRT-001,pivo,1.27,1.27
KRT,2026-01-30,KRT-001B,pivo_secundario,6.47,6.47
KRT,2026-01-30,KRT-002,pivo,1.01,1.01
KRT,2026-01-30,KRT-002B,pivo_secundario,2.05,2.05
KRT,2026-01-30,KRT-003,pivo,1.52,1.52
KRT,2026-01-30,KRT-004,pivo,0.76,0.76
KRT,2026-01-30,KRT-004B,pivo_secundario,0.0,0.0
KRT,2026-01-30,KRT-005,pivo,0.5,0.5
KRT,2026-01-30,KRT-006B,pivo_secundario,0.0,0.0
KRT,2026-01-30,KRT-006,pivo,0.0,0.0
KRT,2026-01-30,KRT-007B,pivo_secundario,0.26,0.26
KRT,2026-01-30,KRT-007,pivo,0.76,0.76
KRT,2026-01-30,KRT-008,pivo,0.51,0.51
KRT,2026-01-30,KRT-009,pivo,0.51,0.51
KRT,2026-01-30,KRT-010,pivo,0.51,0.51
KRT,2026-01-30,KRT-011,pivo,1.27,1.27
KRT,2026-01-30,KRT-012,pivo,0.9,0.9
KRT,2026-01-30,KRT-013,pivo,1.78,1.78
KRT,2026-01-30,KRT-014,pivo,2.03,2.03
KRT,2026-01-30,KRT-015,pivo,0.0,0.0
KRT,2026-01-30,KRT-016,pivo,0.0,0.0
KRT,2026-01-30,KRT-017,pivo,0.0,0.0
KRT,2026-01-30,KRT-018,pivo,0.25,0.25
KRT,2026-01-30,KRT-019,pivo,0.0,0.0
KRT,2026-01-30,KRT-020,pivo,0.0,0.0
KRT,2026-01-30,KRT-021,pivo,0.0,0.0
KRT,2026-01-30,KRT-022,pivo,0.51,0.51
KRT,2026-01-30,KRT-023,pivo,0.25,0.25
KRT,2026-01-30,KRT-024,pivo,0.0,0.0
KRT,2026-01-30,KRT-025,pivo,0.25,0.25
KRT,2026-01-30,KRT-026,pivo,1.06,1.06
KRT,2026-01-30,KRT-027,pivo,1.05,1.05
KRT,2026-01-30,KRT-028,pivo,3.05,3.05
KRT,2026-01-30,KRT-029,pivo,2.46,2.46
KRT,2026-01-30,KRT-030,pivo,1.07,1.07
KRT,2026-01-30,KRT-031,pivo,1.02,1.02
KRT,2026-01-30,KRT-032,pivo,1.52,1.52
KRT,2026-01-30,KRT-033,pivo,1.25,1.25
KRT,2026-01-30,KRT-034,pivo,2.54,2.54
KRT,2026-01-30,KRT-035,pivo,0.0,0.0
KRT,2026-01-30,KRT-036,pivo,0.0,0.0
KRT,2026-01-30,KRT-037,pivo,0.0,0.0
KRT,2026-01-30,KRT-038,pivo,0.0,0.0
KRT,2026-01-30,KRT-039,pivo,0.0,0.0
KRT,2026-01-30,KRT-040,pivo,0.0,0.0
KRT,2026-01-30,KRT-041,pivo,0.0,0.0
KRT,2026-01-30,KRT-042,pivo,0.0,0.0
KRT,2026-01-30,KRT-043,pivo,0.0,0.0
KRT,2026-01-30,KRT-044,pivo,0.0,0.0
KRT,2026-01-30,KRT-045,pivo,0.0,0.0
KRT,2026-01-30,KRT-046,pivo,0.0,0.0
KRT,2026-01-30,KRT-047,pivo,0.0,0.0
KRT,2026-01-30,KRT-048,pivo,0.0,0.0
KRT,2026-01-30,KRT-049,pivo,0.0,0.0
KRT,2026-01-30,KRT-050,pivo,0.0,0.0
KRT,2026-01-30,KRT-051,pivo,0.0,0.0
KRT,2026-01-30,KRT-052,pivo,0.25,0.25
KRT,2026-01-30,KRT-053,pivo,0.0,0.0
KRT,2026-01-30,KRT-054,pivo,0.0,0.0
KRT,2026-01-30,KRT-055,pivo,0.0,0.0
KRT,2026-01-30,KRT-056,pivo,0.0,0.0
KRT,2026-01-30,KRT-057,pivo,0.0,0.0
KRT,2026-01-30,KRT-058,pivo,0.5,0.5
KRT,2026-01-30,KRT-059,pivo,0.25,0.25
KRT,2026-01-30,KRT-060,pivo,0.25,0.25
KRT,2026-01-30,KRT-061,pivo,0.76,0.76
KRT,2026-01-30,KRT-062,pivo,0.0,0.0
KRT,2026-01-30,KRT-063,pivo,0.0,0.0
KRT,2026-01-30,KRT-064,pivo,0.0,0.0
KRT,2026-01-30,KRT-065,pivo,0.0,0.0
KRT,2026-01-30,KRT-066,pivo,0.25,0.25
KRT,2026-01-30,KRT-067,pivo,0.51,0.51
KRT,2026-01-30,KRT-068,pivo,0.0,0.0
KRT,2026-01-30,KRT-069,pivo,0.0,0.0
KRT,2026-01-30,KRT-070,pivo,0.59,0.59
KRT,2026-01-30,KRT-071,pivo,0.0,0.0
KRT,2026-01-30,KRT-072,pivo,0.57,0.57
KRT,2026-01-30,KRT-073,pivo,0.0,0.0
KRT,2026-01-30,KRT-074,pivo,0.0,0.0
KRT,2026-01-29,KRT-001,pivo,0.0,0.0
KRT,2026-01-29,KRT-001B,pivo_secundario,0.0,0.0
KRT,2026-01-29,KRT-002,pivo,0.0,0.0
KRT,2026-01-29,KRT-002B,pivo_secundario,0.0,0.0
KRT,2026-01-29,KRT-003,pivo,0.51,0.51
KRT,2026-01-29,KRT-004,pivo,0.0,0.0
KRT,2026-01-29,KRT-004B,pivo_secundario,0.0,0.0
KRT,2026-01-29,KRT-005,pivo,0.0,0.0
KRT,2026-01-29,KRT-006B,pivo_secundario,0.0,0.0
KRT,2026-01-29,KRT-006,pivo,0.0,0.0
KRT,2026-01-29,KRT-007B,pivo_secundario,0.0,0.0
KRT,2026-01-29,KRT-007,pivo,0.0,0.0
KRT,2026-01-29,KRT-008,pivo,0.0,0.0
KRT,2026-01-29,KRT-009,pivo,0.0,0.0
KRT,2026-01-29,KRT-010,pivo,0.0,0.0
KRT,2026-01-29,KRT-011,pivo,0.0,0.0
KRT,2026-01-29,KRT-012,pivo,0.25,0.25
KRT,2026-01-29,KRT-013,pivo,0.0,0.0
KRT,2026-01-29,KRT-014,pivo,0.0,0.0
KRT,2026-01-29,KRT-015,pivo,0.0,0.0
KRT,2026-01-29,KRT-016,pivo,0.0,0.0
KRT,2026-01-29,KRT-017,pivo,0.0,0.0
KRT,2026-01-29,KRT-018,pivo,0.0,0.0
KRT,2026-01-29,KRT-019,pivo,0.0,0.0
KRT,2026-01-29,KRT-020,pivo,0.0,0.0
KRT,2026-01-29,KRT-021,pivo,0.0,0.0
KRT,2026-01-29,KRT-022,pivo,0.0,0.0
KRT,2026-01-29,KRT-023,pivo,0.0,0.0
KRT,2026-01-29,KRT-024,pivo,0.0,0.0
KRT,2026-01-29,KRT-025,pivo,0.51,0.51
KRT,2026-01-29,KRT-026,pivo,0.0,0.0
KRT,2026-01-29,KRT-027,pivo,0.0,0.0
KRT,2026-01-29,KRT-028,pivo,0.51,0.51
KRT,2026-01-29,KRT-029,pivo,0.0,0.0
KRT,2026-01-29,KRT-030,pivo,0.0,0.0
KRT,2026-01-29,KRT-031,pivo,0.0,0.0
KRT,2026-01-29,KRT-032,pivo,0.0,0.0
KRT,2026-01-29,KRT-033,pivo,0.0,0.0
KRT,2026-01-29,KRT-034,pivo,0.0,0.0
KRT,2026-01-29,KRT-035,pivo,0.0,0.0
KRT,2026-01-29,KRT-036,pivo,0.0,0.0
KRT,2026-01-29,KRT-037,pivo,0.0,0.0
KRT,2026-01-29,KRT-038,pivo,0.0,0.0
KRT,2026-01-29,KRT-039,pivo,0.0,0.0
KRT,2026-01-29,KRT-040,pivo,0.0,0.0
KRT,2026-01-29,KRT-041,pivo,0.0,0.0
KRT,2026-01-29,KRT-042,pivo,0.0,0.0
KRT,2026-01-29,KRT-043,pivo,0.0,0.0
KRT,2026-01-29,KRT-044,pivo,0.0,0.0
KRT,2026-01-29,KRT-045,pivo,0.0,0.0
KRT,2026-01-29,KRT-046,pivo,0.0,0.0
KRT,2026-01-29,KRT-047,pivo,0.0,0.0
KRT,2026-01-29,KRT-048,pivo,0.0,0.0
KRT,2026-01-29,KRT-049,pivo,0.0,0.0
KRT,2026-01-29,KRT-050,pivo,0.0,0.0
KRT,2026-01-29,KRT-051,pivo,0.0,0.0
KRT,2026-01-29,KRT-052,pivo,0.0,0.0
KRT,2026-01-29,KRT-053,pivo,0.0,0.0
KRT,2026-01-29,KRT-054,pivo,0.0,0.0
KRT,2026-01-29,KRT-055,pivo,0.0,0.0
KRT,2026-01-29,KRT-056,pivo,0.0,0.0
KRT,2026-01-29,KRT-057,pivo,0.0,0.0
KRT,2026-01-29,KRT-058,pivo,0.0,0.0
KRT,2026-01-29,KRT-059,pivo,0.0,0.0
KRT,2026-01-29,KRT-060,pivo,0.51,0.51
KRT,2026-01-29,KRT-061,pivo,0.0,0.0
KRT,2026-01-29,KRT-062,pivo,0.0,0.0
KRT,2026-01-29,KRT-063,pivo,0.6,0.6
KRT,2026-01-29,KRT-064,pivo,0.0,0.0
KRT,2026-01-29,KRT-065,pivo,0.0,0.0
KRT,2026-01-29,KRT-066,pivo,0.0,0.0
KRT,2026-01-29,KRT-067,pivo,0.0,0.0
KRT,2026-01-29,KRT-068,pivo,0.0,0.0
KRT,2026-01-29,KRT-069,pivo,0.0,0.0
KRT,2026-01-29,KRT-070,pivo,0.39,0.39
KRT,2026-01-29,KRT-071,pivo,0.0,0.0
KRT,2026-01-29,KRT-072,pivo,1.52,1.52
KRT,2026-01-29,KRT-073,pivo,0.0,0.0
KRT,2026-01-29,KRT-074,pivo,0.0,0.0
KRT,2026-01-28,KRT-001,pivo,0.0,0.0
KRT,2026-01-28,KRT-001B,pivo_secundario,0.0,0.0
KRT,2026-01-28,KRT-002,pivo,0.0,0.0
KRT,2026-01-28,KRT-002B,pivo_secundario,0.0,0.0
KRT,2026-01-28,KRT-003,pivo,0.0,0.0
KRT,2026-01-28,KRT-004,pivo,0.0,0.0
KRT,2026-01-28,KRT-004B,pivo_secundario,0.0,0.0
KRT,2026-01-28,KRT-005,pivo,0.0,0.0
KRT,2026-01-28,KRT-006B,pivo_secundario,0.0,0.0
KRT,2026-01-28,KRT-006,pivo,0.0,0.0
KRT,2026-01-28,KRT-007B,pivo_secundario,0.0,0.0
KRT,2026-01-28,KRT-007,pivo,0.0,0.0
KRT,2026-01-28,KRT-008,pivo,0.0,0.0
KRT,2026-01-28,KRT-009,pivo,0.0,0.0
KRT,2026-01-28,KRT-010,pivo,0.0,0.0
KRT,2026-01-28,KRT-011,pivo,0.76,0.76
KRT,2026-01-28,KRT-012,pivo,0.0,0.0
KRT,2026-01-28,KRT-013,pivo,0.0,0.0
KRT,2026-01-28,KRT-014,pivo,0.0,0.0
KRT,2026-01-28,KRT-015,pivo,0.0,0.0
KRT,2026-01-28,KRT-016,pivo,0.0,0.0
KRT,2026-01-28,KRT-017,pivo,0.25,0.25
KRT,2026-01-28,KRT-018,pivo,0.5,0.5
KRT,2026-01-28,KRT-019,pivo,0.0,0.0
KRT,2026-01-28,KRT-020,pivo,0.0,0.0
KRT,2026-01-28,KRT-021,pivo,0.0,0.0
KRT,2026-01-28,KRT-022,pivo,0.0,0.0
KRT,2026-01-28,KRT-023,pivo,0.0,0.0
KRT,2026-01-28,KRT-024,pivo,0.0,0.0
KRT,2026-01-28,KRT-025,pivo,0.0,0.0
KRT,2026-01-28,KRT-026,pivo,0.0,0.0
KRT,2026-01-28,KRT-027,pivo,0.0,0.0
KRT,2026-01-28,KRT-028,pivo,0.0,0.0
KRT,2026-01-28,KRT-029,pivo,0.25,0.25
KRT,2026-01-28,KRT-030,pivo,0.0,0.0
KRT,2026-01-28,KRT-031,pivo,0.0,0.0
KRT,2026-01-28,KRT-032,pivo,0.0,0.0
KRT,2026-01-28,KRT-033,pivo,0.0,0.0
KRT,2026-01-28,KRT-034,pivo,0.0,0.0
KRT,2026-01-28,KRT-035,pivo,0.0,0.0
KRT,2026-01-28,KRT-036,pivo,0.0,0.0
KRT,2026-01-28,KRT-037,pivo,0.0,0.0
KRT,2026-01-28,KRT-038,pivo,0.0,0.0
KRT,2026-01-28,KRT-039,pivo,0.0,0.0
KRT,2026-01-28,KRT-040,pivo,0.0,0.0
KRT,2026-01-28,KRT-041,pivo,0.0,0.0
KRT,2026-01-28,KRT-042,pivo,0.0,0.0
KRT,2026-01-28,KRT-043,pivo,0.0,0.0
KRT,2026-01-28,KRT-044,pivo,0.0,0.0
KRT,2026-01-28,KRT-045,pivo,0.0,0.0
KRT,2026-01-28,KRT-046,pivo,0.0,0.0
KRT,2026-01-28,KRT-047,pivo,0.0,0.0
KRT,2026-01-28,KRT-048,pivo,0.0,0.0
KRT,2026-01-28,KRT-049,pivo,0.51,0.51
KRT,2026-01-28,KRT-050,pivo,0.0,0.0
KRT,2026-01-28,KRT-051,pivo,0.51,0.51
KRT,2026-01-28,KRT-052,pivo,0.0,0.0
KRT,2026-01-28,KRT-053,pivo,0.0,0.0
KRT,2026-01-28,KRT-054,pivo,0.0,0.0
KRT,2026-01-28,KRT-055,pivo,0.0,0.0
KRT,2026-01-28,KRT-056,pivo,0.0,0.0
KRT,2026-01-28,KRT-057,pivo,0.0,0.0
KRT,2026-01-28,KRT-058,pivo,0.0,0.0
KRT,2026-01-28,KRT-059,pivo,0.0,0.0
KRT,2026-01-28,KRT-060,pivo,0.0,0.0
KRT,2026-01-28,KRT-061,pivo,0.0,0.0
KRT,2026-01-28,KRT-062,pivo,0.0,0.0
KRT,2026-01-28,KRT-063,pivo,0.3,0.3
KRT,2026-01-28,KRT-064,pivo,0.0,0.0
KRT,2026-01-28,KRT-065,pivo,0.3,0.3
KRT,2026-01-28,KRT-066,pivo,0.25,0.25
KRT,2026-01-28,KRT-067,pivo,0.0,0.0
KRT,2026-01-28,KRT-068,pivo,0.0,0.0
KRT,2026-01-28,KRT-069,pivo,0.0,0.0
KRT,2026-01-28,KRT-070,pivo,0.0,0.0
KRT,2026-01-28,KRT-071,pivo,0.0,0.0
KRT,2026-01-28,KRT-072,pivo,0.0,0.0
KRT,2026-01-28,KRT-073,pivo,0.0,0.0
KRT,2026-01-28,KRT-074,pivo,0.0,0.0
KRT,2026-01-27,KRT-001,pivo,0.0,0.0
KRT,2026-01-27,KRT-001B,pivo_secundario,0.0,0.0
KRT,2026-01-27,KRT-002,pivo,0.0,0.0
KRT,2026-01-27,KRT-002B,pivo_secundario,0.0,0.0
KRT,2026-01-27,KRT-003,pivo,0.0,0.0
KRT,2026-01-27,KRT-004,pivo,0.0,0.0
KRT,2026-01-27,KRT-004B,pivo_secundario,0.0,0.0
KRT,2026-01-27,KRT-005,pivo,0.0,0.0
KRT,2026-01-27,KRT-006B,pivo_secundario,0.0,0.0
KRT,2026-01-27,KRT-006,pivo,0.0,0.0
KRT,2026-01-27,KRT-007B,pivo_secundario,0.0,0.0
KRT,2026-01-27,KRT-007,pivo,0.0,0.0
KRT,2026-01-27,KRT-008,pivo,0.0,0.0
KRT,2026-01-27,KRT-009,pivo,0.0,0.0
KRT,2026-01-27,KRT-010,pivo,0.0,0.0
KRT,2026-01-27,KRT-011,pivo,0.0,0.0
KRT,2026-01-27,KRT-012,pivo,0.0,0.0
KRT,2026-01-27,KRT-013,pivo,0.0,0.0
KRT,2026-01-27,KRT-014,pivo,0.0,0.0
KRT,2026-01-27,KRT-015,pivo,0.0,0.0
KRT,2026-01-27,KRT-016,pivo,0.0,0.0
KRT,2026-01-27,KRT-017,pivo,0.0,0.0
KRT,2026-01-27,KRT-018,pivo,0.25,0.25
KRT,2026-01-27,KRT-019,pivo,0.0,0.0
KRT,2026-01-27,KRT-020,pivo,0.0,0.0
KRT,2026-01-27,KRT-021,pivo,0.25,0.25
KRT,2026-01-27,KRT-022,pivo,0.0,0.0
KRT,2026-01-27,KRT-023,pivo,0.0,0.0
KRT,2026-01-27,KRT-024,pivo,0.0,0.0
KRT,2026-01-27,KRT-025,pivo,0.0,0.0
KRT,2026-01-27,KRT-026,pivo,0.0,0.0
KRT,2026-01-27,KRT-027,pivo,0.0,0.0
KRT,2026-01-27,KRT-028,pivo,0.0,0.0
KRT,2026-01-27,KRT-029,pivo,0.25,0.25
KRT,2026-01-27,KRT-030,pivo,0.0,0.0
KRT,2026-01-27,KRT-031,pivo,0.0,0.0
KRT,2026-01-27,KRT-032,pivo,0.0,0.0
KRT,2026-01-27,KRT-033,pivo,0.0,0.0
KRT,2026-01-27,KRT-034,pivo,0.0,0.0
KRT,2026-01-27,KRT-035,pivo,0.0,0.0
KRT,2026-01-27,KRT-036,pivo,0.0,0.0
KRT,2026-01-27,KRT-037,pivo,0.0,0.0
KRT,2026-01-27,KRT-038,pivo,0.0,0.0
KRT,2026-01-27,KRT-039,pivo,0.0,0.0
KRT,2026-01-27,KRT-040,pivo,0.0,0.0
KRT,2026-01-27,KRT-041,pivo,0.0,0.0
KRT,2026-01-27,KRT-042,pivo,0.0,0.0
KRT,2026-01-27,KRT-043,pivo,0.0,0.0
KRT,2026-01-27,KRT-044,pivo,0.0,0.0
KRT,2026-01-27,KRT-045,pivo,0.0,0.0
KRT,2026-01-27,KRT-046,pivo,0.0,0.0
KRT,2026-01-27,KRT-047,pivo,0.0,0.0
KRT,2026-01-27,KRT-048,pivo,0.25,0.25
KRT,2026-01-27,KRT-049,pivo,0.0,0.0
KRT,2026-01-27,KRT-050,pivo,0.0,0.0
KRT,2026-01-27,KRT-051,pivo,0.0,0.0
KRT,2026-01-27,KRT-052,pivo,0.0,0.0
KRT,2026-01-27,KRT-053,pivo,0.0,0.0
KRT,2026-01-27,KRT-054,pivo,0.0,0.0
KRT,2026-01-27,KRT-055,pivo,0.0,0.0
KRT,2026-01-27,KRT-056,pivo,0.0,0.0
KRT,2026-01-27,KRT-057,pivo,0.0,0.0
KRT,2026-01-27,KRT-058,pivo,0.0,0.0
KRT,2026-01-27,KRT-059,pivo,0.0,0.0
KRT,2026-01-27,KRT-060,pivo,0.0,0.0
KRT,2026-01-27,KRT-061,pivo,0.0,0.0
KRT,2026-01-27,KRT-062,pivo,0.0,0.0
KRT,2026-01-27,KRT-063,pivo,0.0,0.0
KRT,2026-01-27,KRT-064,pivo,0.0,0.0
KRT,2026-01-27,KRT-065,pivo,0.0,0.0
KRT,2026-01-27,KRT-066,pivo,0.0,0.0
KRT,2026-01-27,KRT-067,pivo,0.0,0.0
KRT,2026-01-27,KRT-068,pivo,0.0,0.0
KRT,2026-01-27,KRT-069,pivo,0.0,0.0
KRT,2026-01-27,KRT-070,pivo,0.0,0.0
KRT,2026-01-27,KRT-071,pivo,0.0,0.0
KRT,2026-01-27,KRT-072,pivo,0.0,0.0
KRT,2026-01-27,KRT-073,pivo,0.0,0.0
KRT,2026-01-27,KRT-074,pivo,0.0,0.0
KRT,2026-01-26,KRT-001,pivo,0.0,0.0
KRT,2026-01-26,KRT-001B,pivo_secundario,0.0,0.0
KRT,2026-01-26,KRT-002,pivo,0.0,0.0
KRT,2026-01-26,KRT-002B,pivo_secundario,0.0,0.0
KRT,2026-01-26,KRT-003,pivo,0.0,0.0
KRT,2026-01-26,KRT-004,pivo,0.0,0.0
KRT,2026-01-26,KRT-004B,pivo_secundario,0.0,0.0
KRT,2026-01-26,KRT-005,pivo,0.25,0.25
KRT,2026-01-26,KRT-006B,pivo_secundario,0.0,0.0
KRT,2026-01-26,KRT-006,pivo,0.0,0.0
KRT,2026-01-26,KRT-007B,pivo_secundario,0.0,0.0
KRT,2026-01-26,KRT-007,pivo,0.0,0.0
KRT,2026-01-26,KRT-008,pivo,0.25,0.25
KRT,2026-01-26,KRT-009,pivo,0.0,0.0
KRT,2026-01-26,KRT-010,pivo,0.0,0.0
KRT,2026-01-26,KRT-011,pivo,0.0,0.0
KRT,2026-01-26,KRT-012,pivo,0.0,0.0
KRT,2026-01-26,KRT-013,pivo,0.0,0.0
KRT,2026-01-26,KRT-014,pivo,0.0,0.0
KRT,2026-01-26,KRT-015,pivo,0.0,0.0
KRT,2026-01-26,KRT-016,pivo,0.0,0.0
KRT,2026-01-26,KRT-017,pivo,0.0,0.0
KRT,2026-01-26,KRT-018,pivo,0.0,0.0
KRT,2026-01-26,KRT-019,pivo,0.0,0.0
KRT,2026-01-26,KRT-020,pivo,0.0,0.0
KRT,2026-01-26,KRT-021,pivo,0.0,0.0
KRT,2026-01-26,KRT-022,pivo,0.0,0.0
KRT,2026-01-26,KRT-023,pivo,0.0,0.0
KRT,2026-01-26,KRT-024,pivo,0.0,0.0
KRT,2026-01-26,KRT-025,pivo,0.51,0.51
KRT,2026-01-26,KRT-026,pivo,0.0,0.0
KRT,2026-01-26,KRT-027,pivo,0.0,0.0
KRT,2026-01-26,KRT-028,pivo,0.0,0.0
KRT,2026-01-26,KRT-029,pivo,0.0,0.0
KRT,2026-01-26,KRT-030,pivo,0.0,0.0
KRT,2026-01-26,KRT-031,pivo,0.25,0.25
KRT,2026-01-26,KRT-032,pivo,0.0,0.0
KRT,2026-01-26,KRT-033,pivo,0.0,0.0
KRT,2026-01-26,KRT-034,pivo,0.0,0.0
KRT,2026-01-26,KRT-035,pivo,0.25,0.25
KRT,2026-01-26,KRT-036,pivo,0.25,0.25
KRT,2026-01-26,KRT-037,pivo,0.0,0.0
KRT,2026-01-26,KRT-038,pivo,0.25,0.25
KRT,2026-01-26,KRT-039,pivo,0.0,0.0
KRT,2026-01-26,KRT-040,pivo,0.0,0.0
KRT,2026-01-26,KRT-041,pivo,0.0,0.0
KRT,2026-01-26,KRT-042,pivo,0.0,0.0
KRT,2026-01-26,KRT-043,pivo,0.0,0.0
KRT,2026-01-26,KRT-044,pivo,0.0,0.0
KRT,2026-01-26,KRT-045,pivo,0.0,0.0
KRT,2026-01-26,KRT-046,pivo,0.0,0.0
KRT,2026-01-26,KRT-047,pivo,0.0,0.0
KRT,2026-01-26,KRT-048,pivo,0.0,0.0
KRT,2026-01-26,KRT-049,pivo,0.0,0.0
KRT,2026-01-26,KRT-050,pivo,0.0,0.0
KRT,2026-01-26,KRT-051,pivo,0.25,0.25
KRT,2026-01-26,KRT-052,pivo,0.25,0.25
KRT,2026-01-26,KRT-053,pivo,0.0,0.0
KRT,2026-01-26,KRT-054,pivo,0.0,0.0
KRT,2026-01-26,KRT-055,pivo,0.0,0.0
KRT,2026-01-26,KRT-056,pivo,0.0,0.0
KRT,2026-01-26,KRT-057,pivo,0.0,0.0
KRT,2026-01-26,KRT-058,pivo,0.0,0.0
KRT,2026-01-26,KRT-059,pivo,0.0,0.0
KRT,2026-01-26,KRT-060,pivo,0.0,0.0
KRT,2026-01-26,KRT-061,pivo,0.0,0.0
KRT,2026-01-26,KRT-062,pivo,0.0,0.0
KRT,2026-01-26,KRT-063,pivo,0.0,0.0
KRT,2026-01-26,KRT-064,pivo,0.0,0.0
KRT,2026-01-26,KRT-065,pivo,0.0,0.0
KRT,2026-01-26,KRT-066,pivo,0.0,0.0
KRT,2026-01-26,KRT-067,pivo,0.0,0.0
KRT,2026-01-26,KRT-068,pivo,0.0,0.0
KRT,2026-01-26,KRT-069,pivo,0.0,0.0
KRT,2026-01-26,KRT-070,pivo,0.0,0.0
KRT,2026-01-26,KRT-071,pivo,0.0,0.0
KRT,2026-01-26,KRT-072,pivo,0.0,0.0
KRT,2026-01-26,KRT-073,pivo,0.0,0.0
KRT,2026-01-26,KRT-074,pivo,0.25,0.25
KRT,2026-01-25,KRT-001,pivo,0.0,0.0
KRT,2026-01-25,KRT-001B,pivo_secundario,0.0,0.0
KRT,2026-01-25,KRT-002,pivo,0.0,0.0
KRT,2026-01-25,KRT-002B,pivo_secundario,0.0,0.0
KRT,2026-01-25,KRT-003,pivo,0.0,0.0
KRT,2026-01-25,KRT-004,pivo,0.0,0.0
KRT,2026-01-25,KRT-004B,pivo_secundario,0.0,0.0
KRT,2026-01-25,KRT-005,pivo,0.0,0.0
KRT,2026-01-25,KRT-006B,pivo_secundario,0.0,0.0
KRT,2026-01-25,KRT-006,pivo,0.0,0.0
KRT,2026-01-25,KRT-007B,pivo_secundario,0.0,0.0
KRT,2026-01-25,KRT-007,pivo,0.0,0.0
KRT,2026-01-25,KRT-008,pivo,0.0,0.0
KRT,2026-01-25,KRT-009,pivo,0.0,0.0
KRT,2026-01-25,KRT-010,pivo,0.0,0.0
KRT,2026-01-25,KRT-011,pivo,0.0,0.0
KRT,2026-01-25,KRT-012,pivo,0.0,0.0
KRT,2026-01-25,KRT-013,pivo,0.25,0.25
KRT,2026-01-25,KRT-014,pivo,0.0,0.0
KRT,2026-01-25,KRT-015,pivo,0.0,0.0
KRT,2026-01-25,KRT-016,pivo,0.0,0.0
KRT,2026-01-25,KRT-017,pivo,0.0,0.0
KRT,2026-01-25,KRT-018,pivo,0.0,0.0
KRT,2026-01-25,KRT-019,pivo,0.0,0.0
KRT,2026-01-25,KRT-020,pivo,0.25,0.25
KRT,2026-01-25,KRT-021,pivo,0.0,0.0
KRT,2026-01-25,KRT-022,pivo,0.0,0.0
KRT,2026-01-25,KRT-023,pivo,0.0,0.0
KRT,2026-01-25,KRT-024,pivo,0.0,0.0
KRT,2026-01-25,KRT-025,pivo,0.51,0.51
KRT,2026-01-25,KRT-026,pivo,0.0,0.0
KRT,2026-01-25,KRT-027,pivo,0.0,0.0
KRT,2026-01-25,KRT-028,pivo,0.0,0.0
KRT,2026-01-25,KRT-029,pivo,0.0,0.0
KRT,2026-01-25,KRT-030,pivo,0.0,0.0
KRT,2026-01-25,KRT-031,pivo,0.0,0.0
KRT,2026-01-25,KRT-032,pivo,0.0,0.0
KRT,2026-01-25,KRT-033,pivo,0.0,0.0
KRT,2026-01-25,KRT-034,pivo,0.0,0.0
KRT,2026-01-25,KRT-035,pivo,0.0,0.0
KRT,2026-01-25,KRT-036,pivo,0.0,0.0
KRT,2026-01-25,KRT-037,pivo,0.0,0.0
KRT,2026-01-25,KRT-038,pivo,0.0,0.0
KRT,2026-01-25,KRT-039,pivo,0.0,0.0
KRT,2026-01-25,KRT-040,pivo,0.0,0.0
KRT,2026-01-25,KRT-041,pivo,0.0,0.0
KRT,2026-01-25,KRT-042,pivo,0.0,0.0
KRT,2026-01-25,KRT-043,pivo,0.0,0.0
KRT,2026-01-25,KRT-044,pivo,0.0,0.0
KRT,2026-01-25,KRT-045,pivo,0.0,0.0
KRT,2026-01-25,KRT-046,pivo,0.0,0.0
KRT,2026-01-25,KRT-047,pivo,0.0,0.0
KRT,2026-01-25,KRT-048,pivo,0.0,0.0
KRT,2026-01-25,KRT-049,pivo,0.0,0.0
KRT,2026-01-25,KRT-050,pivo,0.0,0.0
KRT,2026-01-25,KRT-051,pivo,0.0,0.0
KRT,2026-01-25,KRT-052,pivo,0.0,0.0
KRT,2026-01-25,KRT-053,pivo,0.0,0.0
KRT,2026-01-25,KRT-054,pivo,0.25,0.25
KRT,2026-01-25,KRT-055,pivo,0.0,0.0
KRT,2026-01-25,KRT-056,pivo,0.0,0.0
KRT,2026-01-25,KRT-057,pivo,0.0,0.0
KRT,2026-01-25,KRT-058,pivo,0.0,0.0
KRT,2026-01-25,KRT-059,pivo,0.0,0.0
KRT,2026-01-25,KRT-060,pivo,0.0,0.0
KRT,2026-01-25,KRT-061,pivo,0.0,0.0
KRT,2026-01-25,KRT-062,pivo,0.0,0.0
KRT,2026-01-25,KRT-063,pivo,0.0,0.0
KRT,2026-01-25,KRT-064,pivo,0.0,0.0
KRT,2026-01-25,KRT-065,pivo,0.0,0.0
KRT,2026-01-25,KRT-066,pivo,0.0,0.0
KRT,2026-01-25,KRT-067,pivo,0.0,0.0
KRT,2026-01-25,KRT-068,pivo,0.0,0.0
KRT,2026-01-25,KRT-069,pivo,0.0,0.0
KRT,2026-01-25,KRT-070,pivo,0.0,0.0
KRT,2026-01-25,KRT-071,pivo,0.0,0.0
KRT,2026-01-25,KRT-072,pivo,0.0,0.0
KRT,2026-01-25,KRT-073,pivo,0.0,0.0
KRT,2026-01-25,KRT-074,pivo,0.0,0.0
KRT,2026-01-24,KRT-001,pivo,11.94,11.94
KRT,2026-01-24,KRT-001B,pivo_secundario,8.78,8.78
KRT,2026-01-24,KRT-002,pivo,9.03,9.03
KRT,2026-01-24,KRT-002B,pivo_secundario,0.23,0.23
KRT,2026-01-24,KRT-003,pivo,9.65,9.65
KRT,2026-01-24,KRT-004,pivo,8.64,8.64
KRT,2026-01-24,KRT-004B,pivo_secundario,0.0,0.0
KRT,2026-01-24,KRT-005,pivo,9.0,9.0
KRT,2026-01-24,KRT-006B,pivo_secundario,0.0,0.0
KRT,2026-01-24,KRT-006,pivo,10.3,10.3
KRT,2026-01-24,KRT-007B,pivo_secundario,0.0,0.0
KRT,2026-01-24,KRT-007,pivo,6.6,6.6
KRT,2026-01-24,KRT-008,pivo,6.86,6.86
KRT,2026-01-24,KRT-009,pivo,13.97,13.97
KRT,2026-01-24,KRT-010,pivo,7.62,7.62
KRT,2026-01-24,KRT-011,pivo,7.62,7.62
KRT,2026-01-24,KRT-012,pivo,5.76,5.76
KRT,2026-01-24,KRT-013,pivo,10.41,10.41
KRT,2026-01-24,KRT-014,pivo,10.41,10.41
KRT,2026-01-24,KRT-015,pivo,9.14,9.14
KRT,2026-01-24,KRT-016,pivo,15.08,15.08
KRT,2026-01-24,KRT-017,pivo,8.89,8.89
KRT,2026-01-24,KRT-018,pivo,14.75,14.75
KRT,2026-01-24,KRT-019,pivo,9.65,9.65
KRT,2026-01-24,KRT-020,pivo,10.67,10.67
KRT,2026-01-24,KRT-021,pivo,13.72,13.72
KRT,2026-01-24,KRT-022,pivo,18.03,18.03
KRT,2026-01-24,KRT-023,pivo,12.19,12.19
KRT,2026-01-24,KRT-024,pivo,8.89,8.89
KRT,2026-01-24,KRT-025,pivo,14.73,14.73
KRT,2026-01-24,KRT-026,pivo,13.02,13.02
KRT,2026-01-24,KRT-027,pivo,14.69,14.69
KRT,2026-01-24,KRT-028,pivo,18.54,18.54
KRT,2026-01-24,KRT-029,pivo,15.7,15.7
KRT,2026-01-24,KRT-030,pivo,14.48,14.48
KRT,2026-01-24,KRT-031,pivo,16.94,16.94
KRT,2026-01-24,KRT-032,pivo,18.29,18.29
KRT,2026-01-24,KRT-033,pivo,17.78,17.78
KRT,2026-01-24,KRT-034,pivo,13.72,13.72
KRT,2026-01-24,KRT-035,pivo,7.62,7.62
KRT,2026-01-24,KRT-036,pivo,10.16,10.16
KRT,2026-01-24,KRT-037,pivo,5.84,5.84
KRT,2026-01-24,KRT-038,pivo,13.46,13.46
KRT,2026-01-24,KRT-039,pivo,14.73,14.73
KRT,2026-01-24,KRT-040,pivo,11.43,11.43
KRT,2026-01-24,KRT-041,pivo,12.3,12.3
KRT,2026-01-24,KRT-042,pivo,9.83,9.83
KRT,2026-01-24,KRT-043,pivo,10.41,10.41
KRT,2026-01-24,KRT-044,pivo,12.19,12.19
KRT,2026-01-24,KRT-045,pivo,10.23,10.23
KRT,2026-01-24,KRT-046,pivo,11.94,11.94
KRT,2026-01-24,KRT-047,pivo,12.45,12.45
KRT,2026-01-24,KRT-048,pivo,12.7,12.7
KRT,2026-01-24,KRT-049,pivo,13.46,13.46
KRT,2026-01-24,KRT-050,pivo,11.43,11.43
KRT,2026-01-24,KRT-051,pivo,11.43,11.43
KRT,2026-01-24,KRT-052,pivo,9.91,9.91
KRT,2026-01-24,KRT-053,pivo,10.7,10.7
KRT,2026-01-24,KRT-054,pivo,10.23,10.23
KRT,2026-01-24,KRT-055,pivo,11.68,11.68
KRT,2026-01-24,KRT-056,pivo,10.67,10.67
KRT,2026-01-24,KRT-057,pivo,8.36,8.36
KRT,2026-01-24,KRT-058,pivo,7.75,7.75
KRT,2026-01-24,KRT-059,pivo,8.38,8.38
KRT,2026-01-24,KRT-060,pivo,10.68,10.68
KRT,2026-01-24,KRT-061,pivo,11.04,11.04
KRT,2026-01-24,KRT-062,pivo,10.3,10.3
KRT,2026-01-24,KRT-063,pivo,10.8,10.8
KRT,2026-01-24,KRT-064,pivo,10.8,10.8
KRT,2026-01-24,KRT-065,pivo,11.1,11.1
KRT,2026-01-24,KRT-066,pivo,7.37,7.37
KRT,2026-01-24,KRT-067,pivo,9.91,9.91
KRT,2026-01-24,KRT-068,pivo,8.01,8.01
KRT,2026-01-24,KRT-069,pivo,10.62,10.62
KRT,2026-01-24,KRT-070,pivo,11.23,11.23
KRT,2026-01-24,KRT-071,pivo,10.56,10.56
KRT,2026-01-24,KRT-072,pivo,11.21,11.21
KRT,2026-01-24,KRT-073,pivo,11.18,11.18
KRT,2026-01-24,KRT-074,pivo,11.43,11.43
KRT,2026-01-23,KRT-001,pivo,33.27,33.27
KRT,2026-01-23,KRT-001B,pivo_secundario,51.74,51.74
KRT,2026-01-23,KRT-002,pivo,15.23,15.23
KRT,2026-01-23,KRT-002B,pivo_secundario,0.23,0.23
KRT,2026-01-23,KRT-003,pivo,12.19,12.19
KRT,2026-01-23,KRT-004,pivo,14.22,14.22
KRT,2026-01-23,KRT-004B,pivo_secundario,0.0,0.0
KRT,2026-01-23,KRT-005,pivo,15.5,15.5
KRT,2026-01-23,KRT-006B,pivo_secundario,0.19,0.19
KRT,2026-01-23,KRT-006,pivo,14.5,14.5
KRT,2026-01-23,KRT-007B,pivo_secundario,1.31,1.31
KRT,2026-01-23,KRT-007,pivo,16.0,16.0
KRT,2026-01-23,KRT-008,pivo,15.75,15.75
KRT,2026-01-23,KRT-009,pivo,71.12,71.12
KRT,2026-01-23,KRT-010,pivo,21.59,21.59
KRT,2026-01-23,KRT-011,pivo,22.86,22.86
KRT,2026-01-23,KRT-012,pivo,21.8,21.8
KRT,2026-01-23,KRT-013,pivo,21.84,21.84
KRT,2026-01-23,KRT-014,pivo,17.78,17.78
KRT,2026-01-23,KRT-015,pivo,12.7,12.7
KRT,2026-01-23,KRT-016,pivo,10.23,10.23
KRT,2026-01-23,KRT-017,pivo,12.45,12.45
KRT,2026-01-23,KRT-018,pivo,9.25,9.25
KRT,2026-01-23,KRT-019,pivo,17.02,17.02
KRT,2026-01-23,KRT-020,pivo,10.41,10.41
KRT,2026-01-23,KRT-021,pivo,11.94,11.94
KRT,2026-01-23,KRT-022,pivo,9.91,9.91
KRT,2026-01-23,KRT-023,pivo,16.0,16.0
KRT,2026-01-23,KRT-024,pivo,8.89,8.89
KRT,2026-01-23,KRT-025,pivo,11.94,11.94
KRT,2026-01-23,KRT-026,pivo,11.4,11.4
KRT,2026-01-23,KRT-027,pivo,11.45,11.45
KRT,2026-01-23,KRT-028,pivo,9.91,9.91
KRT,2026-01-23,KRT-029,pivo,15.24,15.24
KRT,2026-01-23,KRT-030,pivo,8.38,8.38
KRT,2026-01-23,KRT-031,pivo,9.91,9.91
KRT,2026-01-23,KRT-032,pivo,10.67,10.67
KRT,2026-01-23,KRT-033,pivo,10.92,10.92
KRT,2026-01-23,KRT-034,pivo,10.16,10.16
KRT,2026-01-23,KRT-035,pivo,11.68,11.68
KRT,2026-01-23,KRT-036,pivo,12.45,12.45
KRT,2026-01-23,KRT-037,pivo,9.91,9.91
KRT,2026-01-23,KRT-038,pivo,9.4,9.4
KRT,2026-01-23,KRT-039,pivo,9.4,9.4
KRT,2026-01-23,KRT-040,pivo,7.11,7.11
KRT,2026-01-23,KRT-041,pivo,10.65,10.65
KRT,2026-01-23,KRT-042,pivo,9.14,9.14
KRT,2026-01-23,KRT-043,pivo,8.89,8.89
KRT,2026-01-23,KRT-044,pivo,9.14,9.14
KRT,2026-01-23,KRT-045,pivo,8.56,8.56
KRT,2026-01-23,KRT-046,pivo,7.62,7.62
KRT,2026-01-23,KRT-047,pivo,8.38,8.38
KRT,2026-01-23,KRT-048,pivo,7.11,7.11
KRT,2026-01-23,KRT-049,pivo,8.64,8.64
KRT,2026-01-23,KRT-050,pivo,4.57,4.57
KRT,2026-01-23,KRT-051,pivo,7.37,7.37
KRT,2026-01-23,KRT-052,pivo,9.91,9.91
KRT,2026-01-23,KRT-053,pivo,8.96,8.96
KRT,2026-01-23,KRT-054,pivo,8.24,8.24
KRT,2026-01-23,KRT-055,pivo,7.62,7.62
KRT,2026-01-23,KRT-056,pivo,6.1,6.1
KRT,2026-01-23,KRT-057,pivo,4.29,4.29
KRT,2026-01-23,KRT-058,pivo,4.5,4.5
KRT,2026-01-23,KRT-059,pivo,4.83,4.83
KRT,2026-01-23,KRT-060,pivo,3.0,3.0
KRT,2026-01-23,KRT-061,pivo,1.78,1.78
KRT,2026-01-23,KRT-062,pivo,3.89,3.89
KRT,2026-01-23,KRT-063,pivo,6.3,6.3
KRT,2026-01-23,KRT-064,pivo,5.4,5.4
KRT,2026-01-23,KRT-065,pivo,5.7,5.7
KRT,2026-01-23,KRT-066,pivo,3.3,3.3
KRT,2026-01-23,KRT-067,pivo,4.32,4.32
KRT,2026-01-23,KRT-068,pivo,3.56,3.56
KRT,2026-01-23,KRT-069,pivo,4.0,4.0
KRT,2026-01-23,KRT-070,pivo,3.74,3.74
KRT,2026-01-23,KRT-071,pivo,4.0,4.0
KRT,2026-01-23,KRT-072,pivo,4.75,4.75
KRT,2026-01-23,KRT-073,pivo,6.86,6.86
KRT,2026-01-23,KRT-074,pivo,8.13,8.13
KRT,2026-01-22,KRT-001,pivo,8.13,8.13
KRT,2026-01-22,KRT-001B,pivo_secundario,6.24,6.24
KRT,2026-01-22,KRT-002,pivo,6.86,6.86
KRT,2026-01-22,KRT-002B,pivo_secundario,0.23,0.23
KRT,2026-01-22,KRT-003,pivo,7.11,7.11
KRT,2026-01-22,KRT-004,pivo,6.35,6.35
KRT,2026-01-22,KRT-004B,pivo_secundario,0.0,0.0
KRT,2026-01-22,KRT-005,pivo,7.5,7.5
KRT,2026-01-22,KRT-006B,pivo_secundario,0.0,0.0
KRT,2026-01-22,KRT-006,pivo,6.31,6.31
KRT,2026-01-22,KRT-007B,pivo_secundario,7.05,7.05
KRT,2026-01-22,KRT-007,pivo,5.84,5.84
KRT,2026-01-22,KRT-008,pivo,5.59,5.59
KRT,2026-01-22,KRT-009,pivo,7.66,7.66
KRT,2026-01-22,KRT-010,pivo,4.57,4.57
KRT,2026-01-22,KRT-011,pivo,7.62,7.62
KRT,2026-01-22,KRT-012,pivo,6.0,6.0
KRT,2026-01-22,KRT-013,pivo,8.38,8.38
KRT,2026-01-22,KRT-014,pivo,8.89,8.89
KRT,2026-01-22,KRT-015,pivo,5.33,5.33
KRT,2026-01-22,KRT-016,pivo,5.11,5.11
KRT,2026-01-22,KRT-017,pivo,5.59,5.59
KRT,2026-01-22,KRT-018,pivo,4.75,4.75
KRT,2026-01-22,KRT-019,pivo,6.1,6.1
KRT,2026-01-22,KRT-020,pivo,5.08,5.08
KRT,2026-01-22,KRT-021,pivo,5.08,5.08
KRT,2026-01-22,KRT-022,pivo,5.84,5.84
KRT,2026-01-22,KRT-023,pivo,7.11,7.11
KRT,2026-01-22,KRT-024,pivo,6.6,6.6
KRT,2026-01-22,KRT-025,pivo,5.33,5.33
KRT,2026-01-22,KRT-026,pivo,6.86,6.86
KRT,2026-01-22,KRT-027,pivo,7.36,7.36
KRT,2026-01-22,KRT-028,pivo,5.08,5.08
KRT,2026-01-22,KRT-029,pivo,9.65,9.65
KRT,2026-01-22,KRT-030,pivo,7.37,7.37
KRT,2026-01-22,KRT-031,pivo,7.11,7.11
KRT,2026-01-22,KRT-032,pivo,9.65,9.65
KRT,2026-01-22,KRT-033,pivo,8.38,8.38
KRT,2026-01-22,KRT-034,pivo,8.13,8.13
KRT,2026-01-22,KRT-035,pivo,5.84,5.84
KRT,2026-01-22,KRT-036,pivo,5.33,5.33
KRT,2026-01-22,KRT-037,pivo,5.59,5.59
KRT,2026-01-22,KRT-038,pivo,5.84,5.84
KRT,2026-01-22,KRT-039,pivo,4.06,4.06
KRT,2026-01-22,KRT-040,pivo,5.76,5.76
KRT,2026-01-22,KRT-041,pivo,5.63,5.63
KRT,2026-01-22,KRT-042,pivo,5.59,5.59
KRT,2026-01-22,KRT-043,pivo,3.81,3.81
KRT,2026-01-22,KRT-044,pivo,5.84,5.84
KRT,2026-01-22,KRT-045,pivo,4.25,4.25
KRT,2026-01-22,KRT-046,pivo,4.32,4.32
KRT,2026-01-22,KRT-047,pivo,5.08,5.08
KRT,2026-01-22,KRT-048,pivo,4.32,4.32
KRT,2026-01-22,KRT-049,pivo,8.38,8.38
KRT,2026-01-22,KRT-050,pivo,4.57,4.57
KRT,2026-01-22,KRT-051,pivo,4.57,4.57
KRT,2026-01-22,KRT-052,pivo,4.83,4.83
KRT,2026-01-22,KRT-053,pivo,5.14,5.14
KRT,2026-01-22,KRT-054,pivo,6.3,6.3
KRT,2026-01-22,KRT-055,pivo,4.57,4.57
KRT,2026-01-22,KRT-056,pivo,5.59,5.59
KRT,2026-01-22,KRT-057,pivo,10.4,10.4
KRT,2026-01-22,KRT-058,pivo,9.5,9.5
KRT,2026-01-22,KRT-059,pivo,12.45,12.45
KRT,2026-01-22,KRT-060,pivo,7.04,7.04
KRT,2026-01-22,KRT-061,pivo,9.65,9.65
KRT,2026-01-22,KRT-062,pivo,12.07,12.07
KRT,2026-01-22,KRT-063,pivo,6.0,6.0
KRT,2026-01-22,KRT-064,pivo,8.4,8.4
KRT,2026-01-22,KRT-065,pivo,8.4,8.4
KRT,2026-01-22,KRT-066,pivo,10.41,10.41
KRT,2026-01-22,KRT-067,pivo,14.48,14.48
KRT,2026-01-22,KRT-068,pivo,12.45,12.45
KRT,2026-01-22,KRT-069,pivo,18.7,18.7
KRT,2026-01-22,KRT-070,pivo,19.31,19.31
KRT,2026-01-22,KRT-071,pivo,18.7,18.7
KRT,2026-01-22,KRT-072,pivo,24.13,24.13
KRT,2026-01-22,KRT-073,pivo,5.84,5.84
KRT,2026-01-22,KRT-074,pivo,6.86,6.86
KRT,2026-01-21,KRT-001,pivo,1.27,1.27
KRT,2026-01-21,KRT-001B,pivo_secundario,1.62,1.62
KRT,2026-01-21,KRT-002,pivo,1.29,1.29
KRT,2026-01-21,KRT-002B,pivo_secundario,0.68,0.68
KRT,2026-01-21,KRT-003,pivo,1.52,1.52
KRT,2026-01-21,KRT-004,pivo,2.03,2.03
KRT,2026-01-21,KRT-004B,pivo_secundario,0.0,0.0
KRT,2026-01-21,KRT-005,pivo,3.0,3.0
KRT,2026-01-21,KRT-006B,pivo_secundario,0.0,0.0
KRT,2026-01-21,KRT-006,pivo,6.23,6.23
KRT,2026-01-21,KRT-007B,pivo_secundario,8.09,8.09
KRT,2026-01-21,KRT-007,pivo,4.32,4.32
KRT,2026-01-21,KRT-008,pivo,10.67,10.67
KRT,2026-01-21,KRT-009,pivo,2.54,2.54
KRT,2026-01-21,KRT-010,pivo,3.56,3.56
KRT,2026-01-21,KRT-011,pivo,1.78,1.78
KRT,2026-01-21,KRT-012,pivo,1.02,1.02
KRT,2026-01-21,KRT-013,pivo,3.05,3.05
KRT,2026-01-21,KRT-014,pivo,3.05,3.05
KRT,2026-01-21,KRT-015,pivo,18.54,18.54
KRT,2026-01-21,KRT-016,pivo,20.93,20.93
KRT,2026-01-21,KRT-017,pivo,13.72,13.72
KRT,2026-01-21,KRT-018,pivo,23.0,23.0
KRT,2026-01-21,KRT-019,pivo,16.26,16.26
KRT,2026-01-21,KRT-020,pivo,21.59,21.59
KRT,2026-01-21,KRT-021,pivo,10.67,10.67
KRT,2026-01-21,KRT-022,pivo,20.32,20.32
KRT,2026-01-21,KRT-023,pivo,12.19,12.19
KRT,2026-01-21,KRT-024,pivo,17.78,17.78
KRT,2026-01-21,KRT-025,pivo,5.84,5.84
KRT,2026-01-21,KRT-026,pivo,4.36,4.36
KRT,2026-01-21,KRT-027,pivo,8.67,8.67
KRT,2026-01-21,KRT-028,pivo,10.67,10.67
KRT,2026-01-21,KRT-029,pivo,7.11,7.11
KRT,2026-01-21,KRT-030,pivo,31.75,31.75
KRT,2026-01-21,KRT-031,pivo,14.22,14.22
KRT,2026-01-21,KRT-032,pivo,7.62,7.62
KRT,2026-01-21,KRT-033,pivo,22.86,22.86
KRT,2026-01-21,KRT-034,pivo,9.14,9.14
KRT,2026-01-21,KRT-035,pivo,5.84,5.84
KRT,2026-01-21,KRT-036,pivo,17.27,17.27
KRT,2026-01-21,KRT-037,pivo,9.91,9.91
KRT,2026-01-21,KRT-038,pivo,11.94,11.94
KRT,2026-01-21,KRT-039,pivo,21.34,21.34
KRT,2026-01-21,KRT-040,pivo,24.13,24.13
KRT,2026-01-21,KRT-041,pivo,17.35,17.35
KRT,2026-01-21,KRT-042,pivo,24.89,24.89
KRT,2026-01-21,KRT-043,pivo,31.75,31.75
KRT,2026-01-21,KRT-044,pivo,12.45,12.45
KRT,2026-01-21,KRT-045,pivo,18.58,18.58
KRT,2026-01-21,KRT-046,pivo,25.91,25.91
KRT,2026-01-21,KRT-047,pivo,28.19,28.19
KRT,2026-01-21,KRT-048,pivo,29.21,29.21
KRT,2026-01-21,KRT-049,pivo,19.3,19.3
KRT,2026-01-21,KRT-050,pivo,10.92,10.92
KRT,2026-01-21,KRT-051,pivo,16.76,16.76
KRT,2026-01-21,KRT-052,pivo,19.81,19.81
KRT,2026-01-21,KRT-053,pivo,6.04,6.04
KRT,2026-01-21,KRT-054,pivo,5.89,5.89
KRT,2026-01-21,KRT-055,pivo,5.59,5.59
KRT,2026-01-21,KRT-056,pivo,7.62,7.62
KRT,2026-01-21,KRT-057,pivo,5.42,5.42
KRT,2026-01-21,KRT-058,pivo,4.25,4.25
KRT,2026-01-21,KRT-059,pivo,9.4,9.4
KRT,2026-01-21,KRT-060,pivo,9.26,9.26
KRT,2026-01-21,KRT-061,pivo,8.51,8.51
KRT,2026-01-21,KRT-062,pivo,10.56,10.56
KRT,2026-01-21,KRT-063,pivo,16.5,16.5
KRT,2026-01-21,KRT-064,pivo,8.7,8.7
KRT,2026-01-21,KRT-065,pivo,6.3,6.3
KRT,2026-01-21,KRT-066,pivo,10.41,10.41
KRT,2026-01-21,KRT-067,pivo,15.24,15.24
KRT,2026-01-21,KRT-068,pivo,11.9,11.9
KRT,2026-01-21,KRT-069,pivo,8.56,8.56
KRT,2026-01-21,KRT-070,pivo,14.97,14.97
KRT,2026-01-21,KRT-071,pivo,8.35,8.35
KRT,2026-01-21,KRT-072,pivo,6.27,6.27
KRT,2026-01-21,KRT-073,pivo,25.14,25.14
KRT,2026-01-21,KRT-074,pivo,18.03,18.03
KRT,2026-01-20,KRT-001,pivo,9.65,9.65
KRT,2026-01-20,KRT-001B,pivo_secundario,15.01,15.01
KRT,2026-01-20,KRT-002,pivo,8.8,8.8
KRT,2026-01-20,KRT-002B,pivo_secundario,1.14,1.14
KRT,2026-01-20,KRT-003,pivo,10.41,10.41
KRT,2026-01-20,KRT-004,pivo,6.35,6.35
KRT,2026-01-20,KRT-004B,pivo_secundario,0.0,0.0
KRT,2026-01-20,KRT-005,pivo,8.75,8.75
KRT,2026-01-20,KRT-006B,pivo_secundario,0.0,0.0
KRT,2026-01-20,KRT-006,pivo,11.8,11.8
KRT,2026-01-20,KRT-007B,pivo_secundario,46.72,46.72
KRT,2026-01-20,KRT-007,pivo,7.61,7.61
KRT,2026-01-20,KRT-008,pivo,17.02,17.02
KRT,2026-01-20,KRT-009,pivo,15.24,15.24
KRT,2026-01-20,KRT-010,pivo,20.57,20.57
KRT,2026-01-20,KRT-011,pivo,10.41,10.41
KRT,2026-01-20,KRT-012,pivo,15.02,15.02
KRT,2026-01-20,KRT-013,pivo,19.05,19.05
KRT,2026-01-20,KRT-014,pivo,14.73,14.73
KRT,2026-01-20,KRT-015,pivo,14.48,14.48
KRT,2026-01-20,KRT-016,pivo,13.06,13.06
KRT,2026-01-20,KRT-017,pivo,15.24,15.24
KRT,2026-01-20,KRT-018,pivo,10.0,10.0
KRT,2026-01-20,KRT-019,pivo,25.4,25.4
KRT,2026-01-20,KRT-020,pivo,10.67,10.67
KRT,2026-01-20,KRT-021,pivo,20.32,20.32
KRT,2026-01-20,KRT-022,pivo,19.56,19.56
KRT,2026-01-20,KRT-023,pivo,15.24,15.24
KRT,2026-01-20,KRT-024,pivo,17.53,17.53
KRT,2026-01-20,KRT-025,pivo,17.02,17.02
KRT,2026-01-20,KRT-026,pivo,20.04,20.04
KRT,2026-01-20,KRT-027,pivo,15.02,15.02
KRT,2026-01-20,KRT-028,pivo,25.4,25.4
KRT,2026-01-20,KRT-029,pivo,28.45,28.45
KRT,2026-01-20,KRT-030,pivo,33.53,33.53
KRT,2026-01-20,KRT-031,pivo,21.81,21.81
KRT,2026-01-20,KRT-032,pivo,29.97,29.97
KRT,2026-01-20,KRT-033,pivo,22.86,22.86
KRT,2026-01-20,KRT-034,pivo,28.96,28.96
KRT,2026-01-20,KRT-035,pivo,11.43,11.43
KRT,2026-01-20,KRT-036,pivo,11.18,11.18
KRT,2026-01-20,KRT-037,pivo,11.18,11.18
KRT,2026-01-20,KRT-038,pivo,10.41,10.41
KRT,2026-01-20,KRT-039,pivo,14.73,14.73
KRT,2026-01-20,KRT-040,pivo,18.8,18.8
KRT,2026-01-20,KRT-041,pivo,24.3,24.3
KRT,2026-01-20,KRT-042,pivo,22.86,22.86
KRT,2026-01-20,KRT-043,pivo,43.69,43.69
KRT,2026-01-20,KRT-044,pivo,21.08,21.08
KRT,2026-01-20,KRT-045,pivo,26.76,26.76
KRT,2026-01-20,KRT-046,pivo,29.21,29.21
KRT,2026-01-20,KRT-047,pivo,32.51,32.51
KRT,2026-01-20,KRT-048,pivo,30.73,30.73
KRT,2026-01-20,KRT-049,pivo,61.72,61.72
KRT,2026-01-20,KRT-050,pivo,19.3,19.3
KRT,2026-01-20,KRT-051,pivo,17.78,17.78
KRT,2026-01-20,KRT-052,pivo,33.02,33.02
KRT,2026-01-20,KRT-053,pivo,27.6,27.6
KRT,2026-01-20,KRT-054,pivo,22.75,22.75
KRT,2026-01-20,KRT-055,pivo,23.62,23.62
KRT,2026-01-20,KRT-056,pivo,20.57,20.57
KRT,2026-01-20,KRT-057,pivo,31.87,31.87
KRT,2026-01-20,KRT-058,pivo,26.75,26.75
KRT,2026-01-20,KRT-059,pivo,58.42,58.42
KRT,2026-01-20,KRT-060,pivo,18.85,18.85
KRT,2026-01-20,KRT-061,pivo,55.1,55.1
KRT,2026-01-20,KRT-062,pivo,26.84,26.84
KRT,2026-01-20,KRT-063,pivo,18.9,18.9
KRT,2026-01-20,KRT-064,pivo,21.3,21.3
KRT,2026-01-20,KRT-065,pivo,23.4,23.4
KRT,2026-01-20,KRT-066,pivo,21.34,21.34
KRT,2026-01-20,KRT-067,pivo,36.32,36.32
KRT,2026-01-20,KRT-068,pivo,28.8,28.8
KRT,2026-01-20,KRT-069,pivo,88.36,88.36
KRT,2026-01-20,KRT-070,pivo,110.32,110.32
KRT,2026-01-20,KRT-071,pivo,88.36,88.36
KRT,2026-01-20,KRT-072,pivo,96.71,96.71
KRT,2026-01-20,KRT-073,pivo,22.54,22.54
KRT,2026-01-20,KRT-074,pivo,18.54,18.54
KRT,2026-01-19,KRT-001,pivo,5.33,5.33
KRT,2026-01-19,KRT-001B,pivo_secundario,12.7,12.7
KRT,2026-01-19,KRT-002,pivo,7.87,7.87
KRT,2026-01-19,KRT-002B,pivo_secundario,1.37,1.37
KRT,2026-01-19,KRT-003,pivo,8.89,8.89
KRT,2026-01-19,KRT-004,pivo,9.4,9.4
KRT,2026-01-19,KRT-004B,pivo_secundario,0.0,0.0
KRT,2026-01-19,KRT-005,pivo,13.5,13.5
KRT,2026-01-19,KRT-006B,pivo_secundario,0.0,0.0
KRT,2026-01-19,KRT-006,pivo,12.29,12.29
KRT,2026-01-19,KRT-007B,pivo_secundario,20.62,20.62
KRT,2026-01-19,KRT-007,pivo,10.41,10.41
KRT,2026-01-19,KRT-008,pivo,7.87,7.87
KRT,2026-01-19,KRT-009,pivo,5.07,5.07
KRT,2026-01-19,KRT-010,pivo,7.11,7.11
KRT,2026-01-19,KRT-011,pivo,2.79,2.79
KRT,2026-01-19,KRT-012,pivo,6.1,6.1
KRT,2026-01-19,KRT-013,pivo,2.53,2.53
KRT,2026-01-19,KRT-014,pivo,4.01,4.01
KRT,2026-01-19,KRT-015,pivo,12.45,12.45
KRT,2026-01-19,KRT-016,pivo,13.46,13.46
KRT,2026-01-19,KRT-017,pivo,10.16,10.16
KRT,2026-01-19,KRT-018,pivo,10.25,10.25
KRT,2026-01-19,KRT-019,pivo,7.11,7.11
KRT,2026-01-19,KRT-020,pivo,6.35,6.35
KRT,2026-01-19,KRT-021,pivo,3.81,3.81
KRT,2026-01-19,KRT-022,pivo,6.1,6.1
KRT,2026-01-19,KRT-023,pivo,2.03,2.03
KRT,2026-01-19,KRT-024,pivo,3.81,3.81
KRT,2026-01-19,KRT-025,pivo,6.6,6.6
KRT,2026-01-19,KRT-026,pivo,8.9,8.9
KRT,2026-01-19,KRT-027,pivo,8.9,8.9
KRT,2026-01-19,KRT-028,pivo,4.06,4.06
KRT,2026-01-19,KRT-029,pivo,11.18,11.18
KRT,2026-01-19,KRT-030,pivo,4.57,4.57
KRT,2026-01-19,KRT-031,pivo,4.57,4.57
KRT,2026-01-19,KRT-032,pivo,4.57,4.57
KRT,2026-01-19,KRT-033,pivo,5.84,5.84
KRT,2026-01-19,KRT-034,pivo,6.86,6.86
KRT,2026-01-19,KRT-035,pivo,15.49,15.49
KRT,2026-01-19,KRT-036,pivo,20.07,20.07
KRT,2026-01-19,KRT-037,pivo,10.16,10.16
KRT,2026-01-19,KRT-038,pivo,10.67,10.67
KRT,2026-01-19,KRT-039,pivo,17.78,17.78
KRT,2026-01-19,KRT-040,pivo,20.32,20.32
KRT,2026-01-19,KRT-041,pivo,11.77,11.77
KRT,2026-01-19,KRT-042,pivo,3.3,3.3
KRT,2026-01-19,KRT-043,pivo,4.32,4.32
KRT,2026-01-19,KRT-044,pivo,14.22,14.22
KRT,2026-01-19,KRT-045,pivo,7.37,7.37
KRT,2026-01-19,KRT-046,pivo,17.53,17.53
KRT,2026-01-19,KRT-047,pivo,5.08,5.08
KRT,2026-01-19,KRT-048,pivo,2.02,2.02
KRT,2026-01-19,KRT-049,pivo,3.56,3.56
KRT,2026-01-19,KRT-050,pivo,6.35,6.35
KRT,2026-01-19,KRT-051,pivo,10.16,10.16
KRT,2026-01-19,KRT-052,pivo,19.56,19.56
KRT,2026-01-19,KRT-053,pivo,13.7,13.7
KRT,2026-01-19,KRT-054,pivo,9.31,9.31
KRT,2026-01-19,KRT-055,pivo,11.43,11.43
KRT,2026-01-19,KRT-056,pivo,10.16,10.16
KRT,2026-01-19,KRT-057,pivo,6.78,6.78
KRT,2026-01-19,KRT-058,pivo,7.75,7.75
KRT,2026-01-19,KRT-059,pivo,10.67,10.67
KRT,2026-01-19,KRT-060,pivo,6.28,6.28
KRT,2026-01-19,KRT-061,pivo,9.65,9.65
KRT,2026-01-19,KRT-062,pivo,8.71,8.71
KRT,2026-01-19,KRT-063,pivo,7.2,7.2
KRT,2026-01-19,KRT-064,pivo,8.4,8.4
KRT,2026-01-19,KRT-065,pivo,10.8,10.8
KRT,2026-01-19,KRT-066,pivo,8.64,8.64
KRT,2026-01-19,KRT-067,pivo,14.22,14.22
KRT,2026-01-19,KRT-068,pivo,10.42,10.42
KRT,2026-01-19,KRT-069,pivo,12.65,12.65
KRT,2026-01-19,KRT-070,pivo,16.55,16.55
KRT,2026-01-19,KRT-071,pivo,12.65,12.65
KRT,2026-01-19,KRT-072,pivo,23.37,23.37
KRT,2026-01-19,KRT-073,pivo,7.62,7.62
KRT,2026-01-19,KRT-074,pivo,14.99,14.99
KRT,2026-01-18,KRT-001,pivo,0.51,0.51
KRT,2026-01-18,KRT-001B,pivo_secundario,0.0,0.0
KRT,2026-01-18,KRT-002,pivo,0.0,0.0
KRT,2026-01-18,KRT-002B,pivo_secundario,0.0,0.0
KRT,2026-01-18,KRT-003,pivo,0.0,0.0
KRT,2026-01-18,KRT-004,pivo,0.0,0.0
KRT,2026-01-18,KRT-004B,pivo_secundario,0.0,0.0
KRT,2026-01-18,KRT-005,pivo,0.0,0.0
KRT,2026-01-18,KRT-006B,pivo_secundario,0.0,0.0
KRT,2026-01-18,KRT-006,pivo,0.0,0.0
KRT,2026-01-18,KRT-007B,pivo_secundario,0.0,0.0
KRT,2026-01-18,KRT-007,pivo,0.0,0.0
KRT,2026-01-18,KRT-008,pivo,0.0,0.0
KRT,2026-01-18,KRT-009,pivo,0.0,0.0
KRT,2026-01-18,KRT-010,pivo,0.0,0.0
KRT,2026-01-18,KRT-011,pivo,0.51,0.51
KRT,2026-01-18,KRT-012,pivo,0.0,0.0
KRT,2026-01-18,KRT-013,pivo,0.51,0.51
KRT,2026-01-18,KRT-014,pivo,0.0,0.0
KRT,2026-01-18,KRT-015,pivo,0.0,0.0
KRT,2026-01-18,KRT-016,pivo,0.0,0.0
KRT,2026-01-18,KRT-017,pivo,0.0,0.0
KRT,2026-01-18,KRT-018,pivo,0.0,0.0
KRT,2026-01-18,KRT-019,pivo,0.25,0.25
KRT,2026-01-18,KRT-020,pivo,0.0,0.0
KRT,2026-01-18,KRT-021,pivo,0.0,0.0
KRT,2026-01-18,KRT-022,pivo,0.0,0.0
KRT,2026-01-18,KRT-023,pivo,0.0,0.0
KRT,2026-01-18,KRT-024,pivo,0.0,0.0
KRT,2026-01-18,KRT-025,pivo,0.51,0.51
KRT,2026-01-18,KRT-026,pivo,0.0,0.0
KRT,2026-01-18,KRT-027,pivo,0.0,0.0
KRT,2026-01-18,KRT-028,pivo,0.0,0.0
KRT,2026-01-18,KRT-029,pivo,0.25,0.25
KRT,2026-01-18,KRT-030,pivo,0.0,0.0
KRT,2026-01-18,KRT-031,pivo,0.0,0.0
KRT,2026-01-18,KRT-032,pivo,0.0,0.0
KRT,2026-01-18,KRT-033,pivo,0.25,0.25
KRT,2026-01-18,KRT-034,pivo,0.0,0.0
KRT,2026-01-18,KRT-035,pivo,0.0,0.0
KRT,2026-01-18,KRT-036,pivo,0.0,0.0
KRT,2026-01-18,KRT-037,pivo,0.0,0.0
KRT,2026-01-18,KRT-038,pivo,0.0,0.0
KRT,2026-01-18,KRT-039,pivo,0.0,0.0
KRT,2026-01-18,KRT-040,pivo,0.0,0.0
KRT,2026-01-18,KRT-041,pivo,0.0,0.0
KRT,2026-01-18,KRT-042,pivo,0.0,0.0
KRT,2026-01-18,KRT-043,pivo,0.0,0.0
KRT,2026-01-18,KRT-044,pivo,0.25,0.25
KRT,2026-01-18,KRT-045,pivo,0.0,0.0
KRT,2026-01-18,KRT-046,pivo,0.0,0.0
KRT,2026-01-18,KRT-047,pivo,0.0,0.0
KRT,2026-01-18,KRT-048,pivo,0.0,0.0
KRT,2026-01-18,KRT-049,pivo,0.0,0.0
KRT,2026-01-18,KRT-050,pivo,1.27,1.27
KRT,2026-01-18,KRT-051,pivo,4.06,4.06
KRT,2026-01-18,KRT-052,pivo,0.0,0.0
KRT,2026-01-18,KRT-053,pivo,0.0,0.0
KRT,2026-01-18,KRT-054,pivo,0.0,0.0
KRT,2026-01-18,KRT-055,pivo,0.25,0.25
KRT,2026-01-18,KRT-056,pivo,2.29,2.29
KRT,2026-01-18,KRT-057,pivo,0.23,0.23
KRT,2026-01-18,KRT-058,pivo,2.5,2.5
KRT,2026-01-18,KRT-059,pivo,3.05,3.05
KRT,2026-01-18,KRT-060,pivo,2.79,2.79
KRT,2026-01-18,KRT-061,pivo,2.79,2.79
KRT,2026-01-18,KRT-062,pivo,1.93,1.93
KRT,2026-01-18,KRT-063,pivo,2.9,2.9
KRT,2026-01-18,KRT-064,pivo,2.4,2.4
KRT,2026-01-18,KRT-065,pivo,2.4,2.4
KRT,2026-01-18,KRT-066,pivo,1.52,1.52
KRT,2026-01-18,KRT-067,pivo,1.27,1.27
KRT,2026-01-18,KRT-068,pivo,1.08,1.08
KRT,2026-01-18,KRT-069,pivo,2.84,2.84
KRT,2026-01-18,KRT-070,pivo,2.95,2.95
KRT,2026-01-18,KRT-071,pivo,2.65,2.65
KRT,2026-01-18,KRT-072,pivo,2.03,2.03
KRT,2026-01-18,KRT-073,pivo,0.0,0.0
KRT,2026-01-18,KRT-074,pivo,0.0,0.0
KRT,2026-01-17,KRT-001,pivo,0.0,0.0
KRT,2026-01-17,KRT-001B,pivo_secundario,0.0,0.0
KRT,2026-01-17,KRT-002,pivo,0.0,0.0
KRT,2026-01-17,KRT-002B,pivo_secundario,0.0,0.0
KRT,2026-01-17,KRT-003,pivo,0.0,0.0
KRT,2026-01-17,KRT-004,pivo,0.0,0.0
KRT,2026-01-17,KRT-004B,pivo_secundario,0.0,0.0
KRT,2026-01-17,KRT-005,pivo,0.0,0.0
KRT,2026-01-17,KRT-006B,pivo_secundario,0.0,0.0
KRT,2026-01-17,KRT-006,pivo,0.0,0.0
KRT,2026-01-17,KRT-007B,pivo_secundario,0.0,0.0
KRT,2026-01-17,KRT-007,pivo,0.0,0.0
KRT,2026-01-17,KRT-008,pivo,0.0,0.0
KRT,2026-01-17,KRT-009,pivo,0.0,0.0
KRT,2026-01-17,KRT-010,pivo,0.0,0.0
KRT,2026-01-17,KRT-011,pivo,0.0,0.0
KRT,2026-01-17,KRT-012,pivo,0.0,0.0
KRT,2026-01-17,KRT-013,pivo,0.0,0.0
KRT,2026-01-17,KRT-014,pivo,0.0,0.0
KRT,2026-01-17,KRT-015,pivo,0.0,0.0
KRT,2026-01-17,KRT-016,pivo,0.0,0.0
KRT,2026-01-17,KRT-017,pivo,0.0,0.0
KRT,2026-01-17,KRT-018,pivo,0.25,0.25
KRT,2026-01-17,KRT-019,pivo,0.0,0.0
KRT,2026-01-17,KRT-020,pivo,0.0,0.0
KRT,2026-01-17,KRT-021,pivo,0.0,0.0
KRT,2026-01-17,KRT-022,pivo,0.0,0.0
KRT,2026-01-17,KRT-023,pivo,0.0,0.0
KRT,2026-01-17,KRT-024,pivo,0.0,0.0
KRT,2026-01-17,KRT-025,pivo,0.25,0.25
KRT,2026-01-17,KRT-026,pivo,0.0,0.0
KRT,2026-01-17,KRT-027,pivo,0.0,0.0
KRT,2026-01-17,KRT-028,pivo,0.51,0.51
KRT,2026-01-17,KRT-029,pivo,0.76,0.76
KRT,2026-01-17,KRT-030,pivo,0.0,0.0
KRT,2026-01-17,KRT-031,pivo,0.0,0.0
KRT,2026-01-17,KRT-032,pivo,0.25,0.25
KRT,2026-01-17,KRT-033,pivo,0.0,0.0
KRT,2026-01-17,KRT-034,pivo,0.0,0.0
KRT,2026-01-17,KRT-035,pivo,0.0,0.0
KRT,2026-01-17,KRT-036,pivo,0.0,0.0
KRT,2026-01-17,KRT-037,pivo,0.0,0.0
KRT,2026-01-17,KRT-038,pivo,0.0,0.0
KRT,2026-01-17,KRT-039,pivo,0.0,0.0
KRT,2026-01-17,KRT-040,pivo,0.0,0.0
KRT,2026-01-17,KRT-041,pivo,0.0,0.0
KRT,2026-01-17,KRT-042,pivo,0.0,0.0
KRT,2026-01-17,KRT-043,pivo,0.0,0.0
KRT,2026-01-17,KRT-044,pivo,0.0,0.0
KRT,2026-01-17,KRT-045,pivo,0.0,0.0
KRT,2026-01-17,KRT-046,pivo,0.0,0.0
KRT,2026-01-17,KRT-047,pivo,0.0,0.0
KRT,2026-01-17,KRT-048,pivo,0.0,0.0
KRT,2026-01-17,KRT-049,pivo,0.0,0.0
KRT,2026-01-17,KRT-050,pivo,0.0,0.0
KRT,2026-01-17,KRT-051,pivo,0.0,0.0
KRT,2026-01-17,KRT-052,pivo,0.0,0.0
KRT,2026-01-17,KRT-053,pivo,0.0,0.0
KRT,2026-01-17,KRT-054,pivo,0.0,0.0
KRT,2026-01-17,KRT-055,pivo,0.0,0.0
KRT,2026-01-17,KRT-056,pivo,0.0,0.0
KRT,2026-01-17,KRT-057,pivo,0.0,0.0
KRT,2026-01-17,KRT-058,pivo,0.0,0.0
KRT,2026-01-17,KRT-059,pivo,0.0,0.0
KRT,2026-01-17,KRT-060,pivo,0.0,0.0
KRT,2026-01-17,KRT-061,pivo,0.0,0.0
KRT,2026-01-17,KRT-062,pivo,0.0,0.0
KRT,2026-01-17,KRT-063,pivo,0.0,0.0
KRT,2026-01-17,KRT-064,pivo,0.0,0.0
KRT,2026-01-17,KRT-065,pivo,0.0,0.0
KRT,2026-01-17,KRT-066,pivo,0.0,0.0
KRT,2026-01-17,KRT-067,pivo,0.0,0.0
KRT,2026-01-17,KRT-068,pivo,0.0,0.0
KRT,2026-01-17,KRT-069,pivo,0.0,0.0
KRT,2026-01-17,KRT-070,pivo,0.0,0.0
KRT,2026-01-17,KRT-071,pivo,0.0,0.0
KRT,2026-01-17,KRT-072,pivo,0.0,0.0
KRT,2026-01-17,KRT-073,pivo,0.0,0.0
KRT,2026-01-17,KRT-074,pivo,0.0,0.0
KRT,2026-01-16,KRT-001,pivo,0.0,0.0
KRT,2026-01-16,KRT-001B,pivo_secundario,0.0,0.0
KRT,2026-01-16,KRT-002,pivo,0.25,0.25
KRT,2026-01-16,KRT-002B,pivo_secundario,0.0,0.0
KRT,2026-01-16,KRT-003,pivo,0.25,0.25
KRT,2026-01-16,KRT-004,pivo,0.0,0.0
KRT,2026-01-16,KRT-004B,pivo_secundario,0.0,0.0
KRT,2026-01-16,KRT-005,pivo,0.0,0.0
KRT,2026-01-16,KRT-006B,pivo_secundario,0.0,0.0
KRT,2026-01-16,KRT-006,pivo,0.0,0.0
KRT,2026-01-16,KRT-007B,pivo_secundario,0.0,0.0
KRT,2026-01-16,KRT-007,pivo,0.0,0.0
KRT,2026-01-16,KRT-008,pivo,0.0,0.0
KRT,2026-01-16,KRT-009,pivo,0.0,0.0
KRT,2026-01-16,KRT-010,pivo,0.0,0.0
KRT,2026-01-16,KRT-011,pivo,0.51,0.51
KRT,2026-01-16,KRT-012,pivo,0.51,0.51
KRT,2026-01-16,KRT-013,pivo,0.0,0.0
KRT,2026-01-16,KRT-014,pivo,1.02,1.02
KRT,2026-01-16,KRT-015,pivo,0.0,0.0
KRT,2026-01-16,KRT-016,pivo,0.0,0.0
KRT,2026-01-16,KRT-017,pivo,0.0,0.0
KRT,2026-01-16,KRT-018,pivo,0.0,0.0
KRT,2026-01-16,KRT-019,pivo,0.0,0.0
KRT,2026-01-16,KRT-020,pivo,0.0,0.0
KRT,2026-01-16,KRT-021,pivo,0.0,0.0
KRT,2026-01-16,KRT-022,pivo,0.0,0.0
KRT,2026-01-16,KRT-023,pivo,0.0,0.0
KRT,2026-01-16,KRT-024,pivo,0.0,0.0
KRT,2026-01-16,KRT-025,pivo,0.0,0.0
KRT,2026-01-16,KRT-026,pivo,0.0,0.0
KRT,2026-01-16,KRT-027,pivo,0.0,0.0
KRT,2026-01-16,KRT-028,pivo,0.0,0.0
KRT,2026-01-16,KRT-029,pivo,1.78,1.78
KRT,2026-01-16,KRT-030,pivo,0.0,0.0
KRT,2026-01-16,KRT-031,pivo,0.0,0.0
KRT,2026-01-16,KRT-032,pivo,0.0,0.0
KRT,2026-01-16,KRT-033,pivo,0.0,0.0
KRT,2026-01-16,KRT-034,pivo,0.0,0.0
KRT,2026-01-16,KRT-035,pivo,0.0,0.0
KRT,2026-01-16,KRT-036,pivo,0.0,0.0
KRT,2026-01-16,KRT-037,pivo,0.0,0.0
KRT,2026-01-16,KRT-038,pivo,0.0,0.0
KRT,2026-01-16,KRT-039,pivo,0.0,0.0
KRT,2026-01-16,KRT-040,pivo,0.0,0.0
KRT,2026-01-16,KRT-041,pivo,0.0,0.0
KRT,2026-01-16,KRT-042,pivo,0.0,0.0
KRT,2026-01-16,KRT-043,pivo,0.0,0.0
KRT,2026-01-16,KRT-044,pivo,0.0,0.0
KRT,2026-01-16,KRT-045,pivo,0.0,0.0
KRT,2026-01-16,KRT-046,pivo,0.0,0.0
KRT,2026-01-16,KRT-047,pivo,0.0,0.0
KRT,2026-01-16,KRT-048,pivo,0.0,0.0
KRT,2026-01-16,KRT-049,pivo,0.0,0.0
KRT,2026-01-16,KRT-050,pivo,0.0,0.0
KRT,2026-01-16,KRT-051,pivo,1.02,1.02
KRT,2026-01-16,KRT-052,pivo,0.0,0.0
KRT,2026-01-16,KRT-053,pivo,0.0,0.0
KRT,2026-01-16,KRT-054,pivo,0.0,0.0
KRT,2026-01-16,KRT-055,pivo,0.0,0.0
KRT,2026-01-16,KRT-056,pivo,0.0,0.0
KRT,2026-01-16,KRT-057,pivo,0.0,0.0
KRT,2026-01-16,KRT-058,pivo,0.0,0.0
KRT,2026-01-16,KRT-059,pivo,0.0,0.0
KRT,2026-01-16,KRT-060,pivo,0.0,0.0
KRT,2026-01-16,KRT-061,pivo,0.0,0.0
KRT,2026-01-16,KRT-062,pivo,0.0,0.0
KRT,2026-01-16,KRT-063,pivo,0.0,0.0
KRT,2026-01-16,KRT-064,pivo,0.0,0.0
KRT,2026-01-16,KRT-065,pivo,0.0,0.0
KRT,2026-01-16,KRT-066,pivo,0.0,0.0
KRT,2026-01-16,KRT-067,pivo,0.0,0.0
KRT,2026-01-16,KRT-068,pivo,0.0,0.0
KRT,2026-01-16,KRT-069,pivo,0.0,0.0
KRT,2026-01-16,KRT-070,pivo,0.0,0.0
KRT,2026-01-16,KRT-071,pivo,0.0,0.0
KRT,2026-01-16,KRT-072,pivo,0.0,0.0
KRT,2026-01-16,KRT-073,pivo,0.0,0.0
KRT,2026-01-16,KRT-074,pivo,0.0,0.0
KRT,2026-01-15,KRT-001,pivo,0.0,0.0
KRT,2026-01-15,KRT-001B,pivo_secundario,0.0,0.0
KRT,2026-01-15,KRT-002,pivo,0.0,0.0
KRT,2026-01-15,KRT-002B,pivo_secundario,0.0,0.0
KRT,2026-01-15,KRT-003,pivo,0.0,0.0
KRT,2026-01-15,KRT-004,pivo,0.0,0.0
KRT,2026-01-15,KRT-004B,pivo_secundario,0.0,0.0
KRT,2026-01-15,KRT-005,pivo,0.0,0.0
KRT,2026-01-15,KRT-006B,pivo_secundario,0.0,0.0
KRT,2026-01-15,KRT-006,pivo,0.0,0.0
KRT,2026-01-15,KRT-007B,pivo_secundario,0.0,0.0
KRT,2026-01-15,KRT-007,pivo,0.0,0.0
KRT,2026-01-15,KRT-008,pivo,0.0,0.0
KRT,2026-01-15,KRT-009,pivo,0.0,0.0
KRT,2026-01-15,KRT-010,pivo,0.0,0.0
KRT,2026-01-15,KRT-011,pivo,0.0,0.0
KRT,2026-01-15,KRT-012,pivo,0.0,0.0
KRT,2026-01-15,KRT-013,pivo,0.0,0.0
KRT,2026-01-15,KRT-014,pivo,0.0,0.0
KRT,2026-01-15,KRT-015,pivo,0.0,0.0
KRT,2026-01-15,KRT-016,pivo,0.0,0.0
KRT,2026-01-15,KRT-017,pivo,0.0,0.0
KRT,2026-01-15,KRT-018,pivo,0.0,0.0
KRT,2026-01-15,KRT-019,pivo,0.0,0.0
KRT,2026-01-15,KRT-020,pivo,0.0,0.0
KRT,2026-01-15,KRT-021,pivo,0.0,0.0
KRT,2026-01-15,KRT-022,pivo,0.0,0.0
KRT,2026-01-15,KRT-023,pivo,0.0,0.0
KRT,2026-01-15,KRT-024,pivo,0.0,0.0
KRT,2026-01-15,KRT-025,pivo,0.0,0.0
KRT,2026-01-15,KRT-026,pivo,0.0,0.0
KRT,2026-01-15,KRT-027,pivo,0.0,0.0
KRT,2026-01-15,KRT-028,pivo,0.0,0.0
KRT,2026-01-15,KRT-029,pivo,0.0,0.0
KRT,2026-01-15,KRT-030,pivo,0.0,0.0
KRT,2026-01-15,KRT-031,pivo,0.0,0.0
KRT,2026-01-15,KRT-032,pivo,0.0,0.0
KRT,2026-01-15,KRT-033,pivo,0.0,0.0
KRT,2026-01-15,KRT-034,pivo,0.0,0.0
KRT,2026-01-15,KRT-035,pivo,0.0,0.0
KRT,2026-01-15,KRT-036,pivo,0.0,0.0
KRT,2026-01-15,KRT-037,pivo,0.0,0.0
KRT,2026-01-15,KRT-038,pivo,0.0,0.0
KRT,2026-01-15,KRT-039,pivo,0.0,0.0
KRT,2026-01-15,KRT-040,pivo,0.0,0.0
KRT,2026-01-15,KRT-041,pivo,0.0,0.0
KRT,2026-01-15,KRT-042,pivo,0.0,0.0
KRT,2026-01-15,KRT-043,pivo,0.0,0.0
KRT,2026-01-15,KRT-044,pivo,0.0,0.0
KRT,2026-01-15,KRT-045,pivo,0.0,0.0
KRT,2026-01-15,KRT-046,pivo,0.0,0.0
KRT,2026-01-15,KRT-047,pivo,0.0,0.0
KRT,2026-01-15,KRT-048,pivo,0.0,0.0
KRT,2026-01-15,KRT-049,pivo,0.0,0.0
KRT,2026-01-15,KRT-050,pivo,0.0,0.0
KRT,2026-01-15,KRT-051,pivo,0.0,0.0
KRT,2026-01-15,KRT-052,pivo,0.51,0.51
KRT,2026-01-15,KRT-053,pivo,0.0,0.0
KRT,2026-01-15,KRT-054,pivo,0.0,0.0
KRT,2026-01-15,KRT-055,pivo,0.0,0.0
KRT,2026-01-15,KRT-056,pivo,0.0,0.0
KRT,2026-01-15,KRT-057,pivo,0.0,0.0
KRT,2026-01-15,KRT-058,pivo,0.0,0.0
KRT,2026-01-15,KRT-059,pivo,0.0,0.0
KRT,2026-01-15,KRT-060,pivo,0.0,0.0
KRT,2026-01-15,KRT-061,pivo,0.0,0.0
KRT,2026-01-15,KRT-062,pivo,0.0,0.0
KRT,2026-01-15,KRT-063,pivo,0.0,0.0
KRT,2026-01-15,KRT-064,pivo,0.0,0.0
KRT,2026-01-15,KRT-065,pivo,0.0,0.0
KRT,2026-01-15,KRT-066,pivo,0.0,0.0
KRT,2026-01-15,KRT-067,pivo,0.0,0.0
KRT,2026-01-15,KRT-068,pivo,0.0,0.0
KRT,2026-01-15,KRT-069,pivo,0.0,0.0
KRT,2026-01-15,KRT-070,pivo,0.0,0.0
KRT,2026-01-15,KRT-071,pivo,0.0,0.0
KRT,2026-01-15,KRT-072,pivo,0.0,0.0
KRT,2026-01-15,KRT-073,pivo,0.0,0.0
KRT,2026-01-15,KRT-074,pivo,0.0,0.0
KRT,2026-01-14,KRT-001,pivo,0.0,0.0
KRT,2026-01-14,KRT-001B,pivo_secundario,0.0,0.0
KRT,2026-01-14,KRT-002,pivo,0.0,0.0
KRT,2026-01-14,KRT-002B,pivo_secundario,0.46,0.46
KRT,2026-01-14,KRT-003,pivo,0.0,0.0
KRT,2026-01-14,KRT-004,pivo,0.0,0.0
KRT,2026-01-14,KRT-004B,pivo_secundario,0.0,0.0
KRT,2026-01-14,KRT-005,pivo,0.0,0.0
KRT,2026-01-14,KRT-006B,pivo_secundario,0.0,0.0
KRT,2026-01-14,KRT-006,pivo,0.0,0.0
KRT,2026-01-14,KRT-007B,pivo_secundario,0.0,0.0
KRT,2026-01-14,KRT-007,pivo,0.0,0.0
KRT,2026-01-14,KRT-008,pivo,0.0,0.0
KRT,2026-01-14,KRT-009,pivo,0.0,0.0
KRT,2026-01-14,KRT-010,pivo,0.25,0.25
KRT,2026-01-14,KRT-011,pivo,0.0,0.0
KRT,2026-01-14,KRT-012,pivo,0.0,0.0
KRT,2026-01-14,KRT-013,pivo,0.25,0.25
KRT,2026-01-14,KRT-014,pivo,0.0,0.0
KRT,2026-01-14,KRT-015,pivo,0.25,0.25
KRT,2026-01-14,KRT-016,pivo,0.0,0.0
KRT,2026-01-14,KRT-017,pivo,0.0,0.0
KRT,2026-01-14,KRT-018,pivo,0.0,0.0
KRT,2026-01-14,KRT-019,pivo,0.0,0.0
KRT,2026-01-14,KRT-020,pivo,0.0,0.0
KRT,2026-01-14,KRT-021,pivo,0.0,0.0
KRT,2026-01-14,KRT-022,pivo,0.0,0.0
KRT,2026-01-14,KRT-023,pivo,0.0,0.0
KRT,2026-01-14,KRT-024,pivo,0.0,0.0
KRT,2026-01-14,KRT-025,pivo,0.0,0.0
KRT,2026-01-14,KRT-026,pivo,0.0,0.0
KRT,2026-01-14,KRT-027,pivo,0.0,0.0
KRT,2026-01-14,KRT-028,pivo,0.0,0.0
KRT,2026-01-14,KRT-029,pivo,1.02,1.02
KRT,2026-01-14,KRT-030,pivo,0.0,0.0
KRT,2026-01-14,KRT-031,pivo,0.0,0.0
KRT,2026-01-14,KRT-032,pivo,0.0,0.0
KRT,2026-01-14,KRT-033,pivo,0.0,0.0
KRT,2026-01-14,KRT-034,pivo,0.0,0.0
KRT,2026-01-14,KRT-035,pivo,0.0,0.0
KRT,2026-01-14,KRT-036,pivo,0.0,0.0
KRT,2026-01-14,KRT-037,pivo,0.0,0.0
KRT,2026-01-14,KRT-038,pivo,0.0,0.0
KRT,2026-01-14,KRT-039,pivo,0.0,0.0
KRT,2026-01-14,KRT-040,pivo,0.0,0.0
KRT,2026-01-14,KRT-041,pivo,0.0,0.0
KRT,2026-01-14,KRT-042,pivo,0.0,0.0
KRT,2026-01-14,KRT-043,pivo,0.0,0.0
KRT,2026-01-14,KRT-044,pivo,0.0,0.0
KRT,2026-01-14,KRT-045,pivo,0.0,0.0
KRT,2026-01-14,KRT-046,pivo,0.0,0.0
KRT,2026-01-14,KRT-047,pivo,0.0,0.0
KRT,2026-01-14,KRT-048,pivo,0.0,0.0
KRT,2026-01-14,KRT-049,pivo,0.0,0.0
KRT,2026-01-14,KRT-050,pivo,0.0,0.0
KRT,2026-01-14,KRT-051,pivo,0.0,0.0
KRT,2026-01-14,KRT-052,pivo,0.25,0.25
KRT,2026-01-14,KRT-053,pivo,0.0,0.0
KRT,2026-01-14,KRT-054,pivo,0.0,0.0
KRT,2026-01-14,KRT-055,pivo,0.0,0.0
KRT,2026-01-14,KRT-056,pivo,0.0,0.0
KRT,2026-01-14,KRT-057,pivo,0.0,0.0
KRT,2026-01-14,KRT-058,pivo,0.0,0.0
KRT,2026-01-14,KRT-059,pivo,0.0,0.0
KRT,2026-01-14,KRT-060,pivo,0.0,0.0
KRT,2026-01-14,KRT-061,pivo,0.0,0.0
KRT,2026-01-14,KRT-062,pivo,0.0,0.0
KRT,2026-01-14,KRT-063,pivo,0.0,0.0
KRT,2026-01-14,KRT-064,pivo,0.0,0.0
KRT,2026-01-14,KRT-065,pivo,0.0,0.0
KRT,2026-01-14,KRT-066,pivo,0.0,0.0
KRT,2026-01-14,KRT-067,pivo,0.0,0.0
KRT,2026-01-14,KRT-068,pivo,0.0,0.0
KRT,2026-01-14,KRT-069,pivo,0.0,0.0
KRT,2026-01-14,KRT-070,pivo,0.0,0.0
KRT,2026-01-14,KRT-071,pivo,0.0,0.0
KRT,2026-01-14,KRT-072,pivo,0.0,0.0
KRT,2026-01-14,KRT-073,pivo,0.0,0.0
KRT,2026-01-14,KRT-074,pivo,0.0,0.0
KRT,2026-01-13,KRT-001,pivo,5.84,5.84
KRT,2026-01-13,KRT-001B,pivo_secundario,9.24,9.24
KRT,2026-01-13,KRT-002,pivo,0.0,0.0
KRT,2026-01-13,KRT-002B,pivo_secundario,7.3,7.3
KRT,2026-01-13,KRT-003,pivo,13.72,13.72
KRT,2026-01-13,KRT-004,pivo,7.37,7.37
KRT,2026-01-13,KRT-004B,pivo_secundario,0.0,0.0
KRT,2026-01-13,KRT-005,pivo,9.0,9.0
KRT,2026-01-13,KRT-006B,pivo_secundario,0.0,0.0
KRT,2026-01-13,KRT-006,pivo,12.13,12.13
KRT,2026-01-13,KRT-007B,pivo_secundario,0.0,0.0
KRT,2026-01-13,KRT-007,pivo,8.89,8.89
KRT,2026-01-13,KRT-008,pivo,18.54,18.54
KRT,2026-01-13,KRT-009,pivo,7.11,7.11
KRT,2026-01-13,KRT-010,pivo,5.08,5.08
KRT,2026-01-13,KRT-011,pivo,1.52,1.52
KRT,2026-01-13,KRT-012,pivo,0.25,0.25
KRT,2026-01-13,KRT-013,pivo,0.25,0.25
KRT,2026-01-13,KRT-014,pivo,0.51,0.51
KRT,2026-01-13,KRT-015,pivo,9.14,9.14
KRT,2026-01-13,KRT-016,pivo,12.88,12.88
KRT,2026-01-13,KRT-017,pivo,13.97,13.97
KRT,2026-01-13,KRT-018,pivo,15.5,15.5
KRT,2026-01-13,KRT-019,pivo,3.81,3.81
KRT,2026-01-13,KRT-020,pivo,4.06,4.06
KRT,2026-01-13,KRT-021,pivo,0.76,0.76
KRT,2026-01-13,KRT-022,pivo,1.27,1.27
KRT,2026-01-13,KRT-023,pivo,0.0,0.0
KRT,2026-01-13,KRT-024,pivo,0.0,0.0
KRT,2026-01-13,KRT-025,pivo,0.0,0.0
KRT,2026-01-13,KRT-026,pivo,0.0,0.0
KRT,2026-01-13,KRT-027,pivo,0.0,0.0
KRT,2026-01-13,KRT-028,pivo,0.0,0.0
KRT,2026-01-13,KRT-029,pivo,0.0,0.0
KRT,2026-01-13,KRT-030,pivo,0.0,0.0
KRT,2026-01-13,KRT-031,pivo,0.0,0.0
KRT,2026-01-13,KRT-032,pivo,0.0,0.0
KRT,2026-01-13,KRT-033,pivo,0.0,0.0
KRT,2026-01-13,KRT-034,pivo,0.0,0.0
KRT,2026-01-13,KRT-035,pivo,10.67,10.67
KRT,2026-01-13,KRT-036,pivo,0.0,0.0
KRT,2026-01-13,KRT-037,pivo,0.0,0.0
KRT,2026-01-13,KRT-038,pivo,0.0,0.0
KRT,2026-01-13,KRT-039,pivo,0.0,0.0
KRT,2026-01-13,KRT-040,pivo,0.0,0.0
KRT,2026-01-13,KRT-041,pivo,0.0,0.0
KRT,2026-01-13,KRT-042,pivo,0.0,0.0
KRT,2026-01-13,KRT-043,pivo,0.0,0.0
KRT,2026-01-13,KRT-044,pivo,0.0,0.0
KRT,2026-01-13,KRT-045,pivo,0.0,0.0
KRT,2026-01-13,KRT-046,pivo,0.25,0.25
KRT,2026-01-13,KRT-047,pivo,0.0,0.0
KRT,2026-01-13,KRT-048,pivo,0.0,0.0
KRT,2026-01-13,KRT-049,pivo,0.0,0.0
KRT,2026-01-13,KRT-050,pivo,0.0,0.0
KRT,2026-01-13,KRT-051,pivo,0.25,0.25
KRT,2026-01-13,KRT-052,pivo,0.0,0.0
KRT,2026-01-13,KRT-053,pivo,0.0,0.0
KRT,2026-01-13,KRT-054,pivo,0.0,0.0
KRT,2026-01-13,KRT-055,pivo,0.0,0.0
KRT,2026-01-13,KRT-056,pivo,0.0,0.0
KRT,2026-01-13,KRT-057,pivo,0.0,0.0
KRT,2026-01-13,KRT-058,pivo,0.0,0.0
KRT,2026-01-13,KRT-059,pivo,0.0,0.0
KRT,2026-01-13,KRT-060,pivo,0.0,0.0
KRT,2026-01-13,KRT-061,pivo,0.0,0.0
KRT,2026-01-13,KRT-062,pivo,0.0,0.0
KRT,2026-01-13,KRT-063,pivo,0.0,0.0
KRT,2026-01-13,KRT-064,pivo,0.0,0.0
KRT,2026-01-13,KRT-065,pivo,0.0,0.0
KRT,2026-01-13,KRT-066,pivo,0.0,0.0
KRT,2026-01-13,KRT-067,pivo,0.0,0.0
KRT,2026-01-13,KRT-068,pivo,0.0,0.0
KRT,2026-01-13,KRT-069,pivo,0.0,0.0
KRT,2026-01-13,KRT-070,pivo,0.0,0.0
KRT,2026-01-13,KRT-071,pivo,0.0,0.0
KRT,2026-01-13,KRT-072,pivo,0.19,0.19
KRT,2026-01-13,KRT-073,pivo,1.02,1.02
KRT,2026-01-13,KRT-074,pivo,0.25,0.25
KRT,2026-01-12,KRT-001,pivo,44.2,44.2
KRT,2026-01-12,KRT-001B,pivo_secundario,58.67,58.67
KRT,2026-01-12,KRT-002,pivo,37.83,37.83
KRT,2026-01-12,KRT-002B,pivo_secundario,8.21,8.21
KRT,2026-01-12,KRT-003,pivo,38.61,38.61
KRT,2026-01-12,KRT-004,pivo,30.73,30.73
KRT,2026-01-12,KRT-004B,pivo_secundario,0.0,0.0
KRT,2026-01-12,KRT-005,pivo,42.0,42.0
KRT,2026-01-12,KRT-006B,pivo_secundario,0.0,0.0
KRT,2026-01-12,KRT-006,pivo,45.0,45.0
KRT,2026-01-12,KRT-007B,pivo_secundario,46.2,46.2
KRT,2026-01-12,KRT-007,pivo,44.96,44.96
KRT,2026-01-12,KRT-008,pivo,48.01,48.01
KRT,2026-01-12,KRT-009,pivo,34.54,34.54
KRT,2026-01-12,KRT-010,pivo,40.64,40.64
KRT,2026-01-12,KRT-011,pivo,33.27,33.27
KRT,2026-01-12,KRT-012,pivo,34.34,34.34
KRT,2026-01-12,KRT-013,pivo,30.99,30.99
KRT,2026-01-12,KRT-014,pivo,34.04,34.04
KRT,2026-01-12,KRT-015,pivo,41.66,41.66
KRT,2026-01-12,KRT-016,pivo,43.43,43.43
KRT,2026-01-12,KRT-017,pivo,53.09,53.09
KRT,2026-01-12,KRT-018,pivo,48.25,48.25
KRT,2026-01-12,KRT-019,pivo,41.91,41.91
KRT,2026-01-12,KRT-020,pivo,50.55,50.55
KRT,2026-01-12,KRT-021,pivo,41.66,41.66
KRT,2026-01-12,KRT-022,pivo,52.07,52.07
KRT,2026-01-12,KRT-023,pivo,38.86,38.86
KRT,2026-01-12,KRT-024,pivo,44.7,44.7
KRT,2026-01-12,KRT-025,pivo,37.08,37.08
KRT,2026-01-12,KRT-026,pivo,49.49,49.49
KRT,2026-01-12,KRT-027,pivo,49.43,49.43
KRT,2026-01-12,KRT-028,pivo,44.45,44.45
KRT,2026-01-12,KRT-029,pivo,77.22,77.22
KRT,2026-01-12,KRT-030,pivo,40.64,40.64
KRT,2026-01-12,KRT-031,pivo,52.12,52.12
KRT,2026-01-12,KRT-032,pivo,52.32,52.32
KRT,2026-01-12,KRT-033,pivo,63.5,63.5
KRT,2026-01-12,KRT-034,pivo,59.69,59.69
KRT,2026-01-12,KRT-035,pivo,40.39,40.39
KRT,2026-01-12,KRT-036,pivo,32.26,32.26
KRT,2026-01-12,KRT-037,pivo,41.66,41.66
KRT,2026-01-12,KRT-038,pivo,29.21,29.21
KRT,2026-01-12,KRT-039,pivo,31.24,31.24
KRT,2026-01-12,KRT-040,pivo,23.11,23.11
KRT,2026-01-12,KRT-041,pivo,42.53,42.53
KRT,2026-01-12,KRT-042,pivo,44.7,44.7
KRT,2026-01-12,KRT-043,pivo,39.62,39.62
KRT,2026-01-12,KRT-044,pivo,43.43,43.43
KRT,2026-01-12,KRT-045,pivo,35.2,35.2
KRT,2026-01-12,KRT-046,pivo,28.7,28.7
KRT,2026-01-12,KRT-047,pivo,31.5,31.5
KRT,2026-01-12,KRT-048,pivo,34.39,34.39
KRT,2026-01-12,KRT-049,pivo,37.08,37.08
KRT,2026-01-12,KRT-050,pivo,34.8,34.8
KRT,2026-01-12,KRT-051,pivo,35.05,35.05
KRT,2026-01-12,KRT-052,pivo,42.93,42.93
KRT,2026-01-12,KRT-053,pivo,40.99,40.99
KRT,2026-01-12,KRT-054,pivo,31.06,31.06
KRT,2026-01-12,KRT-055,pivo,36.07,36.07
KRT,2026-01-12,KRT-056,pivo,23.88,23.88
KRT,2026-01-12,KRT-057,pivo,18.98,18.98
KRT,2026-01-12,KRT-058,pivo,31.05,31.05
KRT,2026-01-12,KRT-059,pivo,19.05,19.05
KRT,2026-01-12,KRT-060,pivo,17.66,17.66
KRT,2026-01-12,KRT-061,pivo,14.48,14.48
KRT,2026-01-12,KRT-062,pivo,17.88,17.88
KRT,2026-01-12,KRT-063,pivo,48.3,48.3
KRT,2026-01-12,KRT-064,pivo,40.5,40.5
KRT,2026-01-12,KRT-065,pivo,37.2,37.2
KRT,2026-01-12,KRT-066,pivo,22.86,22.86
KRT,2026-01-12,KRT-067,pivo,29.46,29.46
KRT,2026-01-12,KRT-068,pivo,26.02,26.02
KRT,2026-01-12,KRT-069,pivo,31.6,31.6
KRT,2026-01-12,KRT-070,pivo,26.0,26.0
KRT,2026-01-12,KRT-071,pivo,27.03,27.03
KRT,2026-01-12,KRT-072,pivo,29.83,29.83
KRT,2026-01-12,KRT-073,pivo,36.07,36.07
KRT,2026-01-12,KRT-074,pivo,34.04,34.04
KRT,2026-01-11,KRT-001,pivo,0.0,0.0
KRT,2026-01-11,KRT-001B,pivo_secundario,0.0,0.0
KRT,2026-01-11,KRT-002,pivo,0.25,0.25
KRT,2026-01-11,KRT-002B,pivo_secundario,0.0,0.0
KRT,2026-01-11,KRT-003,pivo,0.0,0.0
KRT,2026-01-11,KRT-004,pivo,0.0,0.0
KRT,2026-01-11,KRT-004B,pivo_secundario,0.0,0.0
KRT,2026-01-11,KRT-005,pivo,0.0,0.0
KRT,2026-01-11,KRT-006B,pivo_secundario,0.0,0.0
KRT,2026-01-11,KRT-006,pivo,0.0,0.0
KRT,2026-01-11,KRT-007B,pivo_secundario,0.0,0.0
KRT,2026-01-11,KRT-007,pivo,0.0,0.0
KRT,2026-01-11,KRT-008,pivo,0.0,0.0
KRT,2026-01-11,KRT-009,pivo,0.0,0.0
KRT,2026-01-11,KRT-010,pivo,0.0,0.0
KRT,2026-01-11,KRT-011,pivo,0.25,0.25
KRT,2026-01-11,KRT-012,pivo,0.0,0.0
KRT,2026-01-11,KRT-013,pivo,0.0,0.0
KRT,2026-01-11,KRT-014,pivo,0.0,0.0
KRT,2026-01-11,KRT-015,pivo,0.0,0.0
KRT,2026-01-11,KRT-016,pivo,0.0,0.0
KRT,2026-01-11,KRT-017,pivo,0.0,0.0
KRT,2026-01-11,KRT-018,pivo,0.0,0.0
KRT,2026-01-11,KRT-019,pivo,0.0,0.0
KRT,2026-01-11,KRT-020,pivo,0.0,0.0
KRT,2026-01-11,KRT-021,pivo,0.0,0.0
KRT,2026-01-11,KRT-022,pivo,0.0,0.0
KRT,2026-01-11,KRT-023,pivo,0.0,0.0
KRT,2026-01-11,KRT-024,pivo,0.0,0.0
KRT,2026-01-11,KRT-025,pivo,0.0,0.0
KRT,2026-01-11,KRT-026,pivo,0.0,0.0
KRT,2026-01-11,KRT-027,pivo,0.0,0.0
KRT,2026-01-11,KRT-028,pivo,0.0,0.0
KRT,2026-01-11,KRT-029,pivo,0.76,0.76
KRT,2026-01-11,KRT-030,pivo,0.0,0.0
KRT,2026-01-11,KRT-031,pivo,0.0,0.0
KRT,2026-01-11,KRT-032,pivo,0.0,0.0
KRT,2026-01-11,KRT-033,pivo,0.0,0.0
KRT,2026-01-11,KRT-034,pivo,0.0,0.0
KRT,2026-01-11,KRT-035,pivo,0.0,0.0
KRT,2026-01-11,KRT-036,pivo,0.0,0.0
KRT,2026-01-11,KRT-037,pivo,0.0,0.0
KRT,2026-01-11,KRT-038,pivo,0.0,0.0
KRT,2026-01-11,KRT-039,pivo,0.0,0.0
KRT,2026-01-11,KRT-040,pivo,0.25,0.25
KRT,2026-01-11,KRT-041,pivo,0.0,0.0
KRT,2026-01-11,KRT-042,pivo,0.0,0.0
KRT,2026-01-11,KRT-043,pivo,0.0,0.0
KRT,2026-01-11,KRT-044,pivo,0.0,0.0
KRT,2026-01-11,KRT-045,pivo,0.0,0.0
KRT,2026-01-11,KRT-046,pivo,0.0,0.0
KRT,2026-01-11,KRT-047,pivo,0.0,0.0
KRT,2026-01-11,KRT-048,pivo,0.0,0.0
KRT,2026-01-11,KRT-049,pivo,0.0,0.0
KRT,2026-01-11,KRT-050,pivo,0.0,0.0
KRT,2026-01-11,KRT-051,pivo,0.0,0.0
KRT,2026-01-11,KRT-052,pivo,0.51,0.51
KRT,2026-01-11,KRT-053,pivo,0.51,0.51
KRT,2026-01-11,KRT-054,pivo,0.0,0.0
KRT,2026-01-11,KRT-055,pivo,0.0,0.0
KRT,2026-01-11,KRT-056,pivo,0.0,0.0
KRT,2026-01-11,KRT-057,pivo,0.0,0.0
KRT,2026-01-11,KRT-058,pivo,0.0,0.0
KRT,2026-01-11,KRT-059,pivo,0.0,0.0
KRT,2026-01-11,KRT-060,pivo,0.0,0.0
KRT,2026-01-11,KRT-061,pivo,0.0,0.0
KRT,2026-01-11,KRT-062,pivo,0.0,0.0
KRT,2026-01-11,KRT-063,pivo,0.0,0.0
KRT,2026-01-11,KRT-064,pivo,0.0,0.0
KRT,2026-01-11,KRT-065,pivo,0.0,0.0
KRT,2026-01-11,KRT-066,pivo,0.0,0.0
KRT,2026-01-11,KRT-067,pivo,0.0,0.0
KRT,2026-01-11,KRT-068,pivo,0.0,0.0
KRT,2026-01-11,KRT-069,pivo,0.0,0.0
KRT,2026-01-11,KRT-070,pivo,0.0,0.0
KRT,2026-01-11,KRT-071,pivo,0.0,0.0
KRT,2026-01-11,KRT-072,pivo,0.0,0.0
KRT,2026-01-11,KRT-073,pivo,0.0,0.0
KRT,2026-01-11,KRT-074,pivo,0.0,0.0
KRT,2026-01-10,KRT-001,pivo,0.0,0.0
KRT,2026-01-10,KRT-001B,pivo_secundario,0.0,0.0
KRT,2026-01-10,KRT-002,pivo,0.0,0.0
KRT,2026-01-10,KRT-002B,pivo_secundario,0.0,0.0
KRT,2026-01-10,KRT-003,pivo,0.0,0.0
KRT,2026-01-10,KRT-004,pivo,0.0,0.0
KRT,2026-01-10,KRT-004B,pivo_secundario,0.0,0.0
KRT,2026-01-10,KRT-005,pivo,0.0,0.0
KRT,2026-01-10,KRT-006B,pivo_secundario,0.0,0.0
KRT,2026-01-10,KRT-006,pivo,0.0,0.0
KRT,2026-01-10,KRT-007B,pivo_secundario,0.0,0.0
KRT,2026-01-10,KRT-007,pivo,0.0,0.0
KRT,2026-01-10,KRT-008,pivo,0.0,0.0
KRT,2026-01-10,KRT-009,pivo,0.0,0.0
KRT,2026-01-10,KRT-010,pivo,0.0,0.0
KRT,2026-01-10,KRT-011,pivo,0.0,0.0
KRT,2026-01-10,KRT-012,pivo,0.0,0.0
KRT,2026-01-10,KRT-013,pivo,0.25,0.25
KRT,2026-01-10,KRT-014,pivo,0.0,0.0
KRT,2026-01-10,KRT-015,pivo,0.25,0.25
KRT,2026-01-10,KRT-016,pivo,0.0,0.0
KRT,2026-01-10,KRT-017,pivo,0.0,0.0
KRT,2026-01-10,KRT-018,pivo,0.0,0.0
KRT,2026-01-10,KRT-019,pivo,0.0,0.0
KRT,2026-01-10,KRT-020,pivo,0.0,0.0
KRT,2026-01-10,KRT-021,pivo,0.0,0.0
KRT,2026-01-10,KRT-022,pivo,0.0,0.0
KRT,2026-01-10,KRT-023,pivo,0.0,0.0
KRT,2026-01-10,KRT-024,pivo,0.0,0.0
KRT,2026-01-10,KRT-025,pivo,0.0,0.0
KRT,2026-01-10,KRT-026,pivo,0.0,0.0
KRT,2026-01-10,KRT-027,pivo,0.0,0.0
KRT,2026-01-10,KRT-028,pivo,0.0,0.0
KRT,2026-01-10,KRT-029,pivo,0.0,0.0
KRT,2026-01-10,KRT-030,pivo,0.0,0.0
KRT,2026-01-10,KRT-031,pivo,0.0,0.0
KRT,2026-01-10,KRT-032,pivo,0.0,0.0
KRT,2026-01-10,KRT-033,pivo,0.0,0.0
KRT,2026-01-10,KRT-034,pivo,0.0,0.0
KRT,2026-01-10,KRT-035,pivo,0.0,0.0
KRT,2026-01-10,KRT-036,pivo,0.0,0.0
KRT,2026-01-10,KRT-037,pivo,0.0,0.0
KRT,2026-01-10,KRT-038,pivo,0.0,0.0
KRT,2026-01-10,KRT-039,pivo,0.0,0.0
KRT,2026-01-10,KRT-040,pivo,0.0,0.0
KRT,2026-01-10,KRT-041,pivo,0.0,0.0
KRT,2026-01-10,KRT-042,pivo,0.0,0.0
KRT,2026-01-10,KRT-043,pivo,0.0,0.0
KRT,2026-01-10,KRT-044,pivo,0.0,0.0
KRT,2026-01-10,KRT-045,pivo,0.0,0.0
KRT,2026-01-10,KRT-046,pivo,0.0,0.0
KRT,2026-01-10,KRT-047,pivo,0.0,0.0
KRT,2026-01-10,KRT-048,pivo,0.0,0.0
KRT,2026-01-10,KRT-049,pivo,0.0,0.0
KRT,2026-01-10,KRT-050,pivo,0.0,0.0
KRT,2026-01-10,KRT-051,pivo,0.0,0.0
KRT,2026-01-10,KRT-052,pivo,0.0,0.0
KRT,2026-01-10,KRT-053,pivo,0.0,0.0
KRT,2026-01-10,KRT-054,pivo,0.0,0.0
KRT,2026-01-10,KRT-055,pivo,0.0,0.0
KRT,2026-01-10,KRT-056,pivo,0.0,0.0
KRT,2026-01-10,KRT-057,pivo,0.0,0.0
KRT,2026-01-10,KRT-058,pivo,0.0,0.0
KRT,2026-01-10,KRT-059,pivo,0.0,0.0
KRT,2026-01-10,KRT-060,pivo,0.0,0.0
KRT,2026-01-10,KRT-061,pivo,0.0,0.0
KRT,2026-01-10,KRT-062,pivo,0.0,0.0
KRT,2026-01-10,KRT-063,pivo,0.0,0.0
KRT,2026-01-10,KRT-064,pivo,0.0,0.0
KRT,2026-01-10,KRT-065,pivo,0.0,0.0
KRT,2026-01-10,KRT-066,pivo,0.0,0.0
KRT,2026-01-10,KRT-067,pivo,0.0,0.0
KRT,2026-01-10,KRT-068,pivo,0.0,0.0
KRT,2026-01-10,KRT-069,pivo,0.0,0.0
KRT,2026-01-10,KRT-070,pivo,0.0,0.0
KRT,2026-01-10,KRT-071,pivo,0.0,0.0
KRT,2026-01-10,KRT-072,pivo,0.0,0.0
KRT,2026-01-10,KRT-073,pivo,0.0,0.0
KRT,2026-01-10,KRT-074,pivo,0.0,0.0
KRT,2026-01-09,KRT-001,pivo,3.3,3.3
KRT,2026-01-09,KRT-001B,pivo_secundario,1.15,1.15
KRT,2026-01-09,KRT-002,pivo,0.0,0.0
KRT,2026-01-09,KRT-002B,pivo_secundario,0.23,0.23
KRT,2026-01-09,KRT-003,pivo,1.52,1.52
KRT,2026-01-09,KRT-004,pivo,3.81,3.81
KRT,2026-01-09,KRT-004B,pivo_secundario,0.0,0.0
KRT,2026-01-09,KRT-005,pivo,2.28,2.28
KRT,2026-01-09,KRT-006B,pivo_secundario,5.79,5.79
KRT,2026-01-09,KRT-006,pivo,2.48,2.48
KRT,2026-01-09,KRT-007B,pivo_secundario,0.26,0.26
KRT,2026-01-09,KRT-007,pivo,3.81,3.81
KRT,2026-01-09,KRT-008,pivo,2.03,2.03
KRT,2026-01-09,KRT-009,pivo,3.3,3.3
KRT,2026-01-09,KRT-010,pivo,3.05,3.05
KRT,2026-01-09,KRT-011,pivo,7.11,7.11
KRT,2026-01-09,KRT-012,pivo,9.4,9.4
KRT,2026-01-09,KRT-013,pivo,12.95,12.95
KRT,2026-01-09,KRT-014,pivo,11.18,11.18
KRT,2026-01-09,KRT-015,pivo,2.54,2.54
KRT,2026-01-09,KRT-016,pivo,5.4,5.4
KRT,2026-01-09,KRT-017,pivo,3.05,3.05
KRT,2026-01-09,KRT-018,pivo,4.68,4.68
KRT,2026-01-09,KRT-019,pivo,9.4,9.4
KRT,2026-01-09,KRT-020,pivo,5.59,5.59
KRT,2026-01-09,KRT-021,pivo,11.43,11.43
KRT,2026-01-09,KRT-022,pivo,8.29,8.29
KRT,2026-01-09,KRT-023,pivo,11.68,11.68
KRT,2026-01-09,KRT-024,pivo,6.35,6.35
KRT,2026-01-09,KRT-025,pivo,5.59,5.59
KRT,2026-01-09,KRT-026,pivo,8.16,8.16
KRT,2026-01-09,KRT-027,pivo,9.49,9.49
KRT,2026-01-09,KRT-028,pivo,0.51,0.51
KRT,2026-01-09,KRT-029,pivo,0.76,0.76
KRT,2026-01-09,KRT-030,pivo,0.0,0.0
KRT,2026-01-09,KRT-031,pivo,0.0,0.0
KRT,2026-01-09,KRT-032,pivo,0.0,0.0
KRT,2026-01-09,KRT-033,pivo,0.0,0.0
KRT,2026-01-09,KRT-034,pivo,0.0,0.0
KRT,2026-01-09,KRT-035,pivo,1.52,1.52
KRT,2026-01-09,KRT-036,pivo,3.81,3.81
KRT,2026-01-09,KRT-037,pivo,1.78,1.78
KRT,2026-01-09,KRT-038,pivo,3.05,3.05
KRT,2026-01-09,KRT-039,pivo,7.87,7.87
KRT,2026-01-09,KRT-040,pivo,0.0,0.0
KRT,2026-01-09,KRT-041,pivo,0.0,0.0
KRT,2026-01-09,KRT-042,pivo,2.79,2.79
KRT,2026-01-09,KRT-043,pivo,1.52,1.52
KRT,2026-01-09,KRT-044,pivo,0.0,0.0
KRT,2026-01-09,KRT-045,pivo,5.9,5.9
KRT,2026-01-09,KRT-046,pivo,1.27,1.27
KRT,2026-01-09,KRT-047,pivo,0.0,0.0
KRT,2026-01-09,KRT-048,pivo,0.0,0.0
KRT,2026-01-09,KRT-049,pivo,0.0,0.0
KRT,2026-01-09,KRT-050,pivo,0.0,0.0
KRT,2026-01-09,KRT-051,pivo,0.0,0.0
KRT,2026-01-09,KRT-052,pivo,0.76,0.76
KRT,2026-01-09,KRT-053,pivo,0.0,0.0
KRT,2026-01-09,KRT-054,pivo,0.0,0.0
KRT,2026-01-09,KRT-055,pivo,0.0,0.0
KRT,2026-01-09,KRT-056,pivo,0.0,0.0
KRT,2026-01-09,KRT-057,pivo,0.0,0.0
KRT,2026-01-09,KRT-058,pivo,0.0,0.0
KRT,2026-01-09,KRT-059,pivo,0.0,0.0
KRT,2026-01-09,KRT-060,pivo,0.0,0.0
KRT,2026-01-09,KRT-061,pivo,0.0,0.0
KRT,2026-01-09,KRT-062,pivo,0.0,0.0
KRT,2026-01-09,KRT-063,pivo,0.9,0.9
KRT,2026-01-09,KRT-064,pivo,0.9,0.9
KRT,2026-01-09,KRT-065,pivo,0.0,0.0
KRT,2026-01-09,KRT-066,pivo,0.0,0.0
KRT,2026-01-09,KRT-067,pivo,0.0,0.0
KRT,2026-01-09,KRT-068,pivo,0.0,0.0
KRT,2026-01-09,KRT-069,pivo,0.0,0.0
KRT,2026-01-09,KRT-070,pivo,0.0,0.0
KRT,2026-01-09,KRT-071,pivo,0.0,0.0
KRT,2026-01-09,KRT-072,pivo,0.0,0.0
KRT,2026-01-09,KRT-073,pivo,8.13,8.13
KRT,2026-01-09,KRT-074,pivo,4.06,4.06
KRT,2026-01-08,KRT-001,pivo,0.0,0.0
KRT,2026-01-08,KRT-001B,pivo_secundario,0.0,0.0
KRT,2026-01-08,KRT-002,pivo,0.0,0.0
KRT,2026-01-08,KRT-002B,pivo_secundario,0.0,0.0
KRT,2026-01-08,KRT-003,pivo,0.0,0.0
KRT,2026-01-08,KRT-004,pivo,0.0,0.0
KRT,2026-01-08,KRT-004B,pivo_secundario,0.0,0.0
KRT,2026-01-08,KRT-005,pivo,0.0,0.0
KRT,2026-01-08,KRT-006B,pivo_secundario,0.0,0.0
KRT,2026-01-08,KRT-006,pivo,0.0,0.0
KRT,2026-01-08,KRT-007B,pivo_secundario,0.0,0.0
KRT,2026-01-08,KRT-007,pivo,0.0,0.0
KRT,2026-01-08,KRT-008,pivo,0.0,0.0
KRT,2026-01-08,KRT-009,pivo,0.0,0.0
KRT,2026-01-08,KRT-010,pivo,0.0,0.0
KRT,2026-01-08,KRT-011,pivo,0.0,0.0
KRT,2026-01-08,KRT-012,pivo,0.0,0.0
KRT,2026-01-08,KRT-013,pivo,0.0,0.0
KRT,2026-01-08,KRT-014,pivo,0.25,0.25
KRT,2026-01-08,KRT-015,pivo,0.0,0.0
KRT,2026-01-08,KRT-016,pivo,0.0,0.0
KRT,2026-01-08,KRT-017,pivo,0.0,0.0
KRT,2026-01-08,KRT-018,pivo,0.0,0.0
KRT,2026-01-08,KRT-019,pivo,0.0,0.0
KRT,2026-01-08,KRT-020,pivo,0.0,0.0
KRT,2026-01-08,KRT-021,pivo,0.0,0.0
KRT,2026-01-08,KRT-022,pivo,0.0,0.0
KRT,2026-01-08,KRT-023,pivo,0.0,0.0
KRT,2026-01-08,KRT-024,pivo,0.0,0.0
KRT,2026-01-08,KRT-025,pivo,0.0,0.0
KRT,2026-01-08,KRT-026,pivo,0.0,0.0
KRT,2026-01-08,KRT-027,pivo,0.0,0.0
KRT,2026-01-08,KRT-028,pivo,0.0,0.0
KRT,2026-01-08,KRT-029,pivo,0.0,0.0
KRT,2026-01-08,KRT-030,pivo,0.0,0.0
KRT,2026-01-08,KRT-031,pivo,0.0,0.0
KRT,2026-01-08,KRT-032,pivo,0.0,0.0
KRT,2026-01-08,KRT-033,pivo,0.0,0.0
KRT,2026-01-08,KRT-034,pivo,0.0,0.0
KRT,2026-01-08,KRT-035,pivo,0.0,0.0
KRT,2026-01-08,KRT-036,pivo,0.0,0.0
KRT,2026-01-08,KRT-037,pivo,0.0,0.0
KRT,2026-01-08,KRT-038,pivo,0.0,0.0
KRT,2026-01-08,KRT-039,pivo,0.0,0.0
KRT,2026-01-08,KRT-040,pivo,0.0,0.0
KRT,2026-01-08,KRT-041,pivo,0.0,0.0
KRT,2026-01-08,KRT-042,pivo,0.0,0.0
KRT,2026-01-08,KRT-043,pivo,0.0,0.0
KRT,2026-01-08,KRT-044,pivo,0.0,0.0
KRT,2026-01-08,KRT-045,pivo,0.0,0.0
KRT,2026-01-08,KRT-046,pivo,0.0,0.0
KRT,2026-01-08,KRT-047,pivo,0.0,0.0
KRT,2026-01-08,KRT-048,pivo,0.0,0.0
KRT,2026-01-08,KRT-049,pivo,0.0,0.0
KRT,2026-01-08,KRT-050,pivo,0.0,0.0
KRT,2026-01-08,KRT-051,pivo,0.0,0.0
KRT,2026-01-08,KRT-052,pivo,0.0,0.0
KRT,2026-01-08,KRT-053,pivo,0.25,0.25
KRT,2026-01-08,KRT-054,pivo,0.0,0.0
KRT,2026-01-08,KRT-055,pivo,0.0,0.0
KRT,2026-01-08,KRT-056,pivo,0.0,0.0
KRT,2026-01-08,KRT-057,pivo,0.0,0.0
KRT,2026-01-08,KRT-058,pivo,0.0,0.0
KRT,2026-01-08,KRT-059,pivo,0.0,0.0
KRT,2026-01-08,KRT-060,pivo,0.51,0.51
KRT,2026-01-08,KRT-061,pivo,0.0,0.0
KRT,2026-01-08,KRT-062,pivo,0.0,0.0
KRT,2026-01-08,KRT-063,pivo,0.0,0.0
KRT,2026-01-08,KRT-064,pivo,0.0,0.0
KRT,2026-01-08,KRT-065,pivo,0.0,0.0
KRT,2026-01-08,KRT-066,pivo,0.0,0.0
KRT,2026-01-08,KRT-067,pivo,0.0,0.0
KRT,2026-01-08,KRT-068,pivo,0.0,0.0
KRT,2026-01-08,KRT-069,pivo,0.0,0.0
KRT,2026-01-08,KRT-070,pivo,0.0,0.0
KRT,2026-01-08,KRT-071,pivo,0.0,0.0
KRT,2026-01-08,KRT-072,pivo,0.0,0.0
KRT,2026-01-08,KRT-073,pivo,0.0,0.0
KRT,2026-01-08,KRT-074,pivo,0.0,0.0
KRT,2026-01-07,KRT-001,pivo,3.3,3.3
KRT,2026-01-07,KRT-001B,pivo_secundario,0.46,0.46
KRT,2026-01-07,KRT-002,pivo,0.0,0.0
KRT,2026-01-07,KRT-002B,pivo_secundario,0.46,0.46
KRT,2026-01-07,KRT-003,pivo,1.52,1.52
KRT,2026-01-07,KRT-004,pivo,0.25,0.25
KRT,2026-01-07,KRT-004B,pivo_secundario,0.0,0.0
KRT,2026-01-07,KRT-005,pivo,0.5,0.5
KRT,2026-01-07,KRT-006B,pivo_secundario,0.0,0.0
KRT,2026-01-07,KRT-006,pivo,0.0,0.0
KRT,2026-01-07,KRT-007B,pivo_secundario,0.26,0.26
KRT,2026-01-07,KRT-007,pivo,0.25,0.25
KRT,2026-01-07,KRT-008,pivo,0.25,0.25
KRT,2026-01-07,KRT-009,pivo,0.25,0.25
KRT,2026-01-07,KRT-010,pivo,0.51,0.51
KRT,2026-01-07,KRT-011,pivo,0.51,0.51
KRT,2026-01-07,KRT-012,pivo,0.25,0.25
KRT,2026-01-07,KRT-013,pivo,0.51,0.51
KRT,2026-01-07,KRT-014,pivo,0.51,0.51
KRT,2026-01-07,KRT-015,pivo,0.76,0.76
KRT,2026-01-07,KRT-016,pivo,0.0,0.0
KRT,2026-01-07,KRT-017,pivo,0.76,0.76
KRT,2026-01-07,KRT-018,pivo,0.0,0.0
KRT,2026-01-07,KRT-019,pivo,0.76,0.76
KRT,2026-01-07,KRT-020,pivo,0.0,0.0
KRT,2026-01-07,KRT-021,pivo,0.25,0.25
KRT,2026-01-07,KRT-022,pivo,0.0,0.0
KRT,2026-01-07,KRT-023,pivo,0.0,0.0
KRT,2026-01-07,KRT-024,pivo,0.0,0.0
KRT,2026-01-07,KRT-025,pivo,0.25,0.25
KRT,2026-01-07,KRT-026,pivo,0.0,0.0
KRT,2026-01-07,KRT-027,pivo,0.0,0.0
KRT,2026-01-07,KRT-028,pivo,0.25,0.25
KRT,2026-01-07,KRT-029,pivo,0.0,0.0
KRT,2026-01-07,KRT-030,pivo,0.25,0.25
KRT,2026-01-07,KRT-031,pivo,0.0,0.0
KRT,2026-01-07,KRT-032,pivo,0.0,0.0
KRT,2026-01-07,KRT-033,pivo,0.0,0.0
KRT,2026-01-07,KRT-034,pivo,0.0,0.0
KRT,2026-01-07,KRT-035,pivo,1.52,1.52
KRT,2026-01-07,KRT-036,pivo,0.25,0.25
KRT,2026-01-07,KRT-037,pivo,4.57,4.57
KRT,2026-01-07,KRT-038,pivo,1.02,1.02
KRT,2026-01-07,KRT-039,pivo,0.76,0.76
KRT,2026-01-07,KRT-040,pivo,0.51,0.51
KRT,2026-01-07,KRT-041,pivo,0.0,0.0
KRT,2026-01-07,KRT-042,pivo,0.25,0.25
KRT,2026-01-07,KRT-043,pivo,1.52,1.52
KRT,2026-01-07,KRT-044,pivo,0.25,0.25
KRT,2026-01-07,KRT-045,pivo,0.0,0.0
KRT,2026-01-07,KRT-046,pivo,0.51,0.51
KRT,2026-01-07,KRT-047,pivo,0.25,0.25
KRT,2026-01-07,KRT-048,pivo,0.0,0.0
KRT,2026-01-07,KRT-049,pivo,0.25,0.25
KRT,2026-01-07,KRT-050,pivo,0.25,0.25
KRT,2026-01-07,KRT-051,pivo,0.25,0.25
KRT,2026-01-07,KRT-052,pivo,0.25,0.25
KRT,2026-01-07,KRT-053,pivo,0.76,0.76
KRT,2026-01-07,KRT-054,pivo,0.0,0.0
KRT,2026-01-07,KRT-055,pivo,0.0,0.0
KRT,2026-01-07,KRT-056,pivo,0.25,0.25
KRT,2026-01-07,KRT-057,pivo,0.0,0.0
KRT,2026-01-07,KRT-058,pivo,0.25,0.25
KRT,2026-01-07,KRT-059,pivo,0.25,0.25
KRT,2026-01-07,KRT-060,pivo,0.51,0.51
KRT,2026-01-07,KRT-061,pivo,0.51,0.51
KRT,2026-01-07,KRT-062,pivo,0.0,0.0
KRT,2026-01-07,KRT-063,pivo,0.6,0.6
KRT,2026-01-07,KRT-064,pivo,0.6,0.6
KRT,2026-01-07,KRT-065,pivo,0.6,0.6
KRT,2026-01-07,KRT-066,pivo,0.0,0.0
KRT,2026-01-07,KRT-067,pivo,0.25,0.25
KRT,2026-01-07,KRT-068,pivo,0.0,0.0
KRT,2026-01-07,KRT-069,pivo,0.0,0.0
KRT,2026-01-07,KRT-070,pivo,0.59,0.59
KRT,2026-01-07,KRT-071,pivo,0.0,0.0
KRT,2026-01-07,KRT-072,pivo,0.57,0.57
KRT,2026-01-07,KRT-073,pivo,0.0,0.0
KRT,2026-01-07,KRT-074,pivo,0.0,0.0
KRT,2026-01-06,KRT-001,pivo,21.59,21.59
KRT,2026-01-06,KRT-001B,pivo_secundario,22.64,22.64
KRT,2026-01-06,KRT-002,pivo,19.9,19.9
KRT,2026-01-06,KRT-002B,pivo_secundario,13.0,13.0
KRT,2026-01-06,KRT-003,pivo,17.53,17.53
KRT,2026-01-06,KRT-004,pivo,20.83,20.83
KRT,2026-01-06,KRT-004B,pivo_secundario,0.0,0.0
KRT,2026-01-06,KRT-005,pivo,30.5,30.5
KRT,2026-01-06,KRT-006B,pivo_secundario,0.0,0.0
KRT,2026-01-06,KRT-006,pivo,26.56,26.56
KRT,2026-01-06,KRT-007B,pivo_secundario,27.93,27.93
KRT,2026-01-06,KRT-007,pivo,24.64,24.64
KRT,2026-01-06,KRT-008,pivo,24.64,24.64
KRT,2026-01-06,KRT-009,pivo,25.15,25.15
KRT,2026-01-06,KRT-010,pivo,24.89,24.89
KRT,2026-01-06,KRT-011,pivo,26.42,26.42
KRT,2026-01-06,KRT-012,pivo,18.03,18.03
KRT,2026-01-06,KRT-013,pivo,30.73,30.73
KRT,2026-01-06,KRT-014,pivo,27.69,27.69
KRT,2026-01-06,KRT-015,pivo,30.73,30.73
KRT,2026-01-06,KRT-016,pivo,27.86,27.86
KRT,2026-01-06,KRT-017,pivo,26.16,26.16
KRT,2026-01-06,KRT-018,pivo,27.86,27.86
KRT,2026-01-06,KRT-019,pivo,23.88,23.88
KRT,2026-01-06,KRT-020,pivo,26.67,26.67
KRT,2026-01-06,KRT-021,pivo,24.38,24.38
KRT,2026-01-06,KRT-022,pivo,24.89,24.89
KRT,2026-01-06,KRT-023,pivo,34.29,34.29
KRT,2026-01-06,KRT-024,pivo,26.16,26.16
KRT,2026-01-06,KRT-025,pivo,28.45,28.45
KRT,2026-01-06,KRT-026,pivo,30.74,30.74
KRT,2026-01-06,KRT-027,pivo,30.74,30.74
KRT,2026-01-06,KRT-028,pivo,19.05,19.05
KRT,2026-01-06,KRT-029,pivo,36.07,36.07
KRT,2026-01-06,KRT-030,pivo,17.27,17.27
KRT,2026-01-06,KRT-031,pivo,17.44,17.44
KRT,2026-01-06,KRT-032,pivo,19.81,19.81
KRT,2026-01-06,KRT-033,pivo,17.02,17.02
KRT,2026-01-06,KRT-034,pivo,13.97,13.97
KRT,2026-01-06,KRT-035,pivo,24.89,24.89
KRT,2026-01-06,KRT-036,pivo,23.11,23.11
KRT,2026-01-06,KRT-037,pivo,25.15,25.15
KRT,2026-01-06,KRT-038,pivo,20.32,20.32
KRT,2026-01-06,KRT-039,pivo,21.84,21.84
KRT,2026-01-06,KRT-040,pivo,21.59,21.59
KRT,2026-01-06,KRT-041,pivo,18.83,18.83
KRT,2026-01-06,KRT-042,pivo,26.92,26.92
KRT,2026-01-06,KRT-043,pivo,23.88,23.88
KRT,2026-01-06,KRT-044,pivo,23.11,23.11
KRT,2026-01-06,KRT-045,pivo,19.7,19.7
KRT,2026-01-06,KRT-046,pivo,17.02,17.02
KRT,2026-01-06,KRT-047,pivo,25.65,25.65
KRT,2026-01-06,KRT-048,pivo,24.85,24.85
KRT,2026-01-06,KRT-049,pivo,26.42,26.42
KRT,2026-01-06,KRT-050,pivo,15.75,15.75
KRT,2026-01-06,KRT-051,pivo,19.56,19.56
KRT,2026-01-06,KRT-052,pivo,25.15,25.15
KRT,2026-01-06,KRT-053,pivo,18.1,18.1
KRT,2026-01-06,KRT-054,pivo,17.1,17.1
KRT,2026-01-06,KRT-055,pivo,16.26,16.26
KRT,2026-01-06,KRT-056,pivo,19.3,19.3
KRT,2026-01-06,KRT-057,pivo,17.18,17.18
KRT,2026-01-06,KRT-058,pivo,18.0,18.0
KRT,2026-01-06,KRT-059,pivo,21.08,21.08
KRT,2026-01-06,KRT-060,pivo,21.59,21.59
KRT,2026-01-06,KRT-061,pivo,17.17,17.17
KRT,2026-01-06,KRT-062,pivo,20.02,20.02
KRT,2026-01-06,KRT-063,pivo,18.9,18.9
KRT,2026-01-06,KRT-064,pivo,17.7,17.7
KRT,2026-01-06,KRT-065,pivo,18.9,18.9
KRT,2026-01-06,KRT-066,pivo,14.22,14.22
KRT,2026-01-06,KRT-067,pivo,22.1,22.1
KRT,2026-01-06,KRT-068,pivo,21.01,21.01
KRT,2026-01-06,KRT-069,pivo,28.03,28.03
KRT,2026-01-06,KRT-070,pivo,28.96,28.96
KRT,2026-01-06,KRT-071,pivo,26.06,26.06
KRT,2026-01-06,KRT-072,pivo,28.12,28.12
KRT,2026-01-06,KRT-073,pivo,16.26,16.26
KRT,2026-01-06,KRT-074,pivo,17.02,17.02
KRT,2026-01-05,KRT-001,pivo,0.0,0.0
KRT,2026-01-05,KRT-001B,pivo_secundario,0.0,0.0
KRT,2026-01-05,KRT-002,pivo,0.0,0.0
KRT,2026-01-05,KRT-002B,pivo_secundario,0.0,0.0
KRT,2026-01-05,KRT-003,pivo,0.0,0.0
KRT,2026-01-05,KRT-004,pivo,0.51,0.51
KRT,2026-01-05,KRT-004B,pivo_secundario,0.0,0.0
KRT,2026-01-05,KRT-005,pivo,1.0,1.0
KRT,2026-01-05,KRT-006B,pivo_secundario,0.0,0.0
KRT,2026-01-05,KRT-006,pivo,0.0,0.0
KRT,2026-01-05,KRT-007B,pivo_secundario,2.87,2.87
KRT,2026-01-05,KRT-007,pivo,1.27,1.27
KRT,2026-01-05,KRT-008,pivo,0.25,0.25
KRT,2026-01-05,KRT-009,pivo,0.76,0.76
KRT,2026-01-05,KRT-010,pivo,0.0,0.0
KRT,2026-01-05,KRT-011,pivo,0.0,0.0
KRT,2026-01-05,KRT-012,pivo,0.0,0.0
KRT,2026-01-05,KRT-013,pivo,0.0,0.0
KRT,2026-01-05,KRT-014,pivo,0.0,0.0
KRT,2026-01-05,KRT-015,pivo,0.0,0.0
KRT,2026-01-05,KRT-016,pivo,0.0,0.0
KRT,2026-01-05,KRT-017,pivo,0.0,0.0
KRT,2026-01-05,KRT-018,pivo,0.0,0.0
KRT,2026-01-05,KRT-019,pivo,0.0,0.0
KRT,2026-01-05,KRT-020,pivo,0.0,0.0
KRT,2026-01-05,KRT-021,pivo,0.0,0.0
KRT,2026-01-05,KRT-022,pivo,0.0,0.0
KRT,2026-01-05,KRT-023,pivo,0.0,0.0
KRT,2026-01-05,KRT-024,pivo,0.0,0.0
KRT,2026-01-05,KRT-025,pivo,0.0,0.0
KRT,2026-01-05,KRT-026,pivo,0.0,0.0
KRT,2026-01-05,KRT-027,pivo,0.0,0.0
KRT,2026-01-05,KRT-028,pivo,0.0,0.0
KRT,2026-01-05,KRT-029,pivo,0.25,0.25
KRT,2026-01-05,KRT-030,pivo,0.0,0.0
KRT,2026-01-05,KRT-031,pivo,0.0,0.0
KRT,2026-01-05,KRT-032,pivo,0.0,0.0
KRT,2026-01-05,KRT-033,pivo,0.0,0.0
KRT,2026-01-05,KRT-034,pivo,0.51,0.51
KRT,2026-01-05,KRT-035,pivo,0.25,0.25
KRT,2026-01-05,KRT-036,pivo,0.25,0.25
KRT,2026-01-05,KRT-037,pivo,0.51,0.51
KRT,2026-01-05,KRT-038,pivo,0.51,0.51
KRT,2026-01-05,KRT-039,pivo,0.51,0.51
KRT,2026-01-05,KRT-040,pivo,0.25,0.25
KRT,2026-01-05,KRT-041,pivo,0.0,0.0
KRT,2026-01-05,KRT-042,pivo,0.51,0.51
KRT,2026-01-05,KRT-043,pivo,0.76,0.76
KRT,2026-01-05,KRT-044,pivo,3.05,3.05
KRT,2026-01-05,KRT-045,pivo,0.0,0.0
KRT,2026-01-05,KRT-046,pivo,0.25,0.25
KRT,2026-01-05,KRT-047,pivo,0.25,0.25
KRT,2026-01-05,KRT-048,pivo,0.0,0.0
KRT,2026-01-05,KRT-049,pivo,0.76,0.76
KRT,2026-01-05,KRT-050,pivo,2.03,2.03
KRT,2026-01-05,KRT-051,pivo,1.52,1.52
KRT,2026-01-05,KRT-052,pivo,1.27,1.27
KRT,2026-01-05,KRT-053,pivo,5.33,5.33
KRT,2026-01-05,KRT-054,pivo,3.47,3.47
KRT,2026-01-05,KRT-055,pivo,0.0,0.0
KRT,2026-01-05,KRT-056,pivo,0.51,0.51
KRT,2026-01-05,KRT-057,pivo,0.0,0.0
KRT,2026-01-05,KRT-058,pivo,0.0,0.0
KRT,2026-01-05,KRT-059,pivo,0.0,0.0
KRT,2026-01-05,KRT-060,pivo,0.0,0.0
KRT,2026-01-05,KRT-061,pivo,0.0,0.0
KRT,2026-01-05,KRT-062,pivo,0.0,0.0
KRT,2026-01-05,KRT-063,pivo,0.6,0.6
KRT,2026-01-05,KRT-064,pivo,0.0,0.0
KRT,2026-01-05,KRT-065,pivo,0.0,0.0
KRT,2026-01-05,KRT-066,pivo,0.0,0.0
KRT,2026-01-05,KRT-067,pivo,0.0,0.0
KRT,2026-01-05,KRT-068,pivo,0.0,0.0
KRT,2026-01-05,KRT-069,pivo,0.0,0.0
KRT,2026-01-05,KRT-070,pivo,0.0,0.0
KRT,2026-01-05,KRT-071,pivo,0.0,0.0
KRT,2026-01-05,KRT-072,pivo,0.0,0.0
KRT,2026-01-05,KRT-073,pivo,0.0,0.0
KRT,2026-01-05,KRT-074,pivo,0.76,0.76
KRT,2026-01-04,KRT-001,pivo,0.0,0.0
KRT,2026-01-04,KRT-001B,pivo_secundario,0.0,0.0
KRT,2026-01-04,KRT-002,pivo,0.0,0.0
KRT,2026-01-04,KRT-002B,pivo_secundario,1.6,1.6
KRT,2026-01-04,KRT-003,pivo,0.0,0.0
KRT,2026-01-04,KRT-004,pivo,0.25,0.25
KRT,2026-01-04,KRT-004B,pivo_secundario,0.0,0.0
KRT,2026-01-04,KRT-005,pivo,0.0,0.0
KRT,2026-01-04,KRT-006B,pivo_secundario,0.0,0.0
KRT,2026-01-04,KRT-006,pivo,0.0,0.0
KRT,2026-01-04,KRT-007B,pivo_secundario,3.13,3.13
KRT,2026-01-04,KRT-007,pivo,0.0,0.0
KRT,2026-01-04,KRT-008,pivo,0.0,0.0
KRT,2026-01-04,KRT-009,pivo,0.0,0.0
KRT,2026-01-04,KRT-010,pivo,0.0,0.0
KRT,2026-01-04,KRT-011,pivo,0.0,0.0
KRT,2026-01-04,KRT-012,pivo,0.0,0.0
KRT,2026-01-04,KRT-013,pivo,0.0,0.0
KRT,2026-01-04,KRT-014,pivo,0.0,0.0
KRT,2026-01-04,KRT-015,pivo,0.0,0.0
KRT,2026-01-04,KRT-016,pivo,0.0,0.0
KRT,2026-01-04,KRT-017,pivo,0.0,0.0
KRT,2026-01-04,KRT-018,pivo,0.0,0.0
KRT,2026-01-04,KRT-019,pivo,0.0,0.0
KRT,2026-01-04,KRT-020,pivo,0.0,0.0
KRT,2026-01-04,KRT-021,pivo,0.0,0.0
KRT,2026-01-04,KRT-022,pivo,0.25,0.25
KRT,2026-01-04,KRT-023,pivo,0.25,0.25
KRT,2026-01-04,KRT-024,pivo,0.0,0.0
KRT,2026-01-04,KRT-025,pivo,0.0,0.0
KRT,2026-01-04,KRT-026,pivo,0.0,0.0
KRT,2026-01-04,KRT-027,pivo,0.0,0.0
KRT,2026-01-04,KRT-028,pivo,0.0,0.0
KRT,2026-01-04,KRT-029,pivo,0.25,0.25
KRT,2026-01-04,KRT-030,pivo,0.0,0.0
KRT,2026-01-04,KRT-031,pivo,0.0,0.0
KRT,2026-01-04,KRT-032,pivo,0.0,0.0
KRT,2026-01-04,KRT-033,pivo,0.0,0.0
KRT,2026-01-04,KRT-034,pivo,0.0,0.0
KRT,2026-01-04,KRT-035,pivo,0.0,0.0
KRT,2026-01-04,KRT-036,pivo,0.0,0.0
KRT,2026-01-04,KRT-037,pivo,0.25,0.25
KRT,2026-01-04,KRT-038,pivo,0.0,0.0
KRT,2026-01-04,KRT-039,pivo,0.0,0.0
KRT,2026-01-04,KRT-040,pivo,0.0,0.0
KRT,2026-01-04,KRT-041,pivo,0.0,0.0
KRT,2026-01-04,KRT-042,pivo,0.25,0.25
KRT,2026-01-04,KRT-043,pivo,0.0,0.0
KRT,2026-01-04,KRT-044,pivo,0.51,0.51
KRT,2026-01-04,KRT-045,pivo,0.0,0.0
KRT,2026-01-04,KRT-046,pivo,0.0,0.0
KRT,2026-01-04,KRT-047,pivo,0.0,0.0
KRT,2026-01-04,KRT-048,pivo,0.0,0.0
KRT,2026-01-04,KRT-049,pivo,0.0,0.0
KRT,2026-01-04,KRT-050,pivo,2.79,2.79
KRT,2026-01-04,KRT-051,pivo,2.54,2.54
KRT,2026-01-04,KRT-052,pivo,0.25,0.25
KRT,2026-01-04,KRT-053,pivo,4.83,4.83
KRT,2026-01-04,KRT-054,pivo,3.3,3.3
KRT,2026-01-04,KRT-055,pivo,0.76,0.76
KRT,2026-01-04,KRT-056,pivo,1.78,1.78
KRT,2026-01-04,KRT-057,pivo,2.26,2.26
KRT,2026-01-04,KRT-058,pivo,3.5,3.5
KRT,2026-01-04,KRT-059,pivo,7.37,7.37
KRT,2026-01-04,KRT-060,pivo,7.62,7.62
KRT,2026-01-04,KRT-061,pivo,3.3,3.3
KRT,2026-01-04,KRT-062,pivo,8.32,8.32
KRT,2026-01-04,KRT-063,pivo,2.7,2.7
KRT,2026-01-04,KRT-064,pivo,6.3,6.3
KRT,2026-01-04,KRT-065,pivo,4.2,4.2
KRT,2026-01-04,KRT-066,pivo,6.6,6.6
KRT,2026-01-04,KRT-067,pivo,5.59,5.59
KRT,2026-01-04,KRT-068,pivo,6.25,6.25
KRT,2026-01-04,KRT-069,pivo,5.32,5.32
KRT,2026-01-04,KRT-070,pivo,4.53,4.53
KRT,2026-01-04,KRT-071,pivo,5.32,5.32
KRT,2026-01-04,KRT-072,pivo,6.08,6.08
KRT,2026-01-04,KRT-073,pivo,0.51,0.51
KRT,2026-01-04,KRT-074,pivo,0.51,0.51
KRT,2026-01-03,KRT-001,pivo,35.31,35.31
KRT,2026-01-03,KRT-001B,pivo_secundario,47.82,47.82
KRT,2026-01-03,KRT-002,pivo,38.6,38.6
KRT,2026-01-03,KRT-002B,pivo_secundario,4.56,4.56
KRT,2026-01-03,KRT-003,pivo,53.09,53.09
KRT,2026-01-03,KRT-004,pivo,27.43,27.43
KRT,2026-01-03,KRT-004B,pivo_secundario,0.0,0.0
KRT,2026-01-03,KRT-005,pivo,64.0,64.0
KRT,2026-01-03,KRT-006B,pivo_secundario,14.09,14.09
KRT,2026-01-03,KRT-006,pivo,46.3,46.3
KRT,2026-01-03,KRT-007B,pivo_secundario,39.15,39.15
KRT,2026-01-03,KRT-007,pivo,42.67,42.67
KRT,2026-01-03,KRT-008,pivo,45.97,45.97
KRT,2026-01-03,KRT-009,pivo,48.26,48.26
KRT,2026-01-03,KRT-010,pivo,42.16,42.16
KRT,2026-01-03,KRT-011,pivo,38.61,38.61
KRT,2026-01-03,KRT-012,pivo,39.83,39.83
KRT,2026-01-03,KRT-013,pivo,37.08,37.08
KRT,2026-01-03,KRT-014,pivo,33.78,33.78
KRT,2026-01-03,KRT-015,pivo,43.18,43.18
KRT,2026-01-03,KRT-016,pivo,46.85,46.85
KRT,2026-01-03,KRT-017,pivo,40.13,40.13
KRT,2026-01-03,KRT-018,pivo,46.85,46.85
KRT,2026-01-03,KRT-019,pivo,46.23,46.23
KRT,2026-01-03,KRT-020,pivo,53.85,53.85
KRT,2026-01-03,KRT-021,pivo,40.39,40.39
KRT,2026-01-03,KRT-022,pivo,55.88,55.88
KRT,2026-01-03,KRT-023,pivo,42.93,42.93
KRT,2026-01-03,KRT-024,pivo,56.13,56.13
KRT,2026-01-03,KRT-025,pivo,40.89,40.89
KRT,2026-01-03,KRT-026,pivo,38.16,38.16
KRT,2026-01-03,KRT-027,pivo,38.17,38.17
KRT,2026-01-03,KRT-028,pivo,33.02,33.02
KRT,2026-01-03,KRT-029,pivo,44.7,44.7
KRT,2026-01-03,KRT-030,pivo,44.96,44.96
KRT,2026-01-03,KRT-031,pivo,40.22,40.22
KRT,2026-01-03,KRT-032,pivo,38.61,38.61
KRT,2026-01-03,KRT-033,pivo,45.21,45.21
KRT,2026-01-03,KRT-034,pivo,39.37,39.37
KRT,2026-01-03,KRT-035,pivo,32.51,32.51
KRT,2026-01-03,KRT-036,pivo,33.27,33.27
KRT,2026-01-03,KRT-037,pivo,28.96,28.96
KRT,2026-01-03,KRT-038,pivo,33.78,33.78
KRT,2026-01-03,KRT-039,pivo,50.29,50.29
KRT,2026-01-03,KRT-040,pivo,36.32,36.32
KRT,2026-01-03,KRT-041,pivo,34.35,34.35
KRT,2026-01-03,KRT-042,pivo,34.8,34.8
KRT,2026-01-03,KRT-043,pivo,32.51,32.51
KRT,2026-01-03,KRT-044,pivo,32.51,32.51
KRT,2026-01-03,KRT-045,pivo,26.25,26.25
KRT,2026-01-03,KRT-046,pivo,22.61,22.61
KRT,2026-01-03,KRT-047,pivo,28.96,28.96
KRT,2026-01-03,KRT-048,pivo,33.05,33.05
KRT,2026-01-03,KRT-049,pivo,37.08,37.08
KRT,2026-01-03,KRT-050,pivo,41.66,41.66
KRT,2026-01-03,KRT-051,pivo,30.99,30.99
KRT,2026-01-03,KRT-052,pivo,38.1,38.1
KRT,2026-01-03,KRT-053,pivo,37.98,37.98
KRT,2026-01-03,KRT-054,pivo,33.24,33.24
KRT,2026-01-03,KRT-055,pivo,37.08,37.08
KRT,2026-01-03,KRT-056,pivo,39.88,39.88
KRT,2026-01-03,KRT-057,pivo,33.67,33.67
KRT,2026-01-03,KRT-058,pivo,31.25,31.25
KRT,2026-01-03,KRT-059,pivo,21.08,21.08
KRT,2026-01-03,KRT-060,pivo,24.38,24.38
KRT,2026-01-03,KRT-061,pivo,16.85,16.85
KRT,2026-01-03,KRT-062,pivo,23.43,23.43
KRT,2026-01-03,KRT-063,pivo,31.2,31.2
KRT,2026-01-03,KRT-064,pivo,33.6,33.6
KRT,2026-01-03,KRT-065,pivo,33.3,33.3
KRT,2026-01-03,KRT-066,pivo,20.32,20.32
KRT,2026-01-03,KRT-067,pivo,19.3,19.3
KRT,2026-01-03,KRT-068,pivo,19.8,19.8
KRT,2026-01-03,KRT-069,pivo,15.68,15.68
KRT,2026-01-03,KRT-070,pivo,22.85,22.85
KRT,2026-01-03,KRT-071,pivo,15.68,15.68
KRT,2026-01-03,KRT-072,pivo,13.11,13.11
KRT,2026-01-03,KRT-073,pivo,51.82,51.82
KRT,2026-01-03,KRT-074,pivo,30.23,30.23
KRT,2026-01-02,KRT-001,pivo,54.61,54.61
KRT,2026-01-02,KRT-001B,pivo_secundario,7.16,7.16
KRT,2026-01-02,KRT-002,pivo,38.1,38.1
KRT,2026-01-02,KRT-002B,pivo_secundario,2.74,2.74
KRT,2026-01-02,KRT-003,pivo,25.4,25.4
KRT,2026-01-02,KRT-004,pivo,39.3,39.3
KRT,2026-01-02,KRT-004B,pivo_secundario,0.0,0.0
KRT,2026-01-02,KRT-005,pivo,32.75,32.75
KRT,2026-01-02,KRT-006B,pivo_secundario,42.97,42.97
KRT,2026-01-02,KRT-006,pivo,17.57,17.57
KRT,2026-01-02,KRT-007B,pivo_secundario,37.32,37.32
KRT,2026-01-02,KRT-007,pivo,12.45,12.45
KRT,2026-01-02,KRT-008,pivo,7.62,7.62
KRT,2026-01-02,KRT-009,pivo,4.57,4.57
KRT,2026-01-02,KRT-010,pivo,2.03,2.03
KRT,2026-01-02,KRT-011,pivo,2.29,2.29
KRT,2026-01-02,KRT-012,pivo,4.83,4.83
KRT,2026-01-02,KRT-013,pivo,7.37,7.37
KRT,2026-01-02,KRT-014,pivo,3.81,3.81
KRT,2026-01-02,KRT-015,pivo,25.91,25.91
KRT,2026-01-02,KRT-016,pivo,32.1,32.1
KRT,2026-01-02,KRT-017,pivo,7.87,7.87
KRT,2026-01-02,KRT-018,pivo,13.96,13.96
KRT,2026-01-02,KRT-019,pivo,5.3,5.3
KRT,2026-01-02,KRT-020,pivo,2.03,2.03
KRT,2026-01-02,KRT-021,pivo,3.05,3.05
KRT,2026-01-02,KRT-022,pivo,1.27,1.27
KRT,2026-01-02,KRT-023,pivo,3.81,3.81
KRT,2026-01-02,KRT-024,pivo,2.79,2.79
KRT,2026-01-02,KRT-025,pivo,3.3,3.3
KRT,2026-01-02,KRT-026,pivo,3.16,3.16
KRT,2026-01-02,KRT-027,pivo,3.83,3.83
KRT,2026-01-02,KRT-028,pivo,1.52,1.52
KRT,2026-01-02,KRT-029,pivo,11.68,11.68
KRT,2026-01-02,KRT-030,pivo,0.76,0.76
KRT,2026-01-02,KRT-031,pivo,3.6,3.6
KRT,2026-01-02,KRT-032,pivo,10.16,10.16
KRT,2026-01-02,KRT-033,pivo,3.56,3.56
KRT,2026-01-02,KRT-034,pivo,10.16,10.16
KRT,2026-01-02,KRT-035,pivo,23.11,23.11
KRT,2026-01-02,KRT-036,pivo,21.34,21.34
KRT,2026-01-02,KRT-037,pivo,23.11,23.11
KRT,2026-01-02,KRT-038,pivo,23.37,23.37
KRT,2026-01-02,KRT-039,pivo,41.91,41.91
KRT,2026-01-02,KRT-040,pivo,32.0,32.0
KRT,2026-01-02,KRT-041,pivo,35.75,35.75
KRT,2026-01-02,KRT-042,pivo,46.48,46.48
KRT,2026-01-02,KRT-043,pivo,41.15,41.15
KRT,2026-01-02,KRT-044,pivo,40.39,40.39
KRT,2026-01-02,KRT-045,pivo,42.97,42.97
KRT,2026-01-02,KRT-046,pivo,39.88,39.88
KRT,2026-01-02,KRT-047,pivo,49.28,49.28
KRT,2026-01-02,KRT-048,pivo,32.5,32.5
KRT,2026-01-02,KRT-049,pivo,32.0,32.0
KRT,2026-01-02,KRT-050,pivo,43.94,43.94
KRT,2026-01-02,KRT-051,pivo,35.05,35.05
KRT,2026-01-02,KRT-052,pivo,42.93,42.93
KRT,2026-01-02,KRT-053,pivo,33.36,33.36
KRT,2026-01-02,KRT-054,pivo,33.36,33.36
KRT,2026-01-02,KRT-055,pivo,19.56,19.56
KRT,2026-01-02,KRT-056,pivo,25.65,25.65
KRT,2026-01-02,KRT-057,pivo,19.44,19.44
KRT,2026-01-02,KRT-058,pivo,20.25,20.25
KRT,2026-01-02,KRT-059,pivo,38.1,38.1
KRT,2026-01-02,KRT-060,pivo,49.28,49.28
KRT,2026-01-02,KRT-061,pivo,38.96,38.96
KRT,2026-01-02,KRT-062,pivo,37.01,37.01
KRT,2026-01-02,KRT-063,pivo,33.3,33.3
KRT,2026-01-02,KRT-064,pivo,33.6,33.6
KRT,2026-01-02,KRT-065,pivo,23.7,23.7
KRT,2026-01-02,KRT-066,pivo,25.65,25.65
KRT,2026-01-02,KRT-067,pivo,29.72,29.72
KRT,2026-01-02,KRT-068,pivo,27.4,27.4
KRT,2026-01-02,KRT-069,pivo,24.1,24.1
KRT,2026-01-02,KRT-070,pivo,23.84,23.84
KRT,2026-01-02,KRT-071,pivo,24.2,24.2
KRT,2026-01-02,KRT-072,pivo,29.83,29.83
KRT,2026-01-02,KRT-073,pivo,40.13,40.13
KRT,2026-01-02,KRT-074,pivo,49.02,49.02
KRT,2026-01-01,KRT-001,pivo,0.0,0.0
KRT,2026-01-01,KRT-001B,pivo_secundario,0.0,0.0
KRT,2026-01-01,KRT-002,pivo,0.51,0.51
KRT,2026-01-01,KRT-002B,pivo_secundario,2.05,2.05
KRT,2026-01-01,KRT-003,pivo,0.0,0.0
KRT,2026-01-01,KRT-004,pivo,0.0,0.0
KRT,2026-01-01,KRT-004B,pivo_secundario,0.0,0.0
KRT,2026-01-01,KRT-005,pivo,0.0,0.0
KRT,2026-01-01,KRT-006B,pivo_secundario,0.0,0.0
KRT,2026-01-01,KRT-006,pivo,0.0,0.0
KRT,2026-01-01,KRT-007B,pivo_secundario,1.57,1.57
KRT,2026-01-01,KRT-007,pivo,1.02,1.02
KRT,2026-01-01,KRT-008,pivo,0.0,0.0
KRT,2026-01-01,KRT-009,pivo,0.51,0.51
KRT,2026-01-01,KRT-010,pivo,0.0,0.0
KRT,2026-01-01,KRT-011,pivo,0.0,0.0
KRT,2026-01-01,KRT-012,pivo,0.0,0.0
KRT,2026-01-01,KRT-013,pivo,0.0,0.0
KRT,2026-01-01,KRT-014,pivo,0.0,0.0
KRT,2026-01-01,KRT-015,pivo,0.0,0.0
KRT,2026-01-01,KRT-016,pivo,0.0,0.0
KRT,2026-01-01,KRT-017,pivo,0.25,0.25
KRT,2026-01-01,KRT-018,pivo,0.0,0.0
KRT,2026-01-01,KRT-019,pivo,0.0,0.0
KRT,2026-01-01,KRT-020,pivo,0.0,0.0
KRT,2026-01-01,KRT-021,pivo,0.0,0.0
KRT,2026-01-01,KRT-022,pivo,0.0,0.0
KRT,2026-01-01,KRT-023,pivo,0.0,0.0
KRT,2026-01-01,KRT-024,pivo,0.0,0.0
KRT,2026-01-01,KRT-025,pivo,0.25,0.25
KRT,2026-01-01,KRT-026,pivo,0.0,0.0
KRT,2026-01-01,KRT-027,pivo,0.0,0.0
KRT,2026-01-01,KRT-028,pivo,0.0,0.0
KRT,2026-01-01,KRT-029,pivo,0.51,0.51
KRT,2026-01-01,KRT-030,pivo,0.0,0.0
KRT,2026-01-01,KRT-031,pivo,0.0,0.0
KRT,2026-01-01,KRT-032,pivo,0.51,0.51
KRT,2026-01-01,KRT-033,pivo,1.52,1.52
KRT,2026-01-01,KRT-034,pivo,0.76,0.76
KRT,2026-01-01,KRT-035,pivo,0.25,0.25
KRT,2026-01-01,KRT-036,pivo,0.0,0.0
KRT,2026-01-01,KRT-037,pivo,0.0,0.0
KRT,2026-01-01,KRT-038,pivo,0.0,0.0
KRT,2026-01-01,KRT-039,pivo,0.0,0.0
KRT,2026-01-01,KRT-040,pivo,0.0,0.0
KRT,2026-01-01,KRT-041,pivo,0.0,0.0
KRT,2026-01-01,KRT-042,pivo,0.0,0.0
KRT,2026-01-01,KRT-043,pivo,0.76,0.76
KRT,2026-01-01,KRT-044,pivo,0.51,0.51
KRT,2026-01-01,KRT-045,pivo,0.0,0.0
KRT,2026-01-01,KRT-046,pivo,0.25,0.25
KRT,2026-01-01,KRT-047,pivo,0.0,0.0
KRT,2026-01-01,KRT-048,pivo,0.0,0.0
KRT,2026-01-01,KRT-049,pivo,0.0,0.0
KRT,2026-01-01,KRT-050,pivo,0.0,0.0
KRT,2026-01-01,KRT-051,pivo,0.0,0.0
KRT,2026-01-01,KRT-052,pivo,1.27,1.27
KRT,2026-01-01,KRT-053,pivo,0.25,0.25
KRT,2026-01-01,KRT-054,pivo,0.0,0.0
KRT,2026-01-01,KRT-055,pivo,0.51,0.51
KRT,2026-01-01,KRT-056,pivo,0.0,0.0
KRT,2026-01-01,KRT-057,pivo,0.0,0.0
KRT,2026-01-01,KRT-058,pivo,0.0,0.0
KRT,2026-01-01,KRT-059,pivo,0.25,0.25
KRT,2026-01-01,KRT-060,pivo,0.0,0.0
KRT,2026-01-01,KRT-061,pivo,0.25,0.25
KRT,2026-01-01,KRT-062,pivo,0.0,0.0
KRT,2026-01-01,KRT-063,pivo,4.8,4.8
KRT,2026-01-01,KRT-064,pivo,8.7,8.7
KRT,2026-01-01,KRT-065,pivo,0.6,0.6
KRT,2026-01-01,KRT-066,pivo,0.0,0.0
KRT,2026-01-01,KRT-067,pivo,3.3,3.3
KRT,2026-01-01,KRT-068,pivo,2.91,2.91
KRT,2026-01-01,KRT-069,pivo,0.0,0.0
KRT,2026-01-01,KRT-070,pivo,3.94,3.94
KRT,2026-01-01,KRT-071,pivo,0.0,0.0
KRT,2026-01-01,KRT-072,pivo,14.44,14.44
KRT,2026-01-01,KRT-073,pivo,0.0,0.0
KRT,2026-01-01,KRT-074,pivo,0.0,0.0
KRT,2025-12-31,KRT-001,pivo,4.83,4.83
KRT,2025-12-31,KRT-001B,pivo_secundario,8.09,8.09
KRT,2025-12-31,KRT-002,pivo,1.27,1.27
KRT,2025-12-31,KRT-002B,pivo_secundario,3.19,3.19
KRT,2025-12-31,KRT-003,pivo,0.0,0.0
KRT,2025-12-31,KRT-004,pivo,0.0,0.0
KRT,2025-12-31,KRT-004B,pivo_secundario,0.0,0.0
KRT,2025-12-31,KRT-005,pivo,0.25,0.25
KRT,2025-12-31,KRT-006B,pivo_secundario,0.0,0.0
KRT,2025-12-31,KRT-006,pivo,0.0,0.0
KRT,2025-12-31,KRT-007B,pivo_secundario,0.26,0.26
KRT,2025-12-31,KRT-007,pivo,0.51,0.51
KRT,2025-12-31,KRT-008,pivo,0.25,0.25
KRT,2025-12-31,KRT-009,pivo,3.05,3.05
KRT,2025-12-31,KRT-010,pivo,1.78,1.78
KRT,2025-12-31,KRT-011,pivo,5.84,5.84
KRT,2025-12-31,KRT-012,pivo,2.03,2.03
KRT,2025-12-31,KRT-013,pivo,10.16,10.16
KRT,2025-12-31,KRT-014,pivo,3.05,3.05
KRT,2025-12-31,KRT-015,pivo,0.0,0.0
KRT,2025-12-31,KRT-016,pivo,0.0,0.0
KRT,2025-12-31,KRT-017,pivo,0.51,0.51
KRT,2025-12-31,KRT-018,pivo,0.0,0.0
KRT,2025-12-31,KRT-019,pivo,0.25,0.25
KRT,2025-12-31,KRT-020,pivo,0.0,0.0
KRT,2025-12-31,KRT-021,pivo,0.25,0.25
KRT,2025-12-31,KRT-022,pivo,0.0,0.0
KRT,2025-12-31,KRT-023,pivo,0.25,0.25
KRT,2025-12-31,KRT-024,pivo,0.0,0.0
KRT,2025-12-31,KRT-025,pivo,0.0,0.0
KRT,2025-12-31,KRT-026,pivo,0.0,0.0
KRT,2025-12-31,KRT-027,pivo,0.0,0.0
KRT,2025-12-31,KRT-028,pivo,0.0,0.0
KRT,2025-12-31,KRT-029,pivo,0.0,0.0
KRT,2025-12-31,KRT-030,pivo,0.0,0.0
KRT,2025-12-31,KRT-031,pivo,0.0,0.0
KRT,2025-12-31,KRT-032,pivo,0.0,0.0
KRT,2025-12-31,KRT-033,pivo,0.0,0.0
KRT,2025-12-31,KRT-034,pivo,0.0,0.0
KRT,2025-12-31,KRT-035,pivo,0.25,0.25
KRT,2025-12-31,KRT-036,pivo,0.0,0.0
KRT,2025-12-31,KRT-037,pivo,1.27,1.27
KRT,2025-12-31,KRT-038,pivo,0.0,0.0
KRT,2025-12-31,KRT-039,pivo,0.25,0.25
KRT,2025-12-31,KRT-040,pivo,0.25,0.25
KRT,2025-12-31,KRT-041,pivo,0.0,0.0
KRT,2025-12-31,KRT-042,pivo,0.25,0.25
KRT,2025-12-31,KRT-043,pivo,0.0,0.0
KRT,2025-12-31,KRT-044,pivo,0.25,0.25
KRT,2025-12-31,KRT-045,pivo,0.0,0.0
KRT,2025-12-31,KRT-046,pivo,0.25,0.25
KRT,2025-12-31,KRT-047,pivo,0.25,0.25
KRT,2025-12-31,KRT-048,pivo,0.0,0.0
KRT,2025-12-31,KRT-049,pivo,0.0,0.0
KRT,2025-12-31,KRT-050,pivo,0.25,0.25
KRT,2025-12-31,KRT-051,pivo,0.25,0.25
KRT,2025-12-31,KRT-052,pivo,0.0,0.0
KRT,2025-12-31,KRT-053,pivo,0.0,0.0
KRT,2025-12-31,KRT-054,pivo,0.0,0.0
KRT,2025-12-31,KRT-055,pivo,0.0,0.0
KRT,2025-12-31,KRT-056,pivo,0.0,0.0
KRT,2025-12-31,KRT-057,pivo,0.0,0.0
KRT,2025-12-31,KRT-058,pivo,0.25,0.25
KRT,2025-12-31,KRT-059,pivo,0.0,0.0
KRT,2025-12-31,KRT-060,pivo,0.25,0.25
KRT,2025-12-31,KRT-061,pivo,0.0,0.0
KRT,2025-12-31,KRT-062,pivo,0.0,0.0
KRT,2025-12-31,KRT-063,pivo,0.0,0.0
KRT,2025-12-31,KRT-064,pivo,0.0,0.0
KRT,2025-12-31,KRT-065,pivo,0.0,0.0
KRT,2025-12-31,KRT-066,pivo,0.0,0.0
KRT,2025-12-31,KRT-067,pivo,0.0,0.0
KRT,2025-12-31,KRT-068,pivo,0.0,0.0
KRT,2025-12-31,KRT-069,pivo,0.0,0.0
KRT,2025-12-31,KRT-070,pivo,0.2,0.2
KRT,2025-12-31,KRT-071,pivo,0.0,0.0
KRT,2025-12-31,KRT-072,pivo,0.19,0.19
KRT,2025-12-31,KRT-073,pivo,0.0,0.0
KRT,2025-12-31,KRT-074,pivo,0.0,0.0
KRT,2025-12-30,KRT-001,pivo,25.65,25.65
KRT,2025-12-30,KRT-001B,pivo_secundario,33.26,33.26
KRT,2025-12-30,KRT-002,pivo,24.64,24.64
KRT,2025-12-30,KRT-002B,pivo_secundario,2.51,2.51
KRT,2025-12-30,KRT-003,pivo,10.06,10.06
KRT,2025-12-30,KRT-004,pivo,9.12,9.12
KRT,2025-12-30,KRT-004B,pivo_secundario,0.0,0.0
KRT,2025-12-30,KRT-005,pivo,15.0,15.0
KRT,2025-12-30,KRT-006B,pivo_secundario,17.56,17.56
KRT,2025-12-30,KRT-006,pivo,15.4,15.4
KRT,2025-12-30,KRT-007B,pivo_secundario,44.63,44.63
KRT,2025-12-30,KRT-007,pivo,20.57,20.57
KRT,2025-12-30,KRT-008,pivo,24.64,24.64
KRT,2025-12-30,KRT-009,pivo,41.4,41.4
KRT,2025-12-30,KRT-010,pivo,32.0,32.0
KRT,2025-12-30,KRT-011,pivo,34.54,34.54
KRT,2025-12-30,KRT-012,pivo,18.29,18.29
KRT,2025-12-30,KRT-013,pivo,24.89,24.89
KRT,2025-12-30,KRT-014,pivo,22.86,22.86
KRT,2025-12-30,KRT-015,pivo,18.8,18.8
KRT,2025-12-30,KRT-016,pivo,21.23,21.23
KRT,2025-12-30,KRT-017,pivo,30.99,30.99
KRT,2025-12-30,KRT-018,pivo,13.9,13.9
KRT,2025-12-30,KRT-019,pivo,35.05,35.05
KRT,2025-12-30,KRT-020,pivo,40.71,40.71
KRT,2025-12-30,KRT-021,pivo,25.4,25.4
KRT,2025-12-30,KRT-022,pivo,23.88,23.88
KRT,2025-12-30,KRT-023,pivo,20.07,20.07
KRT,2025-12-30,KRT-024,pivo,19.05,19.05
KRT,2025-12-30,KRT-025,pivo,4.57,4.57
KRT,2025-12-30,KRT-026,pivo,1.3,1.3
KRT,2025-12-30,KRT-027,pivo,2.0,2.0
KRT,2025-12-30,KRT-028,pivo,2.54,2.54
KRT,2025-12-30,KRT-029,pivo,3.05,3.05
KRT,2025-12-30,KRT-030,pivo,4.32,4.32
KRT,2025-12-30,KRT-031,pivo,1.25,1.25
KRT,2025-12-30,KRT-032,pivo,1.27,1.27
KRT,2025-12-30,KRT-033,pivo,0.51,0.51
KRT,2025-12-30,KRT-034,pivo,1.27,1.27
KRT,2025-12-30,KRT-035,pivo,6.6,6.6
KRT,2025-12-30,KRT-036,pivo,9.4,9.4
KRT,2025-12-30,KRT-037,pivo,7.11,7.11
KRT,2025-12-30,KRT-038,pivo,6.6,6.6
KRT,2025-12-30,KRT-039,pivo,12.7,12.7
KRT,2025-12-30,KRT-040,pivo,8.13,8.13
KRT,2025-12-30,KRT-041,pivo,8.31,8.31
KRT,2025-12-30,KRT-042,pivo,8.89,8.89
KRT,2025-12-30,KRT-043,pivo,9.65,9.65
KRT,2025-12-30,KRT-044,pivo,30.73,30.73
KRT,2025-12-30,KRT-045,pivo,23.3,23.3
KRT,2025-12-30,KRT-046,pivo,11.18,11.18
KRT,2025-12-30,KRT-047,pivo,16.51,16.51
KRT,2025-12-30,KRT-048,pivo,16.89,16.89
KRT,2025-12-30,KRT-049,pivo,28.7,28.7
KRT,2025-12-30,KRT-050,pivo,34.04,34.04
KRT,2025-12-30,KRT-051,pivo,16.26,16.26
KRT,2025-12-30,KRT-052,pivo,23.11,23.11
KRT,2025-12-30,KRT-053,pivo,30.66,30.66
KRT,2025-12-30,KRT-054,pivo,26.34,26.34
KRT,2025-12-30,KRT-055,pivo,30.73,30.73
KRT,2025-12-30,KRT-056,pivo,25.65,25.65
KRT,2025-12-30,KRT-057,pivo,24.63,24.63
KRT,2025-12-30,KRT-058,pivo,15.5,15.5
KRT,2025-12-30,KRT-059,pivo,35.05,35.05
KRT,2025-12-30,KRT-060,pivo,21.08,21.08
KRT,2025-12-30,KRT-061,pivo,9.65,9.65
KRT,2025-12-30,KRT-062,pivo,13.14,13.14
KRT,2025-12-30,KRT-063,pivo,9.6,9.6
KRT,2025-12-30,KRT-064,pivo,7.2,7.2
KRT,2025-12-30,KRT-065,pivo,10.8,10.8
KRT,2025-12-30,KRT-066,pivo,5.84,5.84
KRT,2025-12-30,KRT-067,pivo,8.13,8.13
KRT,2025-12-30,KRT-068,pivo,9.57,9.57
KRT,2025-12-30,KRT-069,pivo,37.55,37.55
KRT,2025-12-30,KRT-070,pivo,33.1,33.1
KRT,2025-12-30,KRT-071,pivo,37.53,37.53
KRT,2025-12-30,KRT-072,pivo,44.46,44.46
KRT,2025-12-30,KRT-073,pivo,44.96,44.96
KRT,2025-12-30,KRT-074,pivo,35.56,35.56
KRT,2025-12-29,KRT-001,pivo,4.83,4.83
KRT,2025-12-29,KRT-001B,pivo_secundario,0.0,0.0
KRT,2025-12-29,KRT-002,pivo,5.84,5.84
KRT,2025-12-29,KRT-002B,pivo_secundario,0.0,0.0
KRT,2025-12-29,KRT-003,pivo,4.72,4.72
KRT,2025-12-29,KRT-004,pivo,4.72,4.72
KRT,2025-12-29,KRT-004B,pivo_secundario,0.0,0.0
KRT,2025-12-29,KRT-005,pivo,3.5,3.5
KRT,2025-12-29,KRT-006B,pivo_secundario,0.0,0.0
KRT,2025-12-29,KRT-006,pivo,2.77,2.77
KRT,2025-12-29,KRT-007B,pivo_secundario,0.0,0.0
KRT,2025-12-29,KRT-007,pivo,2.54,2.54
KRT,2025-12-29,KRT-008,pivo,2.76,2.76
KRT,2025-12-29,KRT-009,pivo,3.05,3.05
KRT,2025-12-29,KRT-010,pivo,3.56,3.56
KRT,2025-12-29,KRT-011,pivo,0.51,0.51
KRT,2025-12-29,KRT-012,pivo,0.51,0.51
KRT,2025-12-29,KRT-013,pivo,0.25,0.25
KRT,2025-12-29,KRT-014,pivo,0.25,0.25
KRT,2025-12-29,KRT-015,pivo,1.52,1.52
KRT,2025-12-29,KRT-016,pivo,0.0,0.0
KRT,2025-12-29,KRT-017,pivo,3.56,3.56
KRT,2025-12-29,KRT-018,pivo,0.0,0.0
KRT,2025-12-29,KRT-019,pivo,4.06,4.06
KRT,2025-12-29,KRT-020,pivo,4.32,4.32
KRT,2025-12-29,KRT-021,pivo,8.05,8.05
KRT,2025-12-29,KRT-022,pivo,5.08,5.08
KRT,2025-12-29,KRT-023,pivo,0.76,0.76
KRT,2025-12-29,KRT-024,pivo,2.54,2.54
KRT,2025-12-29,KRT-025,pivo,1.52,1.52
KRT,2025-12-29,KRT-026,pivo,0.0,0.0
KRT,2025-12-29,KRT-027,pivo,0.0,0.0
KRT,2025-12-29,KRT-028,pivo,0.0,0.0
KRT,2025-12-29,KRT-029,pivo,0.51,0.51
KRT,2025-12-29,KRT-030,pivo,2.54,2.54
KRT,2025-12-29,KRT-031,pivo,0.0,0.0
KRT,2025-12-29,KRT-032,pivo,0.0,0.0
KRT,2025-12-29,KRT-033,pivo,0.0,0.0
KRT,2025-12-29,KRT-034,pivo,0.0,0.0
KRT,2025-12-29,KRT-035,pivo,0.25,0.25
KRT,2025-12-29,KRT-036,pivo,1.27,1.27
KRT,2025-12-29,KRT-037,pivo,0.76,0.76
KRT,2025-12-29,KRT-038,pivo,0.0,0.0
KRT,2025-12-29,KRT-039,pivo,0.0,0.0
KRT,2025-12-29,KRT-040,pivo,0.0,0.0
KRT,2025-12-29,KRT-041,pivo,0.0,0.0
KRT,2025-12-29,KRT-042,pivo,0.0,0.0
KRT,2025-12-29,KRT-043,pivo,0.0,0.0
KRT,2025-12-29,KRT-044,pivo,0.51,0.51
KRT,2025-12-29,KRT-045,pivo,0.51,0.51
KRT,2025-12-29,KRT-046,pivo,0.0,0.0
KRT,2025-12-29,KRT-047,pivo,0.0,0.0
KRT,2025-12-29,KRT-048,pivo,0.0,0.0
KRT,2025-12-29,KRT-049,pivo,0.0,0.0
KRT,2025-12-29,KRT-050,pivo,0.0,0.0
KRT,2025-12-29,KRT-051,pivo,0.25,0.25
KRT,2025-12-29,KRT-052,pivo,0.25,0.25
KRT,2025-12-29,KRT-053,pivo,0.25,0.25
KRT,2025-12-29,KRT-054,pivo,0.0,0.0
KRT,2025-12-29,KRT-055,pivo,0.0,0.0
KRT,2025-12-29,KRT-056,pivo,0.25,0.25
KRT,2025-12-29,KRT-057,pivo,0.0,0.0
KRT,2025-12-29,KRT-058,pivo,0.0,0.0
KRT,2025-12-29,KRT-059,pivo,0.0,0.0
KRT,2025-12-29,KRT-060,pivo,0.0,0.0
KRT,2025-12-29,KRT-061,pivo,0.0,0.0
KRT,2025-12-29,KRT-062,pivo,0.0,0.0
KRT,2025-12-29,KRT-063,pivo,0.0,0.0
KRT,2025-12-29,KRT-064,pivo,0.3,0.3
KRT,2025-12-29,KRT-065,pivo,0.9,0.9
KRT,2025-12-29,KRT-066,pivo,0.0,0.0
KRT,2025-12-29,KRT-067,pivo,0.0,0.0
KRT,2025-12-29,KRT-068,pivo,0.0,0.0
KRT,2025-12-29,KRT-069,pivo,0.0,0.0
KRT,2025-12-29,KRT-070,pivo,0.0,0.0
KRT,2025-12-29,KRT-071,pivo,0.0,0.0
KRT,2025-12-29,KRT-072,pivo,0.0,0.0
KRT,2025-12-29,KRT-073,pivo,0.0,0.0
KRT,2025-12-29,KRT-074,pivo,0.0,0.0
KRT,2025-12-28,KRT-001,pivo,0.25,0.25
KRT,2025-12-28,KRT-001B,pivo_secundario,0.0,0.0
KRT,2025-12-28,KRT-002,pivo,0.0,0.0
KRT,2025-12-28,KRT-002B,pivo_secundario,0.0,0.0
KRT,2025-12-28,KRT-003,pivo,0.0,0.0
KRT,2025-12-28,KRT-004,pivo,0.0,0.0
KRT,2025-12-28,KRT-004B,pivo_secundario,0.0,0.0
KRT,2025-12-28,KRT-005,pivo,2.5,2.5
KRT,2025-12-28,KRT-006B,pivo_secundario,5.79,5.79
KRT,2025-12-28,KRT-006,pivo,4.3,4.3
KRT,2025-12-28,KRT-007B,pivo_secundario,4.18,4.18
KRT,2025-12-28,KRT-007,pivo,1.78,1.78
KRT,2025-12-28,KRT-008,pivo,1.78,1.78
KRT,2025-12-28,KRT-009,pivo,0.51,0.51
KRT,2025-12-28,KRT-010,pivo,0.25,0.25
KRT,2025-12-28,KRT-011,pivo,0.0,0.0
KRT,2025-12-28,KRT-012,pivo,0.51,0.51
KRT,2025-12-28,KRT-013,pivo,3.81,3.81
KRT,2025-12-28,KRT-014,pivo,8.38,8.38
KRT,2025-12-28,KRT-015,pivo,8.64,8.64
KRT,2025-12-28,KRT-016,pivo,8.3,8.3
KRT,2025-12-28,KRT-017,pivo,3.56,3.56
KRT,2025-12-28,KRT-018,pivo,0.25,0.25
KRT,2025-12-28,KRT-019,pivo,0.51,0.51
KRT,2025-12-28,KRT-020,pivo,0.25,0.25
KRT,2025-12-28,KRT-021,pivo,3.75,3.75
KRT,2025-12-28,KRT-022,pivo,0.0,0.0
KRT,2025-12-28,KRT-023,pivo,24.89,24.89
KRT,2025-12-28,KRT-024,pivo,9.91,9.91
KRT,2025-12-28,KRT-025,pivo,13.97,13.97
KRT,2025-12-28,KRT-026,pivo,8.3,8.3
KRT,2025-12-28,KRT-027,pivo,8.3,8.3
KRT,2025-12-28,KRT-028,pivo,0.0,0.0
KRT,2025-12-28,KRT-029,pivo,2.54,2.54
KRT,2025-12-28,KRT-030,pivo,0.0,0.0
KRT,2025-12-28,KRT-031,pivo,0.0,0.0
KRT,2025-12-28,KRT-032,pivo,0.0,0.0
KRT,2025-12-28,KRT-033,pivo,0.0,0.0
KRT,2025-12-28,KRT-034,pivo,0.0,0.0
KRT,2025-12-28,KRT-035,pivo,5.84,5.84
KRT,2025-12-28,KRT-036,pivo,8.89,8.89
KRT,2025-12-28,KRT-037,pivo,5.08,5.08
KRT,2025-12-28,KRT-038,pivo,4.83,4.83
KRT,2025-12-28,KRT-039,pivo,12.7,12.7
KRT,2025-12-28,KRT-040,pivo,6.35,6.35
KRT,2025-12-28,KRT-041,pivo,0.0,0.0
KRT,2025-12-28,KRT-042,pivo,0.76,0.76
KRT,2025-12-28,KRT-043,pivo,1.02,1.02
KRT,2025-12-28,KRT-044,pivo,5.59,5.59
KRT,2025-12-28,KRT-045,pivo,8.46,8.46
KRT,2025-12-28,KRT-046,pivo,13.21,13.21
KRT,2025-12-28,KRT-047,pivo,3.56,3.56
KRT,2025-12-28,KRT-048,pivo,2.29,2.29
KRT,2025-12-28,KRT-049,pivo,0.25,0.25
KRT,2025-12-28,KRT-050,pivo,10.41,10.41
KRT,2025-12-28,KRT-051,pivo,11.18,11.18
KRT,2025-12-28,KRT-052,pivo,8.89,8.89
KRT,2025-12-28,KRT-053,pivo,5.05,5.05
KRT,2025-12-28,KRT-054,pivo,5.05,5.05
KRT,2025-12-28,KRT-055,pivo,6.6,6.6
KRT,2025-12-28,KRT-056,pivo,7.87,7.87
KRT,2025-12-28,KRT-057,pivo,5.42,5.42
KRT,2025-12-28,KRT-058,pivo,0.25,0.25
KRT,2025-12-28,KRT-059,pivo,0.25,0.25
KRT,2025-12-28,KRT-060,pivo,0.0,0.0
KRT,2025-12-28,KRT-061,pivo,0.0,0.0
KRT,2025-12-28,KRT-062,pivo,0.0,0.0
KRT,2025-12-28,KRT-063,pivo,2.4,2.4
KRT,2025-12-28,KRT-064,pivo,1.5,1.5
KRT,2025-12-28,KRT-065,pivo,2.4,2.4
KRT,2025-12-28,KRT-066,pivo,0.0,0.0
KRT,2025-12-28,KRT-067,pivo,0.0,0.0
KRT,2025-12-28,KRT-068,pivo,0.0,0.0
KRT,2025-12-28,KRT-069,pivo,0.0,0.0
KRT,2025-12-28,KRT-070,pivo,0.0,0.0
KRT,2025-12-28,KRT-071,pivo,0.0,0.0
KRT,2025-12-28,KRT-072,pivo,0.0,0.0
KRT,2025-12-28,KRT-073,pivo,1.02,1.02
KRT,2025-12-28,KRT-074,pivo,2.54,2.54
KRT,2025-12-27,KRT-001,pivo,0.0,0.0
KRT,2025-12-27,KRT-001B,pivo_secundario,0.0,0.0
KRT,2025-12-27,KRT-002,pivo,0.0,0.0
KRT,2025-12-27,KRT-002B,pivo_secundario,0.0,0.0
KRT,2025-12-27,KRT-003,pivo,0.0,0.0
KRT,2025-12-27,KRT-004,pivo,0.0,0.0
KRT,2025-12-27,KRT-004B,pivo_secundario,0.0,0.0
KRT,2025-12-27,KRT-005,pivo,0.0,0.0
KRT,2025-12-27,KRT-006B,pivo_secundario,0.0,0.0
KRT,2025-12-27,KRT-006,pivo,0.0,0.0
KRT,2025-12-27,KRT-007B,pivo_secundario,0.0,0.0
KRT,2025-12-27,KRT-007,pivo,0.0,0.0
KRT,2025-12-27,KRT-008,pivo,0.0,0.0
KRT,2025-12-27,KRT-009,pivo,0.0,0.0
KRT,2025-12-27,KRT-010,pivo,0.0,0.0
KRT,2025-12-27,KRT-011,pivo,0.0,0.0
KRT,2025-12-27,KRT-012,pivo,0.0,0.0
KRT,2025-12-27,KRT-013,pivo,0.0,0.0
KRT,2025-12-27,KRT-014,pivo,0.0,0.0
KRT,2025-12-27,KRT-015,pivo,0.0,0.0
KRT,2025-12-27,KRT-016,pivo,0.0,0.0
KRT,2025-12-27,KRT-017,pivo,0.76,0.76
KRT,2025-12-27,KRT-018,pivo,0.0,0.0
KRT,2025-12-27,KRT-019,pivo,0.0,0.0
KRT,2025-12-27,KRT-020,pivo,0.0,0.0
KRT,2025-12-27,KRT-021,pivo,0.0,0.0
KRT,2025-12-27,KRT-022,pivo,0.0,0.0
KRT,2025-12-27,KRT-023,pivo,0.0,0.0
KRT,2025-12-27,KRT-024,pivo,0.0,0.0
KRT,2025-12-27,KRT-025,pivo,0.51,0.51
KRT,2025-12-27,KRT-026,pivo,0.0,0.0
KRT,2025-12-27,KRT-027,pivo,0.0,0.0
KRT,2025-12-27,KRT-028,pivo,0.0,0.0
KRT,2025-12-27,KRT-029,pivo,0.25,0.25
KRT,2025-12-27,KRT-030,pivo,0.0,0.0
KRT,2025-12-27,KRT-031,pivo,0.0,0.0
KRT,2025-12-27,KRT-032,pivo,0.0,0.0
KRT,2025-12-27,KRT-033,pivo,0.0,0.0
KRT,2025-12-27,KRT-034,pivo,0.25,0.25
KRT,2025-12-27,KRT-035,pivo,0.0,0.0
KRT,2025-12-27,KRT-036,pivo,0.0,0.0
KRT,2025-12-27,KRT-037,pivo,0.0,0.0
KRT,2025-12-27,KRT-038,pivo,0.0,0.0
KRT,2025-12-27,KRT-039,pivo,0.0,0.0
KRT,2025-12-27,KRT-040,pivo,0.0,0.0
KRT,2025-12-27,KRT-041,pivo,0.0,0.0
KRT,2025-12-27,KRT-042,pivo,0.0,0.0
KRT,2025-12-27,KRT-043,pivo,0.0,0.0
KRT,2025-12-27,KRT-044,pivo,0.0,0.0
KRT,2025-12-27,KRT-045,pivo,0.0,0.0
KRT,2025-12-27,KRT-046,pivo,0.0,0.0
KRT,2025-12-27,KRT-047,pivo,0.0,0.0
KRT,2025-12-27,KRT-048,pivo,0.0,0.0
KRT,2025-12-27,KRT-049,pivo,0.0,0.0
KRT,2025-12-27,KRT-050,pivo,0.0,0.0
KRT,2025-12-27,KRT-051,pivo,0.0,0.0
KRT,2025-12-27,KRT-052,pivo,0.51,0.51
KRT,2025-12-27,KRT-053,pivo,0.0,0.0
KRT,2025-12-27,KRT-054,pivo,0.0,0.0
KRT,2025-12-27,KRT-055,pivo,0.0,0.0
KRT,2025-12-27,KRT-056,pivo,0.0,0.0
KRT,2025-12-27,KRT-057,pivo,0.0,0.0
KRT,2025-12-27,KRT-058,pivo,0.0,0.0
KRT,2025-12-27,KRT-059,pivo,0.0,0.0
KRT,2025-12-27,KRT-060,pivo,0.0,0.0
KRT,2025-12-27,KRT-061,pivo,0.0,0.0
KRT,2025-12-27,KRT-062,pivo,0.0,0.0
KRT,2025-12-27,KRT-063,pivo,0.0,0.0
KRT,2025-12-27,KRT-064,pivo,0.0,0.0
KRT,2025-12-27,KRT-065,pivo,0.0,0.0
KRT,2025-12-27,KRT-066,pivo,0.0,0.0
KRT,2025-12-27,KRT-067,pivo,0.0,0.0
KRT,2025-12-27,KRT-068,pivo,0.0,0.0
KRT,2025-12-27,KRT-069,pivo,0.0,0.0
KRT,2025-12-27,KRT-070,pivo,0.0,0.0
KRT,2025-12-27,KRT-071,pivo,0.0,0.0
KRT,2025-12-27,KRT-072,pivo,0.0,0.0
KRT,2025-12-27,KRT-073,pivo,0.0,0.0
KRT,2025-12-27,KRT-074,pivo,0.0,0.0
KRT,2025-12-26,KRT-001,pivo,0.0,0.0
KRT,2025-12-26,KRT-001B,pivo_secundario,0.0,0.0
KRT,2025-12-26,KRT-002,pivo,0.0,0.0
KRT,2025-12-26,KRT-002B,pivo_secundario,0.0,0.0
KRT,2025-12-26,KRT-003,pivo,0.0,0.0
KRT,2025-12-26,KRT-004,pivo,0.0,0.0
KRT,2025-12-26,KRT-004B,pivo_secundario,0.0,0.0
KRT,2025-12-26,KRT-005,pivo,0.0,0.0
KRT,2025-12-26,KRT-006B,pivo_secundario,0.0,0.0
KRT,2025-12-26,KRT-006,pivo,0.0,0.0
KRT,2025-12-26,KRT-007B,pivo_secundario,0.0,0.0
KRT,2025-12-26,KRT-007,pivo,0.0,0.0
KRT,2025-12-26,KRT-008,pivo,0.0,0.0
KRT,2025-12-26,KRT-009,pivo,0.0,0.0
KRT,2025-12-26,KRT-010,pivo,0.0,0.0
KRT,2025-12-26,KRT-011,pivo,0.0,0.0
KRT,2025-12-26,KRT-012,pivo,0.0,0.0
KRT,2025-12-26,KRT-013,pivo,0.0,0.0
KRT,2025-12-26,KRT-014,pivo,0.0,0.0
KRT,2025-12-26,KRT-015,pivo,0.0,0.0
KRT,2025-12-26,KRT-016,pivo,0.0,0.0
KRT,2025-12-26,KRT-017,pivo,0.0,0.0
KRT,2025-12-26,KRT-018,pivo,0.0,0.0
KRT,2025-12-26,KRT-019,pivo,0.0,0.0
KRT,2025-12-26,KRT-020,pivo,0.0,0.0
KRT,2025-12-26,KRT-021,pivo,0.0,0.0
KRT,2025-12-26,KRT-022,pivo,0.0,0.0
KRT,2025-12-26,KRT-023,pivo,0.0,0.0
KRT,2025-12-26,KRT-024,pivo,0.0,0.0
KRT,2025-12-26,KRT-025,pivo,0.0,0.0
KRT,2025-12-26,KRT-026,pivo,0.0,0.0
KRT,2025-12-26,KRT-027,pivo,0.0,0.0
KRT,2025-12-26,KRT-028,pivo,0.0,0.0
KRT,2025-12-26,KRT-029,pivo,0.25,0.25
KRT,2025-12-26,KRT-030,pivo,0.0,0.0
KRT,2025-12-26,KRT-031,pivo,0.0,0.0
KRT,2025-12-26,KRT-032,pivo,0.0,0.0
KRT,2025-12-26,KRT-033,pivo,0.0,0.0
KRT,2025-12-26,KRT-034,pivo,0.0,0.0
KRT,2025-12-26,KRT-035,pivo,0.25,0.25
KRT,2025-12-26,KRT-036,pivo,0.0,0.0
KRT,2025-12-26,KRT-037,pivo,0.0,0.0
KRT,2025-12-26,KRT-038,pivo,0.0,0.0
KRT,2025-12-26,KRT-039,pivo,0.0,0.0
KRT,2025-12-26,KRT-040,pivo,0.0,0.0
KRT,2025-12-26,KRT-041,pivo,0.0,0.0
KRT,2025-12-26,KRT-042,pivo,0.0,0.0
KRT,2025-12-26,KRT-043,pivo,0.0,0.0
KRT,2025-12-26,KRT-044,pivo,0.0,0.0
KRT,2025-12-26,KRT-045,pivo,0.0,0.0
KRT,2025-12-26,KRT-046,pivo,0.0,0.0
KRT,2025-12-26,KRT-047,pivo,0.0,0.0
KRT,2025-12-26,KRT-048,pivo,0.0,0.0
KRT,2025-12-26,KRT-049,pivo,0.0,0.0
KRT,2025-12-26,KRT-050,pivo,0.0,0.0
KRT,2025-12-26,KRT-051,pivo,0.0,0.0
KRT,2025-12-26,KRT-052,pivo,0.0,0.0
KRT,2025-12-26,KRT-053,pivo,0.0,0.0
KRT,2025-12-26,KRT-054,pivo,0.0,0.0
KRT,2025-12-26,KRT-055,pivo,0.0,0.0
KRT,2025-12-26,KRT-056,pivo,0.0,0.0
KRT,2025-12-26,KRT-057,pivo,0.0,0.0
KRT,2025-12-26,KRT-058,pivo,0.0,0.0
KRT,2025-12-26,KRT-059,pivo,0.0,0.0
KRT,2025-12-26,KRT-060,pivo,0.0,0.0
KRT,2025-12-26,KRT-061,pivo,0.0,0.0
KRT,2025-12-26,KRT-062,pivo,0.0,0.0
KRT,2025-12-26,KRT-063,pivo,0.0,0.0
KRT,2025-12-26,KRT-064,pivo,0.0,0.0
KRT,2025-12-26,KRT-065,pivo,0.0,0.0
KRT,2025-12-26,KRT-066,pivo,0.0,0.0
KRT,2025-12-26,KRT-067,pivo,0.0,0.0
KRT,2025-12-26,KRT-068,pivo,0.0,0.0
KRT,2025-12-26,KRT-069,pivo,0.0,0.0
KRT,2025-12-26,KRT-070,pivo,0.0,0.0
KRT,2025-12-26,KRT-071,pivo,0.0,0.0
KRT,2025-12-26,KRT-072,pivo,0.0,0.0
KRT,2025-12-26,KRT-073,pivo,0.0,0.0
KRT,2025-12-26,KRT-074,pivo,0.0,0.0
KRT,2025-12-25,KRT-001,pivo,0.0,0.0
KRT,2025-12-25,KRT-001B,pivo_secundario,0.0,0.0
KRT,2025-12-25,KRT-002,pivo,0.0,0.0
KRT,2025-12-25,KRT-002B,pivo_secundario,0.0,0.0
KRT,2025-12-25,KRT-003,pivo,0.0,0.0
KRT,2025-12-25,KRT-004,pivo,0.0,0.0
KRT,2025-12-25,KRT-004B,pivo_secundario,0.0,0.0
KRT,2025-12-25,KRT-005,pivo,0.0,0.0
KRT,2025-12-25,KRT-006B,pivo_secundario,0.0,0.0
KRT,2025-12-25,KRT-006,pivo,0.0,0.0
KRT,2025-12-25,KRT-007B,pivo_secundario,0.0,0.0
KRT,2025-12-25,KRT-007,pivo,0.0,0.0
KRT,2025-12-25,KRT-008,pivo,0.0,0.0
KRT,2025-12-25,KRT-009,pivo,0.0,0.0
KRT,2025-12-25,KRT-010,pivo,0.0,0.0
KRT,2025-12-25,KRT-011,pivo,0.76,0.76
KRT,2025-12-25,KRT-012,pivo,0.0,0.0
KRT,2025-12-25,KRT-013,pivo,0.0,0.0
KRT,2025-12-25,KRT-014,pivo,0.0,0.0
KRT,2025-12-25,KRT-015,pivo,0.0,0.0
KRT,2025-12-25,KRT-016,pivo,0.0,0.0
KRT,2025-12-25,KRT-017,pivo,0.0,0.0
KRT,2025-12-25,KRT-018,pivo,0.0,0.0
KRT,2025-12-25,KRT-019,pivo,0.0,0.0
KRT,2025-12-25,KRT-020,pivo,0.0,0.0
KRT,2025-12-25,KRT-021,pivo,0.0,0.0
KRT,2025-12-25,KRT-022,pivo,0.0,0.0
KRT,2025-12-25,KRT-023,pivo,0.0,0.0
KRT,2025-12-25,KRT-024,pivo,0.0,0.0
KRT,2025-12-25,KRT-025,pivo,0.0,0.0
KRT,2025-12-25,KRT-026,pivo,0.0,0.0
KRT,2025-12-25,KRT-027,pivo,0.0,0.0
KRT,2025-12-25,KRT-028,pivo,0.0,0.0
KRT,2025-12-25,KRT-029,pivo,0.0,0.0
KRT,2025-12-25,KRT-030,pivo,0.0,0.0
KRT,2025-12-25,KRT-031,pivo,0.0,0.0
KRT,2025-12-25,KRT-032,pivo,0.0,0.0
KRT,2025-12-25,KRT-033,pivo,0.0,0.0
KRT,2025-12-25,KRT-034,pivo,0.0,0.0
KRT,2025-12-25,KRT-035,pivo,0.0,0.0
KRT,2025-12-25,KRT-036,pivo,0.0,0.0
KRT,2025-12-25,KRT-037,pivo,0.0,0.0
KRT,2025-12-25,KRT-038,pivo,0.0,0.0
KRT,2025-12-25,KRT-039,pivo,0.0,0.0
KRT,2025-12-25,KRT-040,pivo,0.0,0.0
KRT,2025-12-25,KRT-041,pivo,0.0,0.0
KRT,2025-12-25,KRT-042,pivo,0.0,0.0
KRT,2025-12-25,KRT-043,pivo,0.0,0.0
KRT,2025-12-25,KRT-044,pivo,0.25,0.25
KRT,2025-12-25,KRT-045,pivo,0.0,0.0
KRT,2025-12-25,KRT-046,pivo,0.0,0.0
KRT,2025-12-25,KRT-047,pivo,0.0,0.0
KRT,2025-12-25,KRT-048,pivo,0.0,0.0
KRT,2025-12-25,KRT-049,pivo,0.0,0.0
KRT,2025-12-25,KRT-050,pivo,0.0,0.0
KRT,2025-12-25,KRT-051,pivo,0.0,0.0
KRT,2025-12-25,KRT-052,pivo,0.51,0.51
KRT,2025-12-25,KRT-053,pivo,0.0,0.0
KRT,2025-12-25,KRT-054,pivo,0.0,0.0
KRT,2025-12-25,KRT-055,pivo,0.0,0.0
KRT,2025-12-25,KRT-056,pivo,0.0,0.0
KRT,2025-12-25,KRT-057,pivo,0.0,0.0
KRT,2025-12-25,KRT-058,pivo,0.0,0.0
KRT,2025-12-25,KRT-059,pivo,0.0,0.0
KRT,2025-12-25,KRT-060,pivo,0.51,0.51
KRT,2025-12-25,KRT-061,pivo,0.0,0.0
KRT,2025-12-25,KRT-062,pivo,0.0,0.0
KRT,2025-12-25,KRT-063,pivo,0.0,0.0
KRT,2025-12-25,KRT-064,pivo,0.0,0.0
KRT,2025-12-25,KRT-065,pivo,0.0,0.0
KRT,2025-12-25,KRT-066,pivo,0.0,0.0
KRT,2025-12-25,KRT-067,pivo,0.0,0.0
KRT,2025-12-25,KRT-068,pivo,0.0,0.0
KRT,2025-12-25,KRT-069,pivo,0.0,0.0
KRT,2025-12-25,KRT-070,pivo,0.0,0.0
KRT,2025-12-25,KRT-071,pivo,0.0,0.0
KRT,2025-12-25,KRT-072,pivo,0.0,0.0
KRT,2025-12-25,KRT-073,pivo,0.0,0.0
KRT,2025-12-25,KRT-074,pivo,0.0,0.0
KRT,2025-12-24,KRT-001,pivo,0.0,0.0
KRT,2025-12-24,KRT-001B,pivo_secundario,0.0,0.0
KRT,2025-12-24,KRT-002,pivo,0.25,0.25
KRT,2025-12-24,KRT-002B,pivo_secundario,0.0,0.0
KRT,2025-12-24,KRT-003,pivo,0.0,0.0
KRT,2025-12-24,KRT-004,pivo,0.0,0.0
KRT,2025-12-24,KRT-004B,pivo_secundario,0.0,0.0
KRT,2025-12-24,KRT-005,pivo,0.0,0.0
KRT,2025-12-24,KRT-006B,pivo_secundario,0.0,0.0
KRT,2025-12-24,KRT-006,pivo,0.0,0.0
KRT,2025-12-24,KRT-007B,pivo_secundario,0.0,0.0
KRT,2025-12-24,KRT-007,pivo,0.0,0.0
KRT,2025-12-24,KRT-008,pivo,0.0,0.0
KRT,2025-12-24,KRT-009,pivo,0.0,0.0
KRT,2025-12-24,KRT-010,pivo,0.51,0.51
KRT,2025-12-24,KRT-011,pivo,0.0,0.0
KRT,2025-12-24,KRT-012,pivo,0.0,0.0
KRT,2025-12-24,KRT-013,pivo,0.25,0.25
KRT,2025-12-24,KRT-014,pivo,0.0,0.0
KRT,2025-12-24,KRT-015,pivo,0.0,0.0
KRT,2025-12-24,KRT-016,pivo,0.0,0.0
KRT,2025-12-24,KRT-017,pivo,0.0,0.0
KRT,2025-12-24,KRT-018,pivo,0.0,0.0
KRT,2025-12-24,KRT-019,pivo,0.25,0.25
KRT,2025-12-24,KRT-020,pivo,0.0,0.0
KRT,2025-12-24,KRT-021,pivo,0.0,0.0
KRT,2025-12-24,KRT-022,pivo,0.0,0.0
KRT,2025-12-24,KRT-023,pivo,0.0,0.0
KRT,2025-12-24,KRT-024,pivo,0.0,0.0
KRT,2025-12-24,KRT-025,pivo,0.51,0.51
KRT,2025-12-24,KRT-026,pivo,0.0,0.0
KRT,2025-12-24,KRT-027,pivo,0.0,0.0
KRT,2025-12-24,KRT-028,pivo,0.0,0.0
KRT,2025-12-24,KRT-029,pivo,1.02,1.02
KRT,2025-12-24,KRT-030,pivo,0.0,0.0
KRT,2025-12-24,KRT-031,pivo,0.0,0.0
KRT,2025-12-24,KRT-032,pivo,0.0,0.0
KRT,2025-12-24,KRT-033,pivo,0.0,0.0
KRT,2025-12-24,KRT-034,pivo,0.0,0.0
KRT,2025-12-24,KRT-035,pivo,0.0,0.0
KRT,2025-12-24,KRT-036,pivo,0.0,0.0
KRT,2025-12-24,KRT-037,pivo,0.0,0.0
KRT,2025-12-24,KRT-038,pivo,0.0,0.0
KRT,2025-12-24,KRT-039,pivo,0.0,0.0
KRT,2025-12-24,KRT-040,pivo,0.0,0.0
KRT,2025-12-24,KRT-041,pivo,0.0,0.0
KRT,2025-12-24,KRT-042,pivo,0.0,0.0
KRT,2025-12-24,KRT-043,pivo,0.0,0.0
KRT,2025-12-24,KRT-044,pivo,0.0,0.0
KRT,2025-12-24,KRT-045,pivo,0.0,0.0
KRT,2025-12-24,KRT-046,pivo,0.25,0.25
KRT,2025-12-24,KRT-047,pivo,0.0,0.0
KRT,2025-12-24,KRT-048,pivo,0.0,0.0
KRT,2025-12-24,KRT-049,pivo,0.0,0.0
KRT,2025-12-24,KRT-050,pivo,0.0,0.0
KRT,2025-12-24,KRT-051,pivo,0.0,0.0
KRT,2025-12-24,KRT-052,pivo,0.0,0.0
KRT,2025-12-24,KRT-053,pivo,0.0,0.0
KRT,2025-12-24,KRT-054,pivo,0.0,0.0
KRT,2025-12-24,KRT-055,pivo,0.0,0.0
KRT,2025-12-24,KRT-056,pivo,0.0,0.0
KRT,2025-12-24,KRT-057,pivo,0.0,0.0
KRT,2025-12-24,KRT-058,pivo,0.0,0.0
KRT,2025-12-24,KRT-059,pivo,0.0,0.0
KRT,2025-12-24,KRT-060,pivo,0.0,0.0
KRT,2025-12-24,KRT-061,pivo,0.0,0.0
KRT,2025-12-24,KRT-062,pivo,0.0,0.0
KRT,2025-12-24,KRT-063,pivo,0.0,0.0
KRT,2025-12-24,KRT-064,pivo,0.0,0.0
KRT,2025-12-24,KRT-065,pivo,0.0,0.0
KRT,2025-12-24,KRT-066,pivo,0.0,0.0
KRT,2025-12-24,KRT-067,pivo,0.0,0.0
KRT,2025-12-24,KRT-068,pivo,0.0,0.0
KRT,2025-12-24,KRT-069,pivo,0.0,0.0
KRT,2025-12-24,KRT-070,pivo,0.0,0.0
KRT,2025-12-24,KRT-071,pivo,0.0,0.0
KRT,2025-12-24,KRT-072,pivo,0.0,0.0
KRT,2025-12-24,KRT-073,pivo,0.0,0.0
KRT,2025-12-24,KRT-074,pivo,0.0,0.0
KRT,2025-12-23,KRT-001,pivo,0.0,0.0
KRT,2025-12-23,KRT-001B,pivo_secundario,0.0,0.0
KRT,2025-12-23,KRT-002,pivo,0.51,0.51
KRT,2025-12-23,KRT-002B,pivo_secundario,0.0,0.0
KRT,2025-12-23,KRT-003,pivo,0.0,0.0
KRT,2025-12-23,KRT-004,pivo,0.0,0.0
KRT,2025-12-23,KRT-004B,pivo_secundario,0.0,0.0
KRT,2025-12-23,KRT-005,pivo,0.0,0.0
KRT,2025-12-23,KRT-006B,pivo_secundario,0.0,0.0
KRT,2025-12-23,KRT-006,pivo,0.0,0.0
KRT,2025-12-23,KRT-007B,pivo_secundario,0.0,0.0
KRT,2025-12-23,KRT-007,pivo,0.0,0.0
KRT,2025-12-23,KRT-008,pivo,0.0,0.0
KRT,2025-12-23,KRT-009,pivo,0.0,0.0
KRT,2025-12-23,KRT-010,pivo,0.0,0.0
KRT,2025-12-23,KRT-011,pivo,0.0,0.0
KRT,2025-12-23,KRT-012,pivo,0.0,0.0
KRT,2025-12-23,KRT-013,pivo,0.0,0.0
KRT,2025-12-23,KRT-014,pivo,0.0,0.0
KRT,2025-12-23,KRT-015,pivo,0.0,0.0
KRT,2025-12-23,KRT-016,pivo,0.0,0.0
KRT,2025-12-23,KRT-017,pivo,0.51,0.51
KRT,2025-12-23,KRT-018,pivo,0.0,0.0
KRT,2025-12-23,KRT-019,pivo,0.51,0.51
KRT,2025-12-23,KRT-020,pivo,0.0,0.0
KRT,2025-12-23,KRT-021,pivo,0.25,0.25
KRT,2025-12-23,KRT-022,pivo,0.0,0.0
KRT,2025-12-23,KRT-023,pivo,0.0,0.0
KRT,2025-12-23,KRT-024,pivo,0.0,0.0
KRT,2025-12-23,KRT-025,pivo,0.0,0.0
KRT,2025-12-23,KRT-026,pivo,0.0,0.0
KRT,2025-12-23,KRT-027,pivo,0.0,0.0
KRT,2025-12-23,KRT-028,pivo,0.0,0.0
KRT,2025-12-23,KRT-029,pivo,1.02,1.02
KRT,2025-12-23,KRT-030,pivo,0.0,0.0
KRT,2025-12-23,KRT-031,pivo,0.0,0.0
KRT,2025-12-23,KRT-032,pivo,0.0,0.0
KRT,2025-12-23,KRT-033,pivo,0.0,0.0
KRT,2025-12-23,KRT-034,pivo,0.0,0.0
KRT,2025-12-23,KRT-035,pivo,0.0,0.0
KRT,2025-12-23,KRT-036,pivo,0.0,0.0
KRT,2025-12-23,KRT-037,pivo,0.0,0.0
KRT,2025-12-23,KRT-038,pivo,0.0,0.0
KRT,2025-12-23,KRT-039,pivo,0.0,0.0
KRT,2025-12-23,KRT-040,pivo,0.0,0.0
KRT,2025-12-23,KRT-041,pivo,0.0,0.0
KRT,2025-12-23,KRT-042,pivo,0.0,0.0
KRT,2025-12-23,KRT-043,pivo,0.0,0.0
KRT,2025-12-23,KRT-044,pivo,0.0,0.0
KRT,2025-12-23,KRT-045,pivo,0.0,0.0
KRT,2025-12-23,KRT-046,pivo,0.0,0.0
KRT,2025-12-23,KRT-047,pivo,0.0,0.0
KRT,2025-12-23,KRT-048,pivo,0.0,0.0
KRT,2025-12-23,KRT-049,pivo,0.0,0.0
KRT,2025-12-23,KRT-050,pivo,0.0,0.0
KRT,2025-12-23,KRT-051,pivo,0.0,0.0
KRT,2025-12-23,KRT-052,pivo,0.0,0.0
KRT,2025-12-23,KRT-053,pivo,0.0,0.0
KRT,2025-12-23,KRT-054,pivo,0.0,0.0
KRT,2025-12-23,KRT-055,pivo,0.0,0.0
KRT,2025-12-23,KRT-056,pivo,0.0,0.0
KRT,2025-12-23,KRT-057,pivo,0.23,0.23
KRT,2025-12-23,KRT-058,pivo,0.0,0.0
KRT,2025-12-23,KRT-059,pivo,0.0,0.0
KRT,2025-12-23,KRT-060,pivo,0.0,0.0
KRT,2025-12-23,KRT-061,pivo,0.0,0.0
KRT,2025-12-23,KRT-062,pivo,0.0,0.0
KRT,2025-12-23,KRT-063,pivo,0.0,0.0
KRT,2025-12-23,KRT-064,pivo,0.0,0.0
KRT,2025-12-23,KRT-065,pivo,0.0,0.0
KRT,2025-12-23,KRT-066,pivo,0.0,0.0
KRT,2025-12-23,KRT-067,pivo,0.0,0.0
KRT,2025-12-23,KRT-068,pivo,0.0,0.0
KRT,2025-12-23,KRT-069,pivo,0.0,0.0
KRT,2025-12-23,KRT-070,pivo,0.0,0.0
KRT,2025-12-23,KRT-071,pivo,0.0,0.0
KRT,2025-12-23,KRT-072,pivo,0.0,0.0
KRT,2025-12-23,KRT-073,pivo,0.0,0.0
KRT,2025-12-23,KRT-074,pivo,0.0,0.0
KRT,2025-12-22,KRT-001,pivo,0.0,0.0
KRT,2025-12-22,KRT-001B,pivo_secundario,0.0,0.0
KRT,2025-12-22,KRT-002,pivo,0.25,0.25
KRT,2025-12-22,KRT-002B,pivo_secundario,0.23,0.23
KRT,2025-12-22,KRT-003,pivo,0.0,0.0
KRT,2025-12-22,KRT-004,pivo,0.0,0.0
KRT,2025-12-22,KRT-004B,pivo_secundario,0.0,0.0
KRT,2025-12-22,KRT-005,pivo,0.0,0.0
KRT,2025-12-22,KRT-006B,pivo_secundario,0.0,0.0
KRT,2025-12-22,KRT-006,pivo,0.0,0.0
KRT,2025-12-22,KRT-007B,pivo_secundario,0.0,0.0
KRT,2025-12-22,KRT-007,pivo,0.0,0.0
KRT,2025-12-22,KRT-008,pivo,0.0,0.0
KRT,2025-12-22,KRT-009,pivo,0.0,0.0
KRT,2025-12-22,KRT-010,pivo,0.0,0.0
KRT,2025-12-22,KRT-011,pivo,0.0,0.0
KRT,2025-12-22,KRT-012,pivo,0.76,0.76
KRT,2025-12-22,KRT-013,pivo,0.0,0.0
KRT,2025-12-22,KRT-014,pivo,0.0,0.0
KRT,2025-12-22,KRT-015,pivo,0.51,0.51
KRT,2025-12-22,KRT-016,pivo,0.0,0.0
KRT,2025-12-22,KRT-017,pivo,0.0,0.0
KRT,2025-12-22,KRT-018,pivo,0.0,0.0
KRT,2025-12-22,KRT-019,pivo,0.25,0.25
KRT,2025-12-22,KRT-020,pivo,0.0,0.0
KRT,2025-12-22,KRT-021,pivo,0.51,0.51
KRT,2025-12-22,KRT-022,pivo,0.0,0.0
KRT,2025-12-22,KRT-023,pivo,0.0,0.0
KRT,2025-12-22,KRT-024,pivo,0.0,0.0
KRT,2025-12-22,KRT-025,pivo,0.0,0.0
KRT,2025-12-22,KRT-026,pivo,0.0,0.0
KRT,2025-12-22,KRT-027,pivo,0.0,0.0
KRT,2025-12-22,KRT-028,pivo,0.0,0.0
KRT,2025-12-22,KRT-029,pivo,0.0,0.0
KRT,2025-12-22,KRT-030,pivo,0.25,0.25
KRT,2025-12-22,KRT-031,pivo,0.0,0.0
KRT,2025-12-22,KRT-032,pivo,0.0,0.0
KRT,2025-12-22,KRT-033,pivo,0.0,0.0
KRT,2025-12-22,KRT-034,pivo,0.0,0.0
KRT,2025-12-22,KRT-035,pivo,0.25,0.25
KRT,2025-12-22,KRT-036,pivo,0.25,0.25
KRT,2025-12-22,KRT-037,pivo,0.0,0.0
KRT,2025-12-22,KRT-038,pivo,0.0,0.0
KRT,2025-12-22,KRT-039,pivo,0.25,0.25
KRT,2025-12-22,KRT-040,pivo,0.0,0.0
KRT,2025-12-22,KRT-041,pivo,0.0,0.0
KRT,2025-12-22,KRT-042,pivo,0.0,0.0
KRT,2025-12-22,KRT-043,pivo,0.25,0.25
KRT,2025-12-22,KRT-044,pivo,0.25,0.25
KRT,2025-12-22,KRT-045,pivo,0.0,0.0
KRT,2025-12-22,KRT-046,pivo,0.0,0.0
KRT,2025-12-22,KRT-047,pivo,0.0,0.0
KRT,2025-12-22,KRT-048,pivo,0.0,0.0
KRT,2025-12-22,KRT-049,pivo,0.0,0.0
KRT,2025-12-22,KRT-050,pivo,0.0,0.0
KRT,2025-12-22,KRT-051,pivo,0.0,0.0
KRT,2025-12-22,KRT-052,pivo,0.0,0.0
KRT,2025-12-22,KRT-053,pivo,0.0,0.0
KRT,2025-12-22,KRT-054,pivo,0.0,0.0
KRT,2025-12-22,KRT-055,pivo,0.25,0.25
KRT,2025-12-22,KRT-056,pivo,0.0,0.0
KRT,2025-12-22,KRT-057,pivo,0.0,0.0
KRT,2025-12-22,KRT-058,pivo,0.0,0.0
KRT,2025-12-22,KRT-059,pivo,0.0,0.0
KRT,2025-12-22,KRT-060,pivo,0.0,0.0
KRT,2025-12-22,KRT-061,pivo,0.0,0.0
KRT,2025-12-22,KRT-062,pivo,0.0,0.0
KRT,2025-12-22,KRT-063,pivo,0.0,0.0
KRT,2025-12-22,KRT-064,pivo,0.0,0.0
KRT,2025-12-22,KRT-065,pivo,0.0,0.0
KRT,2025-12-22,KRT-066,pivo,0.0,0.0
KRT,2025-12-22,KRT-067,pivo,0.0,0.0
KRT,2025-12-22,KRT-068,pivo,0.0,0.0
KRT,2025-12-22,KRT-069,pivo,0.0,0.0
KRT,2025-12-22,KRT-070,pivo,0.0,0.0
KRT,2025-12-22,KRT-071,pivo,0.0,0.0
KRT,2025-12-22,KRT-072,pivo,0.19,0.19
KRT,2025-12-22,KRT-073,pivo,0.0,0.0
KRT,2025-12-22,KRT-074,pivo,0.51,0.51
KRT,2025-12-21,KRT-001,pivo,6.1,6.1
KRT,2025-12-21,KRT-001B,pivo_secundario,1.15,1.15
KRT,2025-12-21,KRT-002,pivo,9.14,9.14
KRT,2025-12-21,KRT-002B,pivo_secundario,0.68,0.68
KRT,2025-12-21,KRT-003,pivo,8.91,8.91
KRT,2025-12-21,KRT-004,pivo,8.91,8.91
KRT,2025-12-21,KRT-004B,pivo_secundario,0.0,0.0
KRT,2025-12-21,KRT-005,pivo,11.5,11.5
KRT,2025-12-21,KRT-006B,pivo_secundario,0.0,0.0
KRT,2025-12-21,KRT-006,pivo,10.0,10.0
KRT,2025-12-21,KRT-007B,pivo_secundario,0.26,0.26
KRT,2025-12-21,KRT-007,pivo,20.57,20.57
KRT,2025-12-21,KRT-008,pivo,12.7,12.7
KRT,2025-12-21,KRT-009,pivo,32.51,32.51
KRT,2025-12-21,KRT-010,pivo,10.67,10.67
KRT,2025-12-21,KRT-011,pivo,13.97,13.97
KRT,2025-12-21,KRT-012,pivo,1.78,1.78
KRT,2025-12-21,KRT-013,pivo,11.43,11.43
KRT,2025-12-21,KRT-014,pivo,1.27,1.27
KRT,2025-12-21,KRT-015,pivo,1.78,1.78
KRT,2025-12-21,KRT-016,pivo,0.0,0.0
KRT,2025-12-21,KRT-017,pivo,3.56,3.56
KRT,2025-12-21,KRT-018,pivo,0.0,0.0
KRT,2025-12-21,KRT-019,pivo,3.3,3.3
KRT,2025-12-21,KRT-020,pivo,0.0,0.0
KRT,2025-12-21,KRT-021,pivo,2.03,2.03
KRT,2025-12-21,KRT-022,pivo,0.0,0.0
KRT,2025-12-21,KRT-023,pivo,0.0,0.0
KRT,2025-12-21,KRT-024,pivo,0.0,0.0
KRT,2025-12-21,KRT-025,pivo,0.25,0.25
KRT,2025-12-21,KRT-026,pivo,0.0,0.0
KRT,2025-12-21,KRT-027,pivo,0.0,0.0
KRT,2025-12-21,KRT-028,pivo,0.0,0.0
KRT,2025-12-21,KRT-029,pivo,0.25,0.25
KRT,2025-12-21,KRT-030,pivo,1.52,1.52
KRT,2025-12-21,KRT-031,pivo,0.0,0.0
KRT,2025-12-21,KRT-032,pivo,0.0,0.0
KRT,2025-12-21,KRT-033,pivo,4.32,4.32
KRT,2025-12-21,KRT-034,pivo,0.0,0.0
KRT,2025-12-21,KRT-035,pivo,4.32,4.32
KRT,2025-12-21,KRT-036,pivo,1.78,1.78
KRT,2025-12-21,KRT-037,pivo,2.03,2.03
KRT,2025-12-21,KRT-038,pivo,1.02,1.02
KRT,2025-12-21,KRT-039,pivo,0.0,0.0
KRT,2025-12-21,KRT-040,pivo,0.0,0.0
KRT,2025-12-21,KRT-041,pivo,0.0,0.0
KRT,2025-12-21,KRT-042,pivo,2.79,2.79
KRT,2025-12-21,KRT-043,pivo,2.03,2.03
KRT,2025-12-21,KRT-044,pivo,1.02,1.02
KRT,2025-12-21,KRT-045,pivo,0.0,0.0
KRT,2025-12-21,KRT-046,pivo,0.25,0.25
KRT,2025-12-21,KRT-047,pivo,0.0,0.0
KRT,2025-12-21,KRT-048,pivo,0.0,0.0
KRT,2025-12-21,KRT-049,pivo,0.0,0.0
KRT,2025-12-21,KRT-050,pivo,0.0,0.0
KRT,2025-12-21,KRT-051,pivo,0.0,0.0
KRT,2025-12-21,KRT-052,pivo,0.0,0.0
KRT,2025-12-21,KRT-053,pivo,1.02,1.02
KRT,2025-12-21,KRT-054,pivo,0.0,0.0
KRT,2025-12-21,KRT-055,pivo,0.0,0.0
KRT,2025-12-21,KRT-056,pivo,0.0,0.0
KRT,2025-12-21,KRT-057,pivo,0.0,0.0
KRT,2025-12-21,KRT-058,pivo,0.0,0.0
KRT,2025-12-21,KRT-059,pivo,0.0,0.0
KRT,2025-12-21,KRT-060,pivo,0.0,0.0
KRT,2025-12-21,KRT-061,pivo,0.0,0.0
KRT,2025-12-21,KRT-062,pivo,0.0,0.0
KRT,2025-12-21,KRT-063,pivo,0.0,0.0
KRT,2025-12-21,KRT-064,pivo,0.3,0.3
KRT,2025-12-21,KRT-065,pivo,0.0,0.0
KRT,2025-12-21,KRT-066,pivo,0.0,0.0
KRT,2025-12-21,KRT-067,pivo,0.0,0.0
KRT,2025-12-21,KRT-068,pivo,0.0,0.0
KRT,2025-12-21,KRT-069,pivo,0.0,0.0
KRT,2025-12-21,KRT-070,pivo,0.2,0.2
KRT,2025-12-21,KRT-071,pivo,0.0,0.0
KRT,2025-12-21,KRT-072,pivo,0.0,0.0
KRT,2025-12-21,KRT-073,pivo,0.0,0.0
KRT,2025-12-21,KRT-074,pivo,0.25,0.25
KRT,2025-12-19,KRT-001,pivo,0.0,0.0
KRT,2025-12-19,KRT-001B,pivo_secundario,3.0,3.0
KRT,2025-12-19,KRT-002,pivo,0.0,0.0
KRT,2025-12-19,KRT-002B,pivo_secundario,0.23,0.23
KRT,2025-12-19,KRT-003,pivo,0.0,0.0
KRT,2025-12-19,KRT-004,pivo,0.0,0.0
KRT,2025-12-19,KRT-004B,pivo_secundario,0.0,0.0
KRT,2025-12-19,KRT-005,pivo,0.0,0.0
KRT,2025-12-19,KRT-006B,pivo_secundario,0.0,0.0
KRT,2025-12-19,KRT-006,pivo,0.0,0.0
KRT,2025-12-19,KRT-007B,pivo_secundario,0.26,0.26
KRT,2025-12-19,KRT-007,pivo,0.0,0.0
KRT,2025-12-19,KRT-008,pivo,0.0,0.0
KRT,2025-12-19,KRT-009,pivo,0.0,0.0
KRT,2025-12-19,KRT-010,pivo,0.0,0.0
KRT,2025-12-19,KRT-011,pivo,0.0,0.0
KRT,2025-12-19,KRT-012,pivo,0.0,0.0
KRT,2025-12-19,KRT-013,pivo,0.51,0.51
KRT,2025-12-19,KRT-014,pivo,0.0,0.0
KRT,2025-12-19,KRT-015,pivo,0.0,0.0
KRT,2025-12-19,KRT-016,pivo,0.0,0.0
KRT,2025-12-19,KRT-017,pivo,0.0,0.0
KRT,2025-12-19,KRT-018,pivo,0.0,0.0
KRT,2025-12-19,KRT-019,pivo,0.0,0.0
KRT,2025-12-19,KRT-020,pivo,0.0,0.0
KRT,2025-12-19,KRT-021,pivo,0.0,0.0
KRT,2025-12-19,KRT-022,pivo,0.0,0.0
KRT,2025-12-19,KRT-023,pivo,0.0,0.0
KRT,2025-12-19,KRT-024,pivo,0.0,0.0
KRT,2025-12-19,KRT-025,pivo,0.25,0.25
KRT,2025-12-19,KRT-026,pivo,0.0,0.0
KRT,2025-12-19,KRT-027,pivo,0.0,0.0
KRT,2025-12-19,KRT-028,pivo,0.0,0.0
KRT,2025-12-19,KRT-029,pivo,0.0,0.0
KRT,2025-12-19,KRT-030,pivo,0.0,0.0
KRT,2025-12-19,KRT-031,pivo,0.0,0.0
KRT,2025-12-19,KRT-032,pivo,0.25,0.25
KRT,2025-12-19,KRT-033,pivo,0.0,0.0
KRT,2025-12-19,KRT-034,pivo,4.57,4.57
KRT,2025-12-19,KRT-035,pivo,0.0,0.0
KRT,2025-12-19,KRT-036,pivo,0.0,0.0
KRT,2025-12-19,KRT-037,pivo,0.0,0.0
KRT,2025-12-19,KRT-038,pivo,0.0,0.0
KRT,2025-12-19,KRT-039,pivo,0.0,0.0
KRT,2025-12-19,KRT-040,pivo,0.0,0.0
KRT,2025-12-19,KRT-041,pivo,0.0,0.0
KRT,2025-12-19,KRT-042,pivo,0.0,0.0
KRT,2025-12-19,KRT-043,pivo,0.0,0.0
KRT,2025-12-19,KRT-044,pivo,0.25,0.25
KRT,2025-12-19,KRT-045,pivo,0.0,0.0
KRT,2025-12-19,KRT-046,pivo,0.0,0.0
KRT,2025-12-19,KRT-047,pivo,0.25,0.25
KRT,2025-12-19,KRT-048,pivo,0.0,0.0
KRT,2025-12-19,KRT-049,pivo,0.0,0.0
KRT,2025-12-19,KRT-050,pivo,0.0,0.0
KRT,2025-12-19,KRT-051,pivo,0.0,0.0
KRT,2025-12-19,KRT-052,pivo,0.0,0.0
KRT,2025-12-19,KRT-053,pivo,0.0,0.0
KRT,2025-12-19,KRT-054,pivo,0.0,0.0
KRT,2025-12-19,KRT-055,pivo,0.0,0.0
KRT,2025-12-19,KRT-056,pivo,0.25,0.25
KRT,2025-12-19,KRT-057,pivo,0.0,0.0
KRT,2025-12-19,KRT-058,pivo,0.0,0.0
KRT,2025-12-19,KRT-059,pivo,0.0,0.0
KRT,2025-12-19,KRT-060,pivo,0.0,0.0
KRT,2025-12-19,KRT-061,pivo,0.0,0.0
KRT,2025-12-19,KRT-062,pivo,0.0,0.0
KRT,2025-12-19,KRT-063,pivo,0.0,0.0
KRT,2025-12-19,KRT-064,pivo,0.0,0.0
KRT,2025-12-19,KRT-065,pivo,0.0,0.0
KRT,2025-12-19,KRT-066,pivo,0.0,0.0
KRT,2025-12-19,KRT-067,pivo,0.0,0.0
KRT,2025-12-19,KRT-068,pivo,0.0,0.0
KRT,2025-12-19,KRT-069,pivo,0.0,0.0
KRT,2025-12-19,KRT-070,pivo,0.0,0.0
KRT,2025-12-19,KRT-071,pivo,0.0,0.0
KRT,2025-12-19,KRT-072,pivo,0.0,0.0
KRT,2025-12-19,KRT-073,pivo,0.0,0.0
KRT,2025-12-19,KRT-074,pivo,0.51,0.51
KRT,2025-12-18,KRT-001,pivo,7.87,7.87
KRT,2025-12-18,KRT-001B,pivo_secundario,18.25,18.25
KRT,2025-12-18,KRT-002,pivo,4.83,4.83
KRT,2025-12-18,KRT-002B,pivo_secundario,1.14,1.14
KRT,2025-12-18,KRT-003,pivo,5.06,5.06
KRT,2025-12-18,KRT-004,pivo,5.06,5.06
KRT,2025-12-18,KRT-004B,pivo_secundario,0.24,0.24
KRT,2025-12-18,KRT-005,pivo,2.5,2.5
KRT,2025-12-18,KRT-006B,pivo_secundario,1.74,1.74
KRT,2025-12-18,KRT-006,pivo,0.0,0.0
KRT,2025-12-18,KRT-007B,pivo_secundario,9.14,9.14
KRT,2025-12-18,KRT-007,pivo,1.78,1.78
KRT,2025-12-18,KRT-008,pivo,2.29,2.29
KRT,2025-12-18,KRT-009,pivo,14.73,14.73
KRT,2025-12-18,KRT-010,pivo,1.78,1.78
KRT,2025-12-18,KRT-011,pivo,3.81,3.81
KRT,2025-12-18,KRT-012,pivo,3.3,3.3
KRT,2025-12-18,KRT-013,pivo,2.29,2.29
KRT,2025-12-18,KRT-014,pivo,0.51,0.51
KRT,2025-12-18,KRT-015,pivo,2.54,2.54
KRT,2025-12-18,KRT-016,pivo,0.0,0.0
KRT,2025-12-18,KRT-017,pivo,1.52,1.52
KRT,2025-12-18,KRT-018,pivo,0.75,0.75
KRT,2025-12-18,KRT-019,pivo,0.51,0.51
KRT,2025-12-18,KRT-020,pivo,0.25,0.25
KRT,2025-12-18,KRT-021,pivo,0.0,0.0
KRT,2025-12-18,KRT-022,pivo,0.0,0.0
KRT,2025-12-18,KRT-023,pivo,0.0,0.0
KRT,2025-12-18,KRT-024,pivo,0.25,0.25
KRT,2025-12-18,KRT-025,pivo,0.25,0.25
KRT,2025-12-18,KRT-026,pivo,0.0,0.0
KRT,2025-12-18,KRT-027,pivo,0.0,0.0
KRT,2025-12-18,KRT-028,pivo,0.0,0.0
KRT,2025-12-18,KRT-029,pivo,0.25,0.25
KRT,2025-12-18,KRT-030,pivo,0.25,0.25
KRT,2025-12-18,KRT-031,pivo,0.0,0.0
KRT,2025-12-18,KRT-032,pivo,0.25,0.25
KRT,2025-12-18,KRT-033,pivo,0.51,0.51
KRT,2025-12-18,KRT-034,pivo,0.0,0.0
KRT,2025-12-18,KRT-035,pivo,2.54,2.54
KRT,2025-12-18,KRT-036,pivo,2.54,2.54
KRT,2025-12-18,KRT-037,pivo,3.56,3.56
KRT,2025-12-18,KRT-038,pivo,3.3,3.3
KRT,2025-12-18,KRT-039,pivo,1.52,1.52
KRT,2025-12-18,KRT-040,pivo,2.03,2.03
KRT,2025-12-18,KRT-041,pivo,0.0,0.0
KRT,2025-12-18,KRT-042,pivo,5.08,5.08
KRT,2025-12-18,KRT-043,pivo,5.33,5.33
KRT,2025-12-18,KRT-044,pivo,7.11,7.11
KRT,2025-12-18,KRT-045,pivo,0.0,0.0
KRT,2025-12-18,KRT-046,pivo,3.56,3.56
KRT,2025-12-18,KRT-047,pivo,4.32,4.32
KRT,2025-12-18,KRT-048,pivo,0.0,0.0
KRT,2025-12-18,KRT-049,pivo,5.84,5.84
KRT,2025-12-18,KRT-050,pivo,6.6,6.6
KRT,2025-12-18,KRT-051,pivo,6.6,6.6
KRT,2025-12-18,KRT-052,pivo,7.37,7.37
KRT,2025-12-18,KRT-053,pivo,22.35,22.35
KRT,2025-12-18,KRT-054,pivo,5.08,5.08
KRT,2025-12-18,KRT-055,pivo,11.68,11.68
KRT,2025-12-18,KRT-056,pivo,9.91,9.91
KRT,2025-12-18,KRT-057,pivo,11.75,11.75
KRT,2025-12-18,KRT-058,pivo,8.75,8.75
KRT,2025-12-18,KRT-059,pivo,16.26,16.26
KRT,2025-12-18,KRT-060,pivo,12.7,12.7
KRT,2025-12-18,KRT-061,pivo,9.14,9.14
KRT,2025-12-18,KRT-062,pivo,10.51,10.51
KRT,2025-12-18,KRT-063,pivo,6.0,6.0
KRT,2025-12-18,KRT-064,pivo,7.5,7.5
KRT,2025-12-18,KRT-065,pivo,8.4,8.4
KRT,2025-12-18,KRT-066,pivo,4.32,4.32
KRT,2025-12-18,KRT-067,pivo,8.13,8.13
KRT,2025-12-18,KRT-068,pivo,11.02,11.02
KRT,2025-12-18,KRT-069,pivo,0.0,0.0
KRT,2025-12-18,KRT-070,pivo,39.4,39.4
KRT,2025-12-18,KRT-071,pivo,0.0,0.0
KRT,2025-12-18,KRT-072,pivo,34.58,34.58
KRT,2025-12-18,KRT-073,pivo,3.3,3.3
KRT,2025-12-18,KRT-074,pivo,5.08,5.08
KRT,2025-12-17,KRT-001,pivo,0.0,0.0
KRT,2025-12-17,KRT-001B,pivo_secundario,2.77,2.77
KRT,2025-12-17,KRT-002,pivo,1.27,1.27
KRT,2025-12-17,KRT-002B,pivo_secundario,1.82,1.82
KRT,2025-12-17,KRT-003,pivo,0.0,0.0
KRT,2025-12-17,KRT-004,pivo,0.0,0.0
KRT,2025-12-17,KRT-004B,pivo_secundario,0.0,0.0
KRT,2025-12-17,KRT-005,pivo,6.5,6.5
KRT,2025-12-17,KRT-006B,pivo_secundario,30.3,30.3
KRT,2025-12-17,KRT-006,pivo,31.73,31.73
KRT,2025-12-17,KRT-007B,pivo_secundario,4.96,4.96
KRT,2025-12-17,KRT-007,pivo,25.15,25.15
KRT,2025-12-17,KRT-008,pivo,35.31,35.31
KRT,2025-12-17,KRT-009,pivo,7.87,7.87
KRT,2025-12-17,KRT-010,pivo,13.21,13.21
KRT,2025-12-17,KRT-011,pivo,3.56,3.56
KRT,2025-12-17,KRT-012,pivo,3.78,3.78
KRT,2025-12-17,KRT-013,pivo,2.54,2.54
KRT,2025-12-17,KRT-014,pivo,2.03,2.03
KRT,2025-12-17,KRT-015,pivo,34.8,34.8
KRT,2025-12-17,KRT-016,pivo,30.66,30.66
KRT,2025-12-17,KRT-017,pivo,29.46,29.46
KRT,2025-12-17,KRT-018,pivo,26.25,26.25
KRT,2025-12-17,KRT-019,pivo,14.99,14.99
KRT,2025-12-17,KRT-020,pivo,19.3,19.3
KRT,2025-12-17,KRT-021,pivo,12.1,12.1
KRT,2025-12-17,KRT-022,pivo,13.72,13.72
KRT,2025-12-17,KRT-023,pivo,3.56,3.56
KRT,2025-12-17,KRT-024,pivo,5.33,5.33
KRT,2025-12-17,KRT-025,pivo,3.56,3.56
KRT,2025-12-17,KRT-026,pivo,3.64,3.64
KRT,2025-12-17,KRT-027,pivo,4.17,4.17
KRT,2025-12-17,KRT-028,pivo,10.16,10.16
KRT,2025-12-17,KRT-029,pivo,5.33,5.33
KRT,2025-12-17,KRT-030,pivo,11.68,11.68
KRT,2025-12-17,KRT-031,pivo,7.17,7.17
KRT,2025-12-17,KRT-032,pivo,4.32,4.32
KRT,2025-12-17,KRT-033,pivo,5.84,5.84
KRT,2025-12-17,KRT-034,pivo,3.81,3.81
KRT,2025-12-17,KRT-035,pivo,20.07,20.07
KRT,2025-12-17,KRT-036,pivo,25.4,25.4
KRT,2025-12-17,KRT-037,pivo,20.32,20.32
KRT,2025-12-17,KRT-038,pivo,23.88,23.88
KRT,2025-12-17,KRT-039,pivo,30.99,30.99
KRT,2025-12-17,KRT-040,pivo,35.56,35.56
KRT,2025-12-17,KRT-041,pivo,37.75,37.75
KRT,2025-12-17,KRT-042,pivo,45.47,45.47
KRT,2025-12-17,KRT-043,pivo,45.97,45.97
KRT,2025-12-17,KRT-044,pivo,18.03,18.03
KRT,2025-12-17,KRT-045,pivo,26.2,26.2
KRT,2025-12-17,KRT-046,pivo,30.99,30.99
KRT,2025-12-17,KRT-047,pivo,29.97,29.97
KRT,2025-12-17,KRT-048,pivo,30.06,30.06
KRT,2025-12-17,KRT-049,pivo,14.22,14.22
KRT,2025-12-17,KRT-050,pivo,60.2,60.2
KRT,2025-12-17,KRT-051,pivo,46.48,46.48
KRT,2025-12-17,KRT-052,pivo,17.27,17.27
KRT,2025-12-17,KRT-053,pivo,5.33,5.33
KRT,2025-12-17,KRT-054,pivo,12.57,12.57
KRT,2025-12-17,KRT-055,pivo,6.35,6.35
KRT,2025-12-17,KRT-056,pivo,28.45,28.45
KRT,2025-12-17,KRT-057,pivo,0.9,0.9
KRT,2025-12-17,KRT-058,pivo,9.0,9.0
KRT,2025-12-17,KRT-059,pivo,0.76,0.76
KRT,2025-12-17,KRT-060,pivo,1.02,1.02
KRT,2025-12-17,KRT-061,pivo,2.29,2.29
KRT,2025-12-17,KRT-062,pivo,0.0,0.0
KRT,2025-12-17,KRT-063,pivo,54.0,54.0
KRT,2025-12-17,KRT-064,pivo,26.4,26.4
KRT,2025-12-17,KRT-065,pivo,34.5,34.5
KRT,2025-12-17,KRT-066,pivo,8.13,8.13
KRT,2025-12-17,KRT-067,pivo,0.76,0.76
KRT,2025-12-17,KRT-068,pivo,3.12,3.12
KRT,2025-12-17,KRT-069,pivo,0.0,0.0
KRT,2025-12-17,KRT-070,pivo,2.96,2.96
KRT,2025-12-17,KRT-071,pivo,0.0,0.0
KRT,2025-12-17,KRT-072,pivo,6.27,6.27
KRT,2025-12-17,KRT-073,pivo,62.74,62.74
KRT,2025-12-17,KRT-074,pivo,36.58,36.58
KRT,2025-12-16,KRT-001,pivo,0.25,0.25
KRT,2025-12-16,KRT-001B,pivo_secundario,0.0,0.0
KRT,2025-12-16,KRT-002,pivo,0.0,0.0
KRT,2025-12-16,KRT-002B,pivo_secundario,0.23,0.23
KRT,2025-12-16,KRT-003,pivo,0.0,0.0
KRT,2025-12-16,KRT-004,pivo,0.0,0.0
KRT,2025-12-16,KRT-004B,pivo_secundario,0.0,0.0
KRT,2025-12-16,KRT-005,pivo,0.0,0.0
KRT,2025-12-16,KRT-006B,pivo_secundario,0.0,0.0
KRT,2025-12-16,KRT-006,pivo,0.0,0.0
KRT,2025-12-16,KRT-007B,pivo_secundario,0.0,0.0
KRT,2025-12-16,KRT-007,pivo,0.76,0.76
KRT,2025-12-16,KRT-008,pivo,4.83,4.83
KRT,2025-12-16,KRT-009,pivo,0.0,0.0
KRT,2025-12-16,KRT-010,pivo,0.76,0.76
KRT,2025-12-16,KRT-011,pivo,0.76,0.76
KRT,2025-12-16,KRT-012,pivo,1.02,1.02
KRT,2025-12-16,KRT-013,pivo,0.0,0.0
KRT,2025-12-16,KRT-014,pivo,3.81,3.81
KRT,2025-12-16,KRT-015,pivo,0.76,0.76
KRT,2025-12-16,KRT-016,pivo,0.0,0.0
KRT,2025-12-16,KRT-017,pivo,4.83,4.83
KRT,2025-12-16,KRT-018,pivo,0.0,0.0
KRT,2025-12-16,KRT-019,pivo,0.76,0.76
KRT,2025-12-16,KRT-020,pivo,1.02,1.02
KRT,2025-12-16,KRT-021,pivo,1.78,1.78
KRT,2025-12-16,KRT-022,pivo,2.03,2.03
KRT,2025-12-16,KRT-023,pivo,1.27,1.27
KRT,2025-12-16,KRT-024,pivo,4.83,4.83
KRT,2025-12-16,KRT-025,pivo,0.0,0.0
KRT,2025-12-16,KRT-026,pivo,0.0,0.0
KRT,2025-12-16,KRT-027,pivo,0.0,0.0
KRT,2025-12-16,KRT-028,pivo,0.0,0.0
KRT,2025-12-16,KRT-029,pivo,2.03,2.03
KRT,2025-12-16,KRT-030,pivo,0.0,0.0
KRT,2025-12-16,KRT-031,pivo,0.0,0.0
KRT,2025-12-16,KRT-032,pivo,0.0,0.0
KRT,2025-12-16,KRT-033,pivo,0.0,0.0
KRT,2025-12-16,KRT-034,pivo,2.29,2.29
KRT,2025-12-16,KRT-035,pivo,0.0,0.0
KRT,2025-12-16,KRT-036,pivo,1.52,1.52
KRT,2025-12-16,KRT-037,pivo,0.51,0.51
KRT,2025-12-16,KRT-038,pivo,1.78,1.78
KRT,2025-12-16,KRT-039,pivo,2.03,2.03
KRT,2025-12-16,KRT-040,pivo,6.6,6.6
KRT,2025-12-16,KRT-041,pivo,7.18,7.18
KRT,2025-12-16,KRT-042,pivo,3.05,3.05
KRT,2025-12-16,KRT-043,pivo,17.27,17.27
KRT,2025-12-16,KRT-044,pivo,0.0,0.0
KRT,2025-12-16,KRT-045,pivo,0.0,0.0
KRT,2025-12-16,KRT-046,pivo,7.87,7.87
KRT,2025-12-16,KRT-047,pivo,22.1,22.1
KRT,2025-12-16,KRT-048,pivo,17.26,17.26
KRT,2025-12-16,KRT-049,pivo,12.45,12.45
KRT,2025-12-16,KRT-050,pivo,1.52,1.52
KRT,2025-12-16,KRT-051,pivo,0.0,0.0
KRT,2025-12-16,KRT-052,pivo,0.51,0.51
KRT,2025-12-16,KRT-053,pivo,0.0,0.0
KRT,2025-12-16,KRT-054,pivo,0.0,0.0
KRT,2025-12-16,KRT-055,pivo,0.0,0.0
KRT,2025-12-16,KRT-056,pivo,0.25,0.25
KRT,2025-12-16,KRT-057,pivo,0.0,0.0
KRT,2025-12-16,KRT-058,pivo,0.0,0.0
KRT,2025-12-16,KRT-059,pivo,1.27,1.27
KRT,2025-12-16,KRT-060,pivo,2.29,2.29
KRT,2025-12-16,KRT-061,pivo,6.35,6.35
KRT,2025-12-16,KRT-062,pivo,0.44,0.44
KRT,2025-12-16,KRT-063,pivo,0.0,0.0
KRT,2025-12-16,KRT-064,pivo,0.0,0.0
KRT,2025-12-16,KRT-065,pivo,0.0,0.0
KRT,2025-12-16,KRT-066,pivo,0.0,0.0
KRT,2025-12-16,KRT-067,pivo,0.0,0.0
KRT,2025-12-16,KRT-068,pivo,0.21,0.21
KRT,2025-12-16,KRT-069,pivo,0.0,0.0
KRT,2025-12-16,KRT-070,pivo,6.3,6.3
KRT,2025-12-16,KRT-071,pivo,0.0,0.0
KRT,2025-12-16,KRT-072,pivo,15.01,15.01
KRT,2025-12-16,KRT-073,pivo,0.76,0.76
KRT,2025-12-16,KRT-074,pivo,1.02,1.02
KRT,2025-12-15,KRT-001,pivo,24.13,24.13
KRT,2025-12-15,KRT-001B,pivo_secundario,18.25,18.25
KRT,2025-12-15,KRT-002,pivo,30.73,30.73
KRT,2025-12-15,KRT-002B,pivo_secundario,1.6,1.6
KRT,2025-12-15,KRT-003,pivo,27.83,27.83
KRT,2025-12-15,KRT-004,pivo,27.83,27.83
KRT,2025-12-15,KRT-004B,pivo_secundario,0.0,0.0
KRT,2025-12-15,KRT-005,pivo,28.75,28.75
KRT,2025-12-15,KRT-006B,pivo_secundario,0.19,0.19
KRT,2025-12-15,KRT-006,pivo,21.33,21.33
KRT,2025-12-15,KRT-007B,pivo_secundario,7.57,7.57
KRT,2025-12-15,KRT-007,pivo,18.29,18.29
KRT,2025-12-15,KRT-008,pivo,17.02,17.02
KRT,2025-12-15,KRT-009,pivo,23.62,23.62
KRT,2025-12-15,KRT-010,pivo,25.91,25.91
KRT,2025-12-15,KRT-011,pivo,21.08,21.08
KRT,2025-12-15,KRT-012,pivo,20.07,20.07
KRT,2025-12-15,KRT-013,pivo,19.3,19.3
KRT,2025-12-15,KRT-014,pivo,20.07,20.07
KRT,2025-12-15,KRT-015,pivo,14.73,14.73
KRT,2025-12-15,KRT-016,pivo,14.3,14.3
KRT,2025-12-15,KRT-017,pivo,17.27,17.27
KRT,2025-12-15,KRT-018,pivo,16.75,16.75
KRT,2025-12-15,KRT-019,pivo,13.72,13.72
KRT,2025-12-15,KRT-020,pivo,18.29,18.29
KRT,2025-12-15,KRT-021,pivo,23.37,23.37
KRT,2025-12-15,KRT-022,pivo,23.88,23.88
KRT,2025-12-15,KRT-023,pivo,21.59,21.59
KRT,2025-12-15,KRT-024,pivo,30.48,30.48
KRT,2025-12-15,KRT-025,pivo,41.4,41.4
KRT,2025-12-15,KRT-026,pivo,46.76,46.76
KRT,2025-12-15,KRT-027,pivo,55.6,55.6
KRT,2025-12-15,KRT-028,pivo,51.56,51.56
KRT,2025-12-15,KRT-029,pivo,78.74,78.74
KRT,2025-12-15,KRT-030,pivo,41.15,41.15
KRT,2025-12-15,KRT-031,pivo,70.1,70.1
KRT,2025-12-15,KRT-032,pivo,57.4,57.4
KRT,2025-12-15,KRT-033,pivo,76.71,76.71
KRT,2025-12-15,KRT-034,pivo,60.71,60.71
KRT,2025-12-15,KRT-035,pivo,20.07,20.07
KRT,2025-12-15,KRT-036,pivo,14.99,14.99
KRT,2025-12-15,KRT-037,pivo,13.72,13.72
KRT,2025-12-15,KRT-038,pivo,8.13,8.13
KRT,2025-12-15,KRT-039,pivo,14.22,14.22
KRT,2025-12-15,KRT-040,pivo,8.64,8.64
KRT,2025-12-15,KRT-041,pivo,7.7,7.7
KRT,2025-12-15,KRT-042,pivo,6.6,6.6
KRT,2025-12-15,KRT-043,pivo,6.35,6.35
KRT,2025-12-15,KRT-044,pivo,9.65,9.65
KRT,2025-12-15,KRT-045,pivo,8.25,8.25
KRT,2025-12-15,KRT-046,pivo,5.08,5.08
KRT,2025-12-15,KRT-047,pivo,5.08,5.08
KRT,2025-12-15,KRT-048,pivo,17.26,17.26
KRT,2025-12-15,KRT-049,pivo,4.32,4.32
KRT,2025-12-15,KRT-050,pivo,10.67,10.67
KRT,2025-12-15,KRT-051,pivo,17.53,17.53
KRT,2025-12-15,KRT-052,pivo,7.11,7.11
KRT,2025-12-15,KRT-053,pivo,13.75,13.75
KRT,2025-12-15,KRT-054,pivo,13.72,13.72
KRT,2025-12-15,KRT-055,pivo,24.13,24.13
KRT,2025-12-15,KRT-056,pivo,18.03,18.03
KRT,2025-12-15,KRT-057,pivo,10.85,10.85
KRT,2025-12-15,KRT-058,pivo,14.0,14.0
KRT,2025-12-15,KRT-059,pivo,11.18,11.18
KRT,2025-12-15,KRT-060,pivo,12.19,12.19
KRT,2025-12-15,KRT-061,pivo,7.62,7.62
KRT,2025-12-15,KRT-062,pivo,7.45,7.45
KRT,2025-12-15,KRT-063,pivo,21.3,21.3
KRT,2025-12-15,KRT-064,pivo,12.9,12.9
KRT,2025-12-15,KRT-065,pivo,14.1,14.1
KRT,2025-12-15,KRT-066,pivo,5.84,5.84
KRT,2025-12-15,KRT-067,pivo,8.38,8.38
KRT,2025-12-15,KRT-068,pivo,14.77,14.77
KRT,2025-12-15,KRT-069,pivo,6.89,6.89
KRT,2025-12-15,KRT-070,pivo,3.94,3.94
KRT,2025-12-15,KRT-071,pivo,6.18,6.18
KRT,2025-12-15,KRT-072,pivo,3.42,3.42
KRT,2025-12-15,KRT-073,pivo,17.02,17.02
KRT,2025-12-15,KRT-074,pivo,10.41,10.41
KRT,2025-12-14,KRT-001,pivo,4.06,4.06
KRT,2025-12-14,KRT-001B,pivo_secundario,63.06,63.06
KRT,2025-12-14,KRT-002,pivo,6.86,6.86
KRT,2025-12-14,KRT-002B,pivo_secundario,1.82,1.82
KRT,2025-12-14,KRT-003,pivo,6.8,6.8
KRT,2025-12-14,KRT-004,pivo,6.8,6.8
KRT,2025-12-14,KRT-004B,pivo_secundario,0.0,0.0
KRT,2025-12-14,KRT-005,pivo,9.5,9.5
KRT,2025-12-14,KRT-006B,pivo_secundario,0.0,0.0
KRT,2025-12-14,KRT-006,pivo,7.59,7.59
KRT,2025-12-14,KRT-007B,pivo_secundario,8.09,8.09
KRT,2025-12-14,KRT-007,pivo,7.62,7.62
KRT,2025-12-14,KRT-008,pivo,2.03,2.03
KRT,2025-12-14,KRT-009,pivo,5.08,5.08
KRT,2025-12-14,KRT-010,pivo,1.52,1.52
KRT,2025-12-14,KRT-011,pivo,1.02,1.02
KRT,2025-12-14,KRT-012,pivo,0.25,0.25
KRT,2025-12-14,KRT-013,pivo,0.76,0.76
KRT,2025-12-14,KRT-014,pivo,0.76,0.76
KRT,2025-12-14,KRT-015,pivo,6.6,6.6
KRT,2025-12-14,KRT-016,pivo,2.26,2.26
KRT,2025-12-14,KRT-017,pivo,0.51,0.51
KRT,2025-12-14,KRT-018,pivo,2.25,2.25
KRT,2025-12-14,KRT-019,pivo,2.79,2.79
KRT,2025-12-14,KRT-020,pivo,2.29,2.29
KRT,2025-12-14,KRT-021,pivo,1.78,1.78
KRT,2025-12-14,KRT-022,pivo,1.52,1.52
KRT,2025-12-14,KRT-023,pivo,1.02,1.02
KRT,2025-12-14,KRT-024,pivo,1.27,1.27
KRT,2025-12-14,KRT-025,pivo,1.27,1.27
KRT,2025-12-14,KRT-026,pivo,0.0,0.0
KRT,2025-12-14,KRT-027,pivo,0.0,0.0
KRT,2025-12-14,KRT-028,pivo,2.29,2.29
KRT,2025-12-14,KRT-029,pivo,4.57,4.57
KRT,2025-12-14,KRT-030,pivo,2.29,2.29
KRT,2025-12-14,KRT-031,pivo,3.81,3.81
KRT,2025-12-14,KRT-032,pivo,1.02,1.02
KRT,2025-12-14,KRT-033,pivo,3.81,3.81
KRT,2025-12-14,KRT-034,pivo,7.11,7.11
KRT,2025-12-14,KRT-035,pivo,20.83,20.83
KRT,2025-12-14,KRT-036,pivo,14.99,14.99
KRT,2025-12-14,KRT-037,pivo,33.02,33.02
KRT,2025-12-14,KRT-038,pivo,10.92,10.92
KRT,2025-12-14,KRT-039,pivo,5.08,5.08
KRT,2025-12-14,KRT-040,pivo,13.72,13.72
KRT,2025-12-14,KRT-041,pivo,14.85,14.85
KRT,2025-12-14,KRT-042,pivo,18.29,18.29
KRT,2025-12-14,KRT-043,pivo,16.51,16.51
KRT,2025-12-14,KRT-044,pivo,9.14,9.14
KRT,2025-12-14,KRT-045,pivo,1.52,1.52
KRT,2025-12-14,KRT-046,pivo,13.72,13.72
KRT,2025-12-14,KRT-047,pivo,20.83,20.83
KRT,2025-12-14,KRT-048,pivo,17.0,17.0
KRT,2025-12-14,KRT-049,pivo,22.35,22.35
KRT,2025-12-14,KRT-050,pivo,1.02,1.02
KRT,2025-12-14,KRT-051,pivo,1.78,1.78
KRT,2025-12-14,KRT-052,pivo,4.83,4.83
KRT,2025-12-14,KRT-053,pivo,3.25,3.25
KRT,2025-12-14,KRT-054,pivo,2.29,2.29
KRT,2025-12-14,KRT-055,pivo,2.79,2.79
KRT,2025-12-14,KRT-056,pivo,3.3,3.3
KRT,2025-12-14,KRT-057,pivo,13.11,13.11
KRT,2025-12-14,KRT-058,pivo,7.25,7.25
KRT,2025-12-14,KRT-059,pivo,6.6,6.6
KRT,2025-12-14,KRT-060,pivo,14.22,14.22
KRT,2025-12-14,KRT-061,pivo,4.32,4.32
KRT,2025-12-14,KRT-062,pivo,9.2,9.2
KRT,2025-12-14,KRT-063,pivo,2.1,2.1
KRT,2025-12-14,KRT-064,pivo,1.5,1.5
KRT,2025-12-14,KRT-065,pivo,4.5,4.5
KRT,2025-12-14,KRT-066,pivo,2.29,2.29
KRT,2025-12-14,KRT-067,pivo,1.27,1.27
KRT,2025-12-14,KRT-068,pivo,0.42,0.42
KRT,2025-12-14,KRT-069,pivo,6.25,6.25
KRT,2025-12-14,KRT-070,pivo,4.53,4.53
KRT,2025-12-14,KRT-071,pivo,5.0,5.0
KRT,2025-12-14,KRT-072,pivo,12.16,12.16
KRT,2025-12-14,KRT-073,pivo,2.03,2.03
KRT,2025-12-14,KRT-074,pivo,1.52,1.52
KRT,2025-12-13,KRT-001,pivo,0.76,0.76
KRT,2025-12-13,KRT-001B,pivo_secundario,0.23,0.23
KRT,2025-12-13,KRT-002,pivo,1.27,1.27
KRT,2025-12-13,KRT-002B,pivo_secundario,2.28,2.28
KRT,2025-12-13,KRT-003,pivo,1.02,1.02
KRT,2025-12-13,KRT-004,pivo,1.25,1.25
KRT,2025-12-13,KRT-004B,pivo_secundario,0.0,0.0
KRT,2025-12-13,KRT-005,pivo,25.5,25.5
KRT,2025-12-13,KRT-006B,pivo_secundario,9.07,9.07
KRT,2025-12-13,KRT-006,pivo,25.23,25.23
KRT,2025-12-13,KRT-007B,pivo_secundario,0.26,0.26
KRT,2025-12-13,KRT-007,pivo,23.11,23.11
KRT,2025-12-13,KRT-008,pivo,23.62,23.62
KRT,2025-12-13,KRT-009,pivo,7.87,7.87
KRT,2025-12-13,KRT-010,pivo,16.51,16.51
KRT,2025-12-13,KRT-011,pivo,1.78,1.78
KRT,2025-12-13,KRT-012,pivo,2.03,2.03
KRT,2025-12-13,KRT-013,pivo,1.02,1.02
KRT,2025-12-13,KRT-014,pivo,1.52,1.52
KRT,2025-12-13,KRT-015,pivo,14.48,14.48
KRT,2025-12-13,KRT-016,pivo,4.0,4.0
KRT,2025-12-13,KRT-017,pivo,4.57,4.57
KRT,2025-12-13,KRT-018,pivo,0.75,0.75
KRT,2025-12-13,KRT-019,pivo,3.3,3.3
KRT,2025-12-13,KRT-020,pivo,0.51,0.51
KRT,2025-12-13,KRT-021,pivo,9.65,9.65
KRT,2025-12-13,KRT-022,pivo,0.0,0.0
KRT,2025-12-13,KRT-023,pivo,0.0,0.0
KRT,2025-12-13,KRT-024,pivo,0.0,0.0
KRT,2025-12-13,KRT-025,pivo,0.0,0.0
KRT,2025-12-13,KRT-026,pivo,0.0,0.0
KRT,2025-12-13,KRT-027,pivo,0.0,0.0
KRT,2025-12-13,KRT-028,pivo,2.03,2.03
KRT,2025-12-13,KRT-029,pivo,2.03,2.03
KRT,2025-12-13,KRT-030,pivo,11.43,11.43
KRT,2025-12-13,KRT-031,pivo,7.37,7.37
KRT,2025-12-13,KRT-032,pivo,1.27,1.27
KRT,2025-12-13,KRT-033,pivo,6.6,6.6
KRT,2025-12-13,KRT-034,pivo,1.78,1.78
KRT,2025-12-13,KRT-035,pivo,25.4,25.4
KRT,2025-12-13,KRT-036,pivo,14.48,14.48
KRT,2025-12-13,KRT-037,pivo,10.67,10.67
KRT,2025-12-13,KRT-038,pivo,21.08,21.08
KRT,2025-12-13,KRT-039,pivo,26.92,26.92
KRT,2025-12-13,KRT-040,pivo,26.42,26.42
KRT,2025-12-13,KRT-041,pivo,17.7,17.7
KRT,2025-12-13,KRT-042,pivo,8.13,8.13
KRT,2025-12-13,KRT-043,pivo,15.24,15.24
KRT,2025-12-13,KRT-044,pivo,0.25,0.25
KRT,2025-12-13,KRT-045,pivo,7.92,7.92
KRT,2025-12-13,KRT-046,pivo,12.45,12.45
KRT,2025-12-13,KRT-047,pivo,13.97,13.97
KRT,2025-12-13,KRT-048,pivo,1.35,1.35
KRT,2025-12-13,KRT-049,pivo,1.02,1.02
KRT,2025-12-13,KRT-050,pivo,0.25,0.25
KRT,2025-12-13,KRT-051,pivo,0.25,0.25
KRT,2025-12-13,KRT-052,pivo,2.29,2.29
KRT,2025-12-13,KRT-053,pivo,0.0,0.0
KRT,2025-12-13,KRT-054,pivo,0.0,0.0
KRT,2025-12-13,KRT-055,pivo,0.25,0.25
KRT,2025-12-13,KRT-056,pivo,0.0,0.0
KRT,2025-12-13,KRT-057,pivo,0.0,0.0
KRT,2025-12-13,KRT-058,pivo,0.25,0.25
KRT,2025-12-13,KRT-059,pivo,0.25,0.25
KRT,2025-12-13,KRT-060,pivo,4.06,4.06
KRT,2025-12-13,KRT-061,pivo,0.0,0.0
KRT,2025-12-13,KRT-062,pivo,0.22,0.22
KRT,2025-12-13,KRT-063,pivo,0.3,0.3
KRT,2025-12-13,KRT-064,pivo,0.0,0.0
KRT,2025-12-13,KRT-065,pivo,0.0,0.0
KRT,2025-12-13,KRT-066,pivo,0.0,0.0
KRT,2025-12-13,KRT-067,pivo,0.25,0.25
KRT,2025-12-13,KRT-068,pivo,0.0,0.0
KRT,2025-12-13,KRT-069,pivo,0.0,0.0
KRT,2025-12-13,KRT-070,pivo,0.99,0.99
KRT,2025-12-13,KRT-071,pivo,0.0,0.0
KRT,2025-12-13,KRT-072,pivo,0.57,0.57
KRT,2025-12-13,KRT-073,pivo,0.25,0.25
KRT,2025-12-13,KRT-074,pivo,0.25,0.25
KRT,2025-12-12,KRT-001,pivo,5.33,5.33
KRT,2025-12-12,KRT-001B,pivo_secundario,15.02,15.02
KRT,2025-12-12,KRT-002,pivo,2.03,2.03
KRT,2025-12-12,KRT-002B,pivo_secundario,0.46,0.46
KRT,2025-12-12,KRT-003,pivo,5.33,5.33
KRT,2025-12-12,KRT-004,pivo,4.23,4.23
KRT,2025-12-12,KRT-004B,pivo_secundario,0.0,0.0
KRT,2025-12-12,KRT-005,pivo,7.0,7.0
KRT,2025-12-12,KRT-006B,pivo_secundario,0.0,0.0
KRT,2025-12-12,KRT-006,pivo,3.71,3.71
KRT,2025-12-12,KRT-007B,pivo_secundario,10.44,10.44
KRT,2025-12-12,KRT-007,pivo,2.29,2.29
KRT,2025-12-12,KRT-008,pivo,1.52,1.52
KRT,2025-12-12,KRT-009,pivo,2.54,2.54
KRT,2025-12-12,KRT-010,pivo,1.27,1.27
KRT,2025-12-12,KRT-011,pivo,1.02,1.02
KRT,2025-12-12,KRT-012,pivo,2.5,2.5
KRT,2025-12-12,KRT-013,pivo,1.02,1.02
KRT,2025-12-12,KRT-014,pivo,2.03,2.03
KRT,2025-12-12,KRT-015,pivo,4.06,4.06
KRT,2025-12-12,KRT-016,pivo,4.46,4.46
KRT,2025-12-12,KRT-017,pivo,1.02,1.02
KRT,2025-12-12,KRT-018,pivo,1.0,1.0
KRT,2025-12-12,KRT-019,pivo,0.51,0.51
KRT,2025-12-12,KRT-020,pivo,0.76,0.76
KRT,2025-12-12,KRT-021,pivo,1.02,1.02
KRT,2025-12-12,KRT-022,pivo,1.78,1.78
KRT,2025-12-12,KRT-023,pivo,2.03,2.03
KRT,2025-12-12,KRT-024,pivo,1.27,1.27
KRT,2025-12-12,KRT-025,pivo,3.05,3.05
KRT,2025-12-12,KRT-026,pivo,4.31,4.31
KRT,2025-12-12,KRT-027,pivo,5.07,5.07
KRT,2025-12-12,KRT-028,pivo,6.6,6.6
KRT,2025-12-12,KRT-029,pivo,7.87,7.87
KRT,2025-12-12,KRT-030,pivo,7.62,7.62
KRT,2025-12-12,KRT-031,pivo,12.7,12.7
KRT,2025-12-12,KRT-032,pivo,13.46,13.46
KRT,2025-12-12,KRT-033,pivo,19.05,19.05
KRT,2025-12-12,KRT-034,pivo,13.21,13.21
KRT,2025-12-12,KRT-035,pivo,25.91,25.91
KRT,2025-12-12,KRT-036,pivo,19.05,19.05
KRT,2025-12-12,KRT-037,pivo,21.34,21.34
KRT,2025-12-12,KRT-038,pivo,11.43,11.43
KRT,2025-12-12,KRT-039,pivo,8.38,8.38
KRT,2025-12-12,KRT-040,pivo,11.18,11.18
KRT,2025-12-12,KRT-041,pivo,8.44,8.44
KRT,2025-12-12,KRT-042,pivo,5.84,5.84
KRT,2025-12-12,KRT-043,pivo,5.33,5.33
KRT,2025-12-12,KRT-044,pivo,4.32,4.32
KRT,2025-12-12,KRT-045,pivo,1.75,1.75
KRT,2025-12-12,KRT-046,pivo,1.52,1.52
KRT,2025-12-12,KRT-047,pivo,3.56,3.56
KRT,2025-12-12,KRT-048,pivo,4.06,4.06
KRT,2025-12-12,KRT-049,pivo,3.3,3.3
KRT,2025-12-12,KRT-050,pivo,3.3,3.3
KRT,2025-12-12,KRT-051,pivo,2.29,2.29
KRT,2025-12-12,KRT-052,pivo,5.84,5.84
KRT,2025-12-12,KRT-053,pivo,5.76,5.76
KRT,2025-12-12,KRT-054,pivo,3.56,3.56
KRT,2025-12-12,KRT-055,pivo,8.64,8.64
KRT,2025-12-12,KRT-056,pivo,4.83,4.83
KRT,2025-12-12,KRT-057,pivo,6.55,6.55
KRT,2025-12-12,KRT-058,pivo,2.0,2.0
KRT,2025-12-12,KRT-059,pivo,5.08,5.08
KRT,2025-12-12,KRT-060,pivo,2.29,2.29
KRT,2025-12-12,KRT-061,pivo,5.84,5.84
KRT,2025-12-12,KRT-062,pivo,2.41,2.41
KRT,2025-12-12,KRT-063,pivo,3.3,3.3
KRT,2025-12-12,KRT-064,pivo,3.6,3.6
KRT,2025-12-12,KRT-065,pivo,2.4,2.4
KRT,2025-12-12,KRT-066,pivo,1.76,1.76
KRT,2025-12-12,KRT-067,pivo,1.52,1.52
KRT,2025-12-12,KRT-068,pivo,2.7,2.7
KRT,2025-12-12,KRT-069,pivo,5.45,5.45
KRT,2025-12-12,KRT-070,pivo,7.88,7.88
KRT,2025-12-12,KRT-071,pivo,6.0,6.0
KRT,2025-12-12,KRT-072,pivo,7.79,7.79
KRT,2025-12-12,KRT-073,pivo,4.06,4.06
KRT,2025-12-12,KRT-074,pivo,3.05,3.05
KRT,2025-12-11,KRT-001,pivo,0.0,0.0
KRT,2025-12-11,KRT-001B,pivo_secundario,0.0,0.0
KRT,2025-12-11,KRT-002,pivo,0.0,0.0
KRT,2025-12-11,KRT-002B,pivo_secundario,0.46,0.46
KRT,2025-12-11,KRT-003,pivo,0.0,0.0
KRT,2025-12-11,KRT-004,pivo,0.0,0.0
KRT,2025-12-11,KRT-004B,pivo_secundario,0.0,0.0
KRT,2025-12-11,KRT-005,pivo,0.0,0.0
KRT,2025-12-11,KRT-006B,pivo_secundario,0.0,0.0
KRT,2025-12-11,KRT-006,pivo,0.0,0.0
KRT,2025-12-11,KRT-007B,pivo_secundario,0.0,0.0
KRT,2025-12-11,KRT-007,pivo,0.0,0.0
KRT,2025-12-11,KRT-008,pivo,0.0,0.0
KRT,2025-12-11,KRT-009,pivo,0.25,0.25
KRT,2025-12-11,KRT-010,pivo,4.57,4.57
KRT,2025-12-11,KRT-011,pivo,4.57,4.57
KRT,2025-12-11,KRT-012,pivo,2.79,2.79
KRT,2025-12-11,KRT-013,pivo,2.03,2.03
KRT,2025-12-11,KRT-014,pivo,4.83,4.83
KRT,2025-12-11,KRT-015,pivo,0.0,0.0
KRT,2025-12-11,KRT-016,pivo,0.0,0.0
KRT,2025-12-11,KRT-017,pivo,0.0,0.0
KRT,2025-12-11,KRT-018,pivo,0.0,0.0
KRT,2025-12-11,KRT-019,pivo,4.57,4.57
KRT,2025-12-11,KRT-020,pivo,0.76,0.76
KRT,2025-12-11,KRT-021,pivo,3.75,3.75
KRT,2025-12-11,KRT-022,pivo,4.83,4.83
KRT,2025-12-11,KRT-023,pivo,3.56,3.56
KRT,2025-12-11,KRT-024,pivo,3.25,3.25
KRT,2025-12-11,KRT-025,pivo,2.03,2.03
KRT,2025-12-11,KRT-026,pivo,1.25,1.25
KRT,2025-12-11,KRT-027,pivo,1.75,1.75
KRT,2025-12-11,KRT-028,pivo,4.83,4.83
KRT,2025-12-11,KRT-029,pivo,2.54,2.54
KRT,2025-12-11,KRT-030,pivo,5.08,5.08
KRT,2025-12-11,KRT-031,pivo,1.78,1.78
KRT,2025-12-11,KRT-032,pivo,2.29,2.29
KRT,2025-12-11,KRT-033,pivo,0.0,0.0
KRT,2025-12-11,KRT-034,pivo,0.0,0.0
KRT,2025-12-11,KRT-035,pivo,0.0,0.0
KRT,2025-12-11,KRT-036,pivo,0.0,0.0
KRT,2025-12-11,KRT-037,pivo,0.0,0.0
KRT,2025-12-11,KRT-038,pivo,0.0,0.0
KRT,2025-12-11,KRT-039,pivo,0.0,0.0
KRT,2025-12-11,KRT-040,pivo,0.0,0.0
KRT,2025-12-11,KRT-041,pivo,0.0,0.0
KRT,2025-12-11,KRT-042,pivo,0.0,0.0
KRT,2025-12-11,KRT-043,pivo,0.0,0.0
KRT,2025-12-11,KRT-044,pivo,0.0,0.0
KRT,2025-12-11,KRT-045,pivo,0.25,0.25
KRT,2025-12-11,KRT-046,pivo,0.0,0.0
KRT,2025-12-11,KRT-047,pivo,0.0,0.0
KRT,2025-12-11,KRT-048,pivo,0.0,0.0
KRT,2025-12-11,KRT-049,pivo,0.0,0.0
KRT,2025-12-11,KRT-050,pivo,0.0,0.0
KRT,2025-12-11,KRT-051,pivo,1.78,1.78
KRT,2025-12-11,KRT-052,pivo,0.0,0.0
KRT,2025-12-11,KRT-053,pivo,1.52,1.52
KRT,2025-12-11,KRT-054,pivo,0.0,0.0
KRT,2025-12-11,KRT-055,pivo,0.25,0.25
KRT,2025-12-11,KRT-056,pivo,0.0,0.0
KRT,2025-12-11,KRT-057,pivo,0.0,0.0
KRT,2025-12-11,KRT-058,pivo,0.0,0.0
KRT,2025-12-11,KRT-059,pivo,1.02,1.02
KRT,2025-12-11,KRT-060,pivo,0.0,0.0
KRT,2025-12-11,KRT-061,pivo,0.0,0.0
KRT,2025-12-11,KRT-062,pivo,0.0,0.0
KRT,2025-12-11,KRT-063,pivo,1.5,1.5
KRT,2025-12-11,KRT-064,pivo,3.3,3.3
KRT,2025-12-11,KRT-065,pivo,0.3,0.3
KRT,2025-12-11,KRT-066,pivo,1.02,1.02
KRT,2025-12-11,KRT-067,pivo,0.0,0.0
KRT,2025-12-11,KRT-068,pivo,0.0,0.0
KRT,2025-12-11,KRT-069,pivo,0.0,0.0
KRT,2025-12-11,KRT-070,pivo,5.32,5.32
KRT,2025-12-11,KRT-071,pivo,0.0,0.0
KRT,2025-12-11,KRT-072,pivo,6.46,6.46
KRT,2025-12-11,KRT-073,pivo,2.03,2.03
KRT,2025-12-11,KRT-074,pivo,0.0,0.0
KRT,2025-12-10,KRT-001,pivo,0.0,0.0
KRT,2025-12-10,KRT-001B,pivo_secundario,0.0,0.0
KRT,2025-12-10,KRT-002,pivo,0.0,0.0
KRT,2025-12-10,KRT-002B,pivo_secundario,0.23,0.23
KRT,2025-12-10,KRT-003,pivo,0.0,0.0
KRT,2025-12-10,KRT-004,pivo,0.0,0.0
KRT,2025-12-10,KRT-004B,pivo_secundario,0.0,0.0
KRT,2025-12-10,KRT-005,pivo,0.0,0.0
KRT,2025-12-10,KRT-006B,pivo_secundario,0.0,0.0
KRT,2025-12-10,KRT-006,pivo,0.0,0.0
KRT,2025-12-10,KRT-007B,pivo_secundario,0.0,0.0
KRT,2025-12-10,KRT-007,pivo,0.0,0.0
KRT,2025-12-10,KRT-008,pivo,0.0,0.0
KRT,2025-12-10,KRT-009,pivo,0.0,0.0
KRT,2025-12-10,KRT-010,pivo,0.0,0.0
KRT,2025-12-10,KRT-011,pivo,0.25,0.25
KRT,2025-12-10,KRT-012,pivo,0.76,0.76
KRT,2025-12-10,KRT-013,pivo,0.0,0.0
KRT,2025-12-10,KRT-014,pivo,0.0,0.0
KRT,2025-12-10,KRT-015,pivo,0.0,0.0
KRT,2025-12-10,KRT-016,pivo,0.0,0.0
KRT,2025-12-10,KRT-017,pivo,0.0,0.0
KRT,2025-12-10,KRT-018,pivo,0.0,0.0
KRT,2025-12-10,KRT-019,pivo,0.0,0.0
KRT,2025-12-10,KRT-020,pivo,0.0,0.0
KRT,2025-12-10,KRT-021,pivo,0.0,0.0
KRT,2025-12-10,KRT-022,pivo,0.0,0.0
KRT,2025-12-10,KRT-023,pivo,0.0,0.0
KRT,2025-12-10,KRT-024,pivo,0.0,0.0
KRT,2025-12-10,KRT-025,pivo,0.0,0.0
KRT,2025-12-10,KRT-026,pivo,0.0,0.0
KRT,2025-12-10,KRT-027,pivo,0.0,0.0
KRT,2025-12-10,KRT-028,pivo,0.0,0.0
KRT,2025-12-10,KRT-029,pivo,0.0,0.0
KRT,2025-12-10,KRT-030,pivo,0.0,0.0
KRT,2025-12-10,KRT-031,pivo,0.0,0.0
KRT,2025-12-10,KRT-032,pivo,0.0,0.0
KRT,2025-12-10,KRT-033,pivo,0.0,0.0
KRT,2025-12-10,KRT-034,pivo,0.0,0.0
KRT,2025-12-10,KRT-035,pivo,0.0,0.0
KRT,2025-12-10,KRT-036,pivo,0.0,0.0
KRT,2025-12-10,KRT-037,pivo,0.0,0.0
KRT,2025-12-10,KRT-038,pivo,0.0,0.0
KRT,2025-12-10,KRT-039,pivo,0.0,0.0
KRT,2025-12-10,KRT-040,pivo,0.0,0.0
KRT,2025-12-10,KRT-041,pivo,0.0,0.0
KRT,2025-12-10,KRT-042,pivo,0.0,0.0
KRT,2025-12-10,KRT-043,pivo,0.0,0.0
KRT,2025-12-10,KRT-044,pivo,0.0,0.0
KRT,2025-12-10,KRT-045,pivo,0.0,0.0
KRT,2025-12-10,KRT-046,pivo,0.0,0.0
KRT,2025-12-10,KRT-047,pivo,0.0,0.0
KRT,2025-12-10,KRT-048,pivo,0.0,0.0
KRT,2025-12-10,KRT-049,pivo,0.0,0.0
KRT,2025-12-10,KRT-050,pivo,0.0,0.0
KRT,2025-12-10,KRT-051,pivo,0.0,0.0
KRT,2025-12-10,KRT-052,pivo,0.0,0.0
KRT,2025-12-10,KRT-053,pivo,3.05,3.05
KRT,2025-12-10,KRT-054,pivo,0.0,0.0
KRT,2025-12-10,KRT-055,pivo,0.0,0.0
KRT,2025-12-10,KRT-056,pivo,0.0,0.0
KRT,2025-12-10,KRT-057,pivo,0.0,0.0
KRT,2025-12-10,KRT-058,pivo,0.0,0.0
KRT,2025-12-10,KRT-059,pivo,0.0,0.0
KRT,2025-12-10,KRT-060,pivo,0.0,0.0
KRT,2025-12-10,KRT-061,pivo,0.0,0.0
KRT,2025-12-10,KRT-062,pivo,0.0,0.0
KRT,2025-12-10,KRT-063,pivo,0.0,0.0
KRT,2025-12-10,KRT-064,pivo,0.0,0.0
KRT,2025-12-10,KRT-065,pivo,0.0,0.0
KRT,2025-12-10,KRT-066,pivo,0.0,0.0
KRT,2025-12-10,KRT-067,pivo,0.0,0.0
KRT,2025-12-10,KRT-068,pivo,0.0,0.0
KRT,2025-12-10,KRT-069,pivo,0.0,0.0
KRT,2025-12-10,KRT-070,pivo,0.2,0.2
KRT,2025-12-10,KRT-071,pivo,0.0,0.0
KRT,2025-12-10,KRT-072,pivo,0.0,0.0
KRT,2025-12-10,KRT-073,pivo,0.0,0.0
KRT,2025-12-10,KRT-074,pivo,0.0,0.0
KRT,2025-12-09,KRT-001,pivo,2.03,2.03
KRT,2025-12-09,KRT-001B,pivo_secundario,8.32,8.32
KRT,2025-12-09,KRT-002,pivo,3.56,3.56
KRT,2025-12-09,KRT-002B,pivo_secundario,0.23,0.23
KRT,2025-12-09,KRT-003,pivo,2.53,2.53
KRT,2025-12-09,KRT-004,pivo,2.53,2.53
KRT,2025-12-09,KRT-004B,pivo_secundario,0.0,0.0
KRT,2025-12-09,KRT-005,pivo,2.0,2.0
KRT,2025-12-09,KRT-006B,pivo_secundario,0.0,0.0
KRT,2025-12-09,KRT-006,pivo,2.25,2.25
KRT,2025-12-09,KRT-007B,pivo_secundario,1.57,1.57
KRT,2025-12-09,KRT-007,pivo,2.29,2.29
KRT,2025-12-09,KRT-008,pivo,0.76,0.76
KRT,2025-12-09,KRT-009,pivo,5.59,5.59
KRT,2025-12-09,KRT-010,pivo,8.38,8.38
KRT,2025-12-09,KRT-011,pivo,5.59,5.59
KRT,2025-12-09,KRT-012,pivo,4.57,4.57
KRT,2025-12-09,KRT-013,pivo,6.1,6.1
KRT,2025-12-09,KRT-014,pivo,5.08,5.08
KRT,2025-12-09,KRT-015,pivo,0.76,0.76
KRT,2025-12-09,KRT-016,pivo,0.0,0.0
KRT,2025-12-09,KRT-017,pivo,1.27,1.27
KRT,2025-12-09,KRT-018,pivo,0.5,0.5
KRT,2025-12-09,KRT-019,pivo,0.51,0.51
KRT,2025-12-09,KRT-020,pivo,0.76,0.76
KRT,2025-12-09,KRT-021,pivo,0.76,0.76
KRT,2025-12-09,KRT-022,pivo,0.51,0.51
KRT,2025-12-09,KRT-023,pivo,3.3,3.3
KRT,2025-12-09,KRT-024,pivo,0.25,0.25
KRT,2025-12-09,KRT-025,pivo,1.78,1.78
KRT,2025-12-09,KRT-026,pivo,1.25,1.25
KRT,2025-12-09,KRT-027,pivo,1.0,1.0
KRT,2025-12-09,KRT-028,pivo,0.51,0.51
KRT,2025-12-09,KRT-029,pivo,1.27,1.27
KRT,2025-12-09,KRT-030,pivo,0.51,0.51
KRT,2025-12-09,KRT-031,pivo,0.51,0.51
KRT,2025-12-09,KRT-032,pivo,0.51,0.51
KRT,2025-12-09,KRT-033,pivo,0.51,0.51
KRT,2025-12-09,KRT-034,pivo,0.51,0.51
KRT,2025-12-09,KRT-035,pivo,1.02,1.02
KRT,2025-12-09,KRT-036,pivo,0.76,0.76
KRT,2025-12-09,KRT-037,pivo,1.52,1.52
KRT,2025-12-09,KRT-038,pivo,1.02,1.02
KRT,2025-12-09,KRT-039,pivo,1.02,1.02
KRT,2025-12-09,KRT-040,pivo,0.76,0.76
KRT,2025-12-09,KRT-041,pivo,0.0,0.0
KRT,2025-12-09,KRT-042,pivo,2.03,2.03
KRT,2025-12-09,KRT-043,pivo,1.02,1.02
KRT,2025-12-09,KRT-044,pivo,0.51,0.51
KRT,2025-12-09,KRT-045,pivo,0.0,0.0
KRT,2025-12-09,KRT-046,pivo,0.51,0.51
KRT,2025-12-09,KRT-047,pivo,0.76,0.76
KRT,2025-12-09,KRT-048,pivo,0.0,0.0
KRT,2025-12-09,KRT-049,pivo,0.51,0.51
KRT,2025-12-09,KRT-050,pivo,1.78,1.78
KRT,2025-12-09,KRT-051,pivo,1.52,1.52
KRT,2025-12-09,KRT-052,pivo,0.25,0.25
KRT,2025-12-09,KRT-053,pivo,7.62,7.62
KRT,2025-12-09,KRT-054,pivo,0.51,0.51
KRT,2025-12-09,KRT-055,pivo,1.78,1.78
KRT,2025-12-09,KRT-056,pivo,2.03,2.03
KRT,2025-12-09,KRT-057,pivo,0.68,0.68
KRT,2025-12-09,KRT-058,pivo,1.0,1.0
KRT,2025-12-09,KRT-059,pivo,0.51,0.51
KRT,2025-12-09,KRT-060,pivo,0.25,0.25
KRT,2025-12-09,KRT-061,pivo,1.78,1.78
KRT,2025-12-09,KRT-062,pivo,1.97,1.97
KRT,2025-12-09,KRT-063,pivo,1.5,1.5
KRT,2025-12-09,KRT-064,pivo,0.9,0.9
KRT,2025-12-09,KRT-065,pivo,0.9,0.9
KRT,2025-12-09,KRT-066,pivo,0.51,0.51
KRT,2025-12-09,KRT-067,pivo,3.3,3.3
KRT,2025-12-09,KRT-068,pivo,5.2,5.2
KRT,2025-12-09,KRT-069,pivo,0.0,0.0
KRT,2025-12-09,KRT-070,pivo,1.97,1.97
KRT,2025-12-09,KRT-071,pivo,0.0,0.0
KRT,2025-12-09,KRT-072,pivo,2.66,2.66
KRT,2025-12-09,KRT-073,pivo,0.25,0.25
KRT,2025-12-09,KRT-074,pivo,0.25,0.25
KRT,2025-12-08,KRT-001,pivo,11.68,11.68
KRT,2025-12-08,KRT-001B,pivo_secundario,9.93,9.93
KRT,2025-12-08,KRT-002,pivo,30.48,30.48
KRT,2025-12-08,KRT-002B,pivo_secundario,0.46,0.46
KRT,2025-12-08,KRT-003,pivo,35.56,35.56
KRT,2025-12-08,KRT-004,pivo,24.64,24.64
KRT,2025-12-08,KRT-004B,pivo_secundario,0.0,0.0
KRT,2025-12-08,KRT-005,pivo,43.25,43.25
KRT,2025-12-08,KRT-006B,pivo_secundario,46.65,46.65
KRT,2025-12-08,KRT-006,pivo,37.83,37.83
KRT,2025-12-08,KRT-007B,pivo_secundario,75.43,75.43
KRT,2025-12-08,KRT-007,pivo,33.02,33.02
KRT,2025-12-08,KRT-008,pivo,37.34,37.34
KRT,2025-12-08,KRT-009,pivo,38.1,38.1
KRT,2025-12-08,KRT-010,pivo,37.73,37.73
KRT,2025-12-08,KRT-011,pivo,31.75,31.75
KRT,2025-12-08,KRT-012,pivo,31.85,31.85
KRT,2025-12-08,KRT-013,pivo,32.77,32.77
KRT,2025-12-08,KRT-014,pivo,31.75,31.75
KRT,2025-12-08,KRT-015,pivo,36.07,36.07
KRT,2025-12-08,KRT-016,pivo,36.4,36.4
KRT,2025-12-08,KRT-017,pivo,36.07,36.07
KRT,2025-12-08,KRT-018,pivo,35.0,35.0
KRT,2025-12-08,KRT-019,pivo,36.07,36.07
KRT,2025-12-08,KRT-020,pivo,40.39,40.39
KRT,2025-12-08,KRT-021,pivo,31.75,31.75
KRT,2025-12-08,KRT-022,pivo,36.58,36.58
KRT,2025-12-08,KRT-023,pivo,42.16,42.16
KRT,2025-12-08,KRT-024,pivo,41.91,41.91
KRT,2025-12-08,KRT-025,pivo,38.86,38.86
KRT,2025-12-08,KRT-026,pivo,37.6,37.6
KRT,2025-12-08,KRT-027,pivo,40.56,40.56
KRT,2025-12-08,KRT-028,pivo,27.69,27.69
KRT,2025-12-08,KRT-029,pivo,45.21,45.21
KRT,2025-12-08,KRT-030,pivo,26.67,26.67
KRT,2025-12-08,KRT-031,pivo,25.65,25.65
KRT,2025-12-08,KRT-032,pivo,26.42,26.42
KRT,2025-12-08,KRT-033,pivo,38.1,38.1
KRT,2025-12-08,KRT-034,pivo,33.27,33.27
KRT,2025-12-08,KRT-035,pivo,45.72,45.72
KRT,2025-12-08,KRT-036,pivo,41.4,41.4
KRT,2025-12-08,KRT-037,pivo,51.31,51.31
KRT,2025-12-08,KRT-038,pivo,47.5,47.5
KRT,2025-12-08,KRT-039,pivo,38.1,38.1
KRT,2025-12-08,KRT-040,pivo,38.86,38.86
KRT,2025-12-08,KRT-041,pivo,51.37,51.37
KRT,2025-12-08,KRT-042,pivo,58.67,58.67
KRT,2025-12-08,KRT-043,pivo,60.45,60.45
KRT,2025-12-08,KRT-044,pivo,57.66,57.66
KRT,2025-12-08,KRT-045,pivo,40.6,40.6
KRT,2025-12-08,KRT-046,pivo,35.31,35.31
KRT,2025-12-08,KRT-047,pivo,40.13,40.13
KRT,2025-12-08,KRT-048,pivo,50.1,50.1
KRT,2025-12-08,KRT-049,pivo,49.78,49.78
KRT,2025-12-08,KRT-050,pivo,61.72,61.72
KRT,2025-12-08,KRT-051,pivo,43.43,43.43
KRT,2025-12-08,KRT-052,pivo,39.88,39.88
KRT,2025-12-08,KRT-053,pivo,59.37,59.37
KRT,2025-12-08,KRT-054,pivo,41.66,41.66
KRT,2025-12-08,KRT-055,pivo,62.74,62.74
KRT,2025-12-08,KRT-056,pivo,51.56,51.56
KRT,2025-12-08,KRT-057,pivo,50.17,50.17
KRT,2025-12-08,KRT-058,pivo,50.5,50.5
KRT,2025-12-08,KRT-059,pivo,46.99,46.99
KRT,2025-12-08,KRT-060,pivo,58.67,58.67
KRT,2025-12-08,KRT-061,pivo,28.19,28.19
KRT,2025-12-08,KRT-062,pivo,43.58,43.58
KRT,2025-12-08,KRT-063,pivo,50.4,50.4
KRT,2025-12-08,KRT-064,pivo,45.9,45.9
KRT,2025-12-08,KRT-065,pivo,48.3,48.3
KRT,2025-12-08,KRT-066,pivo,32.0,32.0
KRT,2025-12-08,KRT-067,pivo,41.66,41.66
KRT,2025-12-08,KRT-068,pivo,45.76,45.76
KRT,2025-12-08,KRT-069,pivo,49.25,49.25
KRT,2025-12-08,KRT-070,pivo,47.87,47.87
KRT,2025-12-08,KRT-071,pivo,50.56,50.56
KRT,2025-12-08,KRT-072,pivo,56.81,56.81
KRT,2025-12-08,KRT-073,pivo,45.72,45.72
KRT,2025-12-08,KRT-074,pivo,47.75,47.75
KRT,2025-12-07,KRT-001,pivo,5.33,5.33
KRT,2025-12-07,KRT-001B,pivo_secundario,6.93,6.93
KRT,2025-12-07,KRT-002,pivo,8.13,8.13
KRT,2025-12-07,KRT-002B,pivo_secundario,0.23,0.23
KRT,2025-12-07,KRT-003,pivo,8.38,8.38
KRT,2025-12-07,KRT-004,pivo,4.06,4.06
KRT,2025-12-07,KRT-004B,pivo_secundario,0.0,0.0
KRT,2025-12-07,KRT-005,pivo,4.5,4.5
KRT,2025-12-07,KRT-006B,pivo_secundario,0.58,0.58
KRT,2025-12-07,KRT-006,pivo,4.35,4.35
KRT,2025-12-07,KRT-007B,pivo_secundario,10.7,10.7
KRT,2025-12-07,KRT-007,pivo,4.83,4.83
KRT,2025-12-07,KRT-008,pivo,4.57,4.57
KRT,2025-12-07,KRT-009,pivo,6.1,6.1
KRT,2025-12-07,KRT-010,pivo,9.83,9.83
KRT,2025-12-07,KRT-011,pivo,5.59,5.59
KRT,2025-12-07,KRT-012,pivo,2.77,2.77
KRT,2025-12-07,KRT-013,pivo,3.56,3.56
KRT,2025-12-07,KRT-014,pivo,2.54,2.54
KRT,2025-12-07,KRT-015,pivo,3.81,3.81
KRT,2025-12-07,KRT-016,pivo,4.71,4.71
KRT,2025-12-07,KRT-017,pivo,4.32,4.32
KRT,2025-12-07,KRT-018,pivo,5.0,5.0
KRT,2025-12-07,KRT-019,pivo,4.06,4.06
KRT,2025-12-07,KRT-020,pivo,4.32,4.32
KRT,2025-12-07,KRT-021,pivo,2.54,2.54
KRT,2025-12-07,KRT-022,pivo,3.3,3.3
KRT,2025-12-07,KRT-023,pivo,2.29,2.29
KRT,2025-12-07,KRT-024,pivo,4.06,4.06
KRT,2025-12-07,KRT-025,pivo,2.79,2.79
KRT,2025-12-07,KRT-026,pivo,2.25,2.25
KRT,2025-12-07,KRT-027,pivo,2.36,2.36
KRT,2025-12-07,KRT-028,pivo,1.02,1.02
KRT,2025-12-07,KRT-029,pivo,2.03,2.03
KRT,2025-12-07,KRT-030,pivo,3.3,3.3
KRT,2025-12-07,KRT-031,pivo,1.78,1.78
KRT,2025-12-07,KRT-032,pivo,1.75,1.75
KRT,2025-12-07,KRT-033,pivo,3.3,3.3
KRT,2025-12-07,KRT-034,pivo,1.78,1.78
KRT,2025-12-07,KRT-035,pivo,5.33,5.33
KRT,2025-12-07,KRT-036,pivo,5.33,5.33
KRT,2025-12-07,KRT-037,pivo,6.35,6.35
KRT,2025-12-07,KRT-038,pivo,5.59,5.59
KRT,2025-12-07,KRT-039,pivo,4.83,4.83
KRT,2025-12-07,KRT-040,pivo,3.81,3.81
KRT,2025-12-07,KRT-041,pivo,6.98,6.98
KRT,2025-12-07,KRT-042,pivo,9.4,9.4
KRT,2025-12-07,KRT-043,pivo,9.14,9.14
KRT,2025-12-07,KRT-044,pivo,7.87,7.87
KRT,2025-12-07,KRT-045,pivo,4.25,4.25
KRT,2025-12-07,KRT-046,pivo,5.84,5.84
KRT,2025-12-07,KRT-047,pivo,5.84,5.84
KRT,2025-12-07,KRT-048,pivo,7.78,7.78
KRT,2025-12-07,KRT-049,pivo,8.38,8.38
KRT,2025-12-07,KRT-050,pivo,12.19,12.19
KRT,2025-12-07,KRT-051,pivo,8.64,8.64
KRT,2025-12-07,KRT-052,pivo,9.4,9.4
KRT,2025-12-07,KRT-053,pivo,9.28,9.28
KRT,2025-12-07,KRT-054,pivo,8.31,8.31
KRT,2025-12-07,KRT-055,pivo,11.68,11.68
KRT,2025-12-07,KRT-056,pivo,10.92,10.92
KRT,2025-12-07,KRT-057,pivo,11.07,11.07
KRT,2025-12-07,KRT-058,pivo,10.5,10.5
KRT,2025-12-07,KRT-059,pivo,11.43,11.43
KRT,2025-12-07,KRT-060,pivo,16.51,16.51
KRT,2025-12-07,KRT-061,pivo,16.51,16.51
KRT,2025-12-07,KRT-062,pivo,12.7,12.7
KRT,2025-12-07,KRT-063,pivo,11.1,11.1
KRT,2025-12-07,KRT-064,pivo,17.7,17.7
KRT,2025-12-07,KRT-065,pivo,11.7,11.7
KRT,2025-12-07,KRT-066,pivo,9.4,9.4
KRT,2025-12-07,KRT-067,pivo,14.73,14.73
KRT,2025-12-07,KRT-068,pivo,16.85,16.85
KRT,2025-12-07,KRT-069,pivo,11.25,11.25
KRT,2025-12-07,KRT-070,pivo,17.14,17.14
KRT,2025-12-07,KRT-071,pivo,12.0,12.0
KRT,2025-12-07,KRT-072,pivo,20.33,20.33
KRT,2025-12-07,KRT-073,pivo,5.08,5.08
KRT,2025-12-07,KRT-074,pivo,6.86,6.86
KRT,2025-12-06,KRT-001,pivo,10.67,10.67
KRT,2025-12-06,KRT-001B,pivo_secundario,40.42,40.42
KRT,2025-12-06,KRT-002,pivo,28.96,28.96
KRT,2025-12-06,KRT-002B,pivo_secundario,0.68,0.68
KRT,2025-12-06,KRT-003,pivo,31.24,31.24
KRT,2025-12-06,KRT-004,pivo,21.34,21.34
KRT,2025-12-06,KRT-004B,pivo_secundario,0.0,0.0
KRT,2025-12-06,KRT-005,pivo,28.0,28.0
KRT,2025-12-06,KRT-006B,pivo_secundario,7.91,7.91
KRT,2025-12-06,KRT-006,pivo,18.83,18.83
KRT,2025-12-06,KRT-007B,pivo_secundario,11.75,11.75
KRT,2025-12-06,KRT-007,pivo,14.99,14.99
KRT,2025-12-06,KRT-008,pivo,13.46,13.46
KRT,2025-12-06,KRT-009,pivo,15.24,15.24
KRT,2025-12-06,KRT-010,pivo,10.99,10.99
KRT,2025-12-06,KRT-011,pivo,9.91,9.91
KRT,2025-12-06,KRT-012,pivo,10.04,10.04
KRT,2025-12-06,KRT-013,pivo,12.19,12.19
KRT,2025-12-06,KRT-014,pivo,7.87,7.87
KRT,2025-12-06,KRT-015,pivo,10.92,10.92
KRT,2025-12-06,KRT-016,pivo,10.11,10.11
KRT,2025-12-06,KRT-017,pivo,9.14,9.14
KRT,2025-12-06,KRT-018,pivo,7.75,7.75
KRT,2025-12-06,KRT-019,pivo,7.11,7.11
KRT,2025-12-06,KRT-020,pivo,7.11,7.11
KRT,2025-12-06,KRT-021,pivo,6.35,6.35
KRT,2025-12-06,KRT-022,pivo,5.59,5.59
KRT,2025-12-06,KRT-023,pivo,8.38,8.38
KRT,2025-12-06,KRT-024,pivo,7.62,7.62
KRT,2025-12-06,KRT-025,pivo,8.38,8.38
KRT,2025-12-06,KRT-026,pivo,8.51,8.51
KRT,2025-12-06,KRT-027,pivo,8.07,8.07
KRT,2025-12-06,KRT-028,pivo,6.6,6.6
KRT,2025-12-06,KRT-029,pivo,7.62,7.62
KRT,2025-12-06,KRT-030,pivo,7.62,7.62
KRT,2025-12-06,KRT-031,pivo,4.06,4.06
KRT,2025-12-06,KRT-032,pivo,4.32,4.32
KRT,2025-12-06,KRT-033,pivo,5.59,5.59
KRT,2025-12-06,KRT-034,pivo,3.81,3.81
KRT,2025-12-06,KRT-035,pivo,22.86,22.86
KRT,2025-12-06,KRT-036,pivo,15.49,15.49
KRT,2025-12-06,KRT-037,pivo,24.64,24.64
KRT,2025-12-06,KRT-038,pivo,19.56,19.56
KRT,2025-12-06,KRT-039,pivo,11.68,11.68
KRT,2025-12-06,KRT-040,pivo,12.7,12.7
KRT,2025-12-06,KRT-041,pivo,23.25,23.25
KRT,2025-12-06,KRT-042,pivo,33.27,33.27
KRT,2025-12-06,KRT-043,pivo,27.43,27.43
KRT,2025-12-06,KRT-044,pivo,9.91,9.91
KRT,2025-12-06,KRT-045,pivo,6.86,6.86
KRT,2025-12-06,KRT-046,pivo,11.68,11.68
KRT,2025-12-06,KRT-047,pivo,16.76,16.76
KRT,2025-12-06,KRT-048,pivo,21.06,21.06
KRT,2025-12-06,KRT-049,pivo,19.05,19.05
KRT,2025-12-06,KRT-050,pivo,11.68,11.68
KRT,2025-12-06,KRT-051,pivo,6.35,6.35
KRT,2025-12-06,KRT-052,pivo,11.18,11.18
KRT,2025-12-06,KRT-053,pivo,10.09,10.09
KRT,2025-12-06,KRT-054,pivo,7.56,7.56
KRT,2025-12-06,KRT-055,pivo,11.18,11.18
KRT,2025-12-06,KRT-056,pivo,7.37,7.37
KRT,2025-12-06,KRT-057,pivo,8.14,8.14
KRT,2025-12-06,KRT-058,pivo,9.0,9.0
KRT,2025-12-06,KRT-059,pivo,10.41,10.41
KRT,2025-12-06,KRT-060,pivo,17.27,17.27
KRT,2025-12-06,KRT-061,pivo,13.97,13.97
KRT,2025-12-06,KRT-062,pivo,11.83,11.83
KRT,2025-12-06,KRT-063,pivo,10.5,10.5
KRT,2025-12-06,KRT-064,pivo,13.5,13.5
KRT,2025-12-06,KRT-065,pivo,11.1,11.1
KRT,2025-12-06,KRT-066,pivo,10.92,10.92
KRT,2025-12-06,KRT-067,pivo,13.72,13.72
KRT,2025-12-06,KRT-068,pivo,19.14,19.14
KRT,2025-12-06,KRT-069,pivo,13.1,13.1
KRT,2025-12-06,KRT-070,pivo,15.76,15.76
KRT,2025-12-06,KRT-071,pivo,14.1,14.1
KRT,2025-12-06,KRT-072,pivo,16.15,16.15
KRT,2025-12-06,KRT-073,pivo,6.86,6.86
KRT,2025-12-06,KRT-074,pivo,6.86,6.86
KRT,2025-12-05,KRT-001,pivo,21.84,21.84
KRT,2025-12-05,KRT-001B,pivo_secundario,23.1,23.1
KRT,2025-12-05,KRT-002,pivo,22.61,22.61
KRT,2025-12-05,KRT-002B,pivo_secundario,0.68,0.68
KRT,2025-12-05,KRT-003,pivo,23.62,23.62
KRT,2025-12-05,KRT-004,pivo,20.57,20.57
KRT,2025-12-05,KRT-004B,pivo_secundario,0.0,0.0
KRT,2025-12-05,KRT-005,pivo,21.25,21.25
KRT,2025-12-05,KRT-006B,pivo_secundario,8.11,8.11
KRT,2025-12-05,KRT-006,pivo,17.83,17.83
KRT,2025-12-05,KRT-007B,pivo_secundario,9.4,9.4
KRT,2025-12-05,KRT-007,pivo,17.78,17.78
KRT,2025-12-05,KRT-008,pivo,14.48,14.48
KRT,2025-12-05,KRT-009,pivo,19.3,19.3
KRT,2025-12-05,KRT-010,pivo,15.75,15.75
KRT,2025-12-05,KRT-011,pivo,20.07,20.07
KRT,2025-12-05,KRT-012,pivo,16.43,16.43
KRT,2025-12-05,KRT-013,pivo,22.1,22.1
KRT,2025-12-05,KRT-014,pivo,14.99,14.99
KRT,2025-12-05,KRT-015,pivo,14.73,14.73
KRT,2025-12-05,KRT-016,pivo,16.13,16.13
KRT,2025-12-05,KRT-017,pivo,12.45,12.45
KRT,2025-12-05,KRT-018,pivo,19.0,19.0
KRT,2025-12-05,KRT-019,pivo,13.97,13.97
KRT,2025-12-05,KRT-020,pivo,16.76,16.76
KRT,2025-12-05,KRT-021,pivo,14.48,14.48
KRT,2025-12-05,KRT-022,pivo,17.02,17.02
KRT,2025-12-05,KRT-023,pivo,16.51,16.51
KRT,2025-12-05,KRT-024,pivo,14.48,14.48
KRT,2025-12-05,KRT-025,pivo,15.24,15.24
KRT,2025-12-05,KRT-026,pivo,15.5,15.5
KRT,2025-12-05,KRT-027,pivo,15.66,15.66
KRT,2025-12-05,KRT-028,pivo,14.22,14.22
KRT,2025-12-05,KRT-029,pivo,16.26,16.26
KRT,2025-12-05,KRT-030,pivo,10.41,10.41
KRT,2025-12-05,KRT-031,pivo,10.16,10.16
KRT,2025-12-05,KRT-032,pivo,6.1,6.1
KRT,2025-12-05,KRT-033,pivo,8.38,8.38
KRT,2025-12-05,KRT-034,pivo,10.92,10.92
KRT,2025-12-05,KRT-035,pivo,14.22,14.22
KRT,2025-12-05,KRT-036,pivo,15.49,15.49
KRT,2025-12-05,KRT-037,pivo,11.18,11.18
KRT,2025-12-05,KRT-038,pivo,14.99,14.99
KRT,2025-12-05,KRT-039,pivo,14.73,14.73
KRT,2025-12-05,KRT-040,pivo,17.02,17.02
KRT,2025-12-05,KRT-041,pivo,20.37,20.37
KRT,2025-12-05,KRT-042,pivo,17.02,17.02
KRT,2025-12-05,KRT-043,pivo,32.51,32.51
KRT,2025-12-05,KRT-044,pivo,9.65,9.65
KRT,2025-12-05,KRT-045,pivo,10.26,10.26
KRT,2025-12-05,KRT-046,pivo,14.22,14.22
KRT,2025-12-05,KRT-047,pivo,14.22,14.22
KRT,2025-12-05,KRT-048,pivo,19.36,19.36
KRT,2025-12-05,KRT-049,pivo,11.43,11.43
KRT,2025-12-05,KRT-050,pivo,7.37,7.37
KRT,2025-12-05,KRT-051,pivo,7.11,7.11
KRT,2025-12-05,KRT-052,pivo,10.41,10.41
KRT,2025-12-05,KRT-053,pivo,9.77,9.77
KRT,2025-12-05,KRT-054,pivo,4.83,4.83
KRT,2025-12-05,KRT-055,pivo,11.18,11.18
KRT,2025-12-05,KRT-056,pivo,5.84,5.84
KRT,2025-12-05,KRT-057,pivo,7.68,7.68
KRT,2025-12-05,KRT-058,pivo,6.5,6.5
KRT,2025-12-05,KRT-059,pivo,9.4,9.4
KRT,2025-12-05,KRT-060,pivo,8.13,8.13
KRT,2025-12-05,KRT-061,pivo,13.97,13.97
KRT,2025-12-05,KRT-062,pivo,12.7,12.7
KRT,2025-12-05,KRT-063,pivo,6.9,6.9
KRT,2025-12-05,KRT-064,pivo,10.8,10.8
KRT,2025-12-05,KRT-065,pivo,7.5,7.5
KRT,2025-12-05,KRT-066,pivo,6.6,6.6
KRT,2025-12-05,KRT-067,pivo,10.92,10.92
KRT,2025-12-05,KRT-068,pivo,13.73,13.73
KRT,2025-12-05,KRT-069,pivo,9.04,9.04
KRT,2025-12-05,KRT-070,pivo,8.27,8.27
KRT,2025-12-05,KRT-071,pivo,8.43,8.43
KRT,2025-12-05,KRT-072,pivo,6.46,6.46
KRT,2025-12-05,KRT-073,pivo,11.68,11.68
KRT,2025-12-05,KRT-074,pivo,9.65,9.65
KRT,2025-12-04,KRT-001,pivo,29.46,29.46
KRT,2025-12-04,KRT-001B,pivo_secundario,42.04,42.04
KRT,2025-12-04,KRT-002,pivo,32.77,32.77
KRT,2025-12-04,KRT-002B,pivo_secundario,3.88,3.88
KRT,2025-12-04,KRT-003,pivo,45.72,45.72
KRT,2025-12-04,KRT-004,pivo,35.31,35.31
KRT,2025-12-04,KRT-004B,pivo_secundario,0.0,0.0
KRT,2025-12-04,KRT-005,pivo,52.0,52.0
KRT,2025-12-04,KRT-006B,pivo_secundario,0.19,0.19
KRT,2025-12-04,KRT-006,pivo,53.76,53.76
KRT,2025-12-04,KRT-007B,pivo_secundario,26.36,26.36
KRT,2025-12-04,KRT-007,pivo,51.56,51.56
KRT,2025-12-04,KRT-008,pivo,57.66,57.66
KRT,2025-12-04,KRT-009,pivo,48.51,48.51
KRT,2025-12-04,KRT-010,pivo,41.66,41.66
KRT,2025-12-04,KRT-011,pivo,42.42,42.42
KRT,2025-12-04,KRT-012,pivo,21.84,21.84
KRT,2025-12-04,KRT-013,pivo,42.16,42.16
KRT,2025-12-04,KRT-014,pivo,25.65,25.65
KRT,2025-12-04,KRT-015,pivo,58.67,58.67
KRT,2025-12-04,KRT-016,pivo,44.03,44.03
KRT,2025-12-04,KRT-017,pivo,41.15,41.15
KRT,2025-12-04,KRT-018,pivo,32.25,32.25
KRT,2025-12-04,KRT-019,pivo,33.53,33.53
KRT,2025-12-04,KRT-020,pivo,33.02,33.02
KRT,2025-12-04,KRT-021,pivo,27.69,27.69
KRT,2025-12-04,KRT-022,pivo,32.51,32.51
KRT,2025-12-04,KRT-023,pivo,32.0,32.0
KRT,2025-12-04,KRT-024,pivo,37.59,37.59
KRT,2025-12-04,KRT-025,pivo,26.92,26.92
KRT,2025-12-04,KRT-026,pivo,28.2,28.2
KRT,2025-12-04,KRT-027,pivo,32.33,32.33
KRT,2025-12-04,KRT-028,pivo,32.0,32.0
KRT,2025-12-04,KRT-029,pivo,41.91,41.91
KRT,2025-12-04,KRT-030,pivo,28.7,28.7
KRT,2025-12-04,KRT-031,pivo,35.56,35.56
KRT,2025-12-04,KRT-032,pivo,28.45,28.45
KRT,2025-12-04,KRT-033,pivo,38.35,38.35
KRT,2025-12-04,KRT-034,pivo,36.32,36.32
KRT,2025-12-04,KRT-035,pivo,58.67,58.67
KRT,2025-12-04,KRT-036,pivo,52.83,52.83
KRT,2025-12-04,KRT-037,pivo,53.59,53.59
KRT,2025-12-04,KRT-038,pivo,48.01,48.01
KRT,2025-12-04,KRT-039,pivo,45.89,45.89
KRT,2025-12-04,KRT-040,pivo,39.37,39.37
KRT,2025-12-04,KRT-041,pivo,55.5,55.5
KRT,2025-12-04,KRT-042,pivo,77.22,77.22
KRT,2025-12-04,KRT-043,pivo,51.05,51.05
KRT,2025-12-04,KRT-044,pivo,20.83,20.83
KRT,2025-12-04,KRT-045,pivo,48.26,48.26
KRT,2025-12-04,KRT-046,pivo,32.0,32.0
KRT,2025-12-04,KRT-047,pivo,43.69,43.69
KRT,2025-12-04,KRT-048,pivo,43.76,43.76
KRT,2025-12-04,KRT-049,pivo,36.58,36.58
KRT,2025-12-04,KRT-050,pivo,22.35,22.35
KRT,2025-12-04,KRT-051,pivo,19.56,19.56
KRT,2025-12-04,KRT-052,pivo,25.65,25.65
KRT,2025-12-04,KRT-053,pivo,25.3,25.3
KRT,2025-12-04,KRT-054,pivo,17.63,17.63
KRT,2025-12-04,KRT-055,pivo,28.7,28.7
KRT,2025-12-04,KRT-056,pivo,12.95,12.95
KRT,2025-12-04,KRT-057,pivo,18.31,18.31
KRT,2025-12-04,KRT-058,pivo,15.5,15.5
KRT,2025-12-04,KRT-059,pivo,15.75,15.75
KRT,2025-12-04,KRT-060,pivo,17.27,17.27
KRT,2025-12-04,KRT-061,pivo,15.49,15.49
KRT,2025-12-04,KRT-062,pivo,9.2,9.2
KRT,2025-12-04,KRT-063,pivo,16.5,16.5
KRT,2025-12-04,KRT-064,pivo,17.4,17.4
KRT,2025-12-04,KRT-065,pivo,16.5,16.5
KRT,2025-12-04,KRT-066,pivo,10.16,10.16
KRT,2025-12-04,KRT-067,pivo,11.43,11.43
KRT,2025-12-04,KRT-068,pivo,18.72,18.72
KRT,2025-12-04,KRT-069,pivo,16.47,16.47
KRT,2025-12-04,KRT-070,pivo,15.96,15.96
KRT,2025-12-04,KRT-071,pivo,17.17,17.17
KRT,2025-12-04,KRT-072,pivo,21.47,21.47
KRT,2025-12-04,KRT-073,pivo,24.13,24.13
KRT,2025-12-04,KRT-074,pivo,20.32,20.32
KRT,2025-12-03,KRT-001,pivo,9.65,9.65
KRT,2025-12-03,KRT-001B,pivo_secundario,29.11,29.11
KRT,2025-12-03,KRT-002,pivo,4.57,4.57
KRT,2025-12-03,KRT-002B,pivo_secundario,0.91,0.91
KRT,2025-12-03,KRT-003,pivo,8.38,8.38
KRT,2025-12-03,KRT-004,pivo,5.33,5.33
KRT,2025-12-03,KRT-004B,pivo_secundario,0.0,0.0
KRT,2025-12-03,KRT-005,pivo,15.0,15.0
KRT,2025-12-03,KRT-006B,pivo_secundario,12.55,12.55
KRT,2025-12-03,KRT-006,pivo,10.75,10.75
KRT,2025-12-03,KRT-007B,pivo_secundario,2.61,2.61
KRT,2025-12-03,KRT-007,pivo,7.62,7.62
KRT,2025-12-03,KRT-008,pivo,9.65,9.65
KRT,2025-12-03,KRT-009,pivo,9.91,9.91
KRT,2025-12-03,KRT-010,pivo,7.62,7.62
KRT,2025-12-03,KRT-011,pivo,8.89,8.89
KRT,2025-12-03,KRT-012,pivo,8.82,8.82
KRT,2025-12-03,KRT-013,pivo,7.11,7.11
KRT,2025-12-03,KRT-014,pivo,8.38,8.38
KRT,2025-12-03,KRT-015,pivo,16.51,16.51
KRT,2025-12-03,KRT-016,pivo,14.26,14.26
KRT,2025-12-03,KRT-017,pivo,10.16,10.16
KRT,2025-12-03,KRT-018,pivo,10.0,10.0
KRT,2025-12-03,KRT-019,pivo,11.94,11.94
KRT,2025-12-03,KRT-020,pivo,11.18,11.18
KRT,2025-12-03,KRT-021,pivo,14.72,14.72
KRT,2025-12-03,KRT-022,pivo,13.46,13.46
KRT,2025-12-03,KRT-023,pivo,10.67,10.67
KRT,2025-12-03,KRT-024,pivo,11.43,11.43
KRT,2025-12-03,KRT-025,pivo,6.1,6.1
KRT,2025-12-03,KRT-026,pivo,8.64,8.64
KRT,2025-12-03,KRT-027,pivo,7.11,7.11
KRT,2025-12-03,KRT-028,pivo,4.06,4.06
KRT,2025-12-03,KRT-029,pivo,6.6,6.6
KRT,2025-12-03,KRT-030,pivo,5.08,5.08
KRT,2025-12-03,KRT-031,pivo,2.03,2.03
KRT,2025-12-03,KRT-032,pivo,3.3,3.3
KRT,2025-12-03,KRT-033,pivo,2.03,2.03
KRT,2025-12-03,KRT-034,pivo,7.87,7.87
KRT,2025-12-03,KRT-035,pivo,14.73,14.73
KRT,2025-12-03,KRT-036,pivo,17.02,17.02
KRT,2025-12-03,KRT-037,pivo,19.05,19.05
KRT,2025-12-03,KRT-038,pivo,22.1,22.1
KRT,2025-12-03,KRT-039,pivo,16.26,16.26
KRT,2025-12-03,KRT-040,pivo,11.18,11.18
KRT,2025-12-03,KRT-041,pivo,13.84,13.84
KRT,2025-12-03,KRT-042,pivo,7.87,7.87
KRT,2025-12-03,KRT-043,pivo,14.22,14.22
KRT,2025-12-03,KRT-044,pivo,5.59,5.59
KRT,2025-12-03,KRT-045,pivo,13.54,13.54
KRT,2025-12-03,KRT-046,pivo,16.51,16.51
KRT,2025-12-03,KRT-047,pivo,16.26,16.26
KRT,2025-12-03,KRT-048,pivo,12.53,12.53
KRT,2025-12-03,KRT-049,pivo,5.33,5.33
KRT,2025-12-03,KRT-050,pivo,2.54,2.54
KRT,2025-12-03,KRT-051,pivo,1.78,1.78
KRT,2025-12-03,KRT-052,pivo,7.62,7.62
KRT,2025-12-03,KRT-053,pivo,0.0,0.0
KRT,2025-12-03,KRT-054,pivo,1.27,1.27
KRT,2025-12-03,KRT-055,pivo,0.76,0.76
KRT,2025-12-03,KRT-056,pivo,1.78,1.78
KRT,2025-12-03,KRT-057,pivo,0.45,0.45
KRT,2025-12-03,KRT-058,pivo,0.0,0.0
KRT,2025-12-03,KRT-059,pivo,0.25,0.25
KRT,2025-12-03,KRT-060,pivo,0.25,0.25
KRT,2025-12-03,KRT-061,pivo,0.25,0.25
KRT,2025-12-03,KRT-062,pivo,0.0,0.0
KRT,2025-12-03,KRT-063,pivo,1.5,1.5
KRT,2025-12-03,KRT-064,pivo,2.1,2.1
KRT,2025-12-03,KRT-065,pivo,0.9,0.9
KRT,2025-12-03,KRT-066,pivo,0.25,0.25
KRT,2025-12-03,KRT-067,pivo,0.0,0.0
KRT,2025-12-03,KRT-068,pivo,0.21,0.21
KRT,2025-12-03,KRT-069,pivo,0.0,0.0
KRT,2025-12-03,KRT-070,pivo,0.39,0.39
KRT,2025-12-03,KRT-071,pivo,0.0,0.0
KRT,2025-12-03,KRT-072,pivo,0.57,0.57
KRT,2025-12-03,KRT-073,pivo,7.37,7.37
KRT,2025-12-03,KRT-074,pivo,13.21,13.21
KRT,2025-12-02,KRT-001,pivo,0.25,0.25
KRT,2025-12-02,KRT-001B,pivo_secundario,4.62,4.62
KRT,2025-12-02,KRT-002,pivo,0.51,0.51
KRT,2025-12-02,KRT-002B,pivo_secundario,2.51,2.51
KRT,2025-12-02,KRT-003,pivo,0.76,0.76
KRT,2025-12-02,KRT-004,pivo,0.76,0.76
KRT,2025-12-02,KRT-004B,pivo_secundario,0.0,0.0
KRT,2025-12-02,KRT-005,pivo,2.0,2.0
KRT,2025-12-02,KRT-006B,pivo_secundario,3.19,3.19
KRT,2025-12-02,KRT-006,pivo,1.75,1.75
KRT,2025-12-02,KRT-007B,pivo_secundario,9.4,9.4
KRT,2025-12-02,KRT-007,pivo,1.02,1.02
KRT,2025-12-02,KRT-008,pivo,1.02,1.02
KRT,2025-12-02,KRT-009,pivo,1.02,1.02
KRT,2025-12-02,KRT-010,pivo,1.02,1.02
KRT,2025-12-02,KRT-011,pivo,0.76,0.76
KRT,2025-12-02,KRT-012,pivo,0.25,0.25
KRT,2025-12-02,KRT-013,pivo,0.76,0.76
KRT,2025-12-02,KRT-014,pivo,0.51,0.51
KRT,2025-12-02,KRT-015,pivo,1.02,1.02
KRT,2025-12-02,KRT-016,pivo,2.0,2.0
KRT,2025-12-02,KRT-017,pivo,0.51,0.51
KRT,2025-12-02,KRT-018,pivo,2.0,2.0
KRT,2025-12-02,KRT-019,pivo,1.52,1.52
KRT,2025-12-02,KRT-020,pivo,2.29,2.29
KRT,2025-12-02,KRT-021,pivo,2.18,2.18
KRT,2025-12-02,KRT-022,pivo,1.27,1.27
KRT,2025-12-02,KRT-023,pivo,1.02,1.02
KRT,2025-12-02,KRT-024,pivo,0.25,0.25
KRT,2025-12-02,KRT-025,pivo,0.51,0.51
KRT,2025-12-02,KRT-026,pivo,0.51,0.51
KRT,2025-12-02,KRT-027,pivo,0.0,0.0
KRT,2025-12-02,KRT-028,pivo,0.0,0.0
KRT,2025-12-02,KRT-029,pivo,0.0,0.0
KRT,2025-12-02,KRT-030,pivo,0.0,0.0
KRT,2025-12-02,KRT-031,pivo,0.0,0.0
KRT,2025-12-02,KRT-032,pivo,0.0,0.0
KRT,2025-12-02,KRT-033,pivo,0.0,0.0
KRT,2025-12-02,KRT-034,pivo,0.0,0.0
KRT,2025-12-02,KRT-035,pivo,4.57,4.57
KRT,2025-12-02,KRT-036,pivo,3.3,3.3
KRT,2025-12-02,KRT-037,pivo,6.86,6.86
KRT,2025-12-02,KRT-038,pivo,7.87,7.87
KRT,2025-12-02,KRT-039,pivo,3.3,3.3
KRT,2025-12-02,KRT-040,pivo,3.81,3.81
KRT,2025-12-02,KRT-041,pivo,7.56,7.56
KRT,2025-12-02,KRT-042,pivo,21.34,21.34
KRT,2025-12-02,KRT-043,pivo,44.45,44.45
KRT,2025-12-02,KRT-044,pivo,6.86,6.86
KRT,2025-12-02,KRT-045,pivo,5.25,5.25
KRT,2025-12-02,KRT-046,pivo,5.33,5.33
KRT,2025-12-02,KRT-047,pivo,22.61,22.61
KRT,2025-12-02,KRT-048,pivo,25.0,25.0
KRT,2025-12-02,KRT-049,pivo,32.51,32.51
KRT,2025-12-02,KRT-050,pivo,3.56,3.56
KRT,2025-12-02,KRT-051,pivo,3.81,3.81
KRT,2025-12-02,KRT-052,pivo,9.14,9.14
KRT,2025-12-02,KRT-053,pivo,6.4,6.4
KRT,2025-12-02,KRT-054,pivo,2.29,2.29
KRT,2025-12-02,KRT-055,pivo,6.35,6.35
KRT,2025-12-02,KRT-056,pivo,3.56,3.56
KRT,2025-12-02,KRT-057,pivo,3.84,3.84
KRT,2025-12-02,KRT-058,pivo,3.0,3.0
KRT,2025-12-02,KRT-059,pivo,2.54,2.54
KRT,2025-12-02,KRT-060,pivo,4.06,4.06
KRT,2025-12-02,KRT-061,pivo,3.3,3.3
KRT,2025-12-02,KRT-062,pivo,2.0,2.0
KRT,2025-12-02,KRT-063,pivo,2.7,2.7
KRT,2025-12-02,KRT-064,pivo,2.4,2.4
KRT,2025-12-02,KRT-065,pivo,3.3,3.3
KRT,2025-12-02,KRT-066,pivo,2.03,2.03
KRT,2025-12-02,KRT-067,pivo,1.78,1.78
KRT,2025-12-02,KRT-068,pivo,1.87,1.87
KRT,2025-12-02,KRT-069,pivo,2.0,2.0
KRT,2025-12-02,KRT-070,pivo,2.95,2.95
KRT,2025-12-02,KRT-071,pivo,3.0,3.0
KRT,2025-12-02,KRT-072,pivo,4.75,4.75
KRT,2025-12-02,KRT-073,pivo,3.56,3.56
KRT,2025-12-02,KRT-074,pivo,8.38,8.38
KRT,2025-12-01,KRT-001,pivo,25.65,25.65
KRT,2025-12-01,KRT-001B,pivo_secundario,25.18,25.18
KRT,2025-12-01,KRT-002,pivo,50.29,50.29
KRT,2025-12-01,KRT-002B,pivo_secundario,5.24,5.24
KRT,2025-12-01,KRT-003,pivo,40.13,40.13
KRT,2025-12-01,KRT-004,pivo,43.69,43.69
KRT,2025-12-01,KRT-004B,pivo_secundario,0.0,0.0
KRT,2025-12-01,KRT-005,pivo,7.75,7.75
KRT,2025-12-01,KRT-006B,pivo_secundario,0.0,0.0
KRT,2025-12-01,KRT-006,pivo,7.53,7.53
KRT,2025-12-01,KRT-007B,pivo_secundario,0.0,0.0
KRT,2025-12-01,KRT-007,pivo,13.21,13.21
KRT,2025-12-01,KRT-008,pivo,6.35,6.35
KRT,2025-12-01,KRT-009,pivo,13.97,13.97
KRT,2025-12-01,KRT-010,pivo,3.3,3.3
KRT,2025-12-01,KRT-011,pivo,38.35,38.35
KRT,2025-12-01,KRT-012,pivo,3.81,3.81
KRT,2025-12-01,KRT-013,pivo,41.66,41.66
KRT,2025-12-01,KRT-014,pivo,17.5,17.5
KRT,2025-12-01,KRT-015,pivo,3.05,3.05
KRT,2025-12-01,KRT-016,pivo,0.0,0.0
KRT,2025-12-01,KRT-017,pivo,0.76,0.76
KRT,2025-12-01,KRT-018,pivo,0.0,0.0
KRT,2025-12-01,KRT-019,pivo,0.51,0.51
KRT,2025-12-01,KRT-020,pivo,0.0,0.0
KRT,2025-12-01,KRT-021,pivo,0.76,0.76
KRT,2025-12-01,KRT-022,pivo,0.51,0.51
KRT,2025-12-01,KRT-023,pivo,4.06,4.06
KRT,2025-12-01,KRT-024,pivo,1.52,1.52
KRT,2025-12-01,KRT-025,pivo,7.87,7.87
KRT,2025-12-01,KRT-026,pivo,7.25,7.25
KRT,2025-12-01,KRT-027,pivo,10.5,10.5
KRT,2025-12-01,KRT-028,pivo,9.14,9.14
KRT,2025-12-01,KRT-029,pivo,28.45,28.45
KRT,2025-12-01,KRT-030,pivo,2.54,2.54
KRT,2025-12-01,KRT-031,pivo,9.65,9.65
KRT,2025-12-01,KRT-032,pivo,14.99,14.99
KRT,2025-12-01,KRT-033,pivo,1.78,1.78
KRT,2025-12-01,KRT-034,pivo,7.11,7.11
KRT,2025-12-01,KRT-035,pivo,7.62,7.62
KRT,2025-12-01,KRT-036,pivo,3.56,3.56
KRT,2025-12-01,KRT-037,pivo,8.89,8.89
KRT,2025-12-01,KRT-038,pivo,1.78,1.78
KRT,2025-12-01,KRT-039,pivo,0.0,0.0
KRT,2025-12-01,KRT-040,pivo,0.0,0.0
KRT,2025-12-01,KRT-041,pivo,0.0,0.0
KRT,2025-12-01,KRT-042,pivo,0.76,0.76
KRT,2025-12-01,KRT-043,pivo,0.51,0.51
KRT,2025-12-01,KRT-044,pivo,0.0,0.0
KRT,2025-12-01,KRT-045,pivo,0.57,0.57
KRT,2025-12-01,KRT-046,pivo,0.0,0.0
KRT,2025-12-01,KRT-047,pivo,0.0,0.0
KRT,2025-12-01,KRT-048,pivo,0.0,0.0
KRT,2025-12-01,KRT-049,pivo,0.0,0.0
KRT,2025-12-01,KRT-050,pivo,0.0,0.0
KRT,2025-12-01,KRT-051,pivo,0.0,0.0
KRT,2025-12-01,KRT-052,pivo,0.25,0.25
KRT,2025-12-01,KRT-053,pivo,0.0,0.0
KRT,2025-12-01,KRT-054,pivo,0.0,0.0
KRT,2025-12-01,KRT-055,pivo,0.0,0.0
KRT,2025-12-01,KRT-056,pivo,0.0,0.0
KRT,2025-12-01,KRT-057,pivo,0.0,0.0
KRT,2025-12-01,KRT-058,pivo,0.25,0.25
KRT,2025-12-01,KRT-059,pivo,0.0,0.0
KRT,2025-12-01,KRT-060,pivo,0.0,0.0
KRT,2025-12-01,KRT-061,pivo,0.0,0.0
KRT,2025-12-01,KRT-062,pivo,0.0,0.0
KRT,2025-12-01,KRT-063,pivo,0.9,0.9
KRT,2025-12-01,KRT-064,pivo,0.3,0.3
KRT,2025-12-01,KRT-065,pivo,0.0,0.0
KRT,2025-12-01,KRT-066,pivo,0.0,0.0
KRT,2025-12-01,KRT-067,pivo,0.0,0.0
KRT,2025-12-01,KRT-068,pivo,0.0,0.0
KRT,2025-12-01,KRT-069,pivo,0.0,0.0
KRT,2025-12-01,KRT-070,pivo,0.2,0.2
KRT,2025-12-01,KRT-071,pivo,0.0,0.0
KRT,2025-12-01,KRT-072,pivo,0.38,0.38
KRT,2025-12-01,KRT-073,pivo,0.0,0.0
KRT,2025-12-01,KRT-074,pivo,0.0,0.0
KRT,2025-11-30,KRT-001,pivo,1.02,1.02
KRT,2025-11-30,KRT-001B,pivo_secundario,0.0,0.0
KRT,2025-11-30,KRT-002,pivo,6.35,6.35
KRT,2025-11-30,KRT-002B,pivo_secundario,0.0,0.0
KRT,2025-11-30,KRT-003,pivo,0.0,0.0
KRT,2025-11-30,KRT-004,pivo,0.0,0.0
KRT,2025-11-30,KRT-004B,pivo_secundario,0.0,0.0
KRT,2025-11-30,KRT-005,pivo,1.0,1.0
KRT,2025-11-30,KRT-006B,pivo_secundario,4.44,4.44
KRT,2025-11-30,KRT-006,pivo,2.0,2.0
KRT,2025-11-30,KRT-007B,pivo_secundario,0.0,0.0
KRT,2025-11-30,KRT-007,pivo,0.25,0.25
KRT,2025-11-30,KRT-008,pivo,0.25,0.25
KRT,2025-11-30,KRT-009,pivo,0.25,0.25
KRT,2025-11-30,KRT-010,pivo,1.02,1.02
KRT,2025-11-30,KRT-011,pivo,0.25,0.25
KRT,2025-11-30,KRT-012,pivo,0.25,0.25
KRT,2025-11-30,KRT-013,pivo,0.51,0.51
KRT,2025-11-30,KRT-014,pivo,0.51,0.51
KRT,2025-11-30,KRT-015,pivo,4.57,4.57
KRT,2025-11-30,KRT-016,pivo,5.29,5.29
KRT,2025-11-30,KRT-017,pivo,1.27,1.27
KRT,2025-11-30,KRT-018,pivo,7.75,7.75
KRT,2025-11-30,KRT-019,pivo,5.33,5.33
KRT,2025-11-30,KRT-020,pivo,8.13,8.13
KRT,2025-11-30,KRT-021,pivo,1.52,1.52
KRT,2025-11-30,KRT-022,pivo,5.84,5.84
KRT,2025-11-30,KRT-023,pivo,0.0,0.0
KRT,2025-11-30,KRT-024,pivo,2.03,2.03
KRT,2025-11-30,KRT-025,pivo,1.02,1.02
KRT,2025-11-30,KRT-026,pivo,0.0,0.0
KRT,2025-11-30,KRT-027,pivo,0.0,0.0
KRT,2025-11-30,KRT-028,pivo,2.03,2.03
KRT,2025-11-30,KRT-029,pivo,0.51,0.51
KRT,2025-11-30,KRT-030,pivo,2.54,2.54
KRT,2025-11-30,KRT-031,pivo,0.0,0.0
KRT,2025-11-30,KRT-032,pivo,0.0,0.0
KRT,2025-11-30,KRT-033,pivo,0.51,0.51
KRT,2025-11-30,KRT-034,pivo,0.0,0.0
KRT,2025-11-30,KRT-035,pivo,2.79,2.79
KRT,2025-11-30,KRT-036,pivo,3.05,3.05
KRT,2025-11-30,KRT-037,pivo,1.78,1.78
KRT,2025-11-30,KRT-038,pivo,0.0,0.0
KRT,2025-11-30,KRT-039,pivo,3.56,3.56
KRT,2025-11-30,KRT-040,pivo,0.0,0.0
KRT,2025-11-30,KRT-041,pivo,0.0,0.0
KRT,2025-11-30,KRT-042,pivo,0.0,0.0
KRT,2025-11-30,KRT-043,pivo,0.0,0.0
KRT,2025-11-30,KRT-044,pivo,0.0,0.0
KRT,2025-11-30,KRT-045,pivo,0.0,0.0
KRT,2025-11-30,KRT-046,pivo,0.0,0.0
KRT,2025-11-30,KRT-047,pivo,0.0,0.0
KRT,2025-11-30,KRT-048,pivo,0.0,0.0
KRT,2025-11-30,KRT-049,pivo,0.0,0.0
KRT,2025-11-30,KRT-050,pivo,0.0,0.0
KRT,2025-11-30,KRT-051,pivo,0.0,0.0
KRT,2025-11-30,KRT-052,pivo,0.0,0.0
KRT,2025-11-30,KRT-053,pivo,0.0,0.0
KRT,2025-11-30,KRT-054,pivo,0.0,0.0
KRT,2025-11-30,KRT-055,pivo,0.0,0.0
KRT,2025-11-30,KRT-056,pivo,0.0,0.0
KRT,2025-11-30,KRT-057,pivo,0.0,0.0
KRT,2025-11-30,KRT-058,pivo,0.0,0.0
KRT,2025-11-30,KRT-059,pivo,0.0,0.0
KRT,2025-11-30,KRT-060,pivo,0.0,0.0
KRT,2025-11-30,KRT-061,pivo,0.0,0.0
KRT,2025-11-30,KRT-062,pivo,0.0,0.0
KRT,2025-11-30,KRT-063,pivo,0.0,0.0
KRT,2025-11-30,KRT-064,pivo,0.6,0.6
KRT,2025-11-30,KRT-065,pivo,0.0,0.0
KRT,2025-11-30,KRT-066,pivo,0.25,0.25
KRT,2025-11-30,KRT-067,pivo,2.03,2.03
KRT,2025-11-30,KRT-068,pivo,6.45,6.45
KRT,2025-11-30,KRT-069,pivo,0.0,0.0
KRT,2025-11-30,KRT-070,pivo,0.0,0.0
KRT,2025-11-30,KRT-071,pivo,0.0,0.0
KRT,2025-11-30,KRT-072,pivo,0.0,0.0
KRT,2025-11-30,KRT-073,pivo,1.02,1.02
KRT,2025-11-30,KRT-074,pivo,0.0,0.0
KRT,2025-11-29,KRT-001,pivo,0.0,0.0
KRT,2025-11-29,KRT-001B,pivo_secundario,0.23,0.23
KRT,2025-11-29,KRT-002,pivo,0.0,0.0
KRT,2025-11-29,KRT-002B,pivo_secundario,0.0,0.0
KRT,2025-11-29,KRT-003,pivo,0.0,0.0
KRT,2025-11-29,KRT-004,pivo,0.0,0.0
KRT,2025-11-29,KRT-004B,pivo_secundario,0.0,0.0
KRT,2025-11-29,KRT-005,pivo,0.75,0.75
KRT,2025-11-29,KRT-006B,pivo_secundario,0.0,0.0
KRT,2025-11-29,KRT-006,pivo,0.0,0.0
KRT,2025-11-29,KRT-007B,pivo_secundario,0.26,0.26
KRT,2025-11-29,KRT-007,pivo,0.0,0.0
KRT,2025-11-29,KRT-008,pivo,0.0,0.0
KRT,2025-11-29,KRT-009,pivo,0.0,0.0
KRT,2025-11-29,KRT-010,pivo,0.0,0.0
KRT,2025-11-29,KRT-011,pivo,0.0,0.0
KRT,2025-11-29,KRT-012,pivo,0.0,0.0
KRT,2025-11-29,KRT-013,pivo,0.0,0.0
KRT,2025-11-29,KRT-014,pivo,0.51,0.51
KRT,2025-11-29,KRT-015,pivo,0.0,0.0
KRT,2025-11-29,KRT-016,pivo,0.0,0.0
KRT,2025-11-29,KRT-017,pivo,0.0,0.0
KRT,2025-11-29,KRT-018,pivo,0.25,0.25
KRT,2025-11-29,KRT-019,pivo,0.0,0.0
KRT,2025-11-29,KRT-020,pivo,0.0,0.0
KRT,2025-11-29,KRT-021,pivo,0.0,0.0
KRT,2025-11-29,KRT-022,pivo,0.0,0.0
KRT,2025-11-29,KRT-023,pivo,0.0,0.0
KRT,2025-11-29,KRT-024,pivo,0.0,0.0
KRT,2025-11-29,KRT-025,pivo,0.51,0.51
KRT,2025-11-29,KRT-026,pivo,0.0,0.0
KRT,2025-11-29,KRT-027,pivo,0.0,0.0
KRT,2025-11-29,KRT-028,pivo,0.0,0.0
KRT,2025-11-29,KRT-029,pivo,0.0,0.0
KRT,2025-11-29,KRT-030,pivo,0.0,0.0
KRT,2025-11-29,KRT-031,pivo,0.0,0.0
KRT,2025-11-29,KRT-032,pivo,0.0,0.0
KRT,2025-11-29,KRT-033,pivo,0.25,0.25
KRT,2025-11-29,KRT-034,pivo,0.0,0.0
KRT,2025-11-29,KRT-035,pivo,0.25,0.25
KRT,2025-11-29,KRT-036,pivo,0.0,0.0
KRT,2025-11-29,KRT-037,pivo,0.0,0.0
KRT,2025-11-29,KRT-038,pivo,0.25,0.25
KRT,2025-11-29,KRT-039,pivo,0.25,0.25
KRT,2025-11-29,KRT-040,pivo,0.25,0.25
KRT,2025-11-29,KRT-041,pivo,0.0,0.0
KRT,2025-11-29,KRT-042,pivo,0.25,0.25
KRT,2025-11-29,KRT-043,pivo,0.51,0.51
KRT,2025-11-29,KRT-044,pivo,0.0,0.0
KRT,2025-11-29,KRT-045,pivo,0.0,0.0
KRT,2025-11-29,KRT-046,pivo,0.0,0.0
KRT,2025-11-29,KRT-047,pivo,0.25,0.25
KRT,2025-11-29,KRT-048,pivo,0.0,0.0
KRT,2025-11-29,KRT-049,pivo,0.0,0.0
KRT,2025-11-29,KRT-050,pivo,0.0,0.0
KRT,2025-11-29,KRT-051,pivo,0.0,0.0
KRT,2025-11-29,KRT-052,pivo,0.0,0.0
KRT,2025-11-29,KRT-053,pivo,0.0,0.0
KRT,2025-11-29,KRT-054,pivo,0.25,0.25
KRT,2025-11-29,KRT-055,pivo,0.0,0.0
KRT,2025-11-29,KRT-056,pivo,0.25,0.25
KRT,2025-11-29,KRT-057,pivo,0.0,0.0
KRT,2025-11-29,KRT-058,pivo,0.0,0.0
KRT,2025-11-29,KRT-059,pivo,0.0,0.0
KRT,2025-11-29,KRT-060,pivo,0.0,0.0
KRT,2025-11-29,KRT-061,pivo,0.25,0.25
KRT,2025-11-29,KRT-062,pivo,0.0,0.0
KRT,2025-11-29,KRT-063,pivo,0.0,0.0
KRT,2025-11-29,KRT-064,pivo,0.0,0.0
KRT,2025-11-29,KRT-065,pivo,0.0,0.0
KRT,2025-11-29,KRT-066,pivo,0.0,0.0
KRT,2025-11-29,KRT-067,pivo,0.0,0.0
KRT,2025-11-29,KRT-068,pivo,0.0,0.0
KRT,2025-11-29,KRT-069,pivo,0.0,0.0
KRT,2025-11-29,KRT-070,pivo,0.2,0.2
KRT,2025-11-29,KRT-071,pivo,0.0,0.0
KRT,2025-11-29,KRT-072,pivo,0.19,0.19
KRT,2025-11-29,KRT-073,pivo,0.0,0.0
KRT,2025-11-29,KRT-074,pivo,0.0,0.0
KRT,2025-11-28,KRT-001,pivo,5.08,5.08
KRT,2025-11-28,KRT-001B,pivo_secundario,7.62,7.62
KRT,2025-11-28,KRT-002,pivo,3.81,3.81
KRT,2025-11-28,KRT-002B,pivo_secundario,0.23,0.23
KRT,2025-11-28,KRT-003,pivo,1.78,1.78
KRT,2025-11-28,KRT-004,pivo,2.54,2.54
KRT,2025-11-28,KRT-004B,pivo_secundario,0.0,0.0
KRT,2025-11-28,KRT-005,pivo,1.0,1.0
KRT,2025-11-28,KRT-006B,pivo_secundario,0.97,0.97
KRT,2025-11-28,KRT-006,pivo,1.25,1.25
KRT,2025-11-28,KRT-007B,pivo_secundario,1.31,1.31
KRT,2025-11-28,KRT-007,pivo,2.03,2.03
KRT,2025-11-28,KRT-008,pivo,1.78,1.78
KRT,2025-11-28,KRT-009,pivo,2.54,2.54
KRT,2025-11-28,KRT-010,pivo,2.29,2.29
KRT,2025-11-28,KRT-011,pivo,2.79,2.79
KRT,2025-11-28,KRT-012,pivo,1.02,1.02
KRT,2025-11-28,KRT-013,pivo,3.05,3.05
KRT,2025-11-28,KRT-014,pivo,1.75,1.75
KRT,2025-11-28,KRT-015,pivo,1.52,1.52
KRT,2025-11-28,KRT-016,pivo,0.51,0.51
KRT,2025-11-28,KRT-017,pivo,0.76,0.76
KRT,2025-11-28,KRT-018,pivo,0.5,0.5
KRT,2025-11-28,KRT-019,pivo,1.78,1.78
KRT,2025-11-28,KRT-020,pivo,1.78,1.78
KRT,2025-11-28,KRT-021,pivo,1.78,1.78
KRT,2025-11-28,KRT-022,pivo,1.52,1.52
KRT,2025-11-28,KRT-023,pivo,1.3,1.3
KRT,2025-11-28,KRT-024,pivo,2.29,2.29
KRT,2025-11-28,KRT-025,pivo,2.03,2.03
KRT,2025-11-28,KRT-026,pivo,0.0,0.0
KRT,2025-11-28,KRT-027,pivo,0.0,0.0
KRT,2025-11-28,KRT-028,pivo,0.76,0.76
KRT,2025-11-28,KRT-029,pivo,0.0,0.0
KRT,2025-11-28,KRT-030,pivo,0.51,0.51
KRT,2025-11-28,KRT-031,pivo,0.0,0.0
KRT,2025-11-28,KRT-032,pivo,0.76,0.76
KRT,2025-11-28,KRT-033,pivo,0.51,0.51
KRT,2025-11-28,KRT-034,pivo,0.51,0.51
KRT,2025-11-28,KRT-035,pivo,1.52,1.52
KRT,2025-11-28,KRT-036,pivo,1.27,1.27
KRT,2025-11-28,KRT-037,pivo,2.03,2.03
KRT,2025-11-28,KRT-038,pivo,1.27,1.27
KRT,2025-11-28,KRT-039,pivo,2.29,2.29
KRT,2025-11-28,KRT-040,pivo,1.27,1.27
KRT,2025-11-28,KRT-041,pivo,0.0,0.0
KRT,2025-11-28,KRT-042,pivo,0.0,0.0
KRT,2025-11-28,KRT-043,pivo,2.29,2.29
KRT,2025-11-28,KRT-044,pivo,2.54,2.54
KRT,2025-11-28,KRT-045,pivo,1.25,1.25
KRT,2025-11-28,KRT-046,pivo,1.27,1.27
KRT,2025-11-28,KRT-047,pivo,3.3,3.3
KRT,2025-11-28,KRT-048,pivo,0.0,0.0
KRT,2025-11-28,KRT-049,pivo,14.22,14.22
KRT,2025-11-28,KRT-050,pivo,0.25,0.25
KRT,2025-11-28,KRT-051,pivo,0.51,0.51
KRT,2025-11-28,KRT-052,pivo,1.27,1.27
KRT,2025-11-28,KRT-053,pivo,0.0,0.0
KRT,2025-11-28,KRT-054,pivo,0.25,0.25
KRT,2025-11-28,KRT-055,pivo,0.76,0.76
KRT,2025-11-28,KRT-056,pivo,0.51,0.51
KRT,2025-11-28,KRT-057,pivo,0.68,0.68
KRT,2025-11-28,KRT-058,pivo,0.25,0.25
KRT,2025-11-28,KRT-059,pivo,1.02,1.02
KRT,2025-11-28,KRT-060,pivo,0.25,0.25
KRT,2025-11-28,KRT-061,pivo,0.76,0.76
KRT,2025-11-28,KRT-062,pivo,0.0,0.0
KRT,2025-11-28,KRT-063,pivo,0.0,0.0
KRT,2025-11-28,KRT-064,pivo,0.3,0.3
KRT,2025-11-28,KRT-065,pivo,0.0,0.0
KRT,2025-11-28,KRT-066,pivo,0.25,0.25
KRT,2025-11-28,KRT-067,pivo,0.25,0.25
KRT,2025-11-28,KRT-068,pivo,0.0,0.0
KRT,2025-11-28,KRT-069,pivo,1.75,1.75
KRT,2025-11-28,KRT-070,pivo,3.74,3.74
KRT,2025-11-28,KRT-071,pivo,2.0,2.0
KRT,2025-11-28,KRT-072,pivo,8.74,8.74
KRT,2025-11-28,KRT-073,pivo,0.76,0.76
KRT,2025-11-28,KRT-074,pivo,1.52,1.52
KRT,2025-11-27,KRT-001,pivo,8.64,8.64
KRT,2025-11-27,KRT-001B,pivo_secundario,35.81,35.81
KRT,2025-11-27,KRT-002,pivo,7.62,7.62
KRT,2025-11-27,KRT-002B,pivo_secundario,0.46,0.46
KRT,2025-11-27,KRT-003,pivo,7.62,7.62
KRT,2025-11-27,KRT-004,pivo,8.64,8.64
KRT,2025-11-27,KRT-004B,pivo_secundario,0.0,0.0
KRT,2025-11-27,KRT-005,pivo,9.75,9.75
KRT,2025-11-27,KRT-006B,pivo_secundario,7.72,7.72
KRT,2025-11-27,KRT-006,pivo,10.81,10.81
KRT,2025-11-27,KRT-007B,pivo_secundario,14.35,14.35
KRT,2025-11-27,KRT-007,pivo,9.14,9.14
KRT,2025-11-27,KRT-008,pivo,9.91,9.91
KRT,2025-11-27,KRT-009,pivo,11.18,11.18
KRT,2025-11-27,KRT-010,pivo,8.38,8.38
KRT,2025-11-27,KRT-011,pivo,9.14,9.14
KRT,2025-11-27,KRT-012,pivo,6.8,6.8
KRT,2025-11-27,KRT-013,pivo,6.86,6.86
KRT,2025-11-27,KRT-014,pivo,6.7,6.7
KRT,2025-11-27,KRT-015,pivo,10.41,10.41
KRT,2025-11-27,KRT-016,pivo,13.25,13.25
KRT,2025-11-27,KRT-017,pivo,11.68,11.68
KRT,2025-11-27,KRT-018,pivo,11.0,11.0
KRT,2025-11-27,KRT-019,pivo,6.6,6.6
KRT,2025-11-27,KRT-020,pivo,11.43,11.43
KRT,2025-11-27,KRT-021,pivo,6.1,6.1
KRT,2025-11-27,KRT-022,pivo,14.99,14.99
KRT,2025-11-27,KRT-023,pivo,5.72,5.72
KRT,2025-11-27,KRT-024,pivo,4.57,4.57
KRT,2025-11-27,KRT-025,pivo,3.56,3.56
KRT,2025-11-27,KRT-026,pivo,3.35,3.35
KRT,2025-11-27,KRT-027,pivo,3.46,3.46
KRT,2025-11-27,KRT-028,pivo,3.81,3.81
KRT,2025-11-27,KRT-029,pivo,3.83,3.83
KRT,2025-11-27,KRT-030,pivo,3.56,3.56
KRT,2025-11-27,KRT-031,pivo,3.72,3.72
KRT,2025-11-27,KRT-032,pivo,3.3,3.3
KRT,2025-11-27,KRT-033,pivo,3.56,3.56
KRT,2025-11-27,KRT-034,pivo,3.3,3.3
KRT,2025-11-27,KRT-035,pivo,16.0,16.0
KRT,2025-11-27,KRT-036,pivo,29.46,29.46
KRT,2025-11-27,KRT-037,pivo,10.92,10.92
KRT,2025-11-27,KRT-038,pivo,27.18,27.18
KRT,2025-11-27,KRT-039,pivo,17.78,17.78
KRT,2025-11-27,KRT-040,pivo,54.36,54.36
KRT,2025-11-27,KRT-041,pivo,44.67,44.67
KRT,2025-11-27,KRT-042,pivo,20.07,20.07
KRT,2025-11-27,KRT-043,pivo,48.01,48.01
KRT,2025-11-27,KRT-044,pivo,6.86,6.86
KRT,2025-11-27,KRT-045,pivo,19.76,19.76
KRT,2025-11-27,KRT-046,pivo,38.61,38.61
KRT,2025-11-27,KRT-047,pivo,44.45,44.45
KRT,2025-11-27,KRT-048,pivo,49.16,49.16
KRT,2025-11-27,KRT-049,pivo,55.12,55.12
KRT,2025-11-27,KRT-050,pivo,2.03,2.03
KRT,2025-11-27,KRT-051,pivo,2.54,2.54
KRT,2025-11-27,KRT-052,pivo,24.64,24.64
KRT,2025-11-27,KRT-053,pivo,5.85,5.85
KRT,2025-11-27,KRT-054,pivo,3.76,3.76
KRT,2025-11-27,KRT-055,pivo,3.56,3.56
KRT,2025-11-27,KRT-056,pivo,2.54,2.54
KRT,2025-11-27,KRT-057,pivo,3.16,3.16
KRT,2025-11-27,KRT-058,pivo,2.75,2.75
KRT,2025-11-27,KRT-059,pivo,3.56,3.56
KRT,2025-11-27,KRT-060,pivo,2.75,2.75
KRT,2025-11-27,KRT-061,pivo,4.06,4.06
KRT,2025-11-27,KRT-062,pivo,1.75,1.75
KRT,2025-11-27,KRT-063,pivo,2.1,2.1
KRT,2025-11-27,KRT-064,pivo,1.8,1.8
KRT,2025-11-27,KRT-065,pivo,1.5,1.5
KRT,2025-11-27,KRT-066,pivo,1.5,1.5
KRT,2025-11-27,KRT-067,pivo,1.75,1.75
KRT,2025-11-27,KRT-068,pivo,1.25,1.25
KRT,2025-11-27,KRT-069,pivo,4.05,4.05
KRT,2025-11-27,KRT-070,pivo,3.74,3.74
KRT,2025-11-27,KRT-071,pivo,5.61,5.61
KRT,2025-11-27,KRT-072,pivo,6.46,6.46
KRT,2025-11-27,KRT-073,pivo,6.35,6.35
KRT,2025-11-27,KRT-074,pivo,8.13,8.13
KRT,2025-11-26,KRT-001,pivo,19.56,19.56
KRT,2025-11-26,KRT-001B,pivo_secundario,11.09,11.09
KRT,2025-11-26,KRT-002,pivo,17.78,17.78
KRT,2025-11-26,KRT-002B,pivo_secundario,0.46,0.46
KRT,2025-11-26,KRT-003,pivo,17.02,17.02
KRT,2025-11-26,KRT-004,pivo,16.0,16.0
KRT,2025-11-26,KRT-004B,pivo_secundario,0.0,0.0
KRT,2025-11-26,KRT-005,pivo,16.75,16.75
KRT,2025-11-26,KRT-006B,pivo_secundario,1.16,1.16
KRT,2025-11-26,KRT-006,pivo,16.75,16.75
KRT,2025-11-26,KRT-007B,pivo_secundario,9.66,9.66
KRT,2025-11-26,KRT-007,pivo,15.75,15.75
KRT,2025-11-26,KRT-008,pivo,15.49,15.49
KRT,2025-11-26,KRT-009,pivo,17.78,17.78
KRT,2025-11-26,KRT-010,pivo,14.48,14.48
KRT,2025-11-26,KRT-011,pivo,15.5,15.5
KRT,2025-11-26,KRT-012,pivo,9.4,9.4
KRT,2025-11-26,KRT-013,pivo,16.26,16.26
KRT,2025-11-26,KRT-014,pivo,12.8,12.8
KRT,2025-11-26,KRT-015,pivo,20.07,20.07
KRT,2025-11-26,KRT-016,pivo,17.53,17.53
KRT,2025-11-26,KRT-017,pivo,15.75,15.75
KRT,2025-11-26,KRT-018,pivo,18.0,18.0
KRT,2025-11-26,KRT-019,pivo,10.16,10.16
KRT,2025-11-26,KRT-020,pivo,11.94,11.94
KRT,2025-11-26,KRT-021,pivo,13.21,13.21
KRT,2025-11-26,KRT-022,pivo,18.54,18.54
KRT,2025-11-26,KRT-023,pivo,17.87,17.87
KRT,2025-11-26,KRT-024,pivo,25.4,25.4
KRT,2025-11-26,KRT-025,pivo,23.88,23.88
KRT,2025-11-26,KRT-026,pivo,12.7,12.7
KRT,2025-11-26,KRT-027,pivo,22.92,22.92
KRT,2025-11-26,KRT-028,pivo,24.13,24.13
KRT,2025-11-26,KRT-029,pivo,23.25,23.25
KRT,2025-11-26,KRT-030,pivo,17.53,17.53
KRT,2025-11-26,KRT-031,pivo,23.67,23.67
KRT,2025-11-26,KRT-032,pivo,30.99,30.99
KRT,2025-11-26,KRT-033,pivo,21.59,21.59
KRT,2025-11-26,KRT-034,pivo,22.86,22.86
KRT,2025-11-26,KRT-035,pivo,16.51,16.51
KRT,2025-11-26,KRT-036,pivo,14.48,14.48
KRT,2025-11-26,KRT-037,pivo,11.18,11.18
KRT,2025-11-26,KRT-038,pivo,9.65,9.65
KRT,2025-11-26,KRT-039,pivo,14.48,14.48
KRT,2025-11-26,KRT-040,pivo,9.91,9.91
KRT,2025-11-26,KRT-041,pivo,8.38,8.38
KRT,2025-11-26,KRT-042,pivo,7.37,7.37
KRT,2025-11-26,KRT-043,pivo,6.6,6.6
KRT,2025-11-26,KRT-044,pivo,9.4,9.4
KRT,2025-11-26,KRT-045,pivo,10.58,10.58
KRT,2025-11-26,KRT-046,pivo,9.91,9.91
KRT,2025-11-26,KRT-047,pivo,6.86,6.86
KRT,2025-11-26,KRT-048,pivo,6.01,6.01
KRT,2025-11-26,KRT-049,pivo,4.57,4.57
KRT,2025-11-26,KRT-050,pivo,5.59,5.59
KRT,2025-11-26,KRT-051,pivo,9.91,9.91
KRT,2025-11-26,KRT-052,pivo,8.64,8.64
KRT,2025-11-26,KRT-053,pivo,8.83,8.83
KRT,2025-11-26,KRT-054,pivo,8.83,8.83
KRT,2025-11-26,KRT-055,pivo,10.92,10.92
KRT,2025-11-26,KRT-056,pivo,8.64,8.64
KRT,2025-11-26,KRT-057,pivo,10.62,10.62
KRT,2025-11-26,KRT-058,pivo,7.25,7.25
KRT,2025-11-26,KRT-059,pivo,12.7,12.7
KRT,2025-11-26,KRT-060,pivo,14.22,14.22
KRT,2025-11-26,KRT-061,pivo,15.24,15.24
KRT,2025-11-26,KRT-062,pivo,12.34,12.34
KRT,2025-11-26,KRT-063,pivo,11.4,11.4
KRT,2025-11-26,KRT-064,pivo,13.2,13.2
KRT,2025-11-26,KRT-065,pivo,7.8,7.8
KRT,2025-11-26,KRT-066,pivo,9.65,9.65
KRT,2025-11-26,KRT-067,pivo,7.62,7.62
KRT,2025-11-26,KRT-068,pivo,15.81,15.81
KRT,2025-11-26,KRT-069,pivo,15.63,15.63
KRT,2025-11-26,KRT-070,pivo,17.53,17.53
KRT,2025-11-26,KRT-071,pivo,15.63,15.63
KRT,2025-11-26,KRT-072,pivo,16.72,16.72
KRT,2025-11-26,KRT-073,pivo,12.7,12.7
KRT,2025-11-26,KRT-074,pivo,13.21,13.21
KRT,2025-11-25,KRT-001,pivo,34.04,34.04
KRT,2025-11-25,KRT-001B,pivo_secundario,15.94,15.94
KRT,2025-11-25,KRT-002,pivo,36.58,36.58
KRT,2025-11-25,KRT-002B,pivo_secundario,0.46,0.46
KRT,2025-11-25,KRT-003,pivo,21.34,21.34
KRT,2025-11-25,KRT-004,pivo,37.85,37.85
KRT,2025-11-25,KRT-004B,pivo_secundario,0.0,0.0
KRT,2025-11-25,KRT-005,pivo,54.75,54.75
KRT,2025-11-25,KRT-006B,pivo_secundario,27.79,27.79
KRT,2025-11-25,KRT-006,pivo,54.76,54.76
KRT,2025-11-25,KRT-007B,pivo_secundario,20.1,20.1
KRT,2025-11-25,KRT-007,pivo,52.58,52.58
KRT,2025-11-25,KRT-008,pivo,63.75,63.75
KRT,2025-11-25,KRT-009,pivo,54.36,54.36
KRT,2025-11-25,KRT-010,pivo,56.13,56.13
KRT,2025-11-25,KRT-011,pivo,58.81,58.81
KRT,2025-11-25,KRT-012,pivo,40.64,40.64
KRT,2025-11-25,KRT-013,pivo,80.77,80.77
KRT,2025-11-25,KRT-014,pivo,66.97,66.97
KRT,2025-11-25,KRT-015,pivo,48.01,48.01
KRT,2025-11-25,KRT-016,pivo,41.26,41.26
KRT,2025-11-25,KRT-017,pivo,44.45,44.45
KRT,2025-11-25,KRT-018,pivo,45.5,45.5
KRT,2025-11-25,KRT-019,pivo,44.45,44.45
KRT,2025-11-25,KRT-020,pivo,40.13,40.13
KRT,2025-11-25,KRT-021,pivo,62.74,62.74
KRT,2025-11-25,KRT-022,pivo,53.34,53.34
KRT,2025-11-25,KRT-023,pivo,67.8,67.8
KRT,2025-11-25,KRT-024,pivo,83.06,83.06
KRT,2025-11-25,KRT-025,pivo,84.58,84.58
KRT,2025-11-25,KRT-026,pivo,78.74,78.74
KRT,2025-11-25,KRT-027,pivo,72.96,72.96
KRT,2025-11-25,KRT-028,pivo,55.37,55.37
KRT,2025-11-25,KRT-029,pivo,58.95,58.95
KRT,2025-11-25,KRT-030,pivo,74.68,74.68
KRT,2025-11-25,KRT-031,pivo,53.25,53.25
KRT,2025-11-25,KRT-032,pivo,48.26,48.26
KRT,2025-11-25,KRT-033,pivo,49.28,49.28
KRT,2025-11-25,KRT-034,pivo,39.88,39.88
KRT,2025-11-25,KRT-035,pivo,37.34,37.34
KRT,2025-11-25,KRT-036,pivo,28.45,28.45
KRT,2025-11-25,KRT-037,pivo,19.3,19.3
KRT,2025-11-25,KRT-038,pivo,20.32,20.32
KRT,2025-11-25,KRT-039,pivo,30.23,30.23
KRT,2025-11-25,KRT-040,pivo,23.37,23.37
KRT,2025-11-25,KRT-041,pivo,16.52,16.52
KRT,2025-11-25,KRT-042,pivo,10.67,10.67
KRT,2025-11-25,KRT-043,pivo,11.68,11.68
KRT,2025-11-25,KRT-044,pivo,17.53,17.53
KRT,2025-11-25,KRT-045,pivo,17.96,17.96
KRT,2025-11-25,KRT-046,pivo,11.18,11.18
KRT,2025-11-25,KRT-047,pivo,12.19,12.19
KRT,2025-11-25,KRT-048,pivo,10.5,10.5
KRT,2025-11-25,KRT-049,pivo,7.62,7.62
KRT,2025-11-25,KRT-050,pivo,26.42,26.42
KRT,2025-11-25,KRT-051,pivo,26.16,26.16
KRT,2025-11-25,KRT-052,pivo,14.73,14.73
KRT,2025-11-25,KRT-053,pivo,19.25,19.25
KRT,2025-11-25,KRT-054,pivo,18.73,18.73
KRT,2025-11-25,KRT-055,pivo,19.81,19.81
KRT,2025-11-25,KRT-056,pivo,21.59,21.59
KRT,2025-11-25,KRT-057,pivo,11.75,11.75
KRT,2025-11-25,KRT-058,pivo,15.75,15.75
KRT,2025-11-25,KRT-059,pivo,10.67,10.67
KRT,2025-11-25,KRT-060,pivo,16.0,16.0
KRT,2025-11-25,KRT-061,pivo,8.38,8.38
KRT,2025-11-25,KRT-062,pivo,12.42,12.42
KRT,2025-11-25,KRT-063,pivo,30.0,30.0
KRT,2025-11-25,KRT-064,pivo,27.6,27.6
KRT,2025-11-25,KRT-065,pivo,24.9,24.9
KRT,2025-11-25,KRT-066,pivo,12.19,12.19
KRT,2025-11-25,KRT-067,pivo,12.95,12.95
KRT,2025-11-25,KRT-068,pivo,22.46,22.46
KRT,2025-11-25,KRT-069,pivo,10.15,10.15
KRT,2025-11-25,KRT-070,pivo,11.43,11.43
KRT,2025-11-25,KRT-071,pivo,9.9,9.9
KRT,2025-11-25,KRT-072,pivo,7.6,7.6
KRT,2025-11-25,KRT-073,pivo,34.04,34.04
KRT,2025-11-25,KRT-074,pivo,27.18,27.18
KRT,2025-11-24,KRT-001,pivo,7.11,7.11
KRT,2025-11-24,KRT-001B,pivo_secundario,12.01,12.01
KRT,2025-11-24,KRT-002,pivo,8.38,8.38
KRT,2025-11-24,KRT-002B,pivo_secundario,1.82,1.82
KRT,2025-11-24,KRT-003,pivo,9.14,9.14
KRT,2025-11-24,KRT-004,pivo,9.4,9.4
KRT,2025-11-24,KRT-004B,pivo_secundario,0.0,0.0
KRT,2025-11-24,KRT-005,pivo,6.75,6.75
KRT,2025-11-24,KRT-006B,pivo_secundario,4.05,4.05
KRT,2025-11-24,KRT-006,pivo,6.86,6.86
KRT,2025-11-24,KRT-007B,pivo_secundario,15.4,15.4
KRT,2025-11-24,KRT-007,pivo,4.57,4.57
KRT,2025-11-24,KRT-008,pivo,8.64,8.64
KRT,2025-11-24,KRT-009,pivo,5.84,5.84
KRT,2025-11-24,KRT-010,pivo,6.35,6.35
KRT,2025-11-24,KRT-011,pivo,7.87,7.87
KRT,2025-11-24,KRT-012,pivo,4.57,4.57
KRT,2025-11-24,KRT-013,pivo,13.21,13.21
KRT,2025-11-24,KRT-014,pivo,10.25,10.25
KRT,2025-11-24,KRT-015,pivo,7.37,7.37
KRT,2025-11-24,KRT-016,pivo,9.27,9.27
KRT,2025-11-24,KRT-017,pivo,8.13,8.13
KRT,2025-11-24,KRT-018,pivo,8.75,8.75
KRT,2025-11-24,KRT-019,pivo,5.59,5.59
KRT,2025-11-24,KRT-020,pivo,7.87,7.87
KRT,2025-11-24,KRT-021,pivo,7.37,7.37
KRT,2025-11-24,KRT-022,pivo,10.41,10.41
KRT,2025-11-24,KRT-023,pivo,6.69,6.69
KRT,2025-11-24,KRT-024,pivo,8.13,8.13
KRT,2025-11-24,KRT-025,pivo,8.64,8.64
KRT,2025-11-24,KRT-026,pivo,12.95,12.95
KRT,2025-11-24,KRT-027,pivo,10.31,10.31
KRT,2025-11-24,KRT-028,pivo,9.4,9.4
KRT,2025-11-24,KRT-029,pivo,13.83,13.83
KRT,2025-11-24,KRT-030,pivo,5.33,5.33
KRT,2025-11-24,KRT-031,pivo,7.53,7.53
KRT,2025-11-24,KRT-032,pivo,21.84,21.84
KRT,2025-11-24,KRT-033,pivo,7.87,7.87
KRT,2025-11-24,KRT-034,pivo,16.76,16.76
KRT,2025-11-24,KRT-035,pivo,10.41,10.41
KRT,2025-11-24,KRT-036,pivo,8.64,8.64
KRT,2025-11-24,KRT-037,pivo,7.87,7.87
KRT,2025-11-24,KRT-038,pivo,10.92,10.92
KRT,2025-11-24,KRT-039,pivo,11.68,11.68
KRT,2025-11-24,KRT-040,pivo,10.41,10.41
KRT,2025-11-24,KRT-041,pivo,11.4,11.4
KRT,2025-11-24,KRT-042,pivo,12.95,12.95
KRT,2025-11-24,KRT-043,pivo,10.92,10.92
KRT,2025-11-24,KRT-044,pivo,9.65,9.65
KRT,2025-11-24,KRT-045,pivo,9.05,9.05
KRT,2025-11-24,KRT-046,pivo,10.67,10.67
KRT,2025-11-24,KRT-047,pivo,14.48,14.48
KRT,2025-11-24,KRT-048,pivo,12.26,12.26
KRT,2025-11-24,KRT-049,pivo,11.43,11.43
KRT,2025-11-24,KRT-050,pivo,10.67,10.67
KRT,2025-11-24,KRT-051,pivo,8.38,8.38
KRT,2025-11-24,KRT-052,pivo,12.45,12.45
KRT,2025-11-24,KRT-053,pivo,9.47,9.47
KRT,2025-11-24,KRT-054,pivo,6.86,6.86
KRT,2025-11-24,KRT-055,pivo,11.94,11.94
KRT,2025-11-24,KRT-056,pivo,11.68,11.68
KRT,2025-11-24,KRT-057,pivo,11.07,11.07
KRT,2025-11-24,KRT-058,pivo,10.75,10.75
KRT,2025-11-24,KRT-059,pivo,17.53,17.53
KRT,2025-11-24,KRT-060,pivo,14.48,14.48
KRT,2025-11-24,KRT-061,pivo,16.26,16.26
KRT,2025-11-24,KRT-062,pivo,14.93,14.93
KRT,2025-11-24,KRT-063,pivo,11.1,11.1
KRT,2025-11-24,KRT-064,pivo,12.6,12.6
KRT,2025-11-24,KRT-065,pivo,10.5,10.5
KRT,2025-11-24,KRT-066,pivo,10.92,10.92
KRT,2025-11-24,KRT-067,pivo,13.97,13.97
KRT,2025-11-24,KRT-068,pivo,18.72,18.72
KRT,2025-11-24,KRT-069,pivo,17.75,17.75
KRT,2025-11-24,KRT-070,pivo,15.96,15.96
KRT,2025-11-24,KRT-071,pivo,17.13,17.13
KRT,2025-11-24,KRT-072,pivo,17.86,17.86
KRT,2025-11-24,KRT-073,pivo,8.89,8.89
KRT,2025-11-24,KRT-074,pivo,12.95,12.95
KRT,2025-11-23,KRT-001,pivo,31.24,31.24
KRT,2025-11-23,KRT-001B,pivo_secundario,29.34,29.34
KRT,2025-11-23,KRT-002,pivo,28.19,28.19
KRT,2025-11-23,KRT-002B,pivo_secundario,3.65,3.65
KRT,2025-11-23,KRT-003,pivo,32.0,32.0
KRT,2025-11-23,KRT-004,pivo,23.62,23.62
KRT,2025-11-23,KRT-004B,pivo_secundario,0.0,0.0
KRT,2025-11-23,KRT-005,pivo,27.51,27.51
KRT,2025-11-23,KRT-006B,pivo_secundario,5.21,5.21
KRT,2025-11-23,KRT-006,pivo,27.26,27.26
KRT,2025-11-23,KRT-007B,pivo_secundario,13.05,13.05
KRT,2025-11-23,KRT-007,pivo,22.35,22.35
KRT,2025-11-23,KRT-008,pivo,26.67,26.67
KRT,2025-11-23,KRT-009,pivo,33.02,33.02
KRT,2025-11-23,KRT-010,pivo,27.43,27.43
KRT,2025-11-23,KRT-011,pivo,32.73,32.73
KRT,2025-11-23,KRT-012,pivo,29.5,29.5
KRT,2025-11-23,KRT-013,pivo,36.32,36.32
KRT,2025-11-23,KRT-014,pivo,32.6,32.6
KRT,2025-11-23,KRT-015,pivo,32.77,32.77
KRT,2025-11-23,KRT-016,pivo,27.73,27.73
KRT,2025-11-23,KRT-017,pivo,23.37,23.37
KRT,2025-11-23,KRT-018,pivo,27.0,27.0
KRT,2025-11-23,KRT-019,pivo,25.66,25.66
KRT,2025-11-23,KRT-020,pivo,20.32,20.32
KRT,2025-11-23,KRT-021,pivo,28.45,28.45
KRT,2025-11-23,KRT-022,pivo,38.1,38.1
KRT,2025-11-23,KRT-023,pivo,30.71,30.71
KRT,2025-11-23,KRT-024,pivo,27.43,27.43
KRT,2025-11-23,KRT-025,pivo,35.56,35.56
KRT,2025-11-23,KRT-026,pivo,30.48,30.48
KRT,2025-11-23,KRT-027,pivo,32.7,32.7
KRT,2025-11-23,KRT-028,pivo,32.0,32.0
KRT,2025-11-23,KRT-029,pivo,28.65,28.65
KRT,2025-11-23,KRT-030,pivo,21.34,21.34
KRT,2025-11-23,KRT-031,pivo,25.61,25.61
KRT,2025-11-23,KRT-032,pivo,28.45,28.45
KRT,2025-11-23,KRT-033,pivo,26.42,26.42
KRT,2025-11-23,KRT-034,pivo,21.84,21.84
KRT,2025-11-23,KRT-035,pivo,26.67,26.67
KRT,2025-11-23,KRT-036,pivo,36.32,36.32
KRT,2025-11-23,KRT-037,pivo,36.58,36.58
KRT,2025-11-23,KRT-038,pivo,16.51,16.51
KRT,2025-11-23,KRT-039,pivo,23.11,23.11
KRT,2025-11-23,KRT-040,pivo,20.57,20.57
KRT,2025-11-23,KRT-041,pivo,15.87,15.87
KRT,2025-11-23,KRT-042,pivo,13.72,13.72
KRT,2025-11-23,KRT-043,pivo,12.7,12.7
KRT,2025-11-23,KRT-044,pivo,12.95,12.95
KRT,2025-11-23,KRT-045,pivo,13.78,13.78
KRT,2025-11-23,KRT-046,pivo,10.41,10.41
KRT,2025-11-23,KRT-047,pivo,8.64,8.64
KRT,2025-11-23,KRT-048,pivo,10.91,10.91
KRT,2025-11-23,KRT-049,pivo,11.43,11.43
KRT,2025-11-23,KRT-050,pivo,16.26,16.26
KRT,2025-11-23,KRT-051,pivo,20.32,20.32
KRT,2025-11-23,KRT-052,pivo,9.4,9.4
KRT,2025-11-23,KRT-053,pivo,10.3,10.3
KRT,2025-11-23,KRT-054,pivo,7.62,7.62
KRT,2025-11-23,KRT-055,pivo,10.41,10.41
KRT,2025-11-23,KRT-056,pivo,12.19,12.19
KRT,2025-11-23,KRT-057,pivo,8.36,8.36
KRT,2025-11-23,KRT-058,pivo,8.0,8.0
KRT,2025-11-23,KRT-059,pivo,13.21,13.21
KRT,2025-11-23,KRT-060,pivo,12.19,12.19
KRT,2025-11-23,KRT-061,pivo,10.92,10.92
KRT,2025-11-23,KRT-062,pivo,11.76,11.76
KRT,2025-11-23,KRT-063,pivo,29.1,29.1
KRT,2025-11-23,KRT-064,pivo,32.1,32.1
KRT,2025-11-23,KRT-065,pivo,12.9,12.9
KRT,2025-11-23,KRT-066,pivo,9.14,9.14
KRT,2025-11-23,KRT-067,pivo,12.19,12.19
KRT,2025-11-23,KRT-068,pivo,16.64,16.64
KRT,2025-11-23,KRT-069,pivo,16.34,16.34
KRT,2025-11-23,KRT-070,pivo,14.97,14.97
KRT,2025-11-23,KRT-071,pivo,14.62,14.62
KRT,2025-11-23,KRT-072,pivo,19.38,19.38
KRT,2025-11-23,KRT-073,pivo,21.08,21.08
KRT,2025-11-23,KRT-074,pivo,14.73,14.73
KRT,2025-11-22,KRT-001,pivo,6.6,6.6
KRT,2025-11-22,KRT-001B,pivo_secundario,1.39,1.39
KRT,2025-11-22,KRT-002,pivo,2.54,2.54
KRT,2025-11-22,KRT-002B,pivo_secundario,0.46,0.46
KRT,2025-11-22,KRT-003,pivo,0.51,0.51
KRT,2025-11-22,KRT-004,pivo,0.76,0.76
KRT,2025-11-22,KRT-004B,pivo_secundario,0.0,0.0
KRT,2025-11-22,KRT-005,pivo,1.25,1.25
KRT,2025-11-22,KRT-006B,pivo_secundario,2.51,2.51
KRT,2025-11-22,KRT-006,pivo,1.27,1.27
KRT,2025-11-22,KRT-007B,pivo_secundario,0.0,0.0
KRT,2025-11-22,KRT-007,pivo,1.02,1.02
KRT,2025-11-22,KRT-008,pivo,1.02,1.02
KRT,2025-11-22,KRT-009,pivo,1.02,1.02
KRT,2025-11-22,KRT-010,pivo,1.27,1.27
KRT,2025-11-22,KRT-011,pivo,0.25,0.25
KRT,2025-11-22,KRT-012,pivo,0.51,0.51
KRT,2025-11-22,KRT-013,pivo,0.76,0.76
KRT,2025-11-22,KRT-014,pivo,0.25,0.25
KRT,2025-11-22,KRT-015,pivo,1.78,1.78
KRT,2025-11-22,KRT-016,pivo,3.68,3.68
KRT,2025-11-22,KRT-017,pivo,2.29,2.29
KRT,2025-11-22,KRT-018,pivo,6.75,6.75
KRT,2025-11-22,KRT-019,pivo,3.89,3.89
KRT,2025-11-22,KRT-020,pivo,5.08,5.08
KRT,2025-11-22,KRT-021,pivo,4.32,4.32
KRT,2025-11-22,KRT-022,pivo,3.56,3.56
KRT,2025-11-22,KRT-023,pivo,1.02,1.02
KRT,2025-11-22,KRT-024,pivo,2.03,2.03
KRT,2025-11-22,KRT-025,pivo,1.02,1.02
KRT,2025-11-22,KRT-026,pivo,0.51,0.51
KRT,2025-11-22,KRT-027,pivo,0.0,0.0
KRT,2025-11-22,KRT-028,pivo,1.02,1.02
KRT,2025-11-22,KRT-029,pivo,0.51,0.51
KRT,2025-11-22,KRT-030,pivo,2.54,2.54
KRT,2025-11-22,KRT-031,pivo,0.25,0.25
KRT,2025-11-22,KRT-032,pivo,0.76,0.76
KRT,2025-11-22,KRT-033,pivo,6.35,6.35
KRT,2025-11-22,KRT-034,pivo,3.05,3.05
KRT,2025-11-22,KRT-035,pivo,2.54,2.54
KRT,2025-11-22,KRT-036,pivo,2.03,2.03
KRT,2025-11-22,KRT-037,pivo,1.78,1.78
KRT,2025-11-22,KRT-038,pivo,0.25,0.25
KRT,2025-11-22,KRT-039,pivo,0.25,0.25
KRT,2025-11-22,KRT-040,pivo,0.25,0.25
KRT,2025-11-22,KRT-041,pivo,0.0,0.0
KRT,2025-11-22,KRT-042,pivo,0.0,0.0
KRT,2025-11-22,KRT-043,pivo,0.0,0.0
KRT,2025-11-22,KRT-044,pivo,0.0,0.0
KRT,2025-11-22,KRT-045,pivo,0.0,0.0
KRT,2025-11-22,KRT-046,pivo,0.51,0.51
KRT,2025-11-22,KRT-047,pivo,1.02,1.02
KRT,2025-11-22,KRT-048,pivo,0.0,0.0
KRT,2025-11-22,KRT-049,pivo,1.02,1.02
KRT,2025-11-22,KRT-050,pivo,0.0,0.0
KRT,2025-11-22,KRT-051,pivo,0.76,0.76
KRT,2025-11-22,KRT-052,pivo,3.3,3.3
KRT,2025-11-22,KRT-053,pivo,0.0,0.0
KRT,2025-11-22,KRT-054,pivo,0.0,0.0
KRT,2025-11-22,KRT-055,pivo,0.0,0.0
KRT,2025-11-22,KRT-056,pivo,0.0,0.0
KRT,2025-11-22,KRT-057,pivo,0.0,0.0
KRT,2025-11-22,KRT-058,pivo,0.0,0.0
KRT,2025-11-22,KRT-059,pivo,0.0,0.0
KRT,2025-11-22,KRT-060,pivo,0.0,0.0
KRT,2025-11-22,KRT-061,pivo,0.0,0.0
KRT,2025-11-22,KRT-062,pivo,0.0,0.0
KRT,2025-11-22,KRT-063,pivo,0.0,0.0
KRT,2025-11-22,KRT-064,pivo,0.0,0.0
KRT,2025-11-22,KRT-065,pivo,0.0,0.0
KRT,2025-11-22,KRT-066,pivo,0.0,0.0
KRT,2025-11-22,KRT-067,pivo,0.0,0.0
KRT,2025-11-22,KRT-068,pivo,0.0,0.0
KRT,2025-11-22,KRT-069,pivo,0.0,0.0
KRT,2025-11-22,KRT-070,pivo,0.0,0.0
KRT,2025-11-22,KRT-071,pivo,0.0,0.0
KRT,2025-11-22,KRT-072,pivo,0.0,0.0
KRT,2025-11-22,KRT-073,pivo,0.0,0.0
KRT,2025-11-22,KRT-074,pivo,0.0,0.0
KRT,2025-11-21,KRT-001,pivo,97.79,97.79
KRT,2025-11-21,KRT-001B,pivo_secundario,93.56,93.56
KRT,2025-11-21,KRT-002,pivo,95.25,95.25
KRT,2025-11-21,KRT-002B,pivo_secundario,91.67,91.67
KRT,2025-11-21,KRT-003,pivo,90.93,90.93
KRT,2025-11-21,KRT-004,pivo,83.0,83.0
KRT,2025-11-21,KRT-004B,pivo_secundario,83.0,83.0
KRT,2025-11-21,KRT-005,pivo,92.0,92.0
KRT,2025-11-21,KRT-006B,pivo_secundario,74.08,74.08
KRT,2025-11-21,KRT-006,pivo,68.7,68.7
KRT,2025-11-21,KRT-007B,pivo_secundario,99.7,99.7
KRT,2025-11-21,KRT-007,pivo,77.98,77.98
KRT,2025-11-21,KRT-008,pivo,67.31,67.31
KRT,2025-11-21,KRT-009,pivo,73.41,73.41
KRT,2025-11-21,KRT-010,pivo,62.99,62.99
KRT,2025-11-21,KRT-011,pivo,69.82,69.82
KRT,2025-11-21,KRT-012,pivo,46.74,46.74
KRT,2025-11-21,KRT-013,pivo,63.5,63.5
KRT,2025-11-21,KRT-014,pivo,61.94,61.94
KRT,2025-11-21,KRT-015,pivo,93.47,93.47
KRT,2025-11-21,KRT-016,pivo,72.7,72.7
KRT,2025-11-21,KRT-017,pivo,95.0,95.0
KRT,2025-11-21,KRT-018,pivo,86.75,86.75
KRT,2025-11-21,KRT-019,pivo,91.84,91.84
KRT,2025-11-21,KRT-020,pivo,91.38,91.38
KRT,2025-11-21,KRT-021,pivo,91.49,91.49
KRT,2025-11-21,KRT-022,pivo,87.32,87.32
KRT,2025-11-21,KRT-023,pivo,60.6,60.6
KRT,2025-11-21,KRT-024,pivo,83.06,83.06
KRT,2025-11-21,KRT-025,pivo,70.1,70.1
KRT,2025-11-21,KRT-026,pivo,74.68,74.68
KRT,2025-11-21,KRT-027,pivo,53.2,53.2
KRT,2025-11-21,KRT-028,pivo,65.79,65.79
KRT,2025-11-21,KRT-029,pivo,52.18,52.18
KRT,2025-11-21,KRT-030,pivo,40.13,40.13
KRT,2025-11-21,KRT-031,pivo,51.01,51.01
KRT,2025-11-21,KRT-032,pivo,68.83,68.83
KRT,2025-11-21,KRT-033,pivo,62.48,62.48
KRT,2025-11-21,KRT-034,pivo,46.74,46.74
KRT,2025-11-21,KRT-035,pivo,115.32,115.32
KRT,2025-11-21,KRT-036,pivo,102.87,102.87
KRT,2025-11-21,KRT-037,pivo,90.68,90.68
KRT,2025-11-21,KRT-038,pivo,90.68,90.68
KRT,2025-11-21,KRT-039,pivo,103.89,103.89
KRT,2025-11-21,KRT-040,pivo,91.44,91.44
KRT,2025-11-21,KRT-041,pivo,103.3,103.3
KRT,2025-11-21,KRT-042,pivo,107.19,107.19
KRT,2025-11-21,KRT-043,pivo,113.28,113.28
KRT,2025-11-21,KRT-044,pivo,76.45,76.45
KRT,2025-11-21,KRT-045,pivo,69.8,69.8
KRT,2025-11-21,KRT-046,pivo,97.79,97.79
KRT,2025-11-21,KRT-047,pivo,105.92,105.92
KRT,2025-11-21,KRT-048,pivo,86.5,86.5
KRT,2025-11-21,KRT-049,pivo,156.97,156.97
KRT,2025-11-21,KRT-050,pivo,60.93,60.93
KRT,2025-11-21,KRT-051,pivo,110.68,110.68
KRT,2025-11-21,KRT-052,pivo,77.47,77.47
KRT,2025-11-21,KRT-053,pivo,65.0,65.0
KRT,2025-11-21,KRT-054,pivo,43.94,43.94
KRT,2025-11-21,KRT-055,pivo,82.04,82.04
KRT,2025-11-21,KRT-056,pivo,67.82,67.82
KRT,2025-11-21,KRT-057,pivo,70.51,70.51
KRT,2025-11-21,KRT-058,pivo,80.2,80.2
KRT,2025-11-21,KRT-059,pivo,91.44,91.44
KRT,2025-11-21,KRT-060,pivo,102.36,102.36
KRT,2025-11-21,KRT-061,pivo,94.49,94.49
KRT,2025-11-21,KRT-062,pivo,110.16,110.16
KRT,2025-11-21,KRT-063,pivo,78.6,78.6
KRT,2025-11-21,KRT-064,pivo,75.3,75.3
KRT,2025-11-21,KRT-065,pivo,80.4,80.4
KRT,2025-11-21,KRT-066,pivo,107.25,107.25
KRT,2025-11-21,KRT-067,pivo,107.75,107.75
KRT,2025-11-21,KRT-068,pivo,109.62,109.62
KRT,2025-11-21,KRT-069,pivo,119.4,119.4
KRT,2025-11-21,KRT-070,pivo,128.44,128.44
KRT,2025-11-21,KRT-071,pivo,118.45,118.45
KRT,2025-11-21,KRT-072,pivo,154.66,154.66
KRT,2025-11-21,KRT-073,pivo,59.94,59.94
KRT,2025-11-21,KRT-074,pivo,73.91,73.91
KRT,2025-11-20,KRT-001,pivo,1.27,1.27
KRT,2025-11-20,KRT-001B,pivo_secundario,5.08,5.08
KRT,2025-11-20,KRT-002,pivo,3.81,3.81
KRT,2025-11-20,KRT-002B,pivo_secundario,5.0,5.0
KRT,2025-11-20,KRT-003,pivo,5.02,5.02
KRT,2025-11-20,KRT-004,pivo,13.72,13.72
KRT,2025-11-20,KRT-004B,pivo_secundario,1.75,1.75
KRT,2025-11-20,KRT-005,pivo,6.25,6.25
KRT,2025-11-20,KRT-006B,pivo_secundario,3.0,3.0
KRT,2025-11-20,KRT-006,pivo,5.7,5.7
KRT,2025-11-20,KRT-007B,pivo_secundario,4.44,4.44
KRT,2025-11-20,KRT-007,pivo,2.03,2.03
KRT,2025-11-20,KRT-008,pivo,3.81,3.81
KRT,2025-11-20,KRT-009,pivo,13.97,13.97
KRT,2025-11-20,KRT-010,pivo,13.21,13.21
KRT,2025-11-20,KRT-011,pivo,7.4,7.4
KRT,2025-11-20,KRT-012,pivo,6.6,6.6
KRT,2025-11-20,KRT-013,pivo,17.53,17.53
KRT,2025-11-20,KRT-014,pivo,10.6,10.6
KRT,2025-11-20,KRT-015,pivo,3.56,3.56
KRT,2025-11-20,KRT-016,pivo,5.4,5.4
KRT,2025-11-20,KRT-017,pivo,7.87,7.87
KRT,2025-11-20,KRT-018,pivo,7.25,7.25
KRT,2025-11-20,KRT-019,pivo,18.22,18.22
KRT,2025-11-20,KRT-020,pivo,7.62,7.62
KRT,2025-11-20,KRT-021,pivo,22.35,22.35
KRT,2025-11-20,KRT-022,pivo,9.91,9.91
KRT,2025-11-20,KRT-023,pivo,9.71,9.71
KRT,2025-11-20,KRT-024,pivo,10.41,10.41
KRT,2025-11-20,KRT-025,pivo,19.3,19.3
KRT,2025-11-20,KRT-026,pivo,5.08,5.08
KRT,2025-11-20,KRT-027,pivo,12.4,12.4
KRT,2025-11-20,KRT-028,pivo,28.19,28.19
KRT,2025-11-20,KRT-029,pivo,6.1,6.1
KRT,2025-11-20,KRT-030,pivo,12.7,12.7
KRT,2025-11-20,KRT-031,pivo,12.76,12.76
KRT,2025-11-20,KRT-032,pivo,25.4,25.4
KRT,2025-11-20,KRT-033,pivo,14.99,14.99
KRT,2025-11-20,KRT-034,pivo,22.86,22.86
KRT,2025-11-20,KRT-035,pivo,2.54,2.54
KRT,2025-11-20,KRT-036,pivo,4.83,4.83
KRT,2025-11-20,KRT-037,pivo,6.6,6.6
KRT,2025-11-20,KRT-038,pivo,2.29,2.29
KRT,2025-11-20,KRT-039,pivo,5.08,5.08
KRT,2025-11-20,KRT-040,pivo,1.52,1.52
KRT,2025-11-20,KRT-041,pivo,3.23,3.23
KRT,2025-11-20,KRT-042,pivo,7.62,7.62
KRT,2025-11-20,KRT-043,pivo,1.52,1.52
KRT,2025-11-20,KRT-044,pivo,3.56,3.56
KRT,2025-11-20,KRT-045,pivo,4.19,4.19
KRT,2025-11-20,KRT-046,pivo,4.25,4.25
KRT,2025-11-20,KRT-047,pivo,4.57,4.57
KRT,2025-11-20,KRT-048,pivo,4.25,4.25
KRT,2025-11-20,KRT-049,pivo,7.37,7.37
KRT,2025-11-20,KRT-050,pivo,3.05,3.05
KRT,2025-11-20,KRT-051,pivo,16.54,16.54
KRT,2025-11-20,KRT-052,pivo,3.56,3.56
KRT,2025-11-20,KRT-053,pivo,11.4,11.4
KRT,2025-11-20,KRT-054,pivo,3.3,3.3
KRT,2025-11-20,KRT-055,pivo,9.4,9.4
KRT,2025-11-20,KRT-056,pivo,17.02,17.02
KRT,2025-11-20,KRT-057,pivo,10.85,10.85
KRT,2025-11-20,KRT-058,pivo,16.75,16.75
KRT,2025-11-20,KRT-059,pivo,13.46,13.46
KRT,2025-11-20,KRT-060,pivo,27.69,27.69
KRT,2025-11-20,KRT-061,pivo,17.78,17.78
KRT,2025-11-20,KRT-062,pivo,30.22,30.22
KRT,2025-11-20,KRT-063,pivo,42.9,42.9
KRT,2025-11-20,KRT-064,pivo,57.9,57.9
KRT,2025-11-20,KRT-065,pivo,36.0,36.0
KRT,2025-11-20,KRT-066,pivo,23.11,23.11
KRT,2025-11-20,KRT-067,pivo,37.08,37.08
KRT,2025-11-20,KRT-068,pivo,24.96,24.96
KRT,2025-11-20,KRT-069,pivo,14.9,14.9
KRT,2025-11-20,KRT-070,pivo,9.85,9.85
KRT,2025-11-20,KRT-071,pivo,15.6,15.6
KRT,2025-11-20,KRT-072,pivo,8.74,8.74
KRT,2025-11-20,KRT-073,pivo,2.29,2.29
KRT,2025-11-20,KRT-074,pivo,3.56,3.56
KRT,2025-11-19,KRT-001,pivo,0.0,0.0
KRT,2025-11-19,KRT-001B,pivo_secundario,0.0,0.0
KRT,2025-11-19,KRT-002,pivo,0.51,0.51
KRT,2025-11-19,KRT-002B,pivo_secundario,0.0,0.0
KRT,2025-11-19,KRT-003,pivo,0.0,0.0
KRT,2025-11-19,KRT-004,pivo,0.25,0.25
KRT,2025-11-19,KRT-004B,pivo_secundario,0.0,0.0
KRT,2025-11-19,KRT-005,pivo,0.0,0.0
KRT,2025-11-19,KRT-006B,pivo_secundario,0.0,0.0
KRT,2025-11-19,KRT-006,pivo,0.0,0.0
KRT,2025-11-19,KRT-007B,pivo_secundario,0.0,0.0
KRT,2025-11-19,KRT-007,pivo,0.0,0.0
KRT,2025-11-19,KRT-008,pivo,0.25,0.25
KRT,2025-11-19,KRT-009,pivo,0.0,0.0
KRT,2025-11-19,KRT-010,pivo,0.0,0.0
KRT,2025-11-19,KRT-011,pivo,0.0,0.0
KRT,2025-11-19,KRT-012,pivo,0.0,0.0
KRT,2025-11-19,KRT-013,pivo,0.0,0.0
KRT,2025-11-19,KRT-014,pivo,0.0,0.0
KRT,2025-11-19,KRT-015,pivo,0.0,0.0
KRT,2025-11-19,KRT-016,pivo,0.0,0.0
KRT,2025-11-19,KRT-017,pivo,0.0,0.0
KRT,2025-11-19,KRT-018,pivo,0.0,0.0
KRT,2025-11-19,KRT-019,pivo,0.0,0.0
KRT,2025-11-19,KRT-020,pivo,0.0,0.0
KRT,2025-11-19,KRT-021,pivo,0.0,0.0
KRT,2025-11-19,KRT-022,pivo,0.0,0.0
KRT,2025-11-19,KRT-023,pivo,0.0,0.0
KRT,2025-11-19,KRT-024,pivo,0.0,0.0
KRT,2025-11-19,KRT-025,pivo,0.0,0.0
KRT,2025-11-19,KRT-026,pivo,0.0,0.0
KRT,2025-11-19,KRT-027,pivo,0.0,0.0
KRT,2025-11-19,KRT-028,pivo,0.0,0.0
KRT,2025-11-19,KRT-029,pivo,0.0,0.0
KRT,2025-11-19,KRT-030,pivo,0.0,0.0
KRT,2025-11-19,KRT-031,pivo,0.0,0.0
KRT,2025-11-19,KRT-032,pivo,0.0,0.0
KRT,2025-11-19,KRT-033,pivo,0.0,0.0
KRT,2025-11-19,KRT-034,pivo,0.0,0.0
KRT,2025-11-19,KRT-035,pivo,0.0,0.0
KRT,2025-11-19,KRT-036,pivo,0.0,0.0
KRT,2025-11-19,KRT-037,pivo,0.0,0.0
KRT,2025-11-19,KRT-038,pivo,0.0,0.0
KRT,2025-11-19,KRT-039,pivo,0.25,0.25
KRT,2025-11-19,KRT-040,pivo,0.0,0.0
KRT,2025-11-19,KRT-041,pivo,0.0,0.0
KRT,2025-11-19,KRT-042,pivo,0.0,0.0
KRT,2025-11-19,KRT-043,pivo,0.0,0.0
KRT,2025-11-19,KRT-044,pivo,0.0,0.0
KRT,2025-11-19,KRT-045,pivo,0.0,0.0
KRT,2025-11-19,KRT-046,pivo,0.0,0.0
KRT,2025-11-19,KRT-047,pivo,0.0,0.0
KRT,2025-11-19,KRT-048,pivo,0.0,0.0
KRT,2025-11-19,KRT-049,pivo,0.0,0.0
KRT,2025-11-19,KRT-050,pivo,0.0,0.0
KRT,2025-11-19,KRT-051,pivo,0.0,0.0
KRT,2025-11-19,KRT-052,pivo,0.0,0.0
KRT,2025-11-19,KRT-053,pivo,0.0,0.0
KRT,2025-11-19,KRT-054,pivo,0.0,0.0
KRT,2025-11-19,KRT-055,pivo,0.0,0.0
KRT,2025-11-19,KRT-056,pivo,0.0,0.0
KRT,2025-11-19,KRT-057,pivo,0.0,0.0
KRT,2025-11-19,KRT-058,pivo,0.0,0.0
KRT,2025-11-19,KRT-059,pivo,0.0,0.0
KRT,2025-11-19,KRT-060,pivo,0.0,0.0
KRT,2025-11-19,KRT-061,pivo,0.0,0.0
KRT,2025-11-19,KRT-062,pivo,0.0,0.0
KRT,2025-11-19,KRT-063,pivo,0.0,0.0
KRT,2025-11-19,KRT-064,pivo,0.0,0.0
KRT,2025-11-19,KRT-065,pivo,0.0,0.0
KRT,2025-11-19,KRT-066,pivo,0.0,0.0
KRT,2025-11-19,KRT-067,pivo,0.0,0.0
KRT,2025-11-19,KRT-068,pivo,0.0,0.0
KRT,2025-11-19,KRT-069,pivo,0.0,0.0
KRT,2025-11-19,KRT-070,pivo,0.99,0.99
KRT,2025-11-19,KRT-071,pivo,0.0,0.0
KRT,2025-11-19,KRT-072,pivo,0.38,0.38
KRT,2025-11-19,KRT-073,pivo,0.0,0.0
KRT,2025-11-19,KRT-074,pivo,0.0,0.0
KRT,2025-11-09,KRT-001,pivo,0.0,0.0
KRT,2025-11-09,KRT-001B,pivo_secundario,0.0,0.0
KRT,2025-11-09,KRT-002,pivo,0.0,0.0
KRT,2025-11-09,KRT-002B,pivo_secundario,0.23,0.23
KRT,2025-11-09,KRT-003,pivo,0.0,0.0
KRT,2025-11-09,KRT-004,pivo,0.0,0.0
KRT,2025-11-09,KRT-004B,pivo_secundario,0.0,0.0
KRT,2025-11-09,KRT-005,pivo,0.0,0.0
KRT,2025-11-09,KRT-006B,pivo_secundario,3.47,3.47
KRT,2025-11-09,KRT-006,pivo,0.0,0.0
KRT,2025-11-09,KRT-007B,pivo_secundario,0.0,0.0
KRT,2025-11-09,KRT-007,pivo,0.0,0.0
KRT,2025-11-09,KRT-008,pivo,2.03,2.03
KRT,2025-11-09,KRT-009,pivo,0.0,0.0
KRT,2025-11-09,KRT-010,pivo,0.0,0.0
KRT,2025-11-09,KRT-011,pivo,0.0,0.0
KRT,2025-11-09,KRT-012,pivo,0.0,0.0
KRT,2025-11-09,KRT-013,pivo,0.0,0.0
KRT,2025-11-09,KRT-014,pivo,0.51,0.51
KRT,2025-11-09,KRT-015,pivo,11.18,11.18
KRT,2025-11-09,KRT-016,pivo,7.1,7.1
KRT,2025-11-09,KRT-017,pivo,3.81,3.81
KRT,2025-11-09,KRT-018,pivo,7.5,7.5
KRT,2025-11-09,KRT-019,pivo,0.0,0.0
KRT,2025-11-09,KRT-020,pivo,0.0,0.0
KRT,2025-11-09,KRT-021,pivo,0.0,0.0
KRT,2025-11-09,KRT-022,pivo,0.0,0.0
KRT,2025-11-09,KRT-023,pivo,0.0,0.0
KRT,2025-11-09,KRT-024,pivo,0.0,0.0
KRT,2025-11-09,KRT-025,pivo,0.0,0.0
KRT,2025-11-09,KRT-026,pivo,0.0,0.0
KRT,2025-11-09,KRT-027,pivo,0.0,0.0
KRT,2025-11-09,KRT-028,pivo,0.0,0.0
KRT,2025-11-09,KRT-029,pivo,0.0,0.0
KRT,2025-11-09,KRT-030,pivo,0.0,0.0
KRT,2025-11-09,KRT-031,pivo,0.0,0.0
KRT,2025-11-09,KRT-032,pivo,0.0,0.0
KRT,2025-11-09,KRT-033,pivo,0.0,0.0
KRT,2025-11-09,KRT-034,pivo,0.0,0.0
KRT,2025-11-09,KRT-035,pivo,0.0,0.0
KRT,2025-11-09,KRT-036,pivo,0.0,0.0
KRT,2025-11-09,KRT-037,pivo,0.0,0.0
KRT,2025-11-09,KRT-038,pivo,0.0,0.0
KRT,2025-11-09,KRT-039,pivo,7.87,7.87
KRT,2025-11-09,KRT-040,pivo,0.25,0.25
KRT,2025-11-09,KRT-041,pivo,0.0,0.0
KRT,2025-11-09,KRT-042,pivo,0.0,0.0
KRT,2025-11-09,KRT-043,pivo,0.0,0.0
KRT,2025-11-09,KRT-044,pivo,0.25,0.25
KRT,2025-11-09,KRT-045,pivo,0.0,0.0
KRT,2025-11-09,KRT-046,pivo,0.0,0.0
KRT,2025-11-09,KRT-047,pivo,0.0,0.0
KRT,2025-11-09,KRT-048,pivo,0.0,0.0
KRT,2025-11-09,KRT-049,pivo,0.0,0.0
KRT,2025-11-09,KRT-050,pivo,0.0,0.0
KRT,2025-11-09,KRT-051,pivo,0.0,0.0
KRT,2025-11-09,KRT-052,pivo,0.0,0.0
KRT,2025-11-09,KRT-053,pivo,0.0,0.0
KRT,2025-11-09,KRT-054,pivo,0.25,0.25
KRT,2025-11-09,KRT-055,pivo,0.51,0.51
KRT,2025-11-09,KRT-056,pivo,0.25,0.25
KRT,2025-11-09,KRT-057,pivo,0.0,0.0
KRT,2025-11-09,KRT-058,pivo,0.0,0.0
KRT,2025-11-09,KRT-059,pivo,0.0,0.0
KRT,2025-11-09,KRT-060,pivo,0.0,0.0
KRT,2025-11-09,KRT-061,pivo,0.0,0.0
KRT,2025-11-09,KRT-062,pivo,0.0,0.0
KRT,2025-11-09,KRT-063,pivo,0.0,0.0
KRT,2025-11-09,KRT-064,pivo,0.0,0.0
KRT,2025-11-09,KRT-065,pivo,0.0,0.0
KRT,2025-11-09,KRT-066,pivo,0.0,0.0
KRT,2025-11-09,KRT-067,pivo,0.0,0.0
KRT,2025-11-09,KRT-068,pivo,0.0,0.0
KRT,2025-11-09,KRT-069,pivo,0.0,0.0
KRT,2025-11-09,KRT-070,pivo,0.0,0.0
KRT,2025-11-09,KRT-071,pivo,0.0,0.0
KRT,2025-11-09,KRT-072,pivo,0.0,0.0
KRT,2025-11-09,KRT-073,pivo,3.05,3.05
KRT,2025-11-09,KRT-074,pivo,0.51,0.51
KRT,2025-11-08,KRT-001,pivo,0.25,0.25
KRT,2025-11-08,KRT-001B,pivo_secundario,0.23,0.23
KRT,2025-11-08,KRT-002,pivo,0.25,0.25
KRT,2025-11-08,KRT-002B,pivo_secundario,1.82,1.82
KRT,2025-11-08,KRT-003,pivo,0.25,0.25
KRT,2025-11-08,KRT-004,pivo,0.0,0.0
KRT,2025-11-08,KRT-004B,pivo_secundario,0.0,0.0
KRT,2025-11-08,KRT-005,pivo,1.25,1.25
KRT,2025-11-08,KRT-006B,pivo_secundario,0.0,0.0
KRT,2025-11-08,KRT-006,pivo,0.0,0.0
KRT,2025-11-08,KRT-007B,pivo_secundario,0.26,0.26
KRT,2025-11-08,KRT-007,pivo,0.0,0.0
KRT,2025-11-08,KRT-008,pivo,0.0,0.0
KRT,2025-11-08,KRT-009,pivo,0.25,0.25
KRT,2025-11-08,KRT-010,pivo,0.25,0.25
KRT,2025-11-08,KRT-011,pivo,0.25,0.25
KRT,2025-11-08,KRT-012,pivo,0.0,0.0
KRT,2025-11-08,KRT-013,pivo,0.25,0.25
KRT,2025-11-08,KRT-014,pivo,0.51,0.51
KRT,2025-11-08,KRT-015,pivo,0.0,0.0
KRT,2025-11-08,KRT-016,pivo,0.0,0.0
KRT,2025-11-08,KRT-017,pivo,0.0,0.0
KRT,2025-11-08,KRT-018,pivo,0.0,0.0
KRT,2025-11-08,KRT-019,pivo,0.0,0.0
KRT,2025-11-08,KRT-020,pivo,0.25,0.25
KRT,2025-11-08,KRT-021,pivo,0.25,0.25
KRT,2025-11-08,KRT-022,pivo,0.0,0.0
KRT,2025-11-08,KRT-023,pivo,0.0,0.0
KRT,2025-11-08,KRT-024,pivo,0.0,0.0
KRT,2025-11-08,KRT-025,pivo,0.25,0.25
KRT,2025-11-08,KRT-026,pivo,0.0,0.0
KRT,2025-11-08,KRT-027,pivo,0.0,0.0
KRT,2025-11-08,KRT-028,pivo,0.0,0.0
KRT,2025-11-08,KRT-029,pivo,0.0,0.0
KRT,2025-11-08,KRT-030,pivo,0.0,0.0
KRT,2025-11-08,KRT-031,pivo,0.25,0.25
KRT,2025-11-08,KRT-032,pivo,0.25,0.25
KRT,2025-11-08,KRT-033,pivo,0.25,0.25
KRT,2025-11-08,KRT-034,pivo,0.25,0.25
KRT,2025-11-08,KRT-035,pivo,0.25,0.25
KRT,2025-11-08,KRT-036,pivo,0.25,0.25
KRT,2025-11-08,KRT-037,pivo,0.25,0.25
KRT,2025-11-08,KRT-038,pivo,0.25,0.25
KRT,2025-11-08,KRT-039,pivo,0.25,0.25
KRT,2025-11-08,KRT-040,pivo,0.0,0.0
KRT,2025-11-08,KRT-041,pivo,0.0,0.0
KRT,2025-11-08,KRT-042,pivo,0.0,0.0
KRT,2025-11-08,KRT-043,pivo,0.25,0.25
KRT,2025-11-08,KRT-044,pivo,0.25,0.25
KRT,2025-11-08,KRT-045,pivo,0.76,0.76
KRT,2025-11-08,KRT-046,pivo,0.51,0.51
KRT,2025-11-08,KRT-047,pivo,0.0,0.0
KRT,2025-11-08,KRT-048,pivo,0.0,0.0
KRT,2025-11-08,KRT-049,pivo,0.0,0.0
KRT,2025-11-08,KRT-050,pivo,0.0,0.0
KRT,2025-11-08,KRT-051,pivo,1.52,1.52
KRT,2025-11-08,KRT-052,pivo,0.25,0.25
KRT,2025-11-08,KRT-053,pivo,0.0,0.0
KRT,2025-11-08,KRT-054,pivo,0.51,0.51
KRT,2025-11-08,KRT-055,pivo,0.0,0.0
KRT,2025-11-08,KRT-056,pivo,0.25,0.25
KRT,2025-11-08,KRT-057,pivo,0.23,0.23
KRT,2025-11-08,KRT-058,pivo,0.25,0.25
KRT,2025-11-08,KRT-059,pivo,0.0,0.0
KRT,2025-11-08,KRT-060,pivo,0.0,0.0
KRT,2025-11-08,KRT-061,pivo,0.0,0.0
KRT,2025-11-08,KRT-062,pivo,0.0,0.0
KRT,2025-11-08,KRT-063,pivo,0.3,0.3
KRT,2025-11-08,KRT-064,pivo,0.0,0.0
KRT,2025-11-08,KRT-065,pivo,0.3,0.3
KRT,2025-11-08,KRT-066,pivo,0.0,0.0
KRT,2025-11-08,KRT-067,pivo,0.0,0.0
KRT,2025-11-08,KRT-068,pivo,0.21,0.21
KRT,2025-11-08,KRT-069,pivo,0.0,0.0
KRT,2025-11-08,KRT-070,pivo,0.0,0.0
KRT,2025-11-08,KRT-071,pivo,0.0,0.0
KRT,2025-11-08,KRT-072,pivo,0.0,0.0
KRT,2025-11-08,KRT-073,pivo,0.0,0.0
KRT,2025-11-08,KRT-074,pivo,0.25,0.25
KRT,2025-11-07,KRT-001,pivo,14.22,14.22
KRT,2025-11-07,KRT-001B,pivo_secundario,14.78,14.78
KRT,2025-11-07,KRT-002,pivo,17.02,17.02
KRT,2025-11-07,KRT-002B,pivo_secundario,1.14,1.14
KRT,2025-11-07,KRT-003,pivo,17.78,17.78
KRT,2025-11-07,KRT-004,pivo,16.0,16.0
KRT,2025-11-07,KRT-004B,pivo_secundario,0.0,0.0
KRT,2025-11-07,KRT-005,pivo,15.5,15.5
KRT,2025-11-07,KRT-006B,pivo_secundario,0.0,0.0
KRT,2025-11-07,KRT-006,pivo,15.7,15.7
KRT,2025-11-07,KRT-007B,pivo_secundario,28.19,28.19
KRT,2025-11-07,KRT-007,pivo,15.9,15.9
KRT,2025-11-07,KRT-008,pivo,12.19,12.19
KRT,2025-11-07,KRT-009,pivo,29.97,29.97
KRT,2025-11-07,KRT-010,pivo,11.68,11.68
KRT,2025-11-07,KRT-011,pivo,12.79,12.79
KRT,2025-11-07,KRT-012,pivo,9.14,9.14
KRT,2025-11-07,KRT-013,pivo,19.05,19.05
KRT,2025-11-07,KRT-014,pivo,12.2,12.2
KRT,2025-11-07,KRT-015,pivo,15.75,15.75
KRT,2025-11-07,KRT-016,pivo,12.3,12.3
KRT,2025-11-07,KRT-017,pivo,8.13,8.13
KRT,2025-11-07,KRT-018,pivo,16.0,16.0
KRT,2025-11-07,KRT-019,pivo,11.25,11.25
KRT,2025-11-07,KRT-020,pivo,12.7,12.7
KRT,2025-11-07,KRT-021,pivo,11.18,11.18
KRT,2025-11-07,KRT-022,pivo,12.7,12.7
KRT,2025-11-07,KRT-023,pivo,16.76,16.76
KRT,2025-11-07,KRT-024,pivo,12.9,12.9
KRT,2025-11-07,KRT-025,pivo,20.07,20.07
KRT,2025-11-07,KRT-026,pivo,17.53,17.53
KRT,2025-11-07,KRT-027,pivo,12.3,12.3
KRT,2025-11-07,KRT-028,pivo,14.22,14.22
KRT,2025-11-07,KRT-029,pivo,22.86,22.86
KRT,2025-11-07,KRT-030,pivo,14.73,14.73
KRT,2025-11-07,KRT-031,pivo,14.55,14.55
KRT,2025-11-07,KRT-032,pivo,20.57,20.57
KRT,2025-11-07,KRT-033,pivo,19.3,19.3
KRT,2025-11-07,KRT-034,pivo,24.38,24.38
KRT,2025-11-07,KRT-035,pivo,18.03,18.03
KRT,2025-11-07,KRT-036,pivo,19.05,19.05
KRT,2025-11-07,KRT-037,pivo,23.37,23.37
KRT,2025-11-07,KRT-038,pivo,31.5,31.5
KRT,2025-11-07,KRT-039,pivo,22.35,22.35
KRT,2025-11-07,KRT-040,pivo,30.99,30.99
KRT,2025-11-07,KRT-041,pivo,15.1,15.1
KRT,2025-11-07,KRT-042,pivo,31.5,31.5
KRT,2025-11-07,KRT-043,pivo,24.64,24.64
KRT,2025-11-07,KRT-044,pivo,16.76,16.76
KRT,2025-11-07,KRT-045,pivo,13.78,13.78
KRT,2025-11-07,KRT-046,pivo,11.94,11.94
KRT,2025-11-07,KRT-047,pivo,12.45,12.45
KRT,2025-11-07,KRT-048,pivo,18.9,18.9
KRT,2025-11-07,KRT-049,pivo,17.02,17.02
KRT,2025-11-07,KRT-050,pivo,8.64,8.64
KRT,2025-11-07,KRT-051,pivo,3.3,3.3
KRT,2025-11-07,KRT-052,pivo,12.45,12.45
KRT,2025-11-07,KRT-053,pivo,7.8,7.8
KRT,2025-11-07,KRT-054,pivo,6.2,6.2
KRT,2025-11-07,KRT-055,pivo,5.33,5.33
KRT,2025-11-07,KRT-056,pivo,6.1,6.1
KRT,2025-11-07,KRT-057,pivo,2.49,2.49
KRT,2025-11-07,KRT-058,pivo,2.0,2.0
KRT,2025-11-07,KRT-059,pivo,2.54,2.54
KRT,2025-11-07,KRT-060,pivo,2.29,2.29
KRT,2025-11-07,KRT-061,pivo,2.29,2.29
KRT,2025-11-07,KRT-062,pivo,1.53,1.53
KRT,2025-11-07,KRT-063,pivo,3.0,3.0
KRT,2025-11-07,KRT-064,pivo,1.2,1.2
KRT,2025-11-07,KRT-065,pivo,2.1,2.1
KRT,2025-11-07,KRT-066,pivo,0.76,0.76
KRT,2025-11-07,KRT-067,pivo,0.0,0.0
KRT,2025-11-07,KRT-068,pivo,0.62,0.62
KRT,2025-11-07,KRT-069,pivo,2.3,2.3
KRT,2025-11-07,KRT-070,pivo,3.74,3.74
KRT,2025-11-07,KRT-071,pivo,2.1,2.1
KRT,2025-11-07,KRT-072,pivo,4.94,4.94
KRT,2025-11-07,KRT-073,pivo,8.64,8.64
KRT,2025-11-07,KRT-074,pivo,12.7,12.7
KRT,2025-11-06,KRT-001,pivo,0.0,0.0
KRT,2025-11-06,KRT-001B,pivo_secundario,0.0,0.0
KRT,2025-11-06,KRT-002,pivo,0.25,0.25
KRT,2025-11-06,KRT-002B,pivo_secundario,0.0,0.0
KRT,2025-11-06,KRT-003,pivo,0.0,0.0
KRT,2025-11-06,KRT-004,pivo,0.0,0.0
KRT,2025-11-06,KRT-004B,pivo_secundario,0.0,0.0
KRT,2025-11-06,KRT-005,pivo,0.0,0.0
KRT,2025-11-06,KRT-006B,pivo_secundario,0.19,0.19
KRT,2025-11-06,KRT-006,pivo,0.0,0.0
KRT,2025-11-06,KRT-007B,pivo_secundario,8.09,8.09
KRT,2025-11-06,KRT-007,pivo,0.0,0.0
KRT,2025-11-06,KRT-008,pivo,0.0,0.0
KRT,2025-11-06,KRT-009,pivo,0.0,0.0
KRT,2025-11-06,KRT-010,pivo,0.0,0.0
KRT,2025-11-06,KRT-011,pivo,0.51,0.51
KRT,2025-11-06,KRT-012,pivo,0.0,0.0
KRT,2025-11-06,KRT-013,pivo,0.0,0.0
KRT,2025-11-06,KRT-014,pivo,0.0,0.0
KRT,2025-11-06,KRT-015,pivo,0.0,0.0
KRT,2025-11-06,KRT-016,pivo,0.0,0.0
KRT,2025-11-06,KRT-017,pivo,0.25,0.25
KRT,2025-11-06,KRT-018,pivo,0.25,0.25
KRT,2025-11-06,KRT-019,pivo,0.0,0.0
KRT,2025-11-06,KRT-020,pivo,0.51,0.51
KRT,2025-11-06,KRT-021,pivo,0.0,0.0
KRT,2025-11-06,KRT-022,pivo,0.0,0.0
KRT,2025-11-06,KRT-023,pivo,0.51,0.51
KRT,2025-11-06,KRT-024,pivo,0.0,0.0
KRT,2025-11-06,KRT-025,pivo,1.02,1.02
KRT,2025-11-06,KRT-026,pivo,0.51,0.51
KRT,2025-11-06,KRT-027,pivo,0.0,0.0
KRT,2025-11-06,KRT-028,pivo,4.06,4.06
KRT,2025-11-06,KRT-029,pivo,6.1,6.1
KRT,2025-11-06,KRT-030,pivo,1.02,1.02
KRT,2025-11-06,KRT-031,pivo,0.0,0.0
KRT,2025-11-06,KRT-032,pivo,2.29,2.29
KRT,2025-11-06,KRT-033,pivo,0.51,0.51
KRT,2025-11-06,KRT-034,pivo,0.51,0.51
KRT,2025-11-06,KRT-035,pivo,0.0,0.0
KRT,2025-11-06,KRT-036,pivo,0.0,0.0
KRT,2025-11-06,KRT-037,pivo,0.0,0.0
KRT,2025-11-06,KRT-038,pivo,0.0,0.0
KRT,2025-11-06,KRT-039,pivo,0.25,0.25
KRT,2025-11-06,KRT-040,pivo,0.0,0.0
KRT,2025-11-06,KRT-041,pivo,0.0,0.0
KRT,2025-11-06,KRT-042,pivo,0.0,0.0
KRT,2025-11-06,KRT-043,pivo,0.0,0.0
KRT,2025-11-06,KRT-044,pivo,5.84,5.84
KRT,2025-11-06,KRT-045,pivo,2.29,2.29
KRT,2025-11-06,KRT-046,pivo,0.51,0.51
KRT,2025-11-06,KRT-047,pivo,0.0,0.0
KRT,2025-11-06,KRT-048,pivo,0.0,0.0
KRT,2025-11-06,KRT-049,pivo,0.0,0.0
KRT,2025-11-06,KRT-050,pivo,2.54,2.54
KRT,2025-11-06,KRT-051,pivo,8.64,8.64
KRT,2025-11-06,KRT-052,pivo,1.52,1.52
KRT,2025-11-06,KRT-053,pivo,5.6,5.6
KRT,2025-11-06,KRT-054,pivo,2.29,2.29
KRT,2025-11-06,KRT-055,pivo,0.0,0.0
KRT,2025-11-06,KRT-056,pivo,10.92,10.92
KRT,2025-11-06,KRT-057,pivo,3.84,3.84
KRT,2025-11-06,KRT-058,pivo,8.25,8.25
KRT,2025-11-06,KRT-059,pivo,1.78,1.78
KRT,2025-11-06,KRT-060,pivo,2.29,2.29
KRT,2025-11-06,KRT-061,pivo,0.25,0.25
KRT,2025-11-06,KRT-062,pivo,0.44,0.44
KRT,2025-11-06,KRT-063,pivo,6.6,6.6
KRT,2025-11-06,KRT-064,pivo,5.1,5.1
KRT,2025-11-06,KRT-065,pivo,7.2,7.2
KRT,2025-11-06,KRT-066,pivo,1.02,1.02
KRT,2025-11-06,KRT-067,pivo,0.0,0.0
KRT,2025-11-06,KRT-068,pivo,0.21,0.21
KRT,2025-11-06,KRT-069,pivo,0.0,0.0
KRT,2025-11-06,KRT-070,pivo,0.0,0.0
KRT,2025-11-06,KRT-071,pivo,0.0,0.0
KRT,2025-11-06,KRT-072,pivo,0.0,0.0
KRT,2025-11-06,KRT-073,pivo,2.03,2.03
KRT,2025-11-06,KRT-074,pivo,3.81,3.81
KRT,2025-11-05,KRT-001,pivo,0.0,0.0
KRT,2025-11-05,KRT-001B,pivo_secundario,0.0,0.0
KRT,2025-11-05,KRT-002,pivo,0.0,0.0
KRT,2025-11-05,KRT-002B,pivo_secundario,0.0,0.0
KRT,2025-11-05,KRT-003,pivo,0.0,0.0
KRT,2025-11-05,KRT-004,pivo,0.0,0.0
KRT,2025-11-05,KRT-004B,pivo_secundario,0.0,0.0
KRT,2025-11-05,KRT-005,pivo,0.0,0.0
KRT,2025-11-05,KRT-006B,pivo_secundario,0.0,0.0
KRT,2025-11-05,KRT-006,pivo,0.0,0.0
KRT,2025-11-05,KRT-007B,pivo_secundario,0.0,0.0
KRT,2025-11-05,KRT-007,pivo,0.0,0.0
KRT,2025-11-05,KRT-008,pivo,0.0,0.0
KRT,2025-11-05,KRT-009,pivo,0.0,0.0
KRT,2025-11-05,KRT-010,pivo,0.0,0.0
KRT,2025-11-05,KRT-011,pivo,0.0,0.0
KRT,2025-11-05,KRT-012,pivo,0.0,0.0
KRT,2025-11-05,KRT-013,pivo,0.0,0.0
KRT,2025-11-05,KRT-014,pivo,0.0,0.0
KRT,2025-11-05,KRT-015,pivo,0.0,0.0
KRT,2025-11-05,KRT-016,pivo,0.0,0.0
KRT,2025-11-05,KRT-017,pivo,0.0,0.0
KRT,2025-11-05,KRT-018,pivo,0.0,0.0
KRT,2025-11-05,KRT-019,pivo,0.0,0.0
KRT,2025-11-05,KRT-020,pivo,0.0,0.0
KRT,2025-11-05,KRT-021,pivo,4.06,4.06
KRT,2025-11-05,KRT-022,pivo,0.0,0.0
KRT,2025-11-05,KRT-023,pivo,0.0,0.0
KRT,2025-11-05,KRT-024,pivo,0.0,0.0
KRT,2025-11-05,KRT-025,pivo,0.0,0.0
KRT,2025-11-05,KRT-026,pivo,0.0,0.0
KRT,2025-11-05,KRT-027,pivo,0.0,0.0
KRT,2025-11-05,KRT-028,pivo,0.0,0.0
KRT,2025-11-05,KRT-029,pivo,0.0,0.0
KRT,2025-11-05,KRT-030,pivo,0.0,0.0
KRT,2025-11-05,KRT-031,pivo,0.0,0.0
KRT,2025-11-05,KRT-032,pivo,0.0,0.0
KRT,2025-11-05,KRT-033,pivo,0.0,0.0
KRT,2025-11-05,KRT-034,pivo,0.0,0.0
KRT,2025-11-05,KRT-035,pivo,0.0,0.0
KRT,2025-11-05,KRT-036,pivo,0.0,0.0
KRT,2025-11-05,KRT-037,pivo,0.0,0.0
KRT,2025-11-05,KRT-038,pivo,0.0,0.0
KRT,2025-11-05,KRT-039,pivo,0.0,0.0
KRT,2025-11-05,KRT-040,pivo,0.0,0.0
KRT,2025-11-05,KRT-041,pivo,0.0,0.0
KRT,2025-11-05,KRT-042,pivo,0.0,0.0
KRT,2025-11-05,KRT-043,pivo,0.0,0.0
KRT,2025-11-05,KRT-044,pivo,0.0,0.0
KRT,2025-11-05,KRT-045,pivo,0.76,0.76
KRT,2025-11-05,KRT-046,pivo,0.0,0.0
KRT,2025-11-05,KRT-047,pivo,0.25,0.25
KRT,2025-11-05,KRT-048,pivo,0.0,0.0
KRT,2025-11-05,KRT-049,pivo,0.0,0.0
KRT,2025-11-05,KRT-050,pivo,0.0,0.0
KRT,2025-11-05,KRT-051,pivo,0.25,0.25
KRT,2025-11-05,KRT-052,pivo,0.0,0.0
KRT,2025-11-05,KRT-053,pivo,0.0,0.0
KRT,2025-11-05,KRT-054,pivo,0.0,0.0
KRT,2025-11-05,KRT-055,pivo,0.0,0.0
KRT,2025-11-05,KRT-056,pivo,0.0,0.0
KRT,2025-11-05,KRT-057,pivo,0.0,0.0
KRT,2025-11-05,KRT-058,pivo,0.0,0.0
KRT,2025-11-05,KRT-059,pivo,0.0,0.0
KRT,2025-11-05,KRT-060,pivo,0.0,0.0
KRT,2025-11-05,KRT-061,pivo,0.0,0.0
KRT,2025-11-05,KRT-062,pivo,0.0,0.0
KRT,2025-11-05,KRT-063,pivo,0.0,0.0
KRT,2025-11-05,KRT-064,pivo,0.0,0.0
KRT,2025-11-05,KRT-065,pivo,0.0,0.0
KRT,2025-11-05,KRT-066,pivo,0.0,0.0
KRT,2025-11-05,KRT-067,pivo,0.0,0.0
KRT,2025-11-05,KRT-068,pivo,0.0,0.0
KRT,2025-11-05,KRT-069,pivo,0.0,0.0
KRT,2025-11-05,KRT-070,pivo,0.0,0.0
KRT,2025-11-05,KRT-071,pivo,0.0,0.0
KRT,2025-11-05,KRT-072,pivo,0.0,0.0
KRT,2025-11-05,KRT-073,pivo,0.0,0.0
KRT,2025-11-05,KRT-074,pivo,0.0,0.0
KRT,2025-11-04,KRT-001,pivo,4.83,4.83
KRT,2025-11-04,KRT-001B,pivo_secundario,0.0,0.0
KRT,2025-11-04,KRT-002,pivo,4.57,4.57
KRT,2025-11-04,KRT-002B,pivo_secundario,0.91,0.91
KRT,2025-11-04,KRT-003,pivo,5.08,5.08
KRT,2025-11-04,KRT-004,pivo,3.81,3.81
KRT,2025-11-04,KRT-004B,pivo_secundario,0.0,0.0
KRT,2025-11-04,KRT-005,pivo,0.5,0.5
KRT,2025-11-04,KRT-006B,pivo_secundario,0.0,0.0
KRT,2025-11-04,KRT-006,pivo,0.0,0.0
KRT,2025-11-04,KRT-007B,pivo_secundario,0.26,0.26
KRT,2025-11-04,KRT-007,pivo,1.8,1.8
KRT,2025-11-04,KRT-008,pivo,1.27,1.27
KRT,2025-11-04,KRT-009,pivo,2.03,2.03
KRT,2025-11-04,KRT-010,pivo,1.02,1.02
KRT,2025-11-04,KRT-011,pivo,0.51,0.51
KRT,2025-11-04,KRT-012,pivo,0.51,0.51
KRT,2025-11-04,KRT-013,pivo,2.03,2.03
KRT,2025-11-04,KRT-014,pivo,0.0,0.0
KRT,2025-11-04,KRT-015,pivo,0.51,0.51
KRT,2025-11-04,KRT-016,pivo,0.0,0.0
KRT,2025-11-04,KRT-017,pivo,1.02,1.02
KRT,2025-11-04,KRT-018,pivo,0.75,0.75
KRT,2025-11-04,KRT-019,pivo,0.0,0.0
KRT,2025-11-04,KRT-020,pivo,3.3,3.3
KRT,2025-11-04,KRT-021,pivo,0.0,0.0
KRT,2025-11-04,KRT-022,pivo,2.79,2.79
KRT,2025-11-04,KRT-023,pivo,1.02,1.02
KRT,2025-11-04,KRT-024,pivo,0.51,0.51
KRT,2025-11-04,KRT-025,pivo,1.27,1.27
KRT,2025-11-04,KRT-026,pivo,1.52,1.52
KRT,2025-11-04,KRT-027,pivo,1.7,1.7
KRT,2025-11-04,KRT-028,pivo,2.29,2.29
KRT,2025-11-04,KRT-029,pivo,1.52,1.52
KRT,2025-11-04,KRT-030,pivo,1.52,1.52
KRT,2025-11-04,KRT-031,pivo,0.76,0.76
KRT,2025-11-04,KRT-032,pivo,2.03,2.03
KRT,2025-11-04,KRT-033,pivo,2.29,2.29
KRT,2025-11-04,KRT-034,pivo,1.52,1.52
KRT,2025-11-04,KRT-035,pivo,0.25,0.25
KRT,2025-11-04,KRT-036,pivo,0.0,0.0
KRT,2025-11-04,KRT-037,pivo,0.0,0.0
KRT,2025-11-04,KRT-038,pivo,0.25,0.25
KRT,2025-11-04,KRT-039,pivo,0.0,0.0
KRT,2025-11-04,KRT-040,pivo,0.0,0.0
KRT,2025-11-04,KRT-041,pivo,0.0,0.0
KRT,2025-11-04,KRT-042,pivo,0.0,0.0
KRT,2025-11-04,KRT-043,pivo,0.0,0.0
KRT,2025-11-04,KRT-044,pivo,0.25,0.25
KRT,2025-11-04,KRT-045,pivo,0.0,0.0
KRT,2025-11-04,KRT-046,pivo,0.25,0.25
KRT,2025-11-04,KRT-047,pivo,0.0,0.0
KRT,2025-11-04,KRT-048,pivo,0.0,0.0
KRT,2025-11-04,KRT-049,pivo,0.0,0.0
KRT,2025-11-04,KRT-050,pivo,0.0,0.0
KRT,2025-11-04,KRT-051,pivo,0.51,0.51
KRT,2025-11-04,KRT-052,pivo,0.25,0.25
KRT,2025-11-04,KRT-053,pivo,0.0,0.0
KRT,2025-11-04,KRT-054,pivo,0.0,0.0
KRT,2025-11-04,KRT-055,pivo,0.25,0.25
KRT,2025-11-04,KRT-056,pivo,0.25,0.25
KRT,2025-11-04,KRT-057,pivo,0.0,0.0
KRT,2025-11-04,KRT-058,pivo,0.25,0.25
KRT,2025-11-04,KRT-059,pivo,0.0,0.0
KRT,2025-11-04,KRT-060,pivo,0.25,0.25
KRT,2025-11-04,KRT-061,pivo,0.0,0.0
KRT,2025-11-04,KRT-062,pivo,0.0,0.0
KRT,2025-11-04,KRT-063,pivo,0.0,0.0
KRT,2025-11-04,KRT-064,pivo,0.6,0.6
KRT,2025-11-04,KRT-065,pivo,0.0,0.0
KRT,2025-11-04,KRT-066,pivo,0.25,0.25
KRT,2025-11-04,KRT-067,pivo,0.0,0.0
KRT,2025-11-04,KRT-068,pivo,0.21,0.21
KRT,2025-11-04,KRT-069,pivo,0.0,0.0
KRT,2025-11-04,KRT-070,pivo,0.0,0.0
KRT,2025-11-04,KRT-071,pivo,0.0,0.0
KRT,2025-11-04,KRT-072,pivo,0.0,0.0
KRT,2025-11-04,KRT-073,pivo,0.0,0.0
KRT,2025-11-04,KRT-074,pivo,0.51,0.51
KRT,2025-11-03,KRT-001,pivo,9.4,9.4
KRT,2025-11-03,KRT-001B,pivo_secundario,19.17,19.17
KRT,2025-11-03,KRT-002,pivo,10.92,10.92
KRT,2025-11-03,KRT-002B,pivo_secundario,5.24,5.24
KRT,2025-11-03,KRT-003,pivo,10.67,10.67
KRT,2025-11-03,KRT-004,pivo,9.33,9.33
KRT,2025-11-03,KRT-004B,pivo_secundario,0.0,0.0
KRT,2025-11-03,KRT-005,pivo,11.5,11.5
KRT,2025-11-03,KRT-006B,pivo_secundario,5.02,5.02
KRT,2025-11-03,KRT-006,pivo,8.3,8.3
KRT,2025-11-03,KRT-007B,pivo_secundario,8.61,8.61
KRT,2025-11-03,KRT-007,pivo,8.5,8.5
KRT,2025-11-03,KRT-008,pivo,6.86,6.86
KRT,2025-11-03,KRT-009,pivo,6.86,6.86
KRT,2025-11-03,KRT-010,pivo,7.62,7.62
KRT,2025-11-03,KRT-011,pivo,5.59,5.59
KRT,2025-11-03,KRT-012,pivo,4.06,4.06
KRT,2025-11-03,KRT-013,pivo,9.91,9.91
KRT,2025-11-03,KRT-014,pivo,4.57,4.57
KRT,2025-11-03,KRT-015,pivo,10.16,10.16
KRT,2025-11-03,KRT-016,pivo,9.3,9.3
KRT,2025-11-03,KRT-017,pivo,11.68,11.68
KRT,2025-11-03,KRT-018,pivo,18.0,18.0
KRT,2025-11-03,KRT-019,pivo,8.2,8.2
KRT,2025-11-03,KRT-020,pivo,12.7,12.7
KRT,2025-11-03,KRT-021,pivo,12.45,12.45
KRT,2025-11-03,KRT-022,pivo,7.37,7.37
KRT,2025-11-03,KRT-023,pivo,7.62,7.62
KRT,2025-11-03,KRT-024,pivo,11.18,11.18
KRT,2025-11-03,KRT-025,pivo,8.38,8.38
KRT,2025-11-03,KRT-026,pivo,5.59,5.59
KRT,2025-11-03,KRT-027,pivo,8.3,8.3
KRT,2025-11-03,KRT-028,pivo,13.72,13.72
KRT,2025-11-03,KRT-029,pivo,8.89,8.89
KRT,2025-11-03,KRT-030,pivo,10.92,10.92
KRT,2025-11-03,KRT-031,pivo,9.0,9.0
KRT,2025-11-03,KRT-032,pivo,8.13,8.13
KRT,2025-11-03,KRT-033,pivo,10.16,10.16
KRT,2025-11-03,KRT-034,pivo,7.62,7.62
KRT,2025-11-03,KRT-035,pivo,7.37,7.37
KRT,2025-11-03,KRT-036,pivo,8.38,8.38
KRT,2025-11-03,KRT-037,pivo,10.92,10.92
KRT,2025-11-03,KRT-038,pivo,8.13,8.13
KRT,2025-11-03,KRT-039,pivo,15.24,15.24
KRT,2025-11-03,KRT-040,pivo,8.38,8.38
KRT,2025-11-03,KRT-041,pivo,8.3,8.3
KRT,2025-11-03,KRT-042,pivo,9.14,9.14
KRT,2025-11-03,KRT-043,pivo,13.72,13.72
KRT,2025-11-03,KRT-044,pivo,7.62,7.62
KRT,2025-11-03,KRT-045,pivo,4.06,4.06
KRT,2025-11-03,KRT-046,pivo,10.67,10.67
KRT,2025-11-03,KRT-047,pivo,10.41,10.41
KRT,2025-11-03,KRT-048,pivo,8.7,8.7
KRT,2025-11-03,KRT-049,pivo,6.6,6.6
KRT,2025-11-03,KRT-050,pivo,8.13,8.13
KRT,2025-11-03,KRT-051,pivo,7.62,7.62
KRT,2025-11-03,KRT-052,pivo,7.11,7.11
KRT,2025-11-03,KRT-053,pivo,7.1,7.1
KRT,2025-11-03,KRT-054,pivo,6.6,6.6
KRT,2025-11-03,KRT-055,pivo,8.13,8.13
KRT,2025-11-03,KRT-056,pivo,6.6,6.6
KRT,2025-11-03,KRT-057,pivo,3.39,3.39
KRT,2025-11-03,KRT-058,pivo,4.0,4.0
KRT,2025-11-03,KRT-059,pivo,7.62,7.62
KRT,2025-11-03,KRT-060,pivo,7.62,7.62
KRT,2025-11-03,KRT-061,pivo,10.41,10.41
KRT,2025-11-03,KRT-062,pivo,11.61,11.61
KRT,2025-11-03,KRT-063,pivo,6.9,6.9
KRT,2025-11-03,KRT-064,pivo,12.3,12.3
KRT,2025-11-03,KRT-065,pivo,6.9,6.9
KRT,2025-11-03,KRT-066,pivo,6.1,6.1
KRT,2025-11-03,KRT-067,pivo,7.3,7.3
KRT,2025-11-03,KRT-068,pivo,9.57,9.57
KRT,2025-11-03,KRT-069,pivo,6.4,6.4
KRT,2025-11-03,KRT-070,pivo,8.87,8.87
KRT,2025-11-03,KRT-071,pivo,6.1,6.1
KRT,2025-11-03,KRT-072,pivo,13.87,13.87
KRT,2025-11-03,KRT-073,pivo,9.65,9.65
KRT,2025-11-03,KRT-074,pivo,10.16,10.16
KRT,2025-11-02,KRT-001,pivo,0.0,0.0
KRT,2025-11-02,KRT-001B,pivo_secundario,0.0,0.0
KRT,2025-11-02,KRT-002,pivo,0.0,0.0
KRT,2025-11-02,KRT-002B,pivo_secundario,0.0,0.0
KRT,2025-11-02,KRT-003,pivo,0.0,0.0
KRT,2025-11-02,KRT-004,pivo,0.0,0.0
KRT,2025-11-02,KRT-004B,pivo_secundario,0.0,0.0
KRT,2025-11-02,KRT-005,pivo,0.0,0.0
KRT,2025-11-02,KRT-006B,pivo_secundario,0.0,0.0
KRT,2025-11-02,KRT-006,pivo,0.0,0.0
KRT,2025-11-02,KRT-007B,pivo_secundario,0.0,0.0
KRT,2025-11-02,KRT-007,pivo,0.0,0.0
KRT,2025-11-02,KRT-008,pivo,0.0,0.0
KRT,2025-11-02,KRT-009,pivo,0.0,0.0
KRT,2025-11-02,KRT-010,pivo,0.0,0.0
KRT,2025-11-02,KRT-011,pivo,0.0,0.0
KRT,2025-11-02,KRT-012,pivo,0.0,0.0
KRT,2025-11-02,KRT-013,pivo,0.0,0.0
KRT,2025-11-02,KRT-014,pivo,0.0,0.0
KRT,2025-11-02,KRT-015,pivo,0.0,0.0
KRT,2025-11-02,KRT-016,pivo,8.2,8.2
KRT,2025-11-02,KRT-017,pivo,0.0,0.0
KRT,2025-11-02,KRT-018,pivo,0.0,0.0
KRT,2025-11-02,KRT-019,pivo,0.0,0.0
KRT,2025-11-02,KRT-020,pivo,0.0,0.0
KRT,2025-11-02,KRT-021,pivo,0.0,0.0
KRT,2025-11-02,KRT-022,pivo,0.0,0.0
KRT,2025-11-02,KRT-023,pivo,0.0,0.0
KRT,2025-11-02,KRT-024,pivo,0.0,0.0
KRT,2025-11-02,KRT-025,pivo,0.0,0.0
KRT,2025-11-02,KRT-026,pivo,0.0,0.0
KRT,2025-11-02,KRT-027,pivo,0.0,0.0
KRT,2025-11-02,KRT-028,pivo,0.0,0.0
KRT,2025-11-02,KRT-029,pivo,0.0,0.0
KRT,2025-11-02,KRT-030,pivo,0.0,0.0
KRT,2025-11-02,KRT-031,pivo,0.0,0.0
KRT,2025-11-02,KRT-032,pivo,0.0,0.0
KRT,2025-11-02,KRT-033,pivo,0.0,0.0
KRT,2025-11-02,KRT-034,pivo,0.0,0.0
KRT,2025-11-02,KRT-035,pivo,0.0,0.0
KRT,2025-11-02,KRT-036,pivo,0.0,0.0
KRT,2025-11-02,KRT-037,pivo,0.0,0.0
KRT,2025-11-02,KRT-038,pivo,0.0,0.0
KRT,2025-11-02,KRT-039,pivo,0.0,0.0
KRT,2025-11-02,KRT-040,pivo,0.0,0.0
KRT,2025-11-02,KRT-041,pivo,0.0,0.0
KRT,2025-11-02,KRT-042,pivo,0.0,0.0
KRT,2025-11-02,KRT-043,pivo,0.0,0.0
KRT,2025-11-02,KRT-044,pivo,0.0,0.0
KRT,2025-11-02,KRT-045,pivo,0.0,0.0
KRT,2025-11-02,KRT-046,pivo,0.0,0.0
KRT,2025-11-02,KRT-047,pivo,0.0,0.0
KRT,2025-11-02,KRT-048,pivo,0.0,0.0
KRT,2025-11-02,KRT-049,pivo,0.0,0.0
KRT,2025-11-02,KRT-050,pivo,0.0,0.0
KRT,2025-11-02,KRT-051,pivo,0.0,0.0
KRT,2025-11-02,KRT-052,pivo,0.0,0.0
KRT,2025-11-02,KRT-053,pivo,0.0,0.0
KRT,2025-11-02,KRT-054,pivo,0.0,0.0
KRT,2025-11-02,KRT-055,pivo,0.0,0.0
KRT,2025-11-02,KRT-056,pivo,0.0,0.0
KRT,2025-11-02,KRT-057,pivo,0.0,0.0
KRT,2025-11-02,KRT-058,pivo,0.0,0.0
KRT,2025-11-02,KRT-059,pivo,0.0,0.0
KRT,2025-11-02,KRT-060,pivo,0.0,0.0
KRT,2025-11-02,KRT-061,pivo,0.0,0.0
KRT,2025-11-02,KRT-062,pivo,0.0,0.0
KRT,2025-11-02,KRT-063,pivo,0.0,0.0
KRT,2025-11-02,KRT-064,pivo,0.0,0.0
KRT,2025-11-02,KRT-065,pivo,0.0,0.0
KRT,2025-11-02,KRT-066,pivo,0.0,0.0
KRT,2025-11-02,KRT-067,pivo,0.0,0.0
KRT,2025-11-02,KRT-068,pivo,0.0,0.0
KRT,2025-11-02,KRT-069,pivo,0.0,0.0
KRT,2025-11-02,KRT-070,pivo,0.0,0.0
KRT,2025-11-02,KRT-071,pivo,0.0,0.0
KRT,2025-11-02,KRT-072,pivo,0.0,0.0
KRT,2025-11-02,KRT-073,pivo,0.0,0.0
KRT,2025-11-02,KRT-074,pivo,0.0,0.0
KRT,2025-10-22,KRT-001,pivo,0.0,0.0
KRT,2025-10-22,KRT-001B,pivo_secundario,0.0,0.0
KRT,2025-10-22,KRT-002,pivo,0.0,0.0
KRT,2025-10-22,KRT-002B,pivo_secundario,0.23,0.23
KRT,2025-10-22,KRT-003,pivo,0.0,0.0
KRT,2025-10-22,KRT-004,pivo,0.0,0.0
KRT,2025-10-22,KRT-004B,pivo_secundario,0.0,0.0
KRT,2025-10-22,KRT-005,pivo,0.0,0.0
KRT,2025-10-22,KRT-006B,pivo_secundario,0.0,0.0
KRT,2025-10-22,KRT-006,pivo,0.0,0.0
KRT,2025-10-22,KRT-007B,pivo_secundario,0.0,0.0
KRT,2025-10-22,KRT-007,pivo,0.0,0.0
KRT,2025-10-22,KRT-008,pivo,0.0,0.0
KRT,2025-10-22,KRT-009,pivo,0.0,0.0
KRT,2025-10-22,KRT-010,pivo,0.0,0.0
KRT,2025-10-22,KRT-011,pivo,0.0,0.0
KRT,2025-10-22,KRT-012,pivo,0.0,0.0
KRT,2025-10-22,KRT-013,pivo,0.0,0.0
KRT,2025-10-22,KRT-014,pivo,0.51,0.51
KRT,2025-10-22,KRT-015,pivo,0.0,0.0
KRT,2025-10-22,KRT-016,pivo,0.0,0.0
KRT,2025-10-22,KRT-017,pivo,0.0,0.0
KRT,2025-10-22,KRT-018,pivo,0.0,0.0
KRT,2025-10-22,KRT-019,pivo,0.0,0.0
KRT,2025-10-22,KRT-020,pivo,0.0,0.0
KRT,2025-10-22,KRT-021,pivo,0.0,0.0
KRT,2025-10-22,KRT-022,pivo,0.0,0.0
KRT,2025-10-22,KRT-023,pivo,0.0,0.0
KRT,2025-10-22,KRT-024,pivo,0.0,0.0
KRT,2025-10-22,KRT-025,pivo,0.0,0.0
KRT,2025-10-22,KRT-026,pivo,0.0,0.0
KRT,2025-10-22,KRT-027,pivo,0.0,0.0
KRT,2025-10-22,KRT-028,pivo,0.0,0.0
KRT,2025-10-22,KRT-029,pivo,0.0,0.0
KRT,2025-10-22,KRT-030,pivo,0.0,0.0
KRT,2025-10-22,KRT-031,pivo,0.0,0.0
KRT,2025-10-22,KRT-032,pivo,0.0,0.0
KRT,2025-10-22,KRT-033,pivo,0.0,0.0
KRT,2025-10-22,KRT-034,pivo,0.0,0.0
KRT,2025-10-22,KRT-035,pivo,0.0,0.0
KRT,2025-10-22,KRT-036,pivo,0.0,0.0
KRT,2025-10-22,KRT-037,pivo,0.0,0.0
KRT,2025-10-22,KRT-038,pivo,0.0,0.0
KRT,2025-10-22,KRT-039,pivo,0.0,0.0
KRT,2025-10-22,KRT-040,pivo,0.0,0.0
KRT,2025-10-22,KRT-041,pivo,0.0,0.0
KRT,2025-10-22,KRT-042,pivo,0.0,0.0
KRT,2025-10-22,KRT-043,pivo,0.0,0.0
KRT,2025-10-22,KRT-044,pivo,0.0,0.0
KRT,2025-10-22,KRT-045,pivo,0.0,0.0
KRT,2025-10-22,KRT-046,pivo,0.0,0.0
KRT,2025-10-22,KRT-047,pivo,0.0,0.0
KRT,2025-10-22,KRT-048,pivo,0.0,0.0
KRT,2025-10-22,KRT-049,pivo,0.0,0.0
KRT,2025-10-22,KRT-050,pivo,0.0,0.0
KRT,2025-10-22,KRT-051,pivo,0.0,0.0
KRT,2025-10-22,KRT-052,pivo,0.0,0.0
KRT,2025-10-22,KRT-053,pivo,0.0,0.0
KRT,2025-10-22,KRT-054,pivo,0.0,0.0
KRT,2025-10-22,KRT-055,pivo,0.0,0.0
KRT,2025-10-22,KRT-056,pivo,0.0,0.0
KRT,2025-10-22,KRT-057,pivo,0.0,0.0
KRT,2025-10-22,KRT-058,pivo,0.0,0.0
KRT,2025-10-22,KRT-059,pivo,0.0,0.0
KRT,2025-10-22,KRT-060,pivo,0.0,0.0
KRT,2025-10-22,KRT-061,pivo,0.0,0.0
KRT,2025-10-22,KRT-062,pivo,0.0,0.0
KRT,2025-10-22,KRT-063,pivo,0.0,0.0
KRT,2025-10-22,KRT-064,pivo,0.0,0.0
KRT,2025-10-22,KRT-065,pivo,0.0,0.0
KRT,2025-10-22,KRT-066,pivo,0.0,0.0
KRT,2025-10-22,KRT-067,pivo,0.0,0.0
KRT,2025-10-22,KRT-068,pivo,0.0,0.0
KRT,2025-10-22,KRT-069,pivo,0.0,0.0
KRT,2025-10-22,KRT-070,pivo,0.0,0.0
KRT,2025-10-22,KRT-071,pivo,0.0,0.0
KRT,2025-10-22,KRT-072,pivo,0.0,0.0
KRT,2025-10-22,KRT-073,pivo,0.0,0.0
KRT,2025-10-22,KRT-074,pivo,0.0,0.0
KRT,2025-10-21,KRT-001,pivo,0.51,0.51
KRT,2025-10-21,KRT-001B,pivo_secundario,0.92,0.92
KRT,2025-10-21,KRT-002,pivo,0.76,0.76
KRT,2025-10-21,KRT-002B,pivo_secundario,0.68,0.68
KRT,2025-10-21,KRT-003,pivo,0.51,0.51
KRT,2025-10-21,KRT-004,pivo,0.25,0.25
KRT,2025-10-21,KRT-004B,pivo_secundario,0.0,0.0
KRT,2025-10-21,KRT-005,pivo,1.5,1.5
KRT,2025-10-21,KRT-006B,pivo_secundario,0.19,0.19
KRT,2025-10-21,KRT-006,pivo,1.25,1.25
KRT,2025-10-21,KRT-007B,pivo_secundario,0.52,0.52
KRT,2025-10-21,KRT-007,pivo,0.25,0.25
KRT,2025-10-21,KRT-008,pivo,0.51,0.51
KRT,2025-10-21,KRT-009,pivo,1.02,1.02
KRT,2025-10-21,KRT-010,pivo,0.51,0.51
KRT,2025-10-21,KRT-011,pivo,0.76,0.76
KRT,2025-10-21,KRT-012,pivo,0.25,0.25
KRT,2025-10-21,KRT-013,pivo,1.02,1.02
KRT,2025-10-21,KRT-014,pivo,0.25,0.25
KRT,2025-10-21,KRT-015,pivo,1.02,1.02
KRT,2025-10-21,KRT-016,pivo,1.25,1.25
KRT,2025-10-21,KRT-017,pivo,1.02,1.02
KRT,2025-10-21,KRT-018,pivo,1.25,1.25
KRT,2025-10-21,KRT-019,pivo,0.85,0.85
KRT,2025-10-21,KRT-020,pivo,0.76,0.76
KRT,2025-10-21,KRT-021,pivo,1.27,1.27
KRT,2025-10-21,KRT-022,pivo,0.76,0.76
KRT,2025-10-21,KRT-023,pivo,0.25,0.25
KRT,2025-10-21,KRT-024,pivo,2.29,2.29
KRT,2025-10-21,KRT-025,pivo,2.54,2.54
KRT,2025-10-21,KRT-026,pivo,0.76,0.76
KRT,2025-10-21,KRT-027,pivo,0.65,0.65
KRT,2025-10-21,KRT-028,pivo,1.02,1.02
KRT,2025-10-21,KRT-029,pivo,0.51,0.51
KRT,2025-10-21,KRT-030,pivo,0.25,0.25
KRT,2025-10-21,KRT-031,pivo,0.51,0.51
KRT,2025-10-21,KRT-032,pivo,0.51,0.51
KRT,2025-10-21,KRT-033,pivo,0.0,0.0
KRT,2025-10-21,KRT-034,pivo,1.02,1.02
KRT,2025-10-21,KRT-035,pivo,1.52,1.52
KRT,2025-10-21,KRT-036,pivo,1.02,1.02
KRT,2025-10-21,KRT-037,pivo,0.76,0.76
KRT,2025-10-21,KRT-038,pivo,0.51,0.51
KRT,2025-10-21,KRT-039,pivo,1.02,1.02
KRT,2025-10-21,KRT-040,pivo,0.76,0.76
KRT,2025-10-21,KRT-041,pivo,0.25,0.25
KRT,2025-10-21,KRT-042,pivo,0.51,0.51
KRT,2025-10-21,KRT-043,pivo,0.51,0.51
KRT,2025-10-21,KRT-044,pivo,0.76,0.76
KRT,2025-10-21,KRT-045,pivo,0.75,0.75
KRT,2025-10-21,KRT-046,pivo,0.51,0.51
KRT,2025-10-21,KRT-047,pivo,0.25,0.25
KRT,2025-10-21,KRT-048,pivo,0.0,0.0
KRT,2025-10-21,KRT-049,pivo,0.0,0.0
KRT,2025-10-21,KRT-050,pivo,0.51,0.51
KRT,2025-10-21,KRT-051,pivo,3.3,3.3
KRT,2025-10-21,KRT-052,pivo,0.76,0.76
KRT,2025-10-21,KRT-053,pivo,0.0,0.0
KRT,2025-10-21,KRT-054,pivo,0.25,0.25
KRT,2025-10-21,KRT-055,pivo,3.81,3.81
KRT,2025-10-21,KRT-056,pivo,1.02,1.02
KRT,2025-10-21,KRT-057,pivo,1.13,1.13
KRT,2025-10-21,KRT-058,pivo,1.25,1.25
KRT,2025-10-21,KRT-059,pivo,0.76,0.76
KRT,2025-10-21,KRT-060,pivo,1.78,1.78
KRT,2025-10-21,KRT-061,pivo,1.02,1.02
KRT,2025-10-21,KRT-062,pivo,1.31,1.31
KRT,2025-10-21,KRT-063,pivo,0.6,0.6
KRT,2025-10-21,KRT-064,pivo,0.6,0.6
KRT,2025-10-21,KRT-065,pivo,0.3,0.3
KRT,2025-10-21,KRT-066,pivo,0.25,0.25
KRT,2025-10-21,KRT-067,pivo,0.25,0.25
KRT,2025-10-21,KRT-068,pivo,1.46,1.46
KRT,2025-10-21,KRT-069,pivo,0.75,0.75
KRT,2025-10-21,KRT-070,pivo,0.59,0.59
KRT,2025-10-21,KRT-071,pivo,0.25,0.25
KRT,2025-10-21,KRT-072,pivo,0.19,0.19
KRT,2025-10-21,KRT-073,pivo,0.76,0.76
KRT,2025-10-21,KRT-074,pivo,0.76,0.76
KRT,2025-10-20,KRT-001,pivo,4.06,4.06
KRT,2025-10-20,KRT-001B,pivo_secundario,1.15,1.15
KRT,2025-10-20,KRT-002,pivo,3.81,3.81
KRT,2025-10-20,KRT-002B,pivo_secundario,1.82,1.82
KRT,2025-10-20,KRT-003,pivo,4.57,4.57
KRT,2025-10-20,KRT-004,pivo,1.78,1.78
KRT,2025-10-20,KRT-004B,pivo_secundario,0.0,0.0
KRT,2025-10-20,KRT-005,pivo,2.75,2.75
KRT,2025-10-20,KRT-006B,pivo_secundario,3.09,3.09
KRT,2025-10-20,KRT-006,pivo,2.78,2.78
KRT,2025-10-20,KRT-007B,pivo_secundario,3.39,3.39
KRT,2025-10-20,KRT-007,pivo,2.03,2.03
KRT,2025-10-20,KRT-008,pivo,3.56,3.56
KRT,2025-10-20,KRT-009,pivo,4.32,4.32
KRT,2025-10-20,KRT-010,pivo,1.52,1.52
KRT,2025-10-20,KRT-011,pivo,2.51,2.51
KRT,2025-10-20,KRT-012,pivo,3.27,3.27
KRT,2025-10-20,KRT-013,pivo,2.79,2.79
KRT,2025-10-20,KRT-014,pivo,2.75,2.75
KRT,2025-10-20,KRT-015,pivo,4.32,4.32
KRT,2025-10-20,KRT-016,pivo,3.79,3.79
KRT,2025-10-20,KRT-017,pivo,3.3,3.3
KRT,2025-10-20,KRT-018,pivo,2.75,2.75
KRT,2025-10-20,KRT-019,pivo,2.62,2.62
KRT,2025-10-20,KRT-020,pivo,2.29,2.29
KRT,2025-10-20,KRT-021,pivo,2.29,2.29
KRT,2025-10-20,KRT-022,pivo,2.03,2.03
KRT,2025-10-20,KRT-023,pivo,1.52,1.52
KRT,2025-10-20,KRT-024,pivo,1.78,1.78
KRT,2025-10-20,KRT-025,pivo,3.05,3.05
KRT,2025-10-20,KRT-026,pivo,2.29,2.29
KRT,2025-10-20,KRT-027,pivo,2.54,2.54
KRT,2025-10-20,KRT-028,pivo,2.03,2.03
KRT,2025-10-20,KRT-029,pivo,2.29,2.29
KRT,2025-10-20,KRT-030,pivo,1.27,1.27
KRT,2025-10-20,KRT-031,pivo,2.29,2.29
KRT,2025-10-20,KRT-032,pivo,2.03,2.03
KRT,2025-10-20,KRT-033,pivo,1.27,1.27
KRT,2025-10-20,KRT-034,pivo,2.03,2.03
KRT,2025-10-20,KRT-035,pivo,2.03,2.03
KRT,2025-10-20,KRT-036,pivo,3.81,3.81
KRT,2025-10-20,KRT-037,pivo,3.05,3.05
KRT,2025-10-20,KRT-038,pivo,3.05,3.05
KRT,2025-10-20,KRT-039,pivo,4.32,4.32
KRT,2025-10-20,KRT-040,pivo,2.03,2.03
KRT,2025-10-20,KRT-041,pivo,2.43,2.43
KRT,2025-10-20,KRT-042,pivo,1.02,1.02
KRT,2025-10-20,KRT-043,pivo,2.29,2.29
KRT,2025-10-20,KRT-044,pivo,3.56,3.56
KRT,2025-10-20,KRT-045,pivo,2.89,2.89
KRT,2025-10-20,KRT-046,pivo,3.05,3.05
KRT,2025-10-20,KRT-047,pivo,2.29,2.29
KRT,2025-10-20,KRT-048,pivo,2.37,2.37
KRT,2025-10-20,KRT-049,pivo,2.54,2.54
KRT,2025-10-20,KRT-050,pivo,1.52,1.52
KRT,2025-10-20,KRT-051,pivo,1.27,1.27
KRT,2025-10-20,KRT-052,pivo,2.54,2.54
KRT,2025-10-20,KRT-053,pivo,3.08,3.08
KRT,2025-10-20,KRT-054,pivo,3.0,3.0
KRT,2025-10-20,KRT-055,pivo,2.29,2.29
KRT,2025-10-20,KRT-056,pivo,5.08,5.08
KRT,2025-10-20,KRT-057,pivo,1.71,1.71
KRT,2025-10-20,KRT-058,pivo,1.25,1.25
KRT,2025-10-20,KRT-059,pivo,1.52,1.52
KRT,2025-10-20,KRT-060,pivo,1.52,1.52
KRT,2025-10-20,KRT-061,pivo,1.78,1.78
KRT,2025-10-20,KRT-062,pivo,1.97,1.97
KRT,2025-10-20,KRT-063,pivo,1.8,1.8
KRT,2025-10-20,KRT-064,pivo,1.5,1.5
KRT,2025-10-20,KRT-065,pivo,1.5,1.5
KRT,2025-10-20,KRT-066,pivo,1.75,1.75
KRT,2025-10-20,KRT-067,pivo,1.58,1.58
KRT,2025-10-20,KRT-068,pivo,1.87,1.87
KRT,2025-10-20,KRT-069,pivo,1.89,1.89
KRT,2025-10-20,KRT-070,pivo,2.17,2.17
KRT,2025-10-20,KRT-071,pivo,2.1,2.1
KRT,2025-10-20,KRT-072,pivo,2.28,2.28
KRT,2025-10-20,KRT-073,pivo,2.29,2.29
KRT,2025-10-20,KRT-074,pivo,3.56,3.56
KRT,2025-10-19,KRT-001,pivo,25.15,25.15
KRT,2025-10-19,KRT-001B,pivo_secundario,12.24,12.24
KRT,2025-10-19,KRT-002,pivo,18.8,18.8
KRT,2025-10-19,KRT-002B,pivo_secundario,1.14,1.14
KRT,2025-10-19,KRT-003,pivo,31.24,31.24
KRT,2025-10-19,KRT-004,pivo,27.43,27.43
KRT,2025-10-19,KRT-004B,pivo_secundario,0.0,0.0
KRT,2025-10-19,KRT-005,pivo,29.75,29.75
KRT,2025-10-19,KRT-006B,pivo_secundario,3.67,3.67
KRT,2025-10-19,KRT-006,pivo,16.6,16.6
KRT,2025-10-19,KRT-007B,pivo_secundario,7.57,7.57
KRT,2025-10-19,KRT-007,pivo,27.43,27.43
KRT,2025-10-19,KRT-008,pivo,17.78,17.78
KRT,2025-10-19,KRT-009,pivo,30.73,30.73
KRT,2025-10-19,KRT-010,pivo,24.89,24.89
KRT,2025-10-19,KRT-011,pivo,12.7,12.7
KRT,2025-10-19,KRT-012,pivo,11.43,11.43
KRT,2025-10-19,KRT-013,pivo,16.51,16.51
KRT,2025-10-19,KRT-014,pivo,13.25,13.25
KRT,2025-10-19,KRT-015,pivo,15.24,15.24
KRT,2025-10-19,KRT-016,pivo,14.52,14.52
KRT,2025-10-19,KRT-017,pivo,19.56,19.56
KRT,2025-10-19,KRT-018,pivo,20.5,20.5
KRT,2025-10-19,KRT-019,pivo,22.86,22.86
KRT,2025-10-19,KRT-020,pivo,28.7,28.7
KRT,2025-10-19,KRT-021,pivo,20.32,20.32
KRT,2025-10-19,KRT-022,pivo,31.24,31.24
KRT,2025-10-19,KRT-023,pivo,21.34,21.34
KRT,2025-10-19,KRT-024,pivo,26.42,26.42
KRT,2025-10-19,KRT-025,pivo,15.75,15.75
KRT,2025-10-19,KRT-026,pivo,13.72,13.72
KRT,2025-10-19,KRT-027,pivo,12.8,12.8
KRT,2025-10-19,KRT-028,pivo,31.5,31.5
KRT,2025-10-19,KRT-029,pivo,10.16,10.16
KRT,2025-10-19,KRT-030,pivo,22.35,22.35
KRT,2025-10-19,KRT-031,pivo,19.3,19.3
KRT,2025-10-19,KRT-032,pivo,12.32,12.32
KRT,2025-10-19,KRT-033,pivo,16.51,16.51
KRT,2025-10-19,KRT-034,pivo,8.89,8.89
KRT,2025-10-19,KRT-035,pivo,17.02,17.02
KRT,2025-10-19,KRT-036,pivo,11.94,11.94
KRT,2025-10-19,KRT-037,pivo,8.13,8.13
KRT,2025-10-19,KRT-038,pivo,9.91,9.91
KRT,2025-10-19,KRT-039,pivo,7.87,7.87
KRT,2025-10-19,KRT-040,pivo,7.11,7.11
KRT,2025-10-19,KRT-041,pivo,7.62,7.62
KRT,2025-10-19,KRT-042,pivo,6.35,6.35
KRT,2025-10-19,KRT-043,pivo,6.6,6.6
KRT,2025-10-19,KRT-044,pivo,6.6,6.6
KRT,2025-10-19,KRT-045,pivo,5.11,5.11
KRT,2025-10-19,KRT-046,pivo,5.84,5.84
KRT,2025-10-19,KRT-047,pivo,5.08,5.08
KRT,2025-10-19,KRT-048,pivo,5.41,5.41
KRT,2025-10-19,KRT-049,pivo,4.57,4.57
KRT,2025-10-19,KRT-050,pivo,5.08,5.08
KRT,2025-10-19,KRT-051,pivo,8.5,8.5
KRT,2025-10-19,KRT-052,pivo,5.84,5.84
KRT,2025-10-19,KRT-053,pivo,6.58,6.58
KRT,2025-10-19,KRT-054,pivo,8.93,8.93
KRT,2025-10-19,KRT-055,pivo,5.59,5.59
KRT,2025-10-19,KRT-056,pivo,8.89,8.89
KRT,2025-10-19,KRT-057,pivo,8.14,8.14
KRT,2025-10-19,KRT-058,pivo,5.5,5.5
KRT,2025-10-19,KRT-059,pivo,8.38,8.38
KRT,2025-10-19,KRT-060,pivo,5.08,5.08
KRT,2025-10-19,KRT-061,pivo,5.33,5.33
KRT,2025-10-19,KRT-062,pivo,6.13,6.13
KRT,2025-10-19,KRT-063,pivo,10.2,10.2
KRT,2025-10-19,KRT-064,pivo,10.2,10.2
KRT,2025-10-19,KRT-065,pivo,7.2,7.2
KRT,2025-10-19,KRT-066,pivo,3.56,3.56
KRT,2025-10-19,KRT-067,pivo,4.75,4.75
KRT,2025-10-19,KRT-068,pivo,4.58,4.58
KRT,2025-10-19,KRT-069,pivo,6.26,6.26
KRT,2025-10-19,KRT-070,pivo,4.33,4.33
KRT,2025-10-19,KRT-071,pivo,6.26,6.26
KRT,2025-10-19,KRT-072,pivo,6.08,6.08
KRT,2025-10-19,KRT-073,pivo,7.62,7.62
KRT,2025-10-19,KRT-074,pivo,5.59,5.59
KRT,2025-10-18,KRT-001,pivo,0.0,0.0
KRT,2025-10-18,KRT-001B,pivo_secundario,0.0,0.0
KRT,2025-10-18,KRT-002,pivo,0.0,0.0
KRT,2025-10-18,KRT-002B,pivo_secundario,0.0,0.0
KRT,2025-10-18,KRT-003,pivo,0.0,0.0
KRT,2025-10-18,KRT-004,pivo,3.81,3.81
KRT,2025-10-18,KRT-004B,pivo_secundario,0.0,0.0
KRT,2025-10-18,KRT-005,pivo,0.0,0.0
KRT,2025-10-18,KRT-006B,pivo_secundario,0.0,0.0
KRT,2025-10-18,KRT-006,pivo,0.0,0.0
KRT,2025-10-18,KRT-007B,pivo_secundario,0.0,0.0
KRT,2025-10-18,KRT-007,pivo,0.0,0.0
KRT,2025-10-18,KRT-008,pivo,0.0,0.0
KRT,2025-10-18,KRT-009,pivo,0.0,0.0
KRT,2025-10-18,KRT-010,pivo,0.0,0.0
KRT,2025-10-18,KRT-011,pivo,0.0,0.0
KRT,2025-10-18,KRT-012,pivo,0.0,0.0
KRT,2025-10-18,KRT-013,pivo,0.0,0.0
KRT,2025-10-18,KRT-014,pivo,0.0,0.0
KRT,2025-10-18,KRT-015,pivo,0.0,0.0
KRT,2025-10-18,KRT-016,pivo,0.0,0.0
KRT,2025-10-18,KRT-017,pivo,0.76,0.76
KRT,2025-10-18,KRT-018,pivo,0.0,0.0
KRT,2025-10-18,KRT-019,pivo,0.0,0.0
KRT,2025-10-18,KRT-020,pivo,0.0,0.0
KRT,2025-10-18,KRT-021,pivo,0.0,0.0
KRT,2025-10-18,KRT-022,pivo,0.0,0.0
KRT,2025-10-18,KRT-023,pivo,0.0,0.0
KRT,2025-10-18,KRT-024,pivo,0.0,0.0
KRT,2025-10-18,KRT-025,pivo,0.0,0.0
KRT,2025-10-18,KRT-026,pivo,1.78,1.78
KRT,2025-10-18,KRT-027,pivo,0.0,0.0
KRT,2025-10-18,KRT-028,pivo,0.0,0.0
KRT,2025-10-18,KRT-029,pivo,0.25,0.25
KRT,2025-10-18,KRT-030,pivo,0.0,0.0
KRT,2025-10-18,KRT-031,pivo,0.0,0.0
KRT,2025-10-18,KRT-032,pivo,0.0,0.0
KRT,2025-10-18,KRT-033,pivo,0.0,0.0
KRT,2025-10-18,KRT-034,pivo,0.0,0.0
KRT,2025-10-18,KRT-035,pivo,1.02,1.02
KRT,2025-10-18,KRT-036,pivo,0.0,0.0
KRT,2025-10-18,KRT-037,pivo,0.0,0.0
KRT,2025-10-18,KRT-038,pivo,0.0,0.0
KRT,2025-10-18,KRT-039,pivo,0.0,0.0
KRT,2025-10-18,KRT-040,pivo,0.0,0.0
KRT,2025-10-18,KRT-041,pivo,0.0,0.0
KRT,2025-10-18,KRT-042,pivo,0.0,0.0
KRT,2025-10-18,KRT-043,pivo,0.0,0.0
KRT,2025-10-18,KRT-044,pivo,0.0,0.0
KRT,2025-10-18,KRT-045,pivo,0.0,0.0
KRT,2025-10-18,KRT-046,pivo,0.0,0.0
KRT,2025-10-18,KRT-047,pivo,0.25,0.25
KRT,2025-10-18,KRT-048,pivo,0.0,0.0
KRT,2025-10-18,KRT-049,pivo,0.0,0.0
KRT,2025-10-18,KRT-050,pivo,0.0,0.0
KRT,2025-10-18,KRT-051,pivo,0.0,0.0
KRT,2025-10-18,KRT-052,pivo,0.0,0.0
KRT,2025-10-18,KRT-053,pivo,0.0,0.0
KRT,2025-10-18,KRT-054,pivo,0.0,0.0
KRT,2025-10-18,KRT-055,pivo,0.0,0.0
KRT,2025-10-18,KRT-056,pivo,0.0,0.0
KRT,2025-10-18,KRT-057,pivo,0.0,0.0
KRT,2025-10-18,KRT-058,pivo,0.0,0.0
KRT,2025-10-18,KRT-059,pivo,0.0,0.0
KRT,2025-10-18,KRT-060,pivo,0.0,0.0
KRT,2025-10-18,KRT-061,pivo,0.0,0.0
KRT,2025-10-18,KRT-062,pivo,0.0,0.0
KRT,2025-10-18,KRT-063,pivo,0.0,0.0
KRT,2025-10-18,KRT-064,pivo,0.0,0.0
KRT,2025-10-18,KRT-065,pivo,2.7,2.7
KRT,2025-10-18,KRT-066,pivo,0.0,0.0
KRT,2025-10-18,KRT-067,pivo,0.0,0.0
KRT,2025-10-18,KRT-068,pivo,0.0,0.0
KRT,2025-10-18,KRT-069,pivo,0.0,0.0
KRT,2025-10-18,KRT-070,pivo,0.0,0.0
KRT,2025-10-18,KRT-071,pivo,0.0,0.0
KRT,2025-10-18,KRT-072,pivo,0.0,0.0
KRT,2025-10-18,KRT-073,pivo,0.0,0.0
KRT,2025-10-18,KRT-074,pivo,0.0,0.0
KRT,2025-10-17,KRT-001,pivo,0.0,0.0
KRT,2025-10-17,KRT-001B,pivo_secundario,0.0,0.0
KRT,2025-10-17,KRT-002,pivo,0.0,0.0
KRT,2025-10-17,KRT-002B,pivo_secundario,0.0,0.0
KRT,2025-10-17,KRT-003,pivo,0.76,0.76
KRT,2025-10-17,KRT-004,pivo,0.0,0.0
KRT,2025-10-17,KRT-004B,pivo_secundario,0.0,0.0
KRT,2025-10-17,KRT-005,pivo,0.0,0.0
KRT,2025-10-17,KRT-006B,pivo_secundario,0.0,0.0
KRT,2025-10-17,KRT-006,pivo,0.0,0.0
KRT,2025-10-17,KRT-007B,pivo_secundario,0.0,0.0
KRT,2025-10-17,KRT-007,pivo,0.0,0.0
KRT,2025-10-17,KRT-008,pivo,0.0,0.0
KRT,2025-10-17,KRT-009,pivo,0.0,0.0
KRT,2025-10-17,KRT-010,pivo,0.0,0.0
KRT,2025-10-17,KRT-011,pivo,0.0,0.0
KRT,2025-10-17,KRT-012,pivo,0.0,0.0
KRT,2025-10-17,KRT-013,pivo,0.0,0.0
KRT,2025-10-17,KRT-014,pivo,0.0,0.0
KRT,2025-10-17,KRT-015,pivo,0.0,0.0
KRT,2025-10-17,KRT-016,pivo,0.0,0.0
KRT,2025-10-17,KRT-017,pivo,1.27,1.27
KRT,2025-10-17,KRT-018,pivo,0.0,0.0
KRT,2025-10-17,KRT-019,pivo,0.0,0.0
KRT,2025-10-17,KRT-020,pivo,0.0,0.0
KRT,2025-10-17,KRT-021,pivo,0.0,0.0
KRT,2025-10-17,KRT-022,pivo,0.0,0.0
KRT,2025-10-17,KRT-023,pivo,0.0,0.0
KRT,2025-10-17,KRT-024,pivo,0.0,0.0
KRT,2025-10-17,KRT-025,pivo,0.0,0.0
KRT,2025-10-17,KRT-026,pivo,0.0,0.0
KRT,2025-10-17,KRT-027,pivo,0.0,0.0
KRT,2025-10-17,KRT-028,pivo,0.0,0.0
KRT,2025-10-17,KRT-029,pivo,4.57,4.57
KRT,2025-10-17,KRT-030,pivo,0.0,0.0
KRT,2025-10-17,KRT-031,pivo,1.02,1.02
KRT,2025-10-17,KRT-032,pivo,0.0,0.0
KRT,2025-10-17,KRT-033,pivo,0.0,0.0
KRT,2025-10-17,KRT-034,pivo,0.0,0.0
KRT,2025-10-17,KRT-035,pivo,0.0,0.0
KRT,2025-10-17,KRT-036,pivo,0.0,0.0
KRT,2025-10-17,KRT-037,pivo,0.0,0.0
KRT,2025-10-17,KRT-038,pivo,0.0,0.0
KRT,2025-10-17,KRT-039,pivo,0.0,0.0
KRT,2025-10-17,KRT-040,pivo,0.0,0.0
KRT,2025-10-17,KRT-041,pivo,0.0,0.0
KRT,2025-10-17,KRT-042,pivo,0.0,0.0
KRT,2025-10-17,KRT-043,pivo,0.0,0.0
KRT,2025-10-17,KRT-044,pivo,0.0,0.0
KRT,2025-10-17,KRT-045,pivo,0.0,0.0
KRT,2025-10-17,KRT-046,pivo,0.0,0.0
KRT,2025-10-17,KRT-047,pivo,0.0,0.0
KRT,2025-10-17,KRT-048,pivo,0.0,0.0
KRT,2025-10-17,KRT-049,pivo,0.0,0.0
KRT,2025-10-17,KRT-050,pivo,0.0,0.0
KRT,2025-10-17,KRT-051,pivo,0.0,0.0
KRT,2025-10-17,KRT-052,pivo,0.0,0.0
KRT,2025-10-17,KRT-053,pivo,0.0,0.0
KRT,2025-10-17,KRT-054,pivo,0.0,0.0
KRT,2025-10-17,KRT-055,pivo,0.0,0.0
KRT,2025-10-17,KRT-056,pivo,0.0,0.0
KRT,2025-10-17,KRT-057,pivo,0.0,0.0
KRT,2025-10-17,KRT-058,pivo,0.0,0.0
KRT,2025-10-17,KRT-059,pivo,0.76,0.76
KRT,2025-10-17,KRT-060,pivo,0.0,0.0
KRT,2025-10-17,KRT-061,pivo,0.0,0.0
KRT,2025-10-17,KRT-062,pivo,0.0,0.0
KRT,2025-10-17,KRT-063,pivo,0.0,0.0
KRT,2025-10-17,KRT-064,pivo,0.0,0.0
KRT,2025-10-17,KRT-065,pivo,0.0,0.0
KRT,2025-10-17,KRT-066,pivo,0.0,0.0
KRT,2025-10-17,KRT-067,pivo,0.0,0.0
KRT,2025-10-17,KRT-068,pivo,0.0,0.0
KRT,2025-10-17,KRT-069,pivo,0.0,0.0
KRT,2025-10-17,KRT-070,pivo,0.0,0.0
KRT,2025-10-17,KRT-071,pivo,0.0,0.0
KRT,2025-10-17,KRT-072,pivo,0.0,0.0
KRT,2025-10-17,KRT-073,pivo,0.0,0.0
KRT,2025-10-17,KRT-074,pivo,0.0,0.0
KRT,2025-10-16,KRT-001,pivo,0.0,0.0
KRT,2025-10-16,KRT-001B,pivo_secundario,0.0,0.0
KRT,2025-10-16,KRT-002,pivo,0.0,0.0
KRT,2025-10-16,KRT-002B,pivo_secundario,0.0,0.0
KRT,2025-10-16,KRT-003,pivo,0.0,0.0
KRT,2025-10-16,KRT-004,pivo,0.0,0.0
KRT,2025-10-16,KRT-004B,pivo_secundario,0.0,0.0
KRT,2025-10-16,KRT-005,pivo,0.75,0.75
KRT,2025-10-16,KRT-006B,pivo_secundario,0.0,0.0
KRT,2025-10-16,KRT-006,pivo,0.0,0.0
KRT,2025-10-16,KRT-007B,pivo_secundario,0.0,0.0
KRT,2025-10-16,KRT-007,pivo,0.0,0.0
KRT,2025-10-16,KRT-008,pivo,0.0,0.0
KRT,2025-10-16,KRT-009,pivo,0.0,0.0
KRT,2025-10-16,KRT-010,pivo,0.0,0.0
KRT,2025-10-16,KRT-011,pivo,0.0,0.0
KRT,2025-10-16,KRT-012,pivo,0.0,0.0
KRT,2025-10-16,KRT-013,pivo,0.0,0.0
KRT,2025-10-16,KRT-014,pivo,0.0,0.0
KRT,2025-10-16,KRT-015,pivo,0.0,0.0
KRT,2025-10-16,KRT-016,pivo,0.0,0.0
KRT,2025-10-16,KRT-017,pivo,0.51,0.51
KRT,2025-10-16,KRT-018,pivo,0.0,0.0
KRT,2025-10-16,KRT-019,pivo,0.0,0.0
KRT,2025-10-16,KRT-020,pivo,0.0,0.0
KRT,2025-10-16,KRT-021,pivo,9.4,9.4
KRT,2025-10-16,KRT-022,pivo,0.0,0.0
KRT,2025-10-16,KRT-023,pivo,0.0,0.0
KRT,2025-10-16,KRT-024,pivo,0.0,0.0
KRT,2025-10-16,KRT-025,pivo,0.0,0.0
KRT,2025-10-16,KRT-026,pivo,0.0,0.0
KRT,2025-10-16,KRT-027,pivo,0.0,0.0
KRT,2025-10-16,KRT-028,pivo,0.0,0.0
KRT,2025-10-16,KRT-029,pivo,1.78,1.78
KRT,2025-10-16,KRT-030,pivo,0.0,0.0
KRT,2025-10-16,KRT-031,pivo,0.51,0.51
KRT,2025-10-16,KRT-032,pivo,0.0,0.0
KRT,2025-10-16,KRT-033,pivo,0.0,0.0
KRT,2025-10-16,KRT-034,pivo,0.0,0.0
KRT,2025-10-16,KRT-035,pivo,63.5,63.5
KRT,2025-10-16,KRT-036,pivo,0.0,0.0
KRT,2025-10-16,KRT-037,pivo,0.0,0.0
KRT,2025-10-16,KRT-038,pivo,0.0,0.0
KRT,2025-10-16,KRT-039,pivo,0.0,0.0
KRT,2025-10-16,KRT-040,pivo,0.0,0.0
KRT,2025-10-16,KRT-041,pivo,0.0,0.0
KRT,2025-10-16,KRT-042,pivo,0.0,0.0
KRT,2025-10-16,KRT-043,pivo,0.0,0.0
KRT,2025-10-16,KRT-044,pivo,0.0,0.0
KRT,2025-10-16,KRT-045,pivo,0.0,0.0
KRT,2025-10-16,KRT-046,pivo,0.0,0.0
KRT,2025-10-16,KRT-047,pivo,0.0,0.0
KRT,2025-10-16,KRT-048,pivo,0.0,0.0
KRT,2025-10-16,KRT-049,pivo,0.0,0.0
KRT,2025-10-16,KRT-050,pivo,0.0,0.0
KRT,2025-10-16,KRT-051,pivo,0.0,0.0
KRT,2025-10-16,KRT-052,pivo,0.0,0.0
KRT,2025-10-16,KRT-053,pivo,0.0,0.0
KRT,2025-10-16,KRT-054,pivo,0.0,0.0
KRT,2025-10-16,KRT-055,pivo,0.0,0.0
KRT,2025-10-16,KRT-056,pivo,0.0,0.0
KRT,2025-10-16,KRT-057,pivo,0.0,0.0
KRT,2025-10-16,KRT-058,pivo,0.0,0.0
KRT,2025-10-16,KRT-059,pivo,0.0,0.0
KRT,2025-10-16,KRT-060,pivo,0.0,0.0
KRT,2025-10-16,KRT-061,pivo,0.0,0.0
KRT,2025-10-16,KRT-062,pivo,0.0,0.0
KRT,2025-10-16,KRT-063,pivo,0.0,0.0
KRT,2025-10-16,KRT-064,pivo,0.0,0.0
KRT,2025-10-16,KRT-065,pivo,0.0,0.0
KRT,2025-10-16,KRT-066,pivo,0.0,0.0
KRT,2025-10-16,KRT-067,pivo,0.0,0.0
KRT,2025-10-16,KRT-068,pivo,0.0,0.0
KRT,2025-10-16,KRT-069,pivo,0.0,0.0
KRT,2025-10-16,KRT-070,pivo,0.0,0.0
KRT,2025-10-16,KRT-071,pivo,0.0,0.0
KRT,2025-10-16,KRT-072,pivo,0.0,0.0
KRT,2025-10-16,KRT-073,pivo,0.0,0.0
KRT,2025-10-16,KRT-074,pivo,0.0,0.0
KRT,2025-10-15,KRT-001,pivo,0.0,0.0
KRT,2025-10-15,KRT-001B,pivo_secundario,0.0,0.0
KRT,2025-10-15,KRT-002,pivo,0.0,0.0
KRT,2025-10-15,KRT-002B,pivo_secundario,0.68,0.68
KRT,2025-10-15,KRT-003,pivo,0.0,0.0
KRT,2025-10-15,KRT-004,pivo,0.0,0.0
KRT,2025-10-15,KRT-004B,pivo_secundario,0.0,0.0
KRT,2025-10-15,KRT-005,pivo,0.0,0.0
KRT,2025-10-15,KRT-006B,pivo_secundario,0.0,0.0
KRT,2025-10-15,KRT-006,pivo,0.0,0.0
KRT,2025-10-15,KRT-007B,pivo_secundario,0.0,0.0
KRT,2025-10-15,KRT-007,pivo,0.0,0.0
KRT,2025-10-15,KRT-008,pivo,0.0,0.0
KRT,2025-10-15,KRT-009,pivo,0.25,0.25
KRT,2025-10-15,KRT-010,pivo,0.0,0.0
KRT,2025-10-15,KRT-011,pivo,0.0,0.0
KRT,2025-10-15,KRT-012,pivo,0.0,0.0
KRT,2025-10-15,KRT-013,pivo,0.0,0.0
KRT,2025-10-15,KRT-014,pivo,0.0,0.0
KRT,2025-10-15,KRT-015,pivo,0.0,0.0
KRT,2025-10-15,KRT-016,pivo,0.0,0.0
KRT,2025-10-15,KRT-017,pivo,0.0,0.0
KRT,2025-10-15,KRT-018,pivo,0.0,0.0
KRT,2025-10-15,KRT-019,pivo,0.0,0.0
KRT,2025-10-15,KRT-020,pivo,0.0,0.0
KRT,2025-10-15,KRT-021,pivo,0.0,0.0
KRT,2025-10-15,KRT-022,pivo,0.0,0.0
KRT,2025-10-15,KRT-023,pivo,0.0,0.0
KRT,2025-10-15,KRT-024,pivo,0.0,0.0
KRT,2025-10-15,KRT-025,pivo,0.0,0.0
KRT,2025-10-15,KRT-026,pivo,0.0,0.0
KRT,2025-10-15,KRT-027,pivo,0.0,0.0
KRT,2025-10-15,KRT-028,pivo,0.0,0.0
KRT,2025-10-15,KRT-029,pivo,0.0,0.0
KRT,2025-10-15,KRT-030,pivo,0.0,0.0
KRT,2025-10-15,KRT-031,pivo,0.0,0.0
KRT,2025-10-15,KRT-032,pivo,0.0,0.0
KRT,2025-10-15,KRT-033,pivo,0.0,0.0
KRT,2025-10-15,KRT-034,pivo,0.0,0.0
KRT,2025-10-15,KRT-035,pivo,0.0,0.0
KRT,2025-10-15,KRT-036,pivo,0.0,0.0
KRT,2025-10-15,KRT-037,pivo,0.0,0.0
KRT,2025-10-15,KRT-038,pivo,0.0,0.0
KRT,2025-10-15,KRT-039,pivo,0.0,0.0
KRT,2025-10-15,KRT-040,pivo,0.0,0.0
KRT,2025-10-15,KRT-041,pivo,0.0,0.0
KRT,2025-10-15,KRT-042,pivo,0.0,0.0
KRT,2025-10-15,KRT-043,pivo,0.0,0.0
KRT,2025-10-15,KRT-044,pivo,0.0,0.0
KRT,2025-10-15,KRT-045,pivo,0.0,0.0
KRT,2025-10-15,KRT-046,pivo,0.0,0.0
KRT,2025-10-15,KRT-047,pivo,0.0,0.0
KRT,2025-10-15,KRT-048,pivo,0.0,0.0
KRT,2025-10-15,KRT-049,pivo,0.0,0.0
KRT,2025-10-15,KRT-050,pivo,0.0,0.0
KRT,2025-10-15,KRT-051,pivo,0.0,0.0
KRT,2025-10-15,KRT-052,pivo,0.0,0.0
KRT,2025-10-15,KRT-053,pivo,0.0,0.0
KRT,2025-10-15,KRT-054,pivo,0.0,0.0
KRT,2025-10-15,KRT-055,pivo,0.0,0.0
KRT,2025-10-15,KRT-056,pivo,0.0,0.0
KRT,2025-10-15,KRT-057,pivo,0.0,0.0
KRT,2025-10-15,KRT-058,pivo,0.0,0.0
KRT,2025-10-15,KRT-059,pivo,0.0,0.0
KRT,2025-10-15,KRT-060,pivo,0.0,0.0
KRT,2025-10-15,KRT-061,pivo,0.0,0.0
KRT,2025-10-15,KRT-062,pivo,0.0,0.0
KRT,2025-10-15,KRT-063,pivo,0.0,0.0
KRT,2025-10-15,KRT-064,pivo,0.0,0.0
KRT,2025-10-15,KRT-065,pivo,0.0,0.0
KRT,2025-10-15,KRT-066,pivo,0.0,0.0
KRT,2025-10-15,KRT-067,pivo,0.0,0.0
KRT,2025-10-15,KRT-068,pivo,0.0,0.0
KRT,2025-10-15,KRT-069,pivo,0.0,0.0
KRT,2025-10-15,KRT-070,pivo,0.0,0.0
KRT,2025-10-15,KRT-071,pivo,0.0,0.0
KRT,2025-10-15,KRT-072,pivo,0.0,0.0
KRT,2025-10-15,KRT-073,pivo,0.0,0.0
KRT,2025-10-15,KRT-074,pivo,0.0,0.0
KRT,2025-10-14,KRT-001,pivo,7.87,7.87
KRT,2025-10-14,KRT-001B,pivo_secundario,12.47,12.47
KRT,2025-10-14,KRT-002,pivo,9.14,9.14
KRT,2025-10-14,KRT-002B,pivo_secundario,4.79,4.79
KRT,2025-10-14,KRT-003,pivo,10.92,10.92
KRT,2025-10-14,KRT-004,pivo,7.62,7.62
KRT,2025-10-14,KRT-004B,pivo_secundario,0.0,0.0
KRT,2025-10-14,KRT-005,pivo,5.25,5.25
KRT,2025-10-14,KRT-006B,pivo_secundario,0.39,0.39
KRT,2025-10-14,KRT-006,pivo,0.0,0.0
KRT,2025-10-14,KRT-007B,pivo_secundario,8.61,8.61
KRT,2025-10-14,KRT-007,pivo,7.87,7.87
KRT,2025-10-14,KRT-008,pivo,5.08,5.08
KRT,2025-10-14,KRT-009,pivo,5.08,5.08
KRT,2025-10-14,KRT-010,pivo,3.81,3.81
KRT,2025-10-14,KRT-011,pivo,3.81,3.81
KRT,2025-10-14,KRT-012,pivo,0.0,0.0
KRT,2025-10-14,KRT-013,pivo,5.84,5.84
KRT,2025-10-14,KRT-014,pivo,2.79,2.79
KRT,2025-10-14,KRT-015,pivo,5.08,5.08
KRT,2025-10-14,KRT-016,pivo,0.0,0.0
KRT,2025-10-14,KRT-017,pivo,5.08,5.08
KRT,2025-10-14,KRT-018,pivo,3.0,3.0
KRT,2025-10-14,KRT-019,pivo,4.06,4.06
KRT,2025-10-14,KRT-020,pivo,2.54,2.54
KRT,2025-10-14,KRT-021,pivo,5.08,5.08
KRT,2025-10-14,KRT-022,pivo,2.03,2.03
KRT,2025-10-14,KRT-023,pivo,4.57,4.57
KRT,2025-10-14,KRT-024,pivo,1.52,1.52
KRT,2025-10-14,KRT-025,pivo,2.54,2.54
KRT,2025-10-14,KRT-026,pivo,3.81,3.81
KRT,2025-10-14,KRT-027,pivo,0.0,0.0
KRT,2025-10-14,KRT-028,pivo,2.79,2.79
KRT,2025-10-14,KRT-029,pivo,4.57,4.57
KRT,2025-10-14,KRT-030,pivo,1.27,1.27
KRT,2025-10-14,KRT-031,pivo,3.3,3.3
KRT,2025-10-14,KRT-032,pivo,1.52,1.52
KRT,2025-10-14,KRT-033,pivo,2.54,2.54
KRT,2025-10-14,KRT-034,pivo,3.56,3.56
KRT,2025-10-14,KRT-035,pivo,8.89,8.89
KRT,2025-10-14,KRT-036,pivo,5.59,5.59
KRT,2025-10-14,KRT-037,pivo,5.33,5.33
KRT,2025-10-14,KRT-038,pivo,2.03,2.03
KRT,2025-10-14,KRT-039,pivo,2.29,2.29
KRT,2025-10-14,KRT-040,pivo,1.27,1.27
KRT,2025-10-14,KRT-041,pivo,0.0,0.0
KRT,2025-10-14,KRT-042,pivo,3.05,3.05
KRT,2025-10-14,KRT-043,pivo,2.29,2.29
KRT,2025-10-14,KRT-044,pivo,3.3,3.3
KRT,2025-10-14,KRT-045,pivo,0.0,0.0
KRT,2025-10-14,KRT-046,pivo,1.78,1.78
KRT,2025-10-14,KRT-047,pivo,2.54,2.54
KRT,2025-10-14,KRT-048,pivo,0.0,0.0
KRT,2025-10-14,KRT-049,pivo,2.79,2.79
KRT,2025-10-14,KRT-050,pivo,1.78,1.78
KRT,2025-10-14,KRT-051,pivo,0.51,0.51
KRT,2025-10-14,KRT-052,pivo,1.78,1.78
KRT,2025-10-14,KRT-053,pivo,0.0,0.0
KRT,2025-10-14,KRT-054,pivo,5.33,5.33
KRT,2025-10-14,KRT-055,pivo,3.81,3.81
KRT,2025-10-14,KRT-056,pivo,3.3,3.3
KRT,2025-10-14,KRT-057,pivo,1.36,1.36
KRT,2025-10-14,KRT-058,pivo,1.5,1.5
KRT,2025-10-14,KRT-059,pivo,0.0,0.0
KRT,2025-10-14,KRT-060,pivo,0.76,0.76
KRT,2025-10-14,KRT-061,pivo,0.51,0.51
KRT,2025-10-14,KRT-062,pivo,0.88,0.88
KRT,2025-10-14,KRT-063,pivo,0.0,0.0
KRT,2025-10-14,KRT-064,pivo,0.0,0.0
KRT,2025-10-14,KRT-065,pivo,0.0,0.0
KRT,2025-10-14,KRT-066,pivo,1.02,1.02
KRT,2025-10-14,KRT-067,pivo,0.25,0.25
KRT,2025-10-14,KRT-068,pivo,0.42,0.42
KRT,2025-10-14,KRT-069,pivo,0.0,0.0
KRT,2025-10-14,KRT-070,pivo,0.99,0.99
KRT,2025-10-14,KRT-071,pivo,0.0,0.0
KRT,2025-10-14,KRT-072,pivo,0.19,0.19
KRT,2025-10-14,KRT-073,pivo,2.29,2.29
KRT,2025-10-14,KRT-074,pivo,2.54,2.54
KRT,2025-10-13,KRT-001,pivo,0.0,0.0
KRT,2025-10-13,KRT-001B,pivo_secundario,0.0,0.0
KRT,2025-10-13,KRT-002,pivo,0.25,0.25
KRT,2025-10-13,KRT-002B,pivo_secundario,3.19,3.19
KRT,2025-10-13,KRT-003,pivo,0.51,0.51
KRT,2025-10-13,KRT-004,pivo,0.25,0.25
KRT,2025-10-13,KRT-004B,pivo_secundario,0.0,0.0
KRT,2025-10-13,KRT-005,pivo,0.75,0.75
KRT,2025-10-13,KRT-006B,pivo_secundario,21.04,21.04
KRT,2025-10-13,KRT-006,pivo,0.0,0.0
KRT,2025-10-13,KRT-007B,pivo_secundario,33.67,33.67
KRT,2025-10-13,KRT-007,pivo,0.25,0.25
KRT,2025-10-13,KRT-008,pivo,1.02,1.02
KRT,2025-10-13,KRT-009,pivo,0.51,0.51
KRT,2025-10-13,KRT-010,pivo,0.76,0.76
KRT,2025-10-13,KRT-011,pivo,0.0,0.0
KRT,2025-10-13,KRT-012,pivo,0.0,0.0
KRT,2025-10-13,KRT-013,pivo,0.25,0.25
KRT,2025-10-13,KRT-014,pivo,0.51,0.51
KRT,2025-10-13,KRT-015,pivo,2.54,2.54
KRT,2025-10-13,KRT-016,pivo,0.0,0.0
KRT,2025-10-13,KRT-017,pivo,1.02,1.02
KRT,2025-10-13,KRT-018,pivo,3.0,3.0
KRT,2025-10-13,KRT-019,pivo,1.02,1.02
KRT,2025-10-13,KRT-020,pivo,0.76,0.76
KRT,2025-10-13,KRT-021,pivo,0.0,0.0
KRT,2025-10-13,KRT-022,pivo,0.76,0.76
KRT,2025-10-13,KRT-023,pivo,0.76,0.76
KRT,2025-10-13,KRT-024,pivo,0.76,0.76
KRT,2025-10-13,KRT-025,pivo,0.51,0.51
KRT,2025-10-13,KRT-026,pivo,0.25,0.25
KRT,2025-10-13,KRT-027,pivo,0.0,0.0
KRT,2025-10-13,KRT-028,pivo,0.25,0.25
KRT,2025-10-13,KRT-029,pivo,0.0,0.0
KRT,2025-10-13,KRT-030,pivo,0.25,0.25
KRT,2025-10-13,KRT-031,pivo,0.25,0.25
KRT,2025-10-13,KRT-032,pivo,0.0,0.0
KRT,2025-10-13,KRT-033,pivo,0.0,0.0
KRT,2025-10-13,KRT-034,pivo,0.0,0.0
KRT,2025-10-13,KRT-035,pivo,12.45,12.45
KRT,2025-10-13,KRT-036,pivo,3.81,3.81
KRT,2025-10-13,KRT-037,pivo,5.84,5.84
KRT,2025-10-13,KRT-038,pivo,6.6,6.6
KRT,2025-10-13,KRT-039,pivo,6.1,6.1
KRT,2025-10-13,KRT-040,pivo,3.3,3.3
KRT,2025-10-13,KRT-041,pivo,0.0,0.0
KRT,2025-10-13,KRT-042,pivo,12.45,12.45
KRT,2025-10-13,KRT-043,pivo,6.6,6.6
KRT,2025-10-13,KRT-044,pivo,25.15,25.15
KRT,2025-10-13,KRT-045,pivo,0.0,0.0
KRT,2025-10-13,KRT-046,pivo,10.16,10.16
KRT,2025-10-13,KRT-047,pivo,1.78,1.78
KRT,2025-10-13,KRT-048,pivo,0.0,0.0
KRT,2025-10-13,KRT-049,pivo,5.84,5.84
KRT,2025-10-13,KRT-050,pivo,1.52,1.52
KRT,2025-10-13,KRT-051,pivo,0.0,0.0
KRT,2025-10-13,KRT-052,pivo,10.16,10.16
KRT,2025-10-13,KRT-053,pivo,0.0,0.0
KRT,2025-10-13,KRT-054,pivo,2.03,2.03
KRT,2025-10-13,KRT-055,pivo,6.1,6.1
KRT,2025-10-13,KRT-056,pivo,2.29,2.29
KRT,2025-10-13,KRT-057,pivo,4.29,4.29
KRT,2025-10-13,KRT-058,pivo,1.75,1.75
KRT,2025-10-13,KRT-059,pivo,0.0,0.0
KRT,2025-10-13,KRT-060,pivo,2.03,2.03
KRT,2025-10-13,KRT-061,pivo,6.86,6.86
KRT,2025-10-13,KRT-062,pivo,4.16,4.16
KRT,2025-10-13,KRT-063,pivo,0.0,0.0
KRT,2025-10-13,KRT-064,pivo,0.0,0.0
KRT,2025-10-13,KRT-065,pivo,0.0,0.0
KRT,2025-10-13,KRT-066,pivo,3.3,3.3
KRT,2025-10-13,KRT-067,pivo,0.0,0.0
KRT,2025-10-13,KRT-068,pivo,14.35,14.35
KRT,2025-10-13,KRT-069,pivo,0.0,0.0
KRT,2025-10-13,KRT-070,pivo,5.52,5.52
KRT,2025-10-13,KRT-071,pivo,0.0,0.0
KRT,2025-10-13,KRT-072,pivo,3.04,3.04
KRT,2025-10-13,KRT-073,pivo,2.79,2.79
KRT,2025-10-13,KRT-074,pivo,15.24,15.24
KRT,2025-10-07,KRT-001,pivo,0.0,0.0
KRT,2025-10-07,KRT-001B,pivo_secundario,0.0,0.0
KRT,2025-10-07,KRT-002,pivo,0.0,0.0
KRT,2025-10-07,KRT-002B,pivo_secundario,0.0,0.0
KRT,2025-10-07,KRT-003,pivo,0.0,0.0
KRT,2025-10-07,KRT-004,pivo,0.0,0.0
KRT,2025-10-07,KRT-004B,pivo_secundario,0.0,0.0
KRT,2025-10-07,KRT-005,pivo,0.0,0.0
KRT,2025-10-07,KRT-006B,pivo_secundario,0.0,0.0
KRT,2025-10-07,KRT-006,pivo,0.0,0.0
KRT,2025-10-07,KRT-007B,pivo_secundario,0.0,0.0
KRT,2025-10-07,KRT-007,pivo,0.0,0.0
KRT,2025-10-07,KRT-008,pivo,0.0,0.0
KRT,2025-10-07,KRT-009,pivo,0.0,0.0
KRT,2025-10-07,KRT-010,pivo,0.0,0.0
KRT,2025-10-07,KRT-011,pivo,0.0,0.0
KRT,2025-10-07,KRT-012,pivo,0.0,0.0
KRT,2025-10-07,KRT-013,pivo,0.0,0.0
KRT,2025-10-07,KRT-014,pivo,0.0,0.0
KRT,2025-10-07,KRT-015,pivo,0.0,0.0
KRT,2025-10-07,KRT-016,pivo,0.0,0.0
KRT,2025-10-07,KRT-017,pivo,0.0,0.0
KRT,2025-10-07,KRT-018,pivo,0.0,0.0
KRT,2025-10-07,KRT-019,pivo,0.0,0.0
KRT,2025-10-07,KRT-020,pivo,0.0,0.0
KRT,2025-10-07,KRT-021,pivo,0.0,0.0
KRT,2025-10-07,KRT-022,pivo,0.0,0.0
KRT,2025-10-07,KRT-023,pivo,0.0,0.0
KRT,2025-10-07,KRT-024,pivo,0.0,0.0
KRT,2025-10-07,KRT-025,pivo,0.0,0.0
KRT,2025-10-07,KRT-026,pivo,0.0,0.0
KRT,2025-10-07,KRT-027,pivo,0.0,0.0
KRT,2025-10-07,KRT-028,pivo,0.0,0.0
KRT,2025-10-07,KRT-029,pivo,0.0,0.0
KRT,2025-10-07,KRT-030,pivo,0.0,0.0
KRT,2025-10-07,KRT-031,pivo,0.0,0.0
KRT,2025-10-07,KRT-032,pivo,0.0,0.0
KRT,2025-10-07,KRT-033,pivo,0.0,0.0
KRT,2025-10-07,KRT-034,pivo,0.0,0.0
KRT,2025-10-07,KRT-035,pivo,0.0,0.0
KRT,2025-10-07,KRT-036,pivo,0.0,0.0
KRT,2025-10-07,KRT-037,pivo,0.0,0.0
KRT,2025-10-07,KRT-038,pivo,0.0,0.0
KRT,2025-10-07,KRT-039,pivo,0.0,0.0
KRT,2025-10-07,KRT-040,pivo,0.0,0.0
KRT,2025-10-07,KRT-041,pivo,0.0,0.0
KRT,2025-10-07,KRT-042,pivo,0.0,0.0
KRT,2025-10-07,KRT-043,pivo,0.0,0.0
KRT,2025-10-07,KRT-044,pivo,0.0,0.0
KRT,2025-10-07,KRT-045,pivo,0.0,0.0
KRT,2025-10-07,KRT-046,pivo,0.0,0.0
KRT,2025-10-07,KRT-047,pivo,0.0,0.0
KRT,2025-10-07,KRT-048,pivo,0.0,0.0
KRT,2025-10-07,KRT-049,pivo,0.0,0.0
KRT,2025-10-07,KRT-050,pivo,0.0,0.0
KRT,2025-10-07,KRT-051,pivo,0.0,0.0
KRT,2025-10-07,KRT-052,pivo,0.0,0.0
KRT,2025-10-07,KRT-053,pivo,0.0,0.0
KRT,2025-10-07,KRT-054,pivo,0.0,0.0
KRT,2025-10-07,KRT-055,pivo,0.0,0.0
KRT,2025-10-07,KRT-056,pivo,0.0,0.0
KRT,2025-10-07,KRT-057,pivo,0.0,0.0
KRT,2025-10-07,KRT-058,pivo,0.0,0.0
KRT,2025-10-07,KRT-059,pivo,0.0,0.0
KRT,2025-10-07,KRT-060,pivo,0.0,0.0
KRT,2025-10-07,KRT-061,pivo,0.0,0.0
KRT,2025-10-07,KRT-062,pivo,0.0,0.0
KRT,2025-10-07,KRT-063,pivo,0.0,0.0
KRT,2025-10-07,KRT-064,pivo,0.0,0.0
KRT,2025-10-07,KRT-065,pivo,1.5,1.5
KRT,2025-10-07,KRT-066,pivo,0.0,0.0
KRT,2025-10-07,KRT-067,pivo,0.0,0.0
KRT,2025-10-07,KRT-068,pivo,0.0,0.0
KRT,2025-10-07,KRT-069,pivo,0.0,0.0
KRT,2025-10-07,KRT-070,pivo,0.0,0.0
KRT,2025-10-07,KRT-071,pivo,0.0,0.0
KRT,2025-10-07,KRT-072,pivo,0.0,0.0
KRT,2025-10-07,KRT-073,pivo,0.0,0.0
KRT,2025-10-07,KRT-074,pivo,0.0,0.0
KRT,2025-09-28,KRT-001,pivo,0.0,0.0
KRT,2025-09-28,KRT-001B,pivo_secundario,0.0,0.0
KRT,2025-09-28,KRT-002,pivo,0.0,0.0
KRT,2025-09-28,KRT-002B,pivo_secundario,0.0,0.0
KRT,2025-09-28,KRT-003,pivo,0.0,0.0
KRT,2025-09-28,KRT-004,pivo,0.0,0.0
KRT,2025-09-28,KRT-004B,pivo_secundario,0.0,0.0
KRT,2025-09-28,KRT-005,pivo,0.0,0.0
KRT,2025-09-28,KRT-006B,pivo_secundario,0.0,0.0
KRT,2025-09-28,KRT-006,pivo,0.0,0.0
KRT,2025-09-28,KRT-007B,pivo_secundario,0.0,0.0
KRT,2025-09-28,KRT-007,pivo,0.0,0.0
KRT,2025-09-28,KRT-008,pivo,0.0,0.0
KRT,2025-09-28,KRT-009,pivo,0.0,0.0
KRT,2025-09-28,KRT-010,pivo,0.0,0.0
KRT,2025-09-28,KRT-011,pivo,0.0,0.0
KRT,2025-09-28,KRT-012,pivo,0.0,0.0
KRT,2025-09-28,KRT-013,pivo,0.0,0.0
KRT,2025-09-28,KRT-014,pivo,0.0,0.0
KRT,2025-09-28,KRT-015,pivo,0.0,0.0
KRT,2025-09-28,KRT-016,pivo,0.0,0.0
KRT,2025-09-28,KRT-017,pivo,0.0,0.0
KRT,2025-09-28,KRT-018,pivo,0.0,0.0
KRT,2025-09-28,KRT-019,pivo,0.0,0.0
KRT,2025-09-28,KRT-020,pivo,0.0,0.0
KRT,2025-09-28,KRT-021,pivo,0.0,0.0
KRT,2025-09-28,KRT-022,pivo,0.0,0.0
KRT,2025-09-28,KRT-023,pivo,0.0,0.0
KRT,2025-09-28,KRT-024,pivo,0.0,0.0
KRT,2025-09-28,KRT-025,pivo,0.0,0.0
KRT,2025-09-28,KRT-026,pivo,0.0,0.0
KRT,2025-09-28,KRT-027,pivo,0.0,0.0
KRT,2025-09-28,KRT-028,pivo,0.0,0.0
KRT,2025-09-28,KRT-029,pivo,0.0,0.0
KRT,2025-09-28,KRT-030,pivo,0.0,0.0
KRT,2025-09-28,KRT-031,pivo,0.0,0.0
KRT,2025-09-28,KRT-032,pivo,0.0,0.0
KRT,2025-09-28,KRT-033,pivo,0.0,0.0
KRT,2025-09-28,KRT-034,pivo,0.0,0.0
KRT,2025-09-28,KRT-035,pivo,0.0,0.0
KRT,2025-09-28,KRT-036,pivo,0.0,0.0
KRT,2025-09-28,KRT-037,pivo,0.0,0.0
KRT,2025-09-28,KRT-038,pivo,0.0,0.0
KRT,2025-09-28,KRT-039,pivo,0.0,0.0
KRT,2025-09-28,KRT-040,pivo,0.0,0.0
KRT,2025-09-28,KRT-041,pivo,0.0,0.0
KRT,2025-09-28,KRT-042,pivo,0.0,0.0
KRT,2025-09-28,KRT-043,pivo,0.0,0.0
KRT,2025-09-28,KRT-044,pivo,0.0,0.0
KRT,2025-09-28,KRT-045,pivo,0.0,0.0
KRT,2025-09-28,KRT-046,pivo,0.0,0.0
KRT,2025-09-28,KRT-047,pivo,0.0,0.0
KRT,2025-09-28,KRT-048,pivo,0.0,0.0
KRT,2025-09-28,KRT-049,pivo,0.0,0.0
KRT,2025-09-28,KRT-050,pivo,0.0,0.0
KRT,2025-09-28,KRT-051,pivo,0.0,0.0
KRT,2025-09-28,KRT-052,pivo,0.0,0.0
KRT,2025-09-28,KRT-053,pivo,0.0,0.0
KRT,2025-09-28,KRT-054,pivo,1.02,1.02
KRT,2025-09-28,KRT-055,pivo,0.0,0.0
KRT,2025-09-28,KRT-056,pivo,0.0,0.0
KRT,2025-09-28,KRT-057,pivo,0.0,0.0
KRT,2025-09-28,KRT-058,pivo,0.0,0.0
KRT,2025-09-28,KRT-059,pivo,0.0,0.0
KRT,2025-09-28,KRT-060,pivo,0.0,0.0
KRT,2025-09-28,KRT-061,pivo,0.0,0.0
KRT,2025-09-28,KRT-062,pivo,0.0,0.0
KRT,2025-09-28,KRT-063,pivo,0.0,0.0
KRT,2025-09-28,KRT-064,pivo,0.0,0.0
KRT,2025-09-28,KRT-065,pivo,0.0,0.0
KRT,2025-09-28,KRT-066,pivo,0.0,0.0
KRT,2025-09-28,KRT-067,pivo,0.0,0.0
KRT,2025-09-28,KRT-068,pivo,0.0,0.0
KRT,2025-09-28,KRT-069,pivo,0.0,0.0
KRT,2025-09-28,KRT-070,pivo,0.0,0.0
KRT,2025-09-28,KRT-071,pivo,0.0,0.0
KRT,2025-09-28,KRT-072,pivo,0.0,0.0
KRT,2025-09-28,KRT-073,pivo,0.0,0.0
KRT,2025-09-28,KRT-074,pivo,0.0,0.0
KRT,2025-09-27,KRT-001,pivo,0.0,0.0
KRT,2025-09-27,KRT-001B,pivo_secundario,0.0,0.0
KRT,2025-09-27,KRT-002,pivo,0.0,0.0
KRT,2025-09-27,KRT-002B,pivo_secundario,0.0,0.0
KRT,2025-09-27,KRT-003,pivo,0.0,0.0
KRT,2025-09-27,KRT-004,pivo,0.0,0.0
KRT,2025-09-27,KRT-004B,pivo_secundario,0.0,0.0
KRT,2025-09-27,KRT-005,pivo,0.0,0.0
KRT,2025-09-27,KRT-006B,pivo_secundario,0.0,0.0
KRT,2025-09-27,KRT-006,pivo,0.0,0.0
KRT,2025-09-27,KRT-007B,pivo_secundario,0.0,0.0
KRT,2025-09-27,KRT-007,pivo,0.0,0.0
KRT,2025-09-27,KRT-008,pivo,0.0,0.0
KRT,2025-09-27,KRT-009,pivo,0.0,0.0
KRT,2025-09-27,KRT-010,pivo,0.0,0.0
KRT,2025-09-27,KRT-011,pivo,0.0,0.0
KRT,2025-09-27,KRT-012,pivo,0.0,0.0
KRT,2025-09-27,KRT-013,pivo,0.0,0.0
KRT,2025-09-27,KRT-014,pivo,0.0,0.0
KRT,2025-09-27,KRT-015,pivo,0.0,0.0
KRT,2025-09-27,KRT-016,pivo,0.0,0.0
KRT,2025-09-27,KRT-017,pivo,0.0,0.0
KRT,2025-09-27,KRT-018,pivo,0.0,0.0
KRT,2025-09-27,KRT-019,pivo,0.0,0.0
KRT,2025-09-27,KRT-020,pivo,0.0,0.0
KRT,2025-09-27,KRT-021,pivo,0.0,0.0
KRT,2025-09-27,KRT-022,pivo,0.0,0.0
KRT,2025-09-27,KRT-023,pivo,0.0,0.0
KRT,2025-09-27,KRT-024,pivo,0.0,0.0
KRT,2025-09-27,KRT-025,pivo,0.0,0.0
KRT,2025-09-27,KRT-026,pivo,0.0,0.0
KRT,2025-09-27,KRT-027,pivo,0.0,0.0
KRT,2025-09-27,KRT-028,pivo,0.0,0.0
KRT,2025-09-27,KRT-029,pivo,0.0,0.0
KRT,2025-09-27,KRT-030,pivo,0.0,0.0
KRT,2025-09-27,KRT-031,pivo,0.0,0.0
KRT,2025-09-27,KRT-032,pivo,0.0,0.0
KRT,2025-09-27,KRT-033,pivo,0.0,0.0
KRT,2025-09-27,KRT-034,pivo,0.0,0.0
KRT,2025-09-27,KRT-035,pivo,0.0,0.0
KRT,2025-09-27,KRT-036,pivo,0.0,0.0
KRT,2025-09-27,KRT-037,pivo,0.0,0.0
KRT,2025-09-27,KRT-038,pivo,0.0,0.0
KRT,2025-09-27,KRT-039,pivo,0.0,0.0
KRT,2025-09-27,KRT-040,pivo,0.0,0.0
KRT,2025-09-27,KRT-041,pivo,0.0,0.0
KRT,2025-09-27,KRT-042,pivo,0.0,0.0
KRT,2025-09-27,KRT-043,pivo,0.0,0.0
KRT,2025-09-27,KRT-044,pivo,0.0,0.0
KRT,2025-09-27,KRT-045,pivo,0.0,0.0
KRT,2025-09-27,KRT-046,pivo,0.0,0.0
KRT,2025-09-27,KRT-047,pivo,0.0,0.0
KRT,2025-09-27,KRT-048,pivo,0.0,0.0
KRT,2025-09-27,KRT-049,pivo,0.0,0.0
KRT,2025-09-27,KRT-050,pivo,0.0,0.0
KRT,2025-09-27,KRT-051,pivo,0.0,0.0
KRT,2025-09-27,KRT-052,pivo,0.0,0.0
KRT,2025-09-27,KRT-053,pivo,0.0,0.0
KRT,2025-09-27,KRT-054,pivo,0.25,0.25
KRT,2025-09-27,KRT-055,pivo,0.0,0.0
KRT,2025-09-27,KRT-056,pivo,0.0,0.0
KRT,2025-09-27,KRT-057,pivo,0.0,0.0
KRT,2025-09-27,KRT-058,pivo,0.0,0.0
KRT,2025-09-27,KRT-059,pivo,0.0,0.0
KRT,2025-09-27,KRT-060,pivo,1.78,1.78
KRT,2025-09-27,KRT-061,pivo,0.0,0.0
KRT,2025-09-27,KRT-062,pivo,0.0,0.0
KRT,2025-09-27,KRT-063,pivo,0.0,0.0
KRT,2025-09-27,KRT-064,pivo,0.0,0.0
KRT,2025-09-27,KRT-065,pivo,0.0,0.0
KRT,2025-09-27,KRT-066,pivo,0.0,0.0
KRT,2025-09-27,KRT-067,pivo,0.0,0.0
KRT,2025-09-27,KRT-068,pivo,0.0,0.0
KRT,2025-09-27,KRT-069,pivo,0.0,0.0
KRT,2025-09-27,KRT-070,pivo,0.0,0.0
KRT,2025-09-27,KRT-071,pivo,0.0,0.0
KRT,2025-09-27,KRT-072,pivo,0.0,0.0
KRT,2025-09-27,KRT-073,pivo,0.0,0.0
KRT,2025-09-27,KRT-074,pivo,0.0,0.0
KRT,2025-09-26,KRT-001,pivo,0.0,0.0
KRT,2025-09-26,KRT-001B,pivo_secundario,0.0,0.0
KRT,2025-09-26,KRT-002,pivo,0.0,0.0
KRT,2025-09-26,KRT-002B,pivo_secundario,0.0,0.0
KRT,2025-09-26,KRT-003,pivo,0.0,0.0
KRT,2025-09-26,KRT-004,pivo,0.0,0.0
KRT,2025-09-26,KRT-004B,pivo_secundario,0.0,0.0
KRT,2025-09-26,KRT-005,pivo,0.0,0.0
KRT,2025-09-26,KRT-006B,pivo_secundario,0.0,0.0
KRT,2025-09-26,KRT-006,pivo,0.0,0.0
KRT,2025-09-26,KRT-007B,pivo_secundario,0.0,0.0
KRT,2025-09-26,KRT-007,pivo,0.0,0.0
KRT,2025-09-26,KRT-008,pivo,0.0,0.0
KRT,2025-09-26,KRT-009,pivo,0.0,0.0
KRT,2025-09-26,KRT-010,pivo,0.0,0.0
KRT,2025-09-26,KRT-011,pivo,0.0,0.0
KRT,2025-09-26,KRT-012,pivo,0.0,0.0
KRT,2025-09-26,KRT-013,pivo,0.0,0.0
KRT,2025-09-26,KRT-014,pivo,0.0,0.0
KRT,2025-09-26,KRT-015,pivo,0.0,0.0
KRT,2025-09-26,KRT-016,pivo,0.0,0.0
KRT,2025-09-26,KRT-017,pivo,0.0,0.0
KRT,2025-09-26,KRT-018,pivo,0.0,0.0
KRT,2025-09-26,KRT-019,pivo,0.0,0.0
KRT,2025-09-26,KRT-020,pivo,0.0,0.0
KRT,2025-09-26,KRT-021,pivo,0.0,0.0
KRT,2025-09-26,KRT-022,pivo,0.0,0.0
KRT,2025-09-26,KRT-023,pivo,0.0,0.0
KRT,2025-09-26,KRT-024,pivo,0.0,0.0
KRT,2025-09-26,KRT-025,pivo,0.0,0.0
KRT,2025-09-26,KRT-026,pivo,0.0,0.0
KRT,2025-09-26,KRT-027,pivo,0.0,0.0
KRT,2025-09-26,KRT-028,pivo,0.0,0.0
KRT,2025-09-26,KRT-029,pivo,0.0,0.0
KRT,2025-09-26,KRT-030,pivo,0.0,0.0
KRT,2025-09-26,KRT-031,pivo,0.0,0.0
KRT,2025-09-26,KRT-032,pivo,0.0,0.0
KRT,2025-09-26,KRT-033,pivo,0.0,0.0
KRT,2025-09-26,KRT-034,pivo,0.0,0.0
KRT,2025-09-26,KRT-035,pivo,0.0,0.0
KRT,2025-09-26,KRT-036,pivo,0.0,0.0
KRT,2025-09-26,KRT-037,pivo,0.0,0.0
KRT,2025-09-26,KRT-038,pivo,0.0,0.0
KRT,2025-09-26,KRT-039,pivo,0.0,0.0
KRT,2025-09-26,KRT-040,pivo,0.0,0.0
KRT,2025-09-26,KRT-041,pivo,0.0,0.0
KRT,2025-09-26,KRT-042,pivo,0.0,0.0
KRT,2025-09-26,KRT-043,pivo,0.0,0.0
KRT,2025-09-26,KRT-044,pivo,0.0,0.0
KRT,2025-09-26,KRT-045,pivo,0.0,0.0
KRT,2025-09-26,KRT-046,pivo,0.0,0.0
KRT,2025-09-26,KRT-047,pivo,0.0,0.0
KRT,2025-09-26,KRT-048,pivo,0.0,0.0
KRT,2025-09-26,KRT-049,pivo,0.0,0.0
KRT,2025-09-26,KRT-050,pivo,0.0,0.0
KRT,2025-09-26,KRT-051,pivo,0.0,0.0
KRT,2025-09-26,KRT-052,pivo,0.0,0.0
KRT,2025-09-26,KRT-053,pivo,0.0,0.0
KRT,2025-09-26,KRT-054,pivo,0.76,0.76
KRT,2025-09-26,KRT-055,pivo,0.0,0.0
KRT,2025-09-26,KRT-056,pivo,0.0,0.0
KRT,2025-09-26,KRT-057,pivo,0.0,0.0
KRT,2025-09-26,KRT-058,pivo,0.0,0.0
KRT,2025-09-26,KRT-059,pivo,0.0,0.0
KRT,2025-09-26,KRT-060,pivo,1.52,1.52
KRT,2025-09-26,KRT-061,pivo,0.0,0.0
KRT,2025-09-26,KRT-062,pivo,0.0,0.0
KRT,2025-09-26,KRT-063,pivo,0.0,0.0
KRT,2025-09-26,KRT-064,pivo,0.0,0.0
KRT,2025-09-26,KRT-065,pivo,0.0,0.0
KRT,2025-09-26,KRT-066,pivo,0.0,0.0
KRT,2025-09-26,KRT-067,pivo,0.0,0.0
KRT,2025-09-26,KRT-068,pivo,0.0,0.0
KRT,2025-09-26,KRT-069,pivo,0.0,0.0
KRT,2025-09-26,KRT-070,pivo,0.0,0.0
KRT,2025-09-26,KRT-071,pivo,0.0,0.0
KRT,2025-09-26,KRT-072,pivo,0.0,0.0
KRT,2025-09-26,KRT-073,pivo,0.0,0.0
KRT,2025-09-26,KRT-074,pivo,0.0,0.0
KRT,2025-09-25,KRT-001,pivo,0.0,0.0
KRT,2025-09-25,KRT-001B,pivo_secundario,0.0,0.0
KRT,2025-09-25,KRT-002,pivo,0.0,0.0
KRT,2025-09-25,KRT-002B,pivo_secundario,0.0,0.0
KRT,2025-09-25,KRT-003,pivo,0.0,0.0
KRT,2025-09-25,KRT-004,pivo,0.0,0.0
KRT,2025-09-25,KRT-004B,pivo_secundario,0.0,0.0
KRT,2025-09-25,KRT-005,pivo,0.0,0.0
KRT,2025-09-25,KRT-006B,pivo_secundario,0.0,0.0
KRT,2025-09-25,KRT-006,pivo,0.0,0.0
KRT,2025-09-25,KRT-007B,pivo_secundario,0.0,0.0
KRT,2025-09-25,KRT-007,pivo,0.0,0.0
KRT,2025-09-25,KRT-008,pivo,0.0,0.0
KRT,2025-09-25,KRT-009,pivo,0.0,0.0
KRT,2025-09-25,KRT-010,pivo,0.0,0.0
KRT,2025-09-25,KRT-011,pivo,0.0,0.0
KRT,2025-09-25,KRT-012,pivo,0.0,0.0
KRT,2025-09-25,KRT-013,pivo,0.0,0.0
KRT,2025-09-25,KRT-014,pivo,0.0,0.0
KRT,2025-09-25,KRT-015,pivo,0.0,0.0
KRT,2025-09-25,KRT-016,pivo,0.0,0.0
KRT,2025-09-25,KRT-017,pivo,0.0,0.0
KRT,2025-09-25,KRT-018,pivo,0.0,0.0
KRT,2025-09-25,KRT-019,pivo,0.0,0.0
KRT,2025-09-25,KRT-020,pivo,0.0,0.0
KRT,2025-09-25,KRT-021,pivo,0.0,0.0
KRT,2025-09-25,KRT-022,pivo,0.0,0.0
KRT,2025-09-25,KRT-023,pivo,0.0,0.0
KRT,2025-09-25,KRT-024,pivo,0.0,0.0
KRT,2025-09-25,KRT-025,pivo,0.0,0.0
KRT,2025-09-25,KRT-026,pivo,0.0,0.0
KRT,2025-09-25,KRT-027,pivo,0.0,0.0
KRT,2025-09-25,KRT-028,pivo,0.0,0.0
KRT,2025-09-25,KRT-029,pivo,0.0,0.0
KRT,2025-09-25,KRT-030,pivo,0.0,0.0
KRT,2025-09-25,KRT-031,pivo,0.0,0.0
KRT,2025-09-25,KRT-032,pivo,0.0,0.0
KRT,2025-09-25,KRT-033,pivo,0.0,0.0
KRT,2025-09-25,KRT-034,pivo,0.0,0.0
KRT,2025-09-25,KRT-035,pivo,0.0,0.0
KRT,2025-09-25,KRT-036,pivo,0.0,0.0
KRT,2025-09-25,KRT-037,pivo,0.0,0.0
KRT,2025-09-25,KRT-038,pivo,0.0,0.0
KRT,2025-09-25,KRT-039,pivo,0.0,0.0
KRT,2025-09-25,KRT-040,pivo,0.0,0.0
KRT,2025-09-25,KRT-041,pivo,0.0,0.0
KRT,2025-09-25,KRT-042,pivo,0.0,0.0
KRT,2025-09-25,KRT-043,pivo,0.0,0.0
KRT,2025-09-25,KRT-044,pivo,0.0,0.0
KRT,2025-09-25,KRT-045,pivo,0.0,0.0
KRT,2025-09-25,KRT-046,pivo,0.0,0.0
KRT,2025-09-25,KRT-047,pivo,0.0,0.0
KRT,2025-09-25,KRT-048,pivo,0.0,0.0
KRT,2025-09-25,KRT-049,pivo,0.0,0.0
KRT,2025-09-25,KRT-050,pivo,0.0,0.0
KRT,2025-09-25,KRT-051,pivo,0.0,0.0
KRT,2025-09-25,KRT-052,pivo,0.0,0.0
KRT,2025-09-25,KRT-053,pivo,0.0,0.0
KRT,2025-09-25,KRT-054,pivo,1.02,1.02
KRT,2025-09-25,KRT-055,pivo,0.0,0.0
KRT,2025-09-25,KRT-056,pivo,0.0,0.0
KRT,2025-09-25,KRT-057,pivo,0.0,0.0
KRT,2025-09-25,KRT-058,pivo,0.0,0.0
KRT,2025-09-25,KRT-059,pivo,0.0,0.0
KRT,2025-09-25,KRT-060,pivo,0.0,0.0
KRT,2025-09-25,KRT-061,pivo,0.0,0.0
KRT,2025-09-25,KRT-062,pivo,0.0,0.0
KRT,2025-09-25,KRT-063,pivo,0.0,0.0
KRT,2025-09-25,KRT-064,pivo,0.0,0.0
KRT,2025-09-25,KRT-065,pivo,0.0,0.0
KRT,2025-09-25,KRT-066,pivo,0.0,0.0
KRT,2025-09-25,KRT-067,pivo,0.0,0.0
KRT,2025-09-25,KRT-068,pivo,0.0,0.0
KRT,2025-09-25,KRT-069,pivo,0.0,0.0
KRT,2025-09-25,KRT-070,pivo,0.0,0.0
KRT,2025-09-25,KRT-071,pivo,0.0,0.0
KRT,2025-09-25,KRT-072,pivo,0.0,0.0
KRT,2025-09-25,KRT-073,pivo,0.0,0.0
KRT,2025-09-25,KRT-074,pivo,0.0,0.0
KRT,2025-09-24,KRT-001,pivo,0.0,0.0
KRT,2025-09-24,KRT-001B,pivo_secundario,0.0,0.0
KRT,2025-09-24,KRT-002,pivo,0.0,0.0
KRT,2025-09-24,KRT-002B,pivo_secundario,0.0,0.0
KRT,2025-09-24,KRT-003,pivo,0.0,0.0
KRT,2025-09-24,KRT-004,pivo,0.0,0.0
KRT,2025-09-24,KRT-004B,pivo_secundario,0.0,0.0
KRT,2025-09-24,KRT-005,pivo,0.0,0.0
KRT,2025-09-24,KRT-006B,pivo_secundario,0.0,0.0
KRT,2025-09-24,KRT-006,pivo,0.0,0.0
KRT,2025-09-24,KRT-007B,pivo_secundario,0.0,0.0
KRT,2025-09-24,KRT-007,pivo,0.0,0.0
KRT,2025-09-24,KRT-008,pivo,0.0,0.0
KRT,2025-09-24,KRT-009,pivo,0.0,0.0
KRT,2025-09-24,KRT-010,pivo,0.0,0.0
KRT,2025-09-24,KRT-011,pivo,0.0,0.0
KRT,2025-09-24,KRT-012,pivo,0.0,0.0
KRT,2025-09-24,KRT-013,pivo,0.0,0.0
KRT,2025-09-24,KRT-014,pivo,0.0,0.0
KRT,2025-09-24,KRT-015,pivo,0.0,0.0
KRT,2025-09-24,KRT-016,pivo,0.0,0.0
KRT,2025-09-24,KRT-017,pivo,0.0,0.0
KRT,2025-09-24,KRT-018,pivo,0.0,0.0
KRT,2025-09-24,KRT-019,pivo,0.0,0.0
KRT,2025-09-24,KRT-020,pivo,0.0,0.0
KRT,2025-09-24,KRT-021,pivo,0.0,0.0
KRT,2025-09-24,KRT-022,pivo,0.0,0.0
KRT,2025-09-24,KRT-023,pivo,0.0,0.0
KRT,2025-09-24,KRT-024,pivo,0.0,0.0
KRT,2025-09-24,KRT-025,pivo,0.0,0.0
KRT,2025-09-24,KRT-026,pivo,0.0,0.0
KRT,2025-09-24,KRT-027,pivo,0.0,0.0
KRT,2025-09-24,KRT-028,pivo,0.0,0.0
KRT,2025-09-24,KRT-029,pivo,0.0,0.0
KRT,2025-09-24,KRT-030,pivo,0.0,0.0
KRT,2025-09-24,KRT-031,pivo,0.0,0.0
KRT,2025-09-24,KRT-032,pivo,0.0,0.0
KRT,2025-09-24,KRT-033,pivo,0.0,0.0
KRT,2025-09-24,KRT-034,pivo,0.0,0.0
KRT,2025-09-24,KRT-035,pivo,0.0,0.0
KRT,2025-09-24,KRT-036,pivo,0.0,0.0
KRT,2025-09-24,KRT-037,pivo,0.0,0.0
KRT,2025-09-24,KRT-038,pivo,0.0,0.0
KRT,2025-09-24,KRT-039,pivo,0.0,0.0
KRT,2025-09-24,KRT-040,pivo,0.0,0.0
KRT,2025-09-24,KRT-041,pivo,0.0,0.0
KRT,2025-09-24,KRT-042,pivo,0.0,0.0
KRT,2025-09-24,KRT-043,pivo,0.0,0.0
KRT,2025-09-24,KRT-044,pivo,0.0,0.0
KRT,2025-09-24,KRT-045,pivo,0.0,0.0
KRT,2025-09-24,KRT-046,pivo,0.0,0.0
KRT,2025-09-24,KRT-047,pivo,0.0,0.0
KRT,2025-09-24,KRT-048,pivo,0.0,0.0
KRT,2025-09-24,KRT-049,pivo,0.0,0.0
KRT,2025-09-24,KRT-050,pivo,0.0,0.0
KRT,2025-09-24,KRT-051,pivo,0.0,0.0
KRT,2025-09-24,KRT-052,pivo,0.0,0.0
KRT,2025-09-24,KRT-053,pivo,0.0,0.0
KRT,2025-09-24,KRT-054,pivo,7.62,7.62
KRT,2025-09-24,KRT-055,pivo,0.0,0.0
KRT,2025-09-24,KRT-056,pivo,0.0,0.0
KRT,2025-09-24,KRT-057,pivo,0.0,0.0
KRT,2025-09-24,KRT-058,pivo,0.0,0.0
KRT,2025-09-24,KRT-059,pivo,0.0,0.0
KRT,2025-09-24,KRT-060,pivo,0.0,0.0
KRT,2025-09-24,KRT-061,pivo,0.0,0.0
KRT,2025-09-24,KRT-062,pivo,0.0,0.0
KRT,2025-09-24,KRT-063,pivo,0.0,0.0
KRT,2025-09-24,KRT-064,pivo,0.0,0.0
KRT,2025-09-24,KRT-065,pivo,0.0,0.0
KRT,2025-09-24,KRT-066,pivo,0.0,0.0
KRT,2025-09-24,KRT-067,pivo,0.0,0.0
KRT,2025-09-24,KRT-068,pivo,0.0,0.0
KRT,2025-09-24,KRT-069,pivo,0.0,0.0
KRT,2025-09-24,KRT-070,pivo,0.0,0.0
KRT,2025-09-24,KRT-071,pivo,0.0,0.0
KRT,2025-09-24,KRT-072,pivo,0.0,0.0
KRT,2025-09-24,KRT-073,pivo,0.0,0.0
KRT,2025-09-24,KRT-074,pivo,0.0,0.0
KRT,2025-09-23,KRT-001,pivo,0.0,0.0
KRT,2025-09-23,KRT-001B,pivo_secundario,0.0,0.0
KRT,2025-09-23,KRT-002,pivo,0.0,0.0
KRT,2025-09-23,KRT-002B,pivo_secundario,0.0,0.0
KRT,2025-09-23,KRT-003,pivo,0.0,0.0
KRT,2025-09-23,KRT-004,pivo,0.0,0.0
KRT,2025-09-23,KRT-004B,pivo_secundario,0.0,0.0
KRT,2025-09-23,KRT-005,pivo,0.0,0.0
KRT,2025-09-23,KRT-006B,pivo_secundario,0.0,0.0
KRT,2025-09-23,KRT-006,pivo,0.0,0.0
KRT,2025-09-23,KRT-007B,pivo_secundario,0.0,0.0
KRT,2025-09-23,KRT-007,pivo,0.0,0.0
KRT,2025-09-23,KRT-008,pivo,0.0,0.0
KRT,2025-09-23,KRT-009,pivo,0.0,0.0
KRT,2025-09-23,KRT-010,pivo,0.25,0.25
KRT,2025-09-23,KRT-011,pivo,0.0,0.0
KRT,2025-09-23,KRT-012,pivo,0.0,0.0
KRT,2025-09-23,KRT-013,pivo,0.0,0.0
KRT,2025-09-23,KRT-014,pivo,0.0,0.0
KRT,2025-09-23,KRT-015,pivo,0.0,0.0
KRT,2025-09-23,KRT-016,pivo,0.0,0.0
KRT,2025-09-23,KRT-017,pivo,0.25,0.25
KRT,2025-09-23,KRT-018,pivo,0.25,0.25
KRT,2025-09-23,KRT-019,pivo,0.0,0.0
KRT,2025-09-23,KRT-020,pivo,0.0,0.0
KRT,2025-09-23,KRT-021,pivo,0.0,0.0
KRT,2025-09-23,KRT-022,pivo,0.0,0.0
KRT,2025-09-23,KRT-023,pivo,0.0,0.0
KRT,2025-09-23,KRT-024,pivo,0.0,0.0
KRT,2025-09-23,KRT-025,pivo,0.0,0.0
KRT,2025-09-23,KRT-026,pivo,0.0,0.0
KRT,2025-09-23,KRT-027,pivo,0.0,0.0
KRT,2025-09-23,KRT-028,pivo,0.0,0.0
KRT,2025-09-23,KRT-029,pivo,0.0,0.0
KRT,2025-09-23,KRT-030,pivo,0.0,0.0
KRT,2025-09-23,KRT-031,pivo,0.25,0.25
KRT,2025-09-23,KRT-032,pivo,0.25,0.25
KRT,2025-09-23,KRT-033,pivo,0.25,0.25
KRT,2025-09-23,KRT-034,pivo,0.0,0.0
KRT,2025-09-23,KRT-035,pivo,0.0,0.0
KRT,2025-09-23,KRT-036,pivo,0.0,0.0
KRT,2025-09-23,KRT-037,pivo,0.0,0.0
KRT,2025-09-23,KRT-038,pivo,0.0,0.0
KRT,2025-09-23,KRT-039,pivo,0.0,0.0
KRT,2025-09-23,KRT-040,pivo,0.0,0.0
KRT,2025-09-23,KRT-041,pivo,0.0,0.0
KRT,2025-09-23,KRT-042,pivo,0.0,0.0
KRT,2025-09-23,KRT-043,pivo,0.0,0.0
KRT,2025-09-23,KRT-044,pivo,0.0,0.0
KRT,2025-09-23,KRT-045,pivo,0.0,0.0
KRT,2025-09-23,KRT-046,pivo,0.0,0.0
KRT,2025-09-23,KRT-047,pivo,0.0,0.0
KRT,2025-09-23,KRT-048,pivo,0.0,0.0
KRT,2025-09-23,KRT-049,pivo,0.0,0.0
KRT,2025-09-23,KRT-050,pivo,0.0,0.0
KRT,2025-09-23,KRT-051,pivo,0.0,0.0
KRT,2025-09-23,KRT-052,pivo,0.25,0.25
KRT,2025-09-23,KRT-053,pivo,0.0,0.0
KRT,2025-09-23,KRT-054,pivo,0.0,0.0
KRT,2025-09-23,KRT-055,pivo,0.0,0.0
KRT,2025-09-23,KRT-056,pivo,0.0,0.0
KRT,2025-09-23,KRT-057,pivo,0.0,0.0
KRT,2025-09-23,KRT-058,pivo,0.0,0.0
KRT,2025-09-23,KRT-059,pivo,0.0,0.0
KRT,2025-09-23,KRT-060,pivo,0.0,0.0
KRT,2025-09-23,KRT-061,pivo,0.0,0.0
KRT,2025-09-23,KRT-062,pivo,0.0,0.0
KRT,2025-09-23,KRT-063,pivo,0.0,0.0
KRT,2025-09-23,KRT-064,pivo,0.0,0.0
KRT,2025-09-23,KRT-065,pivo,0.0,0.0
KRT,2025-09-23,KRT-066,pivo,0.0,0.0
KRT,2025-09-23,KRT-067,pivo,0.0,0.0
KRT,2025-09-23,KRT-068,pivo,0.21,0.21
KRT,2025-09-23,KRT-069,pivo,0.0,0.0
KRT,2025-09-23,KRT-070,pivo,0.0,0.0
KRT,2025-09-23,KRT-071,pivo,0.0,0.0
KRT,2025-09-23,KRT-072,pivo,0.0,0.0
KRT,2025-09-23,KRT-073,pivo,0.0,0.0
KRT,2025-09-23,KRT-074,pivo,0.0,0.0
KRT,2025-09-22,KRT-001,pivo,0.0,0.0
KRT,2025-09-22,KRT-001B,pivo_secundario,0.0,0.0
KRT,2025-09-22,KRT-002,pivo,0.0,0.0
KRT,2025-09-22,KRT-002B,pivo_secundario,0.23,0.23
KRT,2025-09-22,KRT-003,pivo,0.0,0.0
KRT,2025-09-22,KRT-004,pivo,0.0,0.0
KRT,2025-09-22,KRT-004B,pivo_secundario,0.0,0.0
KRT,2025-09-22,KRT-005,pivo,0.75,0.75
KRT,2025-09-22,KRT-006B,pivo_secundario,0.0,0.0
KRT,2025-09-22,KRT-006,pivo,0.0,0.0
KRT,2025-09-22,KRT-007B,pivo_secundario,0.0,0.0
KRT,2025-09-22,KRT-007,pivo,0.51,0.51
KRT,2025-09-22,KRT-008,pivo,1.02,1.02
KRT,2025-09-22,KRT-009,pivo,0.25,0.25
KRT,2025-09-22,KRT-010,pivo,0.51,0.51
KRT,2025-09-22,KRT-011,pivo,0.0,0.0
KRT,2025-09-22,KRT-012,pivo,0.0,0.0
KRT,2025-09-22,KRT-013,pivo,0.0,0.0
KRT,2025-09-22,KRT-014,pivo,0.0,0.0
KRT,2025-09-22,KRT-015,pivo,0.25,0.25
KRT,2025-09-22,KRT-016,pivo,0.0,0.0
KRT,2025-09-22,KRT-017,pivo,0.0,0.0
KRT,2025-09-22,KRT-018,pivo,0.0,0.0
KRT,2025-09-22,KRT-019,pivo,0.0,0.0
KRT,2025-09-22,KRT-020,pivo,0.0,0.0
KRT,2025-09-22,KRT-021,pivo,0.0,0.0
KRT,2025-09-22,KRT-022,pivo,0.0,0.0
KRT,2025-09-22,KRT-023,pivo,0.0,0.0
KRT,2025-09-22,KRT-024,pivo,0.0,0.0
KRT,2025-09-22,KRT-025,pivo,0.0,0.0
KRT,2025-09-22,KRT-026,pivo,0.0,0.0
KRT,2025-09-22,KRT-027,pivo,0.0,0.0
KRT,2025-09-22,KRT-028,pivo,0.0,0.0
KRT,2025-09-22,KRT-029,pivo,0.0,0.0
KRT,2025-09-22,KRT-030,pivo,0.0,0.0
KRT,2025-09-22,KRT-031,pivo,0.0,0.0
KRT,2025-09-22,KRT-032,pivo,0.0,0.0
KRT,2025-09-22,KRT-033,pivo,0.0,0.0
KRT,2025-09-22,KRT-034,pivo,0.0,0.0
KRT,2025-09-22,KRT-035,pivo,0.0,0.0
KRT,2025-09-22,KRT-036,pivo,0.0,0.0
KRT,2025-09-22,KRT-037,pivo,0.0,0.0
KRT,2025-09-22,KRT-038,pivo,0.0,0.0
KRT,2025-09-22,KRT-039,pivo,0.0,0.0
KRT,2025-09-22,KRT-040,pivo,0.0,0.0
KRT,2025-09-22,KRT-041,pivo,0.0,0.0
KRT,2025-09-22,KRT-042,pivo,0.0,0.0
KRT,2025-09-22,KRT-043,pivo,0.0,0.0
KRT,2025-09-22,KRT-044,pivo,0.0,0.0
KRT,2025-09-22,KRT-045,pivo,0.0,0.0
KRT,2025-09-22,KRT-046,pivo,0.0,0.0
KRT,2025-09-22,KRT-047,pivo,0.0,0.0
KRT,2025-09-22,KRT-048,pivo,0.0,0.0
KRT,2025-09-22,KRT-049,pivo,0.0,0.0
KRT,2025-09-22,KRT-050,pivo,0.0,0.0
KRT,2025-09-22,KRT-051,pivo,0.0,0.0
KRT,2025-09-22,KRT-052,pivo,0.0,0.0
KRT,2025-09-22,KRT-053,pivo,0.0,0.0
KRT,2025-09-22,KRT-054,pivo,0.0,0.0
KRT,2025-09-22,KRT-055,pivo,0.0,0.0
KRT,2025-09-22,KRT-056,pivo,0.0,0.0
KRT,2025-09-22,KRT-057,pivo,0.0,0.0
KRT,2025-09-22,KRT-058,pivo,0.0,0.0
KRT,2025-09-22,KRT-059,pivo,0.0,0.0
KRT,2025-09-22,KRT-060,pivo,0.0,0.0
KRT,2025-09-22,KRT-061,pivo,0.0,0.0
KRT,2025-09-22,KRT-062,pivo,0.0,0.0
KRT,2025-09-22,KRT-063,pivo,0.0,0.0
KRT,2025-09-22,KRT-064,pivo,0.0,0.0
KRT,2025-09-22,KRT-065,pivo,0.0,0.0
KRT,2025-09-22,KRT-066,pivo,0.0,0.0
KRT,2025-09-22,KRT-067,pivo,0.0,0.0
KRT,2025-09-22,KRT-068,pivo,0.0,0.0
KRT,2025-09-22,KRT-069,pivo,0.0,0.0
KRT,2025-09-22,KRT-070,pivo,0.2,0.2
KRT,2025-09-22,KRT-071,pivo,0.0,0.0
KRT,2025-09-22,KRT-072,pivo,0.19,0.19
KRT,2025-09-22,KRT-073,pivo,0.25,0.25
KRT,2025-09-22,KRT-074,pivo,0.0,0.0
KRT,2025-09-21,KRT-001,pivo,0.0,0.0
KRT,2025-09-21,KRT-001B,pivo_secundario,0.0,0.0
KRT,2025-09-21,KRT-002,pivo,0.0,0.0
KRT,2025-09-21,KRT-002B,pivo_secundario,0.0,0.0
KRT,2025-09-21,KRT-003,pivo,0.0,0.0
KRT,2025-09-21,KRT-004,pivo,0.0,0.0
KRT,2025-09-21,KRT-004B,pivo_secundario,0.0,0.0
KRT,2025-09-21,KRT-005,pivo,0.0,0.0
KRT,2025-09-21,KRT-006B,pivo_secundario,0.0,0.0
KRT,2025-09-21,KRT-006,pivo,0.0,0.0
KRT,2025-09-21,KRT-007B,pivo_secundario,0.0,0.0
KRT,2025-09-21,KRT-007,pivo,0.0,0.0
KRT,2025-09-21,KRT-008,pivo,0.0,0.0
KRT,2025-09-21,KRT-009,pivo,0.0,0.0
KRT,2025-09-21,KRT-010,pivo,0.0,0.0
KRT,2025-09-21,KRT-011,pivo,0.0,0.0
KRT,2025-09-21,KRT-012,pivo,0.0,0.0
KRT,2025-09-21,KRT-013,pivo,0.25,0.25
KRT,2025-09-21,KRT-014,pivo,0.0,0.0
KRT,2025-09-21,KRT-015,pivo,0.0,0.0
KRT,2025-09-21,KRT-016,pivo,0.0,0.0
KRT,2025-09-21,KRT-017,pivo,0.0,0.0
KRT,2025-09-21,KRT-018,pivo,0.0,0.0
KRT,2025-09-21,KRT-019,pivo,0.0,0.0
KRT,2025-09-21,KRT-020,pivo,0.0,0.0
KRT,2025-09-21,KRT-021,pivo,0.0,0.0
KRT,2025-09-21,KRT-022,pivo,0.0,0.0
KRT,2025-09-21,KRT-023,pivo,0.0,0.0
KRT,2025-09-21,KRT-024,pivo,0.0,0.0
KRT,2025-09-21,KRT-025,pivo,0.0,0.0
KRT,2025-09-21,KRT-026,pivo,0.0,0.0
KRT,2025-09-21,KRT-027,pivo,0.0,0.0
KRT,2025-09-21,KRT-028,pivo,0.0,0.0
KRT,2025-09-21,KRT-029,pivo,0.0,0.0
KRT,2025-09-21,KRT-030,pivo,0.0,0.0
KRT,2025-09-21,KRT-031,pivo,0.0,0.0
KRT,2025-09-21,KRT-032,pivo,0.0,0.0
KRT,2025-09-21,KRT-033,pivo,0.0,0.0
KRT,2025-09-21,KRT-034,pivo,0.0,0.0
KRT,2025-09-21,KRT-035,pivo,0.0,0.0
KRT,2025-09-21,KRT-036,pivo,0.0,0.0
KRT,2025-09-21,KRT-037,pivo,0.0,0.0
KRT,2025-09-21,KRT-038,pivo,0.0,0.0
KRT,2025-09-21,KRT-039,pivo,0.0,0.0
KRT,2025-09-21,KRT-040,pivo,0.0,0.0
KRT,2025-09-21,KRT-041,pivo,0.0,0.0
KRT,2025-09-21,KRT-042,pivo,0.0,0.0
KRT,2025-09-21,KRT-043,pivo,0.0,0.0
KRT,2025-09-21,KRT-044,pivo,0.0,0.0
KRT,2025-09-21,KRT-045,pivo,0.0,0.0
KRT,2025-09-21,KRT-046,pivo,0.0,0.0
KRT,2025-09-21,KRT-047,pivo,0.0,0.0
KRT,2025-09-21,KRT-048,pivo,0.0,0.0
KRT,2025-09-21,KRT-049,pivo,0.0,0.0
KRT,2025-09-21,KRT-050,pivo,0.0,0.0
KRT,2025-09-21,KRT-051,pivo,0.0,0.0
KRT,2025-09-21,KRT-052,pivo,0.0,0.0
KRT,2025-09-21,KRT-053,pivo,0.0,0.0
KRT,2025-09-21,KRT-054,pivo,0.0,0.0
KRT,2025-09-21,KRT-055,pivo,0.0,0.0
KRT,2025-09-21,KRT-056,pivo,0.0,0.0
KRT,2025-09-21,KRT-057,pivo,0.0,0.0
KRT,2025-09-21,KRT-058,pivo,0.0,0.0
KRT,2025-09-21,KRT-059,pivo,0.0,0.0
KRT,2025-09-21,KRT-060,pivo,0.0,0.0
KRT,2025-09-21,KRT-061,pivo,0.0,0.0
KRT,2025-09-21,KRT-062,pivo,0.0,0.0
KRT,2025-09-21,KRT-063,pivo,0.0,0.0
KRT,2025-09-21,KRT-064,pivo,0.0,0.0
KRT,2025-09-21,KRT-065,pivo,0.0,0.0
KRT,2025-09-21,KRT-066,pivo,0.0,0.0
KRT,2025-09-21,KRT-067,pivo,0.0,0.0
KRT,2025-09-21,KRT-068,pivo,0.0,0.0
KRT,2025-09-21,KRT-069,pivo,0.0,0.0
KRT,2025-09-21,KRT-070,pivo,0.0,0.0
KRT,2025-09-21,KRT-071,pivo,0.0,0.0
KRT,2025-09-21,KRT-072,pivo,0.0,0.0
KRT,2025-09-21,KRT-073,pivo,0.0,0.0
KRT,2025-09-21,KRT-074,pivo,0.0,0.0
KRT,2025-09-20,KRT-001,pivo,0.0,0.0
KRT,2025-09-20,KRT-001B,pivo_secundario,0.0,0.0
KRT,2025-09-20,KRT-002,pivo,0.0,0.0
KRT,2025-09-20,KRT-002B,pivo_secundario,0.0,0.0
KRT,2025-09-20,KRT-003,pivo,0.0,0.0
KRT,2025-09-20,KRT-004,pivo,0.0,0.0
KRT,2025-09-20,KRT-004B,pivo_secundario,0.0,0.0
KRT,2025-09-20,KRT-005,pivo,0.0,0.0
KRT,2025-09-20,KRT-006B,pivo_secundario,0.0,0.0
KRT,2025-09-20,KRT-006,pivo,0.0,0.0
KRT,2025-09-20,KRT-007B,pivo_secundario,0.0,0.0
KRT,2025-09-20,KRT-007,pivo,0.0,0.0
KRT,2025-09-20,KRT-008,pivo,0.0,0.0
KRT,2025-09-20,KRT-009,pivo,0.0,0.0
KRT,2025-09-20,KRT-010,pivo,0.0,0.0
KRT,2025-09-20,KRT-011,pivo,0.0,0.0
KRT,2025-09-20,KRT-012,pivo,0.0,0.0
KRT,2025-09-20,KRT-013,pivo,0.0,0.0
KRT,2025-09-20,KRT-014,pivo,0.0,0.0
KRT,2025-09-20,KRT-015,pivo,0.0,0.0
KRT,2025-09-20,KRT-016,pivo,0.25,0.25
KRT,2025-09-20,KRT-017,pivo,0.0,0.0
KRT,2025-09-20,KRT-018,pivo,0.0,0.0
KRT,2025-09-20,KRT-019,pivo,0.0,0.0
KRT,2025-09-20,KRT-020,pivo,0.0,0.0
KRT,2025-09-20,KRT-021,pivo,0.0,0.0
KRT,2025-09-20,KRT-022,pivo,0.0,0.0
KRT,2025-09-20,KRT-023,pivo,0.0,0.0
KRT,2025-09-20,KRT-024,pivo,0.0,0.0
KRT,2025-09-20,KRT-025,pivo,0.0,0.0
KRT,2025-09-20,KRT-026,pivo,0.0,0.0
KRT,2025-09-20,KRT-027,pivo,0.0,0.0
KRT,2025-09-20,KRT-028,pivo,0.0,0.0
KRT,2025-09-20,KRT-029,pivo,2.03,2.03
KRT,2025-09-20,KRT-030,pivo,0.0,0.0
KRT,2025-09-20,KRT-031,pivo,0.0,0.0
KRT,2025-09-20,KRT-032,pivo,0.0,0.0
KRT,2025-09-20,KRT-033,pivo,0.0,0.0
KRT,2025-09-20,KRT-034,pivo,0.0,0.0
KRT,2025-09-20,KRT-035,pivo,0.0,0.0
KRT,2025-09-20,KRT-036,pivo,0.0,0.0
KRT,2025-09-20,KRT-037,pivo,0.0,0.0
KRT,2025-09-20,KRT-038,pivo,0.0,0.0
KRT,2025-09-20,KRT-039,pivo,0.0,0.0
KRT,2025-09-20,KRT-040,pivo,0.0,0.0
KRT,2025-09-20,KRT-041,pivo,0.0,0.0
KRT,2025-09-20,KRT-042,pivo,0.0,0.0
KRT,2025-09-20,KRT-043,pivo,0.0,0.0
KRT,2025-09-20,KRT-044,pivo,0.0,0.0
KRT,2025-09-20,KRT-045,pivo,0.0,0.0
KRT,2025-09-20,KRT-046,pivo,0.0,0.0
KRT,2025-09-20,KRT-047,pivo,0.0,0.0
KRT,2025-09-20,KRT-048,pivo,0.0,0.0
KRT,2025-09-20,KRT-049,pivo,0.0,0.0
KRT,2025-09-20,KRT-050,pivo,0.0,0.0
KRT,2025-09-20,KRT-051,pivo,0.0,0.0
KRT,2025-09-20,KRT-052,pivo,0.0,0.0
KRT,2025-09-20,KRT-053,pivo,0.0,0.0
KRT,2025-09-20,KRT-054,pivo,0.0,0.0
KRT,2025-09-20,KRT-055,pivo,0.0,0.0
KRT,2025-09-20,KRT-056,pivo,0.0,0.0
KRT,2025-09-20,KRT-057,pivo,0.0,0.0
KRT,2025-09-20,KRT-058,pivo,0.0,0.0
KRT,2025-09-20,KRT-059,pivo,0.0,0.0
KRT,2025-09-20,KRT-060,pivo,0.0,0.0
KRT,2025-09-20,KRT-061,pivo,0.0,0.0
KRT,2025-09-20,KRT-062,pivo,0.0,0.0
KRT,2025-09-20,KRT-063,pivo,0.0,0.0
KRT,2025-09-20,KRT-064,pivo,0.0,0.0
KRT,2025-09-20,KRT-065,pivo,0.0,0.0
KRT,2025-09-20,KRT-066,pivo,0.0,0.0
KRT,2025-09-20,KRT-067,pivo,0.0,0.0
KRT,2025-09-20,KRT-068,pivo,0.0,0.0
KRT,2025-09-20,KRT-069,pivo,0.0,0.0
KRT,2025-09-20,KRT-070,pivo,0.0,0.0
KRT,2025-09-20,KRT-071,pivo,0.0,0.0
KRT,2025-09-20,KRT-072,pivo,0.0,0.0
KRT,2025-09-20,KRT-073,pivo,0.0,0.0
KRT,2025-09-20,KRT-074,pivo,0.0,0.0
KRT,2025-09-18,KRT-001,pivo,0.0,0.0
KRT,2025-09-18,KRT-001B,pivo_secundario,0.0,0.0
KRT,2025-09-18,KRT-002,pivo,0.0,0.0
KRT,2025-09-18,KRT-002B,pivo_secundario,0.0,0.0
KRT,2025-09-18,KRT-003,pivo,0.0,0.0
KRT,2025-09-18,KRT-004,pivo,0.0,0.0
KRT,2025-09-18,KRT-004B,pivo_secundario,0.0,0.0
KRT,2025-09-18,KRT-005,pivo,0.0,0.0
KRT,2025-09-18,KRT-006B,pivo_secundario,0.0,0.0
KRT,2025-09-18,KRT-006,pivo,0.0,0.0
KRT,2025-09-18,KRT-007B,pivo_secundario,0.0,0.0
KRT,2025-09-18,KRT-007,pivo,0.0,0.0
KRT,2025-09-18,KRT-008,pivo,0.0,0.0
KRT,2025-09-18,KRT-009,pivo,0.0,0.0
KRT,2025-09-18,KRT-010,pivo,0.0,0.0
KRT,2025-09-18,KRT-011,pivo,0.0,0.0
KRT,2025-09-18,KRT-012,pivo,0.0,0.0
KRT,2025-09-18,KRT-013,pivo,0.76,0.76
KRT,2025-09-18,KRT-014,pivo,0.25,0.25
KRT,2025-09-18,KRT-015,pivo,0.0,0.0
KRT,2025-09-18,KRT-016,pivo,0.0,0.0
KRT,2025-09-18,KRT-017,pivo,0.0,0.0
KRT,2025-09-18,KRT-018,pivo,0.0,0.0
KRT,2025-09-18,KRT-019,pivo,0.0,0.0
KRT,2025-09-18,KRT-020,pivo,0.0,0.0
KRT,2025-09-18,KRT-021,pivo,0.0,0.0
KRT,2025-09-18,KRT-022,pivo,0.0,0.0
KRT,2025-09-18,KRT-023,pivo,0.0,0.0
KRT,2025-09-18,KRT-024,pivo,0.0,0.0
KRT,2025-09-18,KRT-025,pivo,0.0,0.0
KRT,2025-09-18,KRT-026,pivo,0.0,0.0
KRT,2025-09-18,KRT-027,pivo,0.0,0.0
KRT,2025-09-18,KRT-028,pivo,0.0,0.0
KRT,2025-09-18,KRT-029,pivo,1.02,1.02
KRT,2025-09-18,KRT-030,pivo,0.0,0.0
KRT,2025-09-18,KRT-031,pivo,0.0,0.0
KRT,2025-09-18,KRT-032,pivo,0.0,0.0
KRT,2025-09-18,KRT-033,pivo,0.0,0.0
KRT,2025-09-18,KRT-034,pivo,0.0,0.0
KRT,2025-09-18,KRT-035,pivo,0.0,0.0
KRT,2025-09-18,KRT-036,pivo,0.0,0.0
KRT,2025-09-18,KRT-037,pivo,0.0,0.0
KRT,2025-09-18,KRT-038,pivo,0.0,0.0
KRT,2025-09-18,KRT-039,pivo,0.0,0.0
KRT,2025-09-18,KRT-040,pivo,0.0,0.0
KRT,2025-09-18,KRT-041,pivo,0.0,0.0
KRT,2025-09-18,KRT-042,pivo,0.0,0.0
KRT,2025-09-18,KRT-043,pivo,0.0,0.0
KRT,2025-09-18,KRT-044,pivo,0.25,0.25
KRT,2025-09-18,KRT-045,pivo,0.0,0.0
KRT,2025-09-18,KRT-046,pivo,0.0,0.0
KRT,2025-09-18,KRT-047,pivo,0.0,0.0
KRT,2025-09-18,KRT-048,pivo,0.0,0.0
KRT,2025-09-18,KRT-049,pivo,0.0,0.0
KRT,2025-09-18,KRT-050,pivo,0.0,0.0
KRT,2025-09-18,KRT-051,pivo,3.56,3.56
KRT,2025-09-18,KRT-052,pivo,0.0,0.0
KRT,2025-09-18,KRT-053,pivo,0.0,0.0
KRT,2025-09-18,KRT-054,pivo,0.0,0.0
KRT,2025-09-18,KRT-055,pivo,0.0,0.0
KRT,2025-09-18,KRT-056,pivo,0.0,0.0
KRT,2025-09-18,KRT-057,pivo,0.0,0.0
KRT,2025-09-18,KRT-058,pivo,0.0,0.0
KRT,2025-09-18,KRT-059,pivo,0.0,0.0
KRT,2025-09-18,KRT-060,pivo,0.0,0.0
KRT,2025-09-18,KRT-061,pivo,0.0,0.0
KRT,2025-09-18,KRT-062,pivo,0.0,0.0
KRT,2025-09-18,KRT-063,pivo,0.0,0.0
KRT,2025-09-18,KRT-064,pivo,0.0,0.0
KRT,2025-09-18,KRT-065,pivo,0.0,0.0
KRT,2025-09-18,KRT-066,pivo,0.0,0.0
KRT,2025-09-18,KRT-067,pivo,0.0,0.0
KRT,2025-09-18,KRT-068,pivo,0.0,0.0
KRT,2025-09-18,KRT-069,pivo,0.0,0.0
KRT,2025-09-18,KRT-070,pivo,0.0,0.0
KRT,2025-09-18,KRT-071,pivo,0.0,0.0
KRT,2025-09-18,KRT-072,pivo,0.0,0.0
KRT,2025-09-18,KRT-073,pivo,0.0,0.0
KRT,2025-09-18,KRT-074,pivo,0.0,0.0
KRT,2025-09-17,KRT-001,pivo,0.0,0.0
KRT,2025-09-17,KRT-001B,pivo_secundario,0.0,0.0
KRT,2025-09-17,KRT-002,pivo,0.0,0.0
KRT,2025-09-17,KRT-002B,pivo_secundario,0.0,0.0
KRT,2025-09-17,KRT-003,pivo,0.0,0.0
KRT,2025-09-17,KRT-004,pivo,0.0,0.0
KRT,2025-09-17,KRT-004B,pivo_secundario,0.0,0.0
KRT,2025-09-17,KRT-005,pivo,0.0,0.0
KRT,2025-09-17,KRT-006B,pivo_secundario,0.19,0.19
KRT,2025-09-17,KRT-006,pivo,0.0,0.0
KRT,2025-09-17,KRT-007B,pivo_secundario,2.09,2.09
KRT,2025-09-17,KRT-007,pivo,0.0,0.0
KRT,2025-09-17,KRT-008,pivo,0.0,0.0
KRT,2025-09-17,KRT-009,pivo,0.0,0.0
KRT,2025-09-17,KRT-010,pivo,0.25,0.25
KRT,2025-09-17,KRT-011,pivo,0.25,0.25
KRT,2025-09-17,KRT-012,pivo,0.0,0.0
KRT,2025-09-17,KRT-013,pivo,0.51,0.51
KRT,2025-09-17,KRT-014,pivo,5.33,5.33
KRT,2025-09-17,KRT-015,pivo,0.0,0.0
KRT,2025-09-17,KRT-016,pivo,0.25,0.25
KRT,2025-09-17,KRT-017,pivo,0.0,0.0
KRT,2025-09-17,KRT-018,pivo,0.0,0.0
KRT,2025-09-17,KRT-019,pivo,0.25,0.25
KRT,2025-09-17,KRT-020,pivo,0.51,0.51
KRT,2025-09-17,KRT-021,pivo,2.29,2.29
KRT,2025-09-17,KRT-022,pivo,0.51,0.51
KRT,2025-09-17,KRT-023,pivo,4.06,4.06
KRT,2025-09-17,KRT-024,pivo,0.0,0.0
KRT,2025-09-17,KRT-025,pivo,0.51,0.51
KRT,2025-09-17,KRT-026,pivo,0.0,0.0
KRT,2025-09-17,KRT-027,pivo,0.0,0.0
KRT,2025-09-17,KRT-028,pivo,0.0,0.0
KRT,2025-09-17,KRT-029,pivo,1.52,1.52
KRT,2025-09-17,KRT-030,pivo,0.0,0.0
KRT,2025-09-17,KRT-031,pivo,0.0,0.0
KRT,2025-09-17,KRT-032,pivo,0.25,0.25
KRT,2025-09-17,KRT-033,pivo,0.0,0.0
KRT,2025-09-17,KRT-034,pivo,0.0,0.0
KRT,2025-09-17,KRT-035,pivo,0.0,0.0
KRT,2025-09-17,KRT-036,pivo,0.0,0.0
KRT,2025-09-17,KRT-037,pivo,0.0,0.0
KRT,2025-09-17,KRT-038,pivo,0.0,0.0
KRT,2025-09-17,KRT-039,pivo,0.0,0.0
KRT,2025-09-17,KRT-040,pivo,0.0,0.0
KRT,2025-09-17,KRT-041,pivo,0.0,0.0
KRT,2025-09-17,KRT-042,pivo,0.0,0.0
KRT,2025-09-17,KRT-043,pivo,0.0,0.0
KRT,2025-09-17,KRT-044,pivo,4.32,4.32
KRT,2025-09-17,KRT-045,pivo,0.0,0.0
KRT,2025-09-17,KRT-046,pivo,1.02,1.02
KRT,2025-09-17,KRT-047,pivo,0.0,0.0
KRT,2025-09-17,KRT-048,pivo,0.0,0.0
KRT,2025-09-17,KRT-049,pivo,0.0,0.0
KRT,2025-09-17,KRT-050,pivo,1.27,1.27
KRT,2025-09-17,KRT-051,pivo,0.0,0.0
KRT,2025-09-17,KRT-052,pivo,3.05,3.05
KRT,2025-09-17,KRT-053,pivo,0.0,0.0
KRT,2025-09-17,KRT-054,pivo,0.0,0.0
KRT,2025-09-17,KRT-055,pivo,2.29,2.29
KRT,2025-09-17,KRT-056,pivo,0.0,0.0
KRT,2025-09-17,KRT-057,pivo,2.03,2.03
KRT,2025-09-17,KRT-058,pivo,3.0,3.0
KRT,2025-09-17,KRT-059,pivo,0.0,0.0
KRT,2025-09-17,KRT-060,pivo,3.56,3.56
KRT,2025-09-17,KRT-061,pivo,1.78,1.78
KRT,2025-09-17,KRT-062,pivo,1.75,1.75
KRT,2025-09-17,KRT-063,pivo,0.0,0.0
KRT,2025-09-17,KRT-064,pivo,0.0,0.0
KRT,2025-09-17,KRT-065,pivo,0.0,0.0
KRT,2025-09-17,KRT-066,pivo,0.25,0.25
KRT,2025-09-17,KRT-067,pivo,0.0,0.0
KRT,2025-09-17,KRT-068,pivo,0.0,0.0
KRT,2025-09-17,KRT-069,pivo,0.0,0.0
KRT,2025-09-17,KRT-070,pivo,2.76,2.76
KRT,2025-09-17,KRT-071,pivo,0.0,0.0
KRT,2025-09-17,KRT-072,pivo,1.52,1.52
KRT,2025-09-17,KRT-073,pivo,1.27,1.27
KRT,2025-09-17,KRT-074,pivo,4.06,4.06
KRT,2025-09-11,KRT-001,pivo,0.0,0.0
KRT,2025-09-11,KRT-001B,pivo_secundario,0.0,0.0
KRT,2025-09-11,KRT-002,pivo,0.0,0.0
KRT,2025-09-11,KRT-002B,pivo_secundario,0.0,0.0
KRT,2025-09-11,KRT-003,pivo,0.0,0.0
KRT,2025-09-11,KRT-004,pivo,0.0,0.0
KRT,2025-09-11,KRT-004B,pivo_secundario,0.0,0.0
KRT,2025-09-11,KRT-005,pivo,0.0,0.0
KRT,2025-09-11,KRT-006B,pivo_secundario,0.0,0.0
KRT,2025-09-11,KRT-006,pivo,0.0,0.0
KRT,2025-09-11,KRT-007B,pivo_secundario,0.0,0.0
KRT,2025-09-11,KRT-007,pivo,0.0,0.0
KRT,2025-09-11,KRT-008,pivo,0.0,0.0
KRT,2025-09-11,KRT-009,pivo,0.0,0.0
KRT,2025-09-11,KRT-010,pivo,0.0,0.0
KRT,2025-09-11,KRT-011,pivo,0.0,0.0
KRT,2025-09-11,KRT-012,pivo,0.51,0.51
KRT,2025-09-11,KRT-013,pivo,0.0,0.0
KRT,2025-09-11,KRT-014,pivo,0.0,0.0
KRT,2025-09-11,KRT-015,pivo,0.0,0.0
KRT,2025-09-11,KRT-016,pivo,0.0,0.0
KRT,2025-09-11,KRT-017,pivo,0.0,0.0
KRT,2025-09-11,KRT-018,pivo,0.0,0.0
KRT,2025-09-11,KRT-019,pivo,0.0,0.0
KRT,2025-09-11,KRT-020,pivo,0.0,0.0
KRT,2025-09-11,KRT-021,pivo,0.0,0.0
KRT,2025-09-11,KRT-022,pivo,0.0,0.0
KRT,2025-09-11,KRT-023,pivo,0.0,0.0
KRT,2025-09-11,KRT-024,pivo,0.0,0.0
KRT,2025-09-11,KRT-025,pivo,0.0,0.0
KRT,2025-09-11,KRT-026,pivo,0.0,0.0
KRT,2025-09-11,KRT-027,pivo,0.0,0.0
KRT,2025-09-11,KRT-028,pivo,0.0,0.0
KRT,2025-09-11,KRT-029,pivo,0.0,0.0
KRT,2025-09-11,KRT-030,pivo,0.0,0.0
KRT,2025-09-11,KRT-031,pivo,0.0,0.0
KRT,2025-09-11,KRT-032,pivo,0.0,0.0
KRT,2025-09-11,KRT-033,pivo,0.0,0.0
KRT,2025-09-11,KRT-034,pivo,0.0,0.0
KRT,2025-09-11,KRT-035,pivo,0.0,0.0
KRT,2025-09-11,KRT-036,pivo,0.0,0.0
KRT,2025-09-11,KRT-037,pivo,0.0,0.0
KRT,2025-09-11,KRT-038,pivo,0.0,0.0
KRT,2025-09-11,KRT-039,pivo,0.0,0.0
KRT,2025-09-11,KRT-040,pivo,0.0,0.0
KRT,2025-09-11,KRT-041,pivo,0.0,0.0
KRT,2025-09-11,KRT-042,pivo,0.0,0.0
KRT,2025-09-11,KRT-043,pivo,0.0,0.0
KRT,2025-09-11,KRT-044,pivo,0.0,0.0
KRT,2025-09-11,KRT-045,pivo,0.0,0.0
KRT,2025-09-11,KRT-046,pivo,0.0,0.0
KRT,2025-09-11,KRT-047,pivo,0.0,0.0
KRT,2025-09-11,KRT-048,pivo,0.0,0.0
KRT,2025-09-11,KRT-049,pivo,0.0,0.0
KRT,2025-09-11,KRT-050,pivo,0.0,0.0
KRT,2025-09-11,KRT-051,pivo,0.0,0.0
KRT,2025-09-11,KRT-052,pivo,0.0,0.0
KRT,2025-09-11,KRT-053,pivo,0.0,0.0
KRT,2025-09-11,KRT-054,pivo,0.0,0.0
KRT,2025-09-11,KRT-055,pivo,0.0,0.0
KRT,2025-09-11,KRT-056,pivo,0.0,0.0
KRT,2025-09-11,KRT-057,pivo,0.0,0.0
KRT,2025-09-11,KRT-058,pivo,0.0,0.0
KRT,2025-09-11,KRT-059,pivo,0.0,0.0
KRT,2025-09-11,KRT-060,pivo,0.0,0.0
KRT,2025-09-11,KRT-061,pivo,0.0,0.0
KRT,2025-09-11,KRT-062,pivo,0.0,0.0
KRT,2025-09-11,KRT-063,pivo,0.0,0.0
KRT,2025-09-11,KRT-064,pivo,0.0,0.0
KRT,2025-09-11,KRT-065,pivo,0.0,0.0
KRT,2025-09-11,KRT-066,pivo,0.0,0.0
KRT,2025-09-11,KRT-067,pivo,0.0,0.0
KRT,2025-09-11,KRT-068,pivo,0.0,0.0
KRT,2025-09-11,KRT-069,pivo,0.0,0.0
KRT,2025-09-11,KRT-070,pivo,0.0,0.0
KRT,2025-09-11,KRT-071,pivo,0.0,0.0
KRT,2025-09-11,KRT-072,pivo,0.0,0.0
KRT,2025-09-11,KRT-073,pivo,0.0,0.0
KRT,2025-09-11,KRT-074,pivo,0.0,0.0
KRT,2025-09-10,KRT-001,pivo,0.0,0.0
KRT,2025-09-10,KRT-001B,pivo_secundario,0.0,0.0
KRT,2025-09-10,KRT-002,pivo,0.0,0.0
KRT,2025-09-10,KRT-002B,pivo_secundario,0.0,0.0
KRT,2025-09-10,KRT-003,pivo,0.0,0.0
KRT,2025-09-10,KRT-004,pivo,0.0,0.0
KRT,2025-09-10,KRT-004B,pivo_secundario,0.0,0.0
KRT,2025-09-10,KRT-005,pivo,0.0,0.0
KRT,2025-09-10,KRT-006B,pivo_secundario,0.0,0.0
KRT,2025-09-10,KRT-006,pivo,0.0,0.0
KRT,2025-09-10,KRT-007B,pivo_secundario,0.0,0.0
KRT,2025-09-10,KRT-007,pivo,0.0,0.0
KRT,2025-09-10,KRT-008,pivo,0.0,0.0
KRT,2025-09-10,KRT-009,pivo,0.0,0.0
KRT,2025-09-10,KRT-010,pivo,0.0,0.0
KRT,2025-09-10,KRT-011,pivo,0.0,0.0
KRT,2025-09-10,KRT-012,pivo,0.0,0.0
KRT,2025-09-10,KRT-013,pivo,0.0,0.0
KRT,2025-09-10,KRT-014,pivo,0.0,0.0
KRT,2025-09-10,KRT-015,pivo,0.0,0.0
KRT,2025-09-10,KRT-016,pivo,0.0,0.0
KRT,2025-09-10,KRT-017,pivo,0.0,0.0
KRT,2025-09-10,KRT-018,pivo,0.0,0.0
KRT,2025-09-10,KRT-019,pivo,0.0,0.0
KRT,2025-09-10,KRT-020,pivo,0.0,0.0
KRT,2025-09-10,KRT-021,pivo,0.0,0.0
KRT,2025-09-10,KRT-022,pivo,0.0,0.0
KRT,2025-09-10,KRT-023,pivo,0.0,0.0
KRT,2025-09-10,KRT-024,pivo,0.0,0.0
KRT,2025-09-10,KRT-025,pivo,0.0,0.0
KRT,2025-09-10,KRT-026,pivo,0.0,0.0
KRT,2025-09-10,KRT-027,pivo,0.0,0.0
KRT,2025-09-10,KRT-028,pivo,0.0,0.0
KRT,2025-09-10,KRT-029,pivo,0.0,0.0
KRT,2025-09-10,KRT-030,pivo,0.0,0.0
KRT,2025-09-10,KRT-031,pivo,0.0,0.0
KRT,2025-09-10,KRT-032,pivo,0.0,0.0
KRT,2025-09-10,KRT-033,pivo,0.0,0.0
KRT,2025-09-10,KRT-034,pivo,0.0,0.0
KRT,2025-09-10,KRT-035,pivo,0.0,0.0
KRT,2025-09-10,KRT-036,pivo,0.0,0.0
KRT,2025-09-10,KRT-037,pivo,0.0,0.0
KRT,2025-09-10,KRT-038,pivo,0.0,0.0
KRT,2025-09-10,KRT-039,pivo,0.0,0.0
KRT,2025-09-10,KRT-040,pivo,0.0,0.0
KRT,2025-09-10,KRT-041,pivo,0.0,0.0
KRT,2025-09-10,KRT-042,pivo,0.25,0.25
KRT,2025-09-10,KRT-043,pivo,0.0,0.0
KRT,2025-09-10,KRT-044,pivo,0.0,0.0
KRT,2025-09-10,KRT-045,pivo,0.0,0.0
KRT,2025-09-10,KRT-046,pivo,0.0,0.0
KRT,2025-09-10,KRT-047,pivo,0.0,0.0
KRT,2025-09-10,KRT-048,pivo,0.0,0.0
KRT,2025-09-10,KRT-049,pivo,0.0,0.0
KRT,2025-09-10,KRT-050,pivo,0.0,0.0
KRT,2025-09-10,KRT-051,pivo,0.0,0.0
KRT,2025-09-10,KRT-052,pivo,0.0,0.0
KRT,2025-09-10,KRT-053,pivo,0.0,0.0
KRT,2025-09-10,KRT-054,pivo,0.0,0.0
KRT,2025-09-10,KRT-055,pivo,0.0,0.0
KRT,2025-09-10,KRT-056,pivo,0.0,0.0
KRT,2025-09-10,KRT-057,pivo,0.0,0.0
KRT,2025-09-10,KRT-058,pivo,0.0,0.0
KRT,2025-09-10,KRT-059,pivo,0.0,0.0
KRT,2025-09-10,KRT-060,pivo,0.0,0.0
KRT,2025-09-10,KRT-061,pivo,0.0,0.0
KRT,2025-09-10,KRT-062,pivo,0.0,0.0
KRT,2025-09-10,KRT-063,pivo,0.0,0.0
KRT,2025-09-10,KRT-064,pivo,0.0,0.0
KRT,2025-09-10,KRT-065,pivo,0.0,0.0
KRT,2025-09-10,KRT-066,pivo,0.0,0.0
KRT,2025-09-10,KRT-067,pivo,0.0,0.0
KRT,2025-09-10,KRT-068,pivo,0.0,0.0
KRT,2025-09-10,KRT-069,pivo,0.0,0.0
KRT,2025-09-10,KRT-070,pivo,0.0,0.0
KRT,2025-09-10,KRT-071,pivo,0.0,0.0
KRT,2025-09-10,KRT-072,pivo,0.0,0.0
KRT,2025-09-10,KRT-073,pivo,0.0,0.0
KRT,2025-09-10,KRT-074,pivo,0.0,0.0
