data,pluvio_id,mm,fazenda
2025-09-10,KRT-001,0.0,KRT
2025-09-10,KRT-002,0.0,KRT
2025-09-10,KRT-003,0.0,KRT
2025-09-10,KRT-004,0.0,KRT
2025-09-10,KRT-005,0.0,KRT
2025-09-10,KRT-006,0.0,KRT
2025-09-10,KRT-007,0.0,KRT
2025-09-10,KRT-008,0.0,KRT
2025-09-10,KRT-009,0.0,KRT
2025-09-10,KRT-010,0.0,KRT
2025-09-10,KRT-011,0.0,KRT
2025-09-10,KRT-012,0.0,KRT
2025-09-10,KRT-013,0.0,KRT
2025-09-10,KRT-014,0.0,KRT
2025-09-10,KRT-015,0.0,KRT
2025-09-10,KRT-016,0.0,KRT
2025-09-10,KRT-017,0.0,KRT
2025-09-10,KRT-018,0.0,KRT
2025-09-10,KRT-019,0.0,KRT
2025-09-10,KRT-020,0.0,KRT
2025-09-10,KRT-021,0.0,KRT
2025-09-10,KRT-022,0.0,KRT
2025-09-10,KRT-023,0.0,KRT
2025-09-10,KRT-024,0.0,KRT
2025-09-10,KRT-025,0.0,KRT
2025-09-10,KRT-026,0.0,KRT
2025-09-10,KRT-027,0.0,KRT
2025-09-10,KRT-028,0.0,KRT
2025-09-10,KRT-029,0.0,KRT
2025-09-10,KRT-030,0.0,KRT
2025-09-10,KRT-031,0.0,KRT
2025-09-10,KRT-032,0.0,KRT
2025-09-10,KRT-033,0.0,KRT
2025-09-10,KRT-034,0.0,KRT
2025-09-10,KRT-035,0.0,KRT
2025-09-10,KRT-036,0.0,KRT
2025-09-10,KRT-037,0.0,KRT
2025-09-10,KRT-038,0.0,KRT
2025-09-10,KRT-039,0.0,KRT
2025-09-10,KRT-040,0.0,KRT
2025-09-10,KRT-041,0.0,KRT
2025-09-10,KRT-042,0.25,KRT
2025-09-10,KRT-043,0.0,KRT
2025-09-10,KRT-044,0.0,KRT
2025-09-10,KRT-045,0.0,KRT
2025-09-10,KRT-046,0.0,KRT
2025-09-10,KRT-047,0.0,KRT
2025-09-10,KRT-048,0.0,KRT
2025-09-10,KRT-049,0.0,KRT
2025-09-10,KRT-050,0.0,KRT
2025-09-10,KRT-051,0.0,KRT
2025-09-10,KRT-052,0.0,KRT
2025-09-10,KRT-053,0.0,KRT
2025-09-10,KRT-054,0.0,KRT
2025-09-10,KRT-055,0.0,KRT
2025-09-10,KRT-056,0.0,KRT
2025-09-10,KRT-057,0.0,KRT
2025-09-10,KRT-058,0.0,KRT
2025-09-10,KRT-059,0.0,KRT
2025-09-10,KRT-060,0.0,KRT
2025-09-10,KRT-061,0.0,KRT
2025-09-10,KRT-062,0.0,KRT
2025-09-10,KRT-063,0.0,KRT
2025-09-10,KRT-064,0.0,KRT
2025-09-10,KRT-065,0.0,KRT
2025-09-10,KRT-066,0.0,KRT
2025-09-10,KRT-067,0.0,KRT
2025-09-10,KRT-068,0.0,KRT
2025-09-10,KRT-069,0.0,KRT
2025-09-10,KRT-070,0.0,KRT
2025-09-10,KRT-071,0.0,KRT
2025-09-10,KRT-072,0.0,KRT
2025-09-10,KRT-073,0.0,KRT
2025-09-10,KRT-074,0.0,KRT
2025-09-11,KRT-001,0.0,KRT
2025-09-11,KRT-002,0.0,KRT
2025-09-11,KRT-003,0.0,KRT
2025-09-11,KRT-004,0.0,KRT
2025-09-11,KRT-005,0.0,KRT
2025-09-11,KRT-006,0.0,KRT
2025-09-11,KRT-007,0.0,KRT
2025-09-11,KRT-008,0.0,KRT
2025-09-11,KRT-009,0.0,KRT
2025-09-11,KRT-010,0.0,KRT
2025-09-11,KRT-011,0.0,KRT
2025-09-11,KRT-012,0.51,KRT
2025-09-11,KRT-013,0.0,KRT
2025-09-11,KRT-014,0.0,KRT
2025-09-11,KRT-015,0.0,KRT
2025-09-11,KRT-016,0.0,KRT
2025-09-11,KRT-017,0.0,KRT
2025-09-11,KRT-018,0.0,KRT
2025-09-11,KRT-019,0.0,KRT
2025-09-11,KRT-020,0.0,KRT
2025-09-11,KRT-021,0.0,KRT
2025-09-11,KRT-022,0.0,KRT
2025-09-11,KRT-023,0.0,KRT
2025-09-11,KRT-024,0.0,KRT
2025-09-11,KRT-025,0.0,KRT
2025-09-11,KRT-026,0.0,KRT
2025-09-11,KRT-027,0.0,KRT
2025-09-11,KRT-028,0.0,KRT
2025-09-11,KRT-029,0.0,KRT
2025-09-11,KRT-030,0.0,KRT
2025-09-11,KRT-031,0.0,KRT
2025-09-11,KRT-032,0.0,KRT
2025-09-11,KRT-033,0.0,KRT
2025-09-11,KRT-034,0.0,KRT
2025-09-11,KRT-035,0.0,KRT
2025-09-11,KRT-036,0.0,KRT
2025-09-11,KRT-037,0.0,KRT
2025-09-11,KRT-038,0.0,KRT
2025-09-11,KRT-039,0.0,KRT
2025-09-11,KRT-040,0.0,KRT
2025-09-11,KRT-041,0.0,KRT
2025-09-11,KRT-042,0.0,KRT
2025-09-11,KRT-043,0.0,KRT
2025-09-11,KRT-044,0.0,KRT
2025-09-11,KRT-045,0.0,KRT
2025-09-11,KRT-046,0.0,KRT
2025-09-11,KRT-047,0.0,KRT
2025-09-11,KRT-048,0.0,KRT
2025-09-11,KRT-049,0.0,KRT
2025-09-11,KRT-050,0.0,KRT
2025-09-11,KRT-051,0.0,KRT
2025-09-11,KRT-052,0.0,KRT
2025-09-11,KRT-053,0.0,KRT
2025-09-11,KRT-054,0.0,KRT
2025-09-11,KRT-055,0.0,KRT
2025-09-11,KRT-056,0.0,KRT
2025-09-11,KRT-057,0.0,KRT
2025-09-11,KRT-058,0.0,KRT
2025-09-11,KRT-059,0.0,KRT
2025-09-11,KRT-060,0.0,KRT
2025-09-11,KRT-061,0.0,KRT
2025-09-11,KRT-062,0.0,KRT
2025-09-11,KRT-063,0.0,KRT
2025-09-11,KRT-064,0.0,KRT
2025-09-11,KRT-065,0.0,KRT
2025-09-11,KRT-066,0.0,KRT
2025-09-11,KRT-067,0.0,KRT
2025-09-11,KRT-068,0.0,KRT
2025-09-11,KRT-069,0.0,KRT
2025-09-11,KRT-070,0.0,KRT
2025-09-11,KRT-071,0.0,KRT
2025-09-11,KRT-072,0.0,KRT
2025-09-11,KRT-073,0.0,KRT
2025-09-11,KRT-074,0.0,KRT
2025-09-12,KRT-001,0.0,KRT
2025-09-12,KRT-002,0.0,KRT
2025-09-12,KRT-003,0.0,KRT
2025-09-12,KRT-004,0.0,KRT
2025-09-12,KRT-005,0.0,KRT
2025-09-12,KRT-006,0.0,KRT
2025-09-12,KRT-007,0.0,KRT
2025-09-12,KRT-008,0.0,KRT
2025-09-12,KRT-009,0.0,KRT
2025-09-12,KRT-010,0.0,KRT
2025-09-12,KRT-011,0.0,KRT
2025-09-12,KRT-012,0.0,KRT
2025-09-12,KRT-013,0.0,KRT
2025-09-12,KRT-014,0.0,KRT
2025-09-12,KRT-015,0.0,KRT
2025-09-12,KRT-016,0.0,KRT
2025-09-12,KRT-017,0.0,KRT
2025-09-12,KRT-018,0.0,KRT
2025-09-12,KRT-019,0.0,KRT
2025-09-12,KRT-020,0.0,KRT
2025-09-12,KRT-021,0.0,KRT
2025-09-12,KRT-022,0.0,KRT
2025-09-12,KRT-023,0.0,KRT
2025-09-12,KRT-024,0.0,KRT
2025-09-12,KRT-025,0.0,KRT
2025-09-12,KRT-026,0.0,KRT
2025-09-12,KRT-027,0.0,KRT
2025-09-12,KRT-028,0.0,KRT
2025-09-12,KRT-029,0.0,KRT
2025-09-12,KRT-030,0.0,KRT
2025-09-12,KRT-031,0.0,KRT
2025-09-12,KRT-032,0.0,KRT
2025-09-12,KRT-033,0.0,KRT
2025-09-12,KRT-034,0.0,KRT
2025-09-12,KRT-035,0.0,KRT
2025-09-12,KRT-036,0.0,KRT
2025-09-12,KRT-037,0.0,KRT
2025-09-12,KRT-038,0.0,KRT
2025-09-12,KRT-039,0.0,KRT
2025-09-12,KRT-040,0.0,KRT
2025-09-12,KRT-041,0.0,KRT
2025-09-12,KRT-042,0.0,KRT
2025-09-12,KRT-043,0.0,KRT
2025-09-12,KRT-044,0.0,KRT
2025-09-12,KRT-045,0.0,KRT
2025-09-12,KRT-046,0.0,KRT
2025-09-12,KRT-047,0.0,KRT
2025-09-12,KRT-048,0.0,KRT
2025-09-12,KRT-049,0.0,KRT
2025-09-12,KRT-050,0.0,KRT
2025-09-12,KRT-051,0.0,KRT
2025-09-12,KRT-052,0.0,KRT
2025-09-12,KRT-053,0.0,KRT
2025-09-12,KRT-054,0.0,KRT
2025-09-12,KRT-055,0.0,KRT
2025-09-12,KRT-056,0.0,KRT
2025-09-12,KRT-057,0.0,KRT
2025-09-12,KRT-058,0.0,KRT
2025-09-12,KRT-059,0.0,KRT
2025-09-12,KRT-060,0.0,KRT
2025-09-12,KRT-061,0.0,KRT
2025-09-12,KRT-062,0.0,KRT
2025-09-12,KRT-063,0.0,KRT
2025-09-12,KRT-064,0.0,KRT
2025-09-12,KRT-065,0.0,KRT
2025-09-12,KRT-066,0.0,KRT
2025-09-12,KRT-067,0.0,KRT
2025-09-12,KRT-068,0.0,KRT
2025-09-12,KRT-069,0.0,KRT
2025-09-12,KRT-070,0.0,KRT
2025-09-12,KRT-071,0.0,KRT
2025-09-12,KRT-072,0.0,KRT
2025-09-12,KRT-073,0.0,KRT
2025-09-12,KRT-074,0.0,KRT
2025-09-13,KRT-001,0.0,KRT
2025-09-13,KRT-002,0.0,KRT
2025-09-13,KRT-003,0.0,KRT
2025-09-13,KRT-004,0.0,KRT
2025-09-13,KRT-005,0.0,KRT
2025-09-13,KRT-006,0.0,KRT
2025-09-13,KRT-007,0.0,KRT
2025-09-13,KRT-008,0.0,KRT
2025-09-13,KRT-009,0.0,KRT
2025-09-13,KRT-010,0.0,KRT
2025-09-13,KRT-011,0.0,KRT
2025-09-13,KRT-012,0.0,KRT
2025-09-13,KRT-013,0.0,KRT
2025-09-13,KRT-014,0.0,KRT
2025-09-13,KRT-015,0.0,KRT
2025-09-13,KRT-016,0.0,KRT
2025-09-13,KRT-017,0.0,KRT
2025-09-13,KRT-018,0.0,KRT
2025-09-13,KRT-019,0.0,KRT
2025-09-13,KRT-020,0.0,KRT
2025-09-13,KRT-021,0.0,KRT
2025-09-13,KRT-022,0.0,KRT
2025-09-13,KRT-023,0.0,KRT
2025-09-13,KRT-024,0.0,KRT
2025-09-13,KRT-025,0.0,KRT
2025-09-13,KRT-026,0.0,KRT
2025-09-13,KRT-027,0.0,KRT
2025-09-13,KRT-028,0.0,KRT
2025-09-13,KRT-029,0.0,KRT
2025-09-13,KRT-030,0.0,KRT
2025-09-13,KRT-031,0.0,KRT
2025-09-13,KRT-032,0.0,KRT
2025-09-13,KRT-033,0.0,KRT
2025-09-13,KRT-034,0.0,KRT
2025-09-13,KRT-035,0.0,KRT
2025-09-13,KRT-036,0.0,KRT
2025-09-13,KRT-037,0.0,KRT
2025-09-13,KRT-038,0.0,KRT
2025-09-13,KRT-039,0.0,KRT
2025-09-13,KRT-040,0.0,KRT
2025-09-13,KRT-041,0.0,KRT
2025-09-13,KRT-042,0.0,KRT
2025-09-13,KRT-043,0.0,KRT
2025-09-13,KRT-044,0.0,KRT
2025-09-13,KRT-045,0.0,KRT
2025-09-13,KRT-046,0.0,KRT
2025-09-13,KRT-047,0.0,KRT
2025-09-13,KRT-048,0.0,KRT
2025-09-13,KRT-049,0.0,KRT
2025-09-13,KRT-050,0.0,KRT
2025-09-13,KRT-051,0.0,KRT
2025-09-13,KRT-052,0.0,KRT
2025-09-13,KRT-053,0.0,KRT
2025-09-13,KRT-054,0.0,KRT
2025-09-13,KRT-055,0.0,KRT
2025-09-13,KRT-056,0.0,KRT
2025-09-13,KRT-057,0.0,KRT
2025-09-13,KRT-058,0.0,KRT
2025-09-13,KRT-059,0.0,KRT
2025-09-13,KRT-060,0.0,KRT
2025-09-13,KRT-061,0.0,KRT
2025-09-13,KRT-062,0.0,KRT
2025-09-13,KRT-063,0.0,KRT
2025-09-13,KRT-064,0.0,KRT
2025-09-13,KRT-065,0.0,KRT
2025-09-13,KRT-066,0.0,KRT
2025-09-13,KRT-067,0.0,KRT
2025-09-13,KRT-068,0.0,KRT
2025-09-13,KRT-069,0.0,KRT
2025-09-13,KRT-070,0.0,KRT
2025-09-13,KRT-071,0.0,KRT
2025-09-13,KRT-072,0.0,KRT
2025-09-13,KRT-073,0.0,KRT
2025-09-13,KRT-074,0.0,KRT
2025-09-14,KRT-001,0.0,KRT
2025-09-14,KRT-002,0.0,KRT
2025-09-14,KRT-003,0.0,KRT
2025-09-14,KRT-004,0.0,KRT
2025-09-14,KRT-005,0.0,KRT
2025-09-14,KRT-006,0.0,KRT
2025-09-14,KRT-007,0.0,KRT
2025-09-14,KRT-008,0.0,KRT
2025-09-14,KRT-009,0.0,KRT
2025-09-14,KRT-010,0.0,KRT
2025-09-14,KRT-011,0.0,KRT
2025-09-14,KRT-012,0.0,KRT
2025-09-14,KRT-013,0.0,KRT
2025-09-14,KRT-014,0.0,KRT
2025-09-14,KRT-015,0.0,KRT
2025-09-14,KRT-016,0.0,KRT
2025-09-14,KRT-017,0.0,KRT
2025-09-14,KRT-018,0.0,KRT
2025-09-14,KRT-019,0.0,KRT
2025-09-14,KRT-020,0.0,KRT
2025-09-14,KRT-021,0.0,KRT
2025-09-14,KRT-022,0.0,KRT
2025-09-14,KRT-023,0.0,KRT
2025-09-14,KRT-024,0.0,KRT
2025-09-14,KRT-025,0.0,KRT
2025-09-14,KRT-026,0.0,KRT
2025-09-14,KRT-027,0.0,KRT
2025-09-14,KRT-028,0.0,KRT
2025-09-14,KRT-029,0.0,KRT
2025-09-14,KRT-030,0.0,KRT
2025-09-14,KRT-031,0.0,KRT
2025-09-14,KRT-032,0.0,KRT
2025-09-14,KRT-033,0.0,KRT
2025-09-14,KRT-034,0.0,KRT
2025-09-14,KRT-035,0.0,KRT
2025-09-14,KRT-036,0.0,KRT
2025-09-14,KRT-037,0.0,KRT
2025-09-14,KRT-038,0.0,KRT
2025-09-14,KRT-039,0.0,KRT
2025-09-14,KRT-040,0.0,KRT
2025-09-14,KRT-041,0.0,KRT
2025-09-14,KRT-042,0.0,KRT
2025-09-14,KRT-043,0.0,KRT
2025-09-14,KRT-044,0.0,KRT
2025-09-14,KRT-045,0.0,KRT
2025-09-14,KRT-046,0.0,KRT
2025-09-14,KRT-047,0.0,KRT
2025-09-14,KRT-048,0.0,KRT
2025-09-14,KRT-049,0.0,KRT
2025-09-14,KRT-050,0.0,KRT
2025-09-14,KRT-051,0.0,KRT
2025-09-14,KRT-052,0.0,KRT
2025-09-14,KRT-053,0.0,KRT
2025-09-14,KRT-054,0.0,KRT
2025-09-14,KRT-055,0.0,KRT
2025-09-14,KRT-056,0.0,KRT
2025-09-14,KRT-057,0.0,KRT
2025-09-14,KRT-058,0.0,KRT
2025-09-14,KRT-059,0.0,KRT
2025-09-14,KRT-060,0.0,KRT
2025-09-14,KRT-061,0.0,KRT
2025-09-14,KRT-062,0.0,KRT
2025-09-14,KRT-063,0.0,KRT
2025-09-14,KRT-064,0.0,KRT
2025-09-14,KRT-065,0.0,KRT
2025-09-14,KRT-066,0.0,KRT
2025-09-14,KRT-067,0.0,KRT
2025-09-14,KRT-068,0.0,KRT
2025-09-14,KRT-069,0.0,KRT
2025-09-14,KRT-070,0.0,KRT
2025-09-14,KRT-071,0.0,KRT
2025-09-14,KRT-072,0.0,KRT
2025-09-14,KRT-073,0.0,KRT
2025-09-14,KRT-074,0.0,KRT
2025-09-15,KRT-001,0.0,KRT
2025-09-15,KRT-002,0.0,KRT
2025-09-15,KRT-003,0.0,KRT
2025-09-15,KRT-004,0.0,KRT
2025-09-15,KRT-005,0.0,KRT
2025-09-15,KRT-006,0.0,KRT
2025-09-15,KRT-007,0.0,KRT
2025-09-15,KRT-008,0.0,KRT
2025-09-15,KRT-009,0.0,KRT
2025-09-15,KRT-010,0.0,KRT
2025-09-15,KRT-011,0.0,KRT
2025-09-15,KRT-012,0.0,KRT
2025-09-15,KRT-013,0.0,KRT
2025-09-15,KRT-014,0.0,KRT
2025-09-15,KRT-015,0.0,KRT
2025-09-15,KRT-016,0.0,KRT
2025-09-15,KRT-017,0.0,KRT
2025-09-15,KRT-018,0.0,KRT
2025-09-15,KRT-019,0.0,KRT
2025-09-15,KRT-020,0.0,KRT
2025-09-15,KRT-021,0.0,KRT
2025-09-15,KRT-022,0.0,KRT
2025-09-15,KRT-023,0.0,KRT
2025-09-15,KRT-024,0.0,KRT
2025-09-15,KRT-025,0.0,KRT
2025-09-15,KRT-026,0.0,KRT
2025-09-15,KRT-027,0.0,KRT
2025-09-15,KRT-028,0.0,KRT
2025-09-15,KRT-029,0.0,KRT
2025-09-15,KRT-030,0.0,KRT
2025-09-15,KRT-031,0.0,KRT
2025-09-15,KRT-032,0.0,KRT
2025-09-15,KRT-033,0.0,KRT
2025-09-15,KRT-034,0.0,KRT
2025-09-15,KRT-035,0.0,KRT
2025-09-15,KRT-036,0.0,KRT
2025-09-15,KRT-037,0.0,KRT
2025-09-15,KRT-038,0.0,KRT
2025-09-15,KRT-039,0.0,KRT
2025-09-15,KRT-040,0.0,KRT
2025-09-15,KRT-041,0.0,KRT
2025-09-15,KRT-042,0.0,KRT
2025-09-15,KRT-043,0.0,KRT
2025-09-15,KRT-044,0.0,KRT
2025-09-15,KRT-045,0.0,KRT
2025-09-15,KRT-046,0.0,KRT
2025-09-15,KRT-047,0.0,KRT
2025-09-15,KRT-048,0.0,KRT
2025-09-15,KRT-049,0.0,KRT
2025-09-15,KRT-050,0.0,KRT
2025-09-15,KRT-051,0.0,KRT
2025-09-15,KRT-052,0.0,KRT
2025-09-15,KRT-053,0.0,KRT
2025-09-15,KRT-054,0.0,KRT
2025-09-15,KRT-055,0.0,KRT
2025-09-15,KRT-056,0.0,KRT
2025-09-15,KRT-057,0.0,KRT
2025-09-15,KRT-058,0.0,KRT
2025-09-15,KRT-059,0.0,KRT
2025-09-15,KRT-060,0.0,KRT
2025-09-15,KRT-061,0.0,KRT
2025-09-15,KRT-062,0.0,KRT
2025-09-15,KRT-063,0.0,KRT
2025-09-15,KRT-064,0.0,KRT
2025-09-15,KRT-065,0.0,KRT
2025-09-15,KRT-066,0.0,KRT
2025-09-15,KRT-067,0.0,KRT
2025-09-15,KRT-068,0.0,KRT
2025-09-15,KRT-069,0.0,KRT
2025-09-15,KRT-070,0.0,KRT
2025-09-15,KRT-071,0.0,KRT
2025-09-15,KRT-072,0.0,KRT
2025-09-15,KRT-073,0.0,KRT
2025-09-15,KRT-074,0.0,KRT
2025-09-16,KRT-001,0.0,KRT
2025-09-16,KRT-002,0.0,KRT
2025-09-16,KRT-003,0.0,KRT
2025-09-16,KRT-004,0.0,KRT
2025-09-16,KRT-005,0.0,KRT
2025-09-16,KRT-006,0.0,KRT
2025-09-16,KRT-007,0.0,KRT
2025-09-16,KRT-008,0.0,KRT
2025-09-16,KRT-009,0.0,KRT
2025-09-16,KRT-010,0.0,KRT
2025-09-16,KRT-011,0.0,KRT
2025-09-16,KRT-012,0.0,KRT
2025-09-16,KRT-013,0.0,KRT
2025-09-16,KRT-014,0.0,KRT
2025-09-16,KRT-015,0.0,KRT
2025-09-16,KRT-016,0.0,KRT
2025-09-16,KRT-017,0.0,KRT
2025-09-16,KRT-018,0.0,KRT
2025-09-16,KRT-019,0.0,KRT
2025-09-16,KRT-020,0.0,KRT
2025-09-16,KRT-021,0.0,KRT
2025-09-16,KRT-022,0.0,KRT
2025-09-16,KRT-023,0.0,KRT
2025-09-16,KRT-024,0.0,KRT
2025-09-16,KRT-025,0.0,KRT
2025-09-16,KRT-026,0.0,KRT
2025-09-16,KRT-027,0.0,KRT
2025-09-16,KRT-028,0.0,KRT
2025-09-16,KRT-029,0.0,KRT
2025-09-16,KRT-030,0.0,KRT
2025-09-16,KRT-031,0.0,KRT
2025-09-16,KRT-032,0.0,KRT
2025-09-16,KRT-033,0.0,KRT
2025-09-16,KRT-034,0.0,KRT
2025-09-16,KRT-035,0.0,KRT
2025-09-16,KRT-036,0.0,KRT
2025-09-16,KRT-037,0.0,KRT
2025-09-16,KRT-038,0.0,KRT
2025-09-16,KRT-039,0.0,KRT
2025-09-16,KRT-040,0.0,KRT
2025-09-16,KRT-041,0.0,KRT
2025-09-16,KRT-042,0.0,KRT
2025-09-16,KRT-043,0.0,KRT
2025-09-16,KRT-044,0.0,KRT
2025-09-16,KRT-045,0.0,KRT
2025-09-16,KRT-046,0.0,KRT
2025-09-16,KRT-047,0.0,KRT
2025-09-16,KRT-048,0.0,KRT
2025-09-16,KRT-049,0.0,KRT
2025-09-16,KRT-050,0.0,KRT
2025-09-16,KRT-051,0.0,KRT
2025-09-16,KRT-052,0.0,KRT
2025-09-16,KRT-053,0.0,KRT
2025-09-16,KRT-054,0.0,KRT
2025-09-16,KRT-055,0.0,KRT
2025-09-16,KRT-056,0.0,KRT
2025-09-16,KRT-057,0.0,KRT
2025-09-16,KRT-058,0.0,KRT
2025-09-16,KRT-059,0.0,KRT
2025-09-16,KRT-060,0.0,KRT
2025-09-16,KRT-061,0.0,KRT
2025-09-16,KRT-062,0.0,KRT
2025-09-16,KRT-063,0.0,KRT
2025-09-16,KRT-064,0.0,KRT
2025-09-16,KRT-065,0.0,KRT
2025-09-16,KRT-066,0.0,KRT
2025-09-16,KRT-067,0.0,KRT
2025-09-16,KRT-068,0.0,KRT
2025-09-16,KRT-069,0.0,KRT
2025-09-16,KRT-070,0.0,KRT
2025-09-16,KRT-071,0.0,KRT
2025-09-16,KRT-072,0.0,KRT
2025-09-16,KRT-073,0.0,KRT
2025-09-16,KRT-074,0.0,KRT
2025-09-17,KRT-001,0.0,KRT
2025-09-17,KRT-002,0.0,KRT
2025-09-17,KRT-003,0.0,KRT
2025-09-17,KRT-004,0.0,KRT
2025-09-17,KRT-005,0.0,KRT
2025-09-17,KRT-006,0.0,KRT
2025-09-17,KRT-007,0.0,KRT
2025-09-17,KRT-008,0.0,KRT
2025-09-17,KRT-009,0.0,KRT
2025-09-17,KRT-010,0.25,KRT
2025-09-17,KRT-011,0.25,KRT
2025-09-17,KRT-012,0.0,KRT
2025-09-17,KRT-013,0.51,KRT
2025-09-17,KRT-014,5.33,KRT
2025-09-17,KRT-015,0.0,KRT
2025-09-17,KRT-016,0.25,KRT
2025-09-17,KRT-017,0.0,KRT
2025-09-17,KRT-018,0.0,KRT
2025-09-17,KRT-019,0.25,KRT
2025-09-17,KRT-020,0.51,KRT
2025-09-17,KRT-021,2.29,KRT
2025-09-17,KRT-022,0.51,KRT
2025-09-17,KRT-023,4.06,KRT
2025-09-17,KRT-024,0.0,KRT
2025-09-17,KRT-025,0.51,KRT
2025-09-17,KRT-026,0.0,KRT
2025-09-17,KRT-027,0.0,KRT
2025-09-17,KRT-028,0.0,KRT
2025-09-17,KRT-029,1.52,KRT
2025-09-17,KRT-030,0.0,KRT
2025-09-17,KRT-031,0.0,KRT
2025-09-17,KRT-032,0.25,KRT
2025-09-17,KRT-033,0.0,KRT
2025-09-17,KRT-034,0.0,KRT
2025-09-17,KRT-035,0.0,KRT
2025-09-17,KRT-036,0.0,KRT
2025-09-17,KRT-037,0.0,KRT
2025-09-17,KRT-038,0.0,KRT
2025-09-17,KRT-039,0.0,KRT
2025-09-17,KRT-040,0.0,KRT
2025-09-17,KRT-041,0.0,KRT
2025-09-17,KRT-042,0.0,KRT
2025-09-17,KRT-043,0.0,KRT
2025-09-17,KRT-044,4.32,KRT
2025-09-17,KRT-045,0.0,KRT
2025-09-17,KRT-046,1.02,KRT
2025-09-17,KRT-047,0.0,KRT
2025-09-17,KRT-048,0.0,KRT
2025-09-17,KRT-049,0.0,KRT
2025-09-17,KRT-050,1.27,KRT
2025-09-17,KRT-051,0.0,KRT
2025-09-17,KRT-052,3.05,KRT
2025-09-17,KRT-053,0.0,KRT
2025-09-17,KRT-054,0.0,KRT
2025-09-17,KRT-055,2.29,KRT
2025-09-17,KRT-056,0.0,KRT
2025-09-17,KRT-057,2.03,KRT
2025-09-17,KRT-058,3.0,KRT
2025-09-17,KRT-059,0.0,KRT
2025-09-17,KRT-060,3.56,KRT
2025-09-17,KRT-061,1.78,KRT
2025-09-17,KRT-062,1.75,KRT
2025-09-17,KRT-063,0.0,KRT
2025-09-17,KRT-064,0.0,KRT
2025-09-17,KRT-065,0.0,KRT
2025-09-17,KRT-066,0.25,KRT
2025-09-17,KRT-067,0.0,KRT
2025-09-17,KRT-068,0.0,KRT
2025-09-17,KRT-069,0.0,KRT
2025-09-17,KRT-070,2.76,KRT
2025-09-17,KRT-071,0.0,KRT
2025-09-17,KRT-072,1.52,KRT
2025-09-17,KRT-073,1.27,KRT
2025-09-17,KRT-074,4.06,KRT
2025-09-18,KRT-001,0.0,KRT
2025-09-18,KRT-002,0.0,KRT
2025-09-18,KRT-003,0.0,KRT
2025-09-18,KRT-004,0.0,KRT
2025-09-18,KRT-005,0.0,KRT
2025-09-18,KRT-006,0.0,KRT
2025-09-18,KRT-007,0.0,KRT
2025-09-18,KRT-008,0.0,KRT
2025-09-18,KRT-009,0.0,KRT
2025-09-18,KRT-010,0.0,KRT
2025-09-18,KRT-011,0.0,KRT
2025-09-18,KRT-012,0.0,KRT
2025-09-18,KRT-013,0.76,KRT
2025-09-18,KRT-014,0.25,KRT
2025-09-18,KRT-015,0.0,KRT
2025-09-18,KRT-016,0.0,KRT
2025-09-18,KRT-017,0.0,KRT
2025-09-18,KRT-018,0.0,KRT
2025-09-18,KRT-019,0.0,KRT
2025-09-18,KRT-020,0.0,KRT
2025-09-18,KRT-021,0.0,KRT
2025-09-18,KRT-022,0.0,KRT
2025-09-18,KRT-023,0.0,KRT
2025-09-18,KRT-024,0.0,KRT
2025-09-18,KRT-025,0.0,KRT
2025-09-18,KRT-026,0.0,KRT
2025-09-18,KRT-027,0.0,KRT
2025-09-18,KRT-028,0.0,KRT
2025-09-18,KRT-029,1.02,KRT
2025-09-18,KRT-030,0.0,KRT
2025-09-18,KRT-031,0.0,KRT
2025-09-18,KRT-032,0.0,KRT
2025-09-18,KRT-033,0.0,KRT
2025-09-18,KRT-034,0.0,KRT
2025-09-18,KRT-035,0.0,KRT
2025-09-18,KRT-036,0.0,KRT
2025-09-18,KRT-037,0.0,KRT
2025-09-18,KRT-038,0.0,KRT
2025-09-18,KRT-039,0.0,KRT
2025-09-18,KRT-040,0.0,KRT
2025-09-18,KRT-041,0.0,KRT
2025-09-18,KRT-042,0.0,KRT
2025-09-18,KRT-043,0.0,KRT
2025-09-18,KRT-044,0.25,KRT
2025-09-18,KRT-045,0.0,KRT
2025-09-18,KRT-046,0.0,KRT
2025-09-18,KRT-047,0.0,KRT
2025-09-18,KRT-048,0.0,KRT
2025-09-18,KRT-049,0.0,KRT
2025-09-18,KRT-050,0.0,KRT
2025-09-18,KRT-051,3.56,KRT
2025-09-18,KRT-052,0.0,KRT
2025-09-18,KRT-053,0.0,KRT
2025-09-18,KRT-054,0.0,KRT
2025-09-18,KRT-055,0.0,KRT
2025-09-18,KRT-056,0.0,KRT
2025-09-18,KRT-057,0.0,KRT
2025-09-18,KRT-058,0.0,KRT
2025-09-18,KRT-059,0.0,KRT
2025-09-18,KRT-060,0.0,KRT
2025-09-18,KRT-061,0.0,KRT
2025-09-18,KRT-062,0.0,KRT
2025-09-18,KRT-063,0.0,KRT
2025-09-18,KRT-064,0.0,KRT
2025-09-18,KRT-065,0.0,KRT
2025-09-18,KRT-066,0.0,KRT
2025-09-18,KRT-067,0.0,KRT
2025-09-18,KRT-068,0.0,KRT
2025-09-18,KRT-069,0.0,KRT
2025-09-18,KRT-070,0.0,KRT
2025-09-18,KRT-071,0.0,KRT
2025-09-18,KRT-072,0.0,KRT
2025-09-18,KRT-073,0.0,KRT
2025-09-18,KRT-074,0.0,KRT
2025-09-19,KRT-001,0.0,KRT
2025-09-19,KRT-002,0.0,KRT
2025-09-19,KRT-003,0.0,KRT
2025-09-19,KRT-004,0.0,KRT
2025-09-19,KRT-005,0.0,KRT
2025-09-19,KRT-006,0.0,KRT
2025-09-19,KRT-007,0.0,KRT
2025-09-19,KRT-008,0.0,KRT
2025-09-19,KRT-009,0.0,KRT
2025-09-19,KRT-010,0.0,KRT
2025-09-19,KRT-011,0.0,KRT
2025-09-19,KRT-012,0.0,KRT
2025-09-19,KRT-013,0.0,KRT
2025-09-19,KRT-014,0.0,KRT
2025-09-19,KRT-015,0.0,KRT
2025-09-19,KRT-016,0.0,KRT
2025-09-19,KRT-017,0.0,KRT
2025-09-19,KRT-018,0.0,KRT
2025-09-19,KRT-019,0.0,KRT
2025-09-19,KRT-020,0.0,KRT
2025-09-19,KRT-021,0.0,KRT
2025-09-19,KRT-022,0.0,KRT
2025-09-19,KRT-023,0.0,KRT
2025-09-19,KRT-024,0.0,KRT
2025-09-19,KRT-025,0.0,KRT
2025-09-19,KRT-026,0.0,KRT
2025-09-19,KRT-027,0.0,KRT
2025-09-19,KRT-028,0.0,KRT
2025-09-19,KRT-029,0.0,KRT
2025-09-19,KRT-030,0.0,KRT
2025-09-19,KRT-031,0.0,KRT
2025-09-19,KRT-032,0.0,KRT
2025-09-19,KRT-033,0.0,KRT
2025-09-19,KRT-034,0.0,KRT
2025-09-19,KRT-035,0.0,KRT
2025-09-19,KRT-036,0.0,KRT
2025-09-19,KRT-037,0.0,KRT
2025-09-19,KRT-038,0.0,KRT
2025-09-19,KRT-039,0.0,KRT
2025-09-19,KRT-040,0.0,KRT
2025-09-19,KRT-041,0.0,KRT
2025-09-19,KRT-042,0.0,KRT
2025-09-19,KRT-043,0.0,KRT
2025-09-19,KRT-044,0.0,KRT
2025-09-19,KRT-045,0.0,KRT
2025-09-19,KRT-046,0.0,KRT
2025-09-19,KRT-047,0.0,KRT
2025-09-19,KRT-048,0.0,KRT
2025-09-19,KRT-049,0.0,KRT
2025-09-19,KRT-050,0.0,KRT
2025-09-19,KRT-051,0.0,KRT
2025-09-19,KRT-052,0.0,KRT
2025-09-19,KRT-053,0.0,KRT
2025-09-19,KRT-054,0.0,KRT
2025-09-19,KRT-055,0.0,KRT
2025-09-19,KRT-056,0.0,KRT
2025-09-19,KRT-057,0.0,KRT
2025-09-19,KRT-058,0.0,KRT
2025-09-19,KRT-059,0.0,KRT
2025-09-19,KRT-060,0.0,KRT
2025-09-19,KRT-061,0.0,KRT
2025-09-19,KRT-062,0.0,KRT
2025-09-19,KRT-063,0.0,KRT
2025-09-19,KRT-064,0.0,KRT
2025-09-19,KRT-065,0.0,KRT
2025-09-19,KRT-066,0.0,KRT
2025-09-19,KRT-067,0.0,KRT
2025-09-19,KRT-068,0.0,KRT
2025-09-19,KRT-069,0.0,KRT
2025-09-19,KRT-070,0.0,KRT
2025-09-19,KRT-071,0.0,KRT
2025-09-19,KRT-072,0.0,KRT
2025-09-19,KRT-073,0.0,KRT
2025-09-19,KRT-074,0.0,KRT
2025-09-20,KRT-001,0.0,KRT
2025-09-20,KRT-002,0.0,KRT
2025-09-20,KRT-003,0.0,KRT
2025-09-20,KRT-004,0.0,KRT
2025-09-20,KRT-005,0.0,KRT
2025-09-20,KRT-006,0.0,KRT
2025-09-20,KRT-007,0.0,KRT
2025-09-20,KRT-008,0.0,KRT
2025-09-20,KRT-009,0.0,KRT
2025-09-20,KRT-010,0.0,KRT
2025-09-20,KRT-011,0.0,KRT
2025-09-20,KRT-012,0.0,KRT
2025-09-20,KRT-013,0.0,KRT
2025-09-20,KRT-014,0.0,KRT
2025-09-20,KRT-015,0.0,KRT
2025-09-20,KRT-016,0.25,KRT
2025-09-20,KRT-017,0.0,KRT
2025-09-20,KRT-018,0.0,KRT
2025-09-20,KRT-019,0.0,KRT
2025-09-20,KRT-020,0.0,KRT
2025-09-20,KRT-021,0.0,KRT
2025-09-20,KRT-022,0.0,KRT
2025-09-20,KRT-023,0.0,KRT
2025-09-20,KRT-024,0.0,KRT
2025-09-20,KRT-025,0.0,KRT
2025-09-20,KRT-026,0.0,KRT
2025-09-20,KRT-027,0.0,KRT
2025-09-20,KRT-028,0.0,KRT
2025-09-20,KRT-029,2.03,KRT
2025-09-20,KRT-030,0.0,KRT
2025-09-20,KRT-031,0.0,KRT
2025-09-20,KRT-032,0.0,KRT
2025-09-20,KRT-033,0.0,KRT
2025-09-20,KRT-034,0.0,KRT
2025-09-20,KRT-035,0.0,KRT
2025-09-20,KRT-036,0.0,KRT
2025-09-20,KRT-037,0.0,KRT
2025-09-20,KRT-038,0.0,KRT
2025-09-20,KRT-039,0.0,KRT
2025-09-20,KRT-040,0.0,KRT
2025-09-20,KRT-041,0.0,KRT
2025-09-20,KRT-042,0.0,KRT
2025-09-20,KRT-043,0.0,KRT
2025-09-20,KRT-044,0.0,KRT
2025-09-20,KRT-045,0.0,KRT
2025-09-20,KRT-046,0.0,KRT
2025-09-20,KRT-047,0.0,KRT
2025-09-20,KRT-048,0.0,KRT
2025-09-20,KRT-049,0.0,KRT
2025-09-20,KRT-050,0.0,KRT
2025-09-20,KRT-051,0.0,KRT
2025-09-20,KRT-052,0.0,KRT
2025-09-20,KRT-053,0.0,KRT
2025-09-20,KRT-054,0.0,KRT
2025-09-20,KRT-055,0.0,KRT
2025-09-20,KRT-056,0.0,KRT
2025-09-20,KRT-057,0.0,KRT
2025-09-20,KRT-058,0.0,KRT
2025-09-20,KRT-059,0.0,KRT
2025-09-20,KRT-060,0.0,KRT
2025-09-20,KRT-061,0.0,KRT
2025-09-20,KRT-062,0.0,KRT
2025-09-20,KRT-063,0.0,KRT
2025-09-20,KRT-064,0.0,KRT
2025-09-20,KRT-065,0.0,KRT
2025-09-20,KRT-066,0.0,KRT
2025-09-20,KRT-067,0.0,KRT
2025-09-20,KRT-068,0.0,KRT
2025-09-20,KRT-069,0.0,KRT
2025-09-20,KRT-070,0.0,KRT
2025-09-20,KRT-071,0.0,KRT
2025-09-20,KRT-072,0.0,KRT
2025-09-20,KRT-073,0.0,KRT
2025-09-20,KRT-074,0.0,KRT
2025-09-20,RDM-101,0.0,RDM
2025-09-20,RDM-102,0.0,RDM
2025-09-20,RDM-103,0.0,RDM
2025-09-20,RDM-104,0.0,RDM
2025-09-20,RDM-105,0.0,RDM
2025-09-20,RDM-106,0.0,RDM
2025-09-20,RDM-107,0.0,RDM
2025-09-20,RDM-108,0.0,RDM
2025-09-20,RDM-109,0.0,RDM
2025-09-20,RDM-110,0.0,RDM
2025-09-20,RDM-112,0.0,RDM
2025-09-20,RDM-113,0.0,RDM
2025-09-20,RDM-114,0.0,RDM
2025-09-20,RDM-115,0.0,RDM
2025-09-20,RDM-116,0.0,RDM
2025-09-20,RDM-117,0.0,RDM
2025-09-20,RDM-118,0.0,RDM
2025-09-20,RDM-119,0.0,RDM
2025-09-20,RDM-120,0.0,RDM
2025-09-20,RDM-121,0.0,RDM
2025-09-20,RDM-122,0.0,RDM
2025-09-20,RDM-123,0.0,RDM
2025-09-20,RDM-124,0.51,RDM
2025-09-20,RDM-125,0.0,RDM
2025-09-20,RDM-126,0.0,RDM
2025-09-20,RDM-127,0.0,RDM
2025-09-20,RDM-128,0.0,RDM
2025-09-20,RDM-129,0.0,RDM
2025-09-20,RDM-130,0.0,RDM
2025-09-20,RDM-131,0.0,RDM
2025-09-20,RDM-132,0.0,RDM
2025-09-20,RDM-133,0.0,RDM
2025-09-21,KRT-001,0.0,KRT
2025-09-21,KRT-002,0.0,KRT
2025-09-21,KRT-003,0.0,KRT
2025-09-21,KRT-004,0.0,KRT
2025-09-21,KRT-005,0.0,KRT
2025-09-21,KRT-006,0.0,KRT
2025-09-21,KRT-007,0.0,KRT
2025-09-21,KRT-008,0.0,KRT
2025-09-21,KRT-009,0.0,KRT
2025-09-21,KRT-010,0.0,KRT
2025-09-21,KRT-011,0.0,KRT
2025-09-21,KRT-012,0.0,KRT
2025-09-21,KRT-013,0.25,KRT
2025-09-21,KRT-014,0.0,KRT
2025-09-21,KRT-015,0.0,KRT
2025-09-21,KRT-016,0.0,KRT
2025-09-21,KRT-017,0.0,KRT
2025-09-21,KRT-018,0.0,KRT
2025-09-21,KRT-019,0.0,KRT
2025-09-21,KRT-020,0.0,KRT
2025-09-21,KRT-021,0.0,KRT
2025-09-21,KRT-022,0.0,KRT
2025-09-21,KRT-023,0.0,KRT
2025-09-21,KRT-024,0.0,KRT
2025-09-21,KRT-025,0.0,KRT
2025-09-21,KRT-026,0.0,KRT
2025-09-21,KRT-027,0.0,KRT
2025-09-21,KRT-028,0.0,KRT
2025-09-21,KRT-029,0.0,KRT
2025-09-21,KRT-030,0.0,KRT
2025-09-21,KRT-031,0.0,KRT
2025-09-21,KRT-032,0.0,KRT
2025-09-21,KRT-033,0.0,KRT
2025-09-21,KRT-034,0.0,KRT
2025-09-21,KRT-035,0.0,KRT
2025-09-21,KRT-036,0.0,KRT
2025-09-21,KRT-037,0.0,KRT
2025-09-21,KRT-038,0.0,KRT
2025-09-21,KRT-039,0.0,KRT
2025-09-21,KRT-040,0.0,KRT
2025-09-21,KRT-041,0.0,KRT
2025-09-21,KRT-042,0.0,KRT
2025-09-21,KRT-043,0.0,KRT
2025-09-21,KRT-044,0.0,KRT
2025-09-21,KRT-045,0.0,KRT
2025-09-21,KRT-046,0.0,KRT
2025-09-21,KRT-047,0.0,KRT
2025-09-21,KRT-048,0.0,KRT
2025-09-21,KRT-049,0.0,KRT
2025-09-21,KRT-050,0.0,KRT
2025-09-21,KRT-051,0.0,KRT
2025-09-21,KRT-052,0.0,KRT
2025-09-21,KRT-053,0.0,KRT
2025-09-21,KRT-054,0.0,KRT
2025-09-21,KRT-055,0.0,KRT
2025-09-21,KRT-056,0.0,KRT
2025-09-21,KRT-057,0.0,KRT
2025-09-21,KRT-058,0.0,KRT
2025-09-21,KRT-059,0.0,KRT
2025-09-21,KRT-060,0.0,KRT
2025-09-21,KRT-061,0.0,KRT
2025-09-21,KRT-062,0.0,KRT
2025-09-21,KRT-063,0.0,KRT
2025-09-21,KRT-064,0.0,KRT
2025-09-21,KRT-065,0.0,KRT
2025-09-21,KRT-066,0.0,KRT
2025-09-21,KRT-067,0.0,KRT
2025-09-21,KRT-068,0.0,KRT
2025-09-21,KRT-069,0.0,KRT
2025-09-21,KRT-070,0.0,KRT
2025-09-21,KRT-071,0.0,KRT
2025-09-21,KRT-072,0.0,KRT
2025-09-21,KRT-073,0.0,KRT
2025-09-21,KRT-074,0.0,KRT
2025-09-21,RDM-101,0.0,RDM
2025-09-21,RDM-102,0.0,RDM
2025-09-21,RDM-103,0.0,RDM
2025-09-21,RDM-104,0.0,RDM
2025-09-21,RDM-105,0.0,RDM
2025-09-21,RDM-106,0.0,RDM
2025-09-21,RDM-107,0.0,RDM
2025-09-21,RDM-108,0.0,RDM
2025-09-21,RDM-109,0.0,RDM
2025-09-21,RDM-110,0.0,RDM
2025-09-21,RDM-112,0.0,RDM
2025-09-21,RDM-113,0.0,RDM
2025-09-21,RDM-114,0.0,RDM
2025-09-21,RDM-115,0.0,RDM
2025-09-21,RDM-116,0.0,RDM
2025-09-21,RDM-117,0.0,RDM
2025-09-21,RDM-118,0.0,RDM
2025-09-21,RDM-119,0.0,RDM
2025-09-21,RDM-120,0.0,RDM
2025-09-21,RDM-121,0.0,RDM
2025-09-21,RDM-122,0.0,RDM
2025-09-21,RDM-123,0.0,RDM
2025-09-21,RDM-124,0.0,RDM
2025-09-21,RDM-125,0.0,RDM
2025-09-21,RDM-126,0.0,RDM
2025-09-21,RDM-127,0.0,RDM
2025-09-21,RDM-128,0.0,RDM
2025-09-21,RDM-129,0.0,RDM
2025-09-21,RDM-130,0.0,RDM
2025-09-21,RDM-131,0.0,RDM
2025-09-21,RDM-132,0.0,RDM
2025-09-21,RDM-133,0.0,RDM
2025-09-22,KRT-001,0.0,KRT
2025-09-22,KRT-002,0.0,KRT
2025-09-22,KRT-003,0.0,KRT
2025-09-22,KRT-004,0.0,KRT
2025-09-22,KRT-005,0.75,KRT
2025-09-22,KRT-006,0.0,KRT
2025-09-22,KRT-007,0.51,KRT
2025-09-22,KRT-008,1.02,KRT
2025-09-22,KRT-009,0.25,KRT
2025-09-22,KRT-010,0.51,KRT
2025-09-22,KRT-011,0.0,KRT
2025-09-22,KRT-012,0.0,KRT
2025-09-22,KRT-013,0.0,KRT
2025-09-22,KRT-014,0.0,KRT
2025-09-22,KRT-015,0.25,KRT
2025-09-22,KRT-016,0.0,KRT
2025-09-22,KRT-017,0.0,KRT
2025-09-22,KRT-018,0.0,KRT
2025-09-22,KRT-019,0.0,KRT
2025-09-22,KRT-020,0.0,KRT
2025-09-22,KRT-021,0.0,KRT
2025-09-22,KRT-022,0.0,KRT
2025-09-22,KRT-023,0.0,KRT
2025-09-22,KRT-024,0.0,KRT
2025-09-22,KRT-025,0.0,KRT
2025-09-22,KRT-026,0.0,KRT
2025-09-22,KRT-027,0.0,KRT
2025-09-22,KRT-028,0.0,KRT
2025-09-22,KRT-029,0.0,KRT
2025-09-22,KRT-030,0.0,KRT
2025-09-22,KRT-031,0.0,KRT
2025-09-22,KRT-032,0.0,KRT
2025-09-22,KRT-033,0.0,KRT
2025-09-22,KRT-034,0.0,KRT
2025-09-22,KRT-035,0.0,KRT
2025-09-22,KRT-036,0.0,KRT
2025-09-22,KRT-037,0.0,KRT
2025-09-22,KRT-038,0.0,KRT
2025-09-22,KRT-039,0.0,KRT
2025-09-22,KRT-040,0.0,KRT
2025-09-22,KRT-041,0.0,KRT
2025-09-22,KRT-042,0.0,KRT
2025-09-22,KRT-043,0.0,KRT
2025-09-22,KRT-044,0.0,KRT
2025-09-22,KRT-045,0.0,KRT
2025-09-22,KRT-046,0.0,KRT
2025-09-22,KRT-047,0.0,KRT
2025-09-22,KRT-048,0.0,KRT
2025-09-22,KRT-049,0.0,KRT
2025-09-22,KRT-050,0.0,KRT
2025-09-22,KRT-051,0.0,KRT
2025-09-22,KRT-052,0.0,KRT
2025-09-22,KRT-053,0.0,KRT
2025-09-22,KRT-054,0.0,KRT
2025-09-22,KRT-055,0.0,KRT
2025-09-22,KRT-056,0.0,KRT
2025-09-22,KRT-057,0.0,KRT
2025-09-22,KRT-058,0.0,KRT
2025-09-22,KRT-059,0.0,KRT
2025-09-22,KRT-060,0.0,KRT
2025-09-22,KRT-061,0.0,KRT
2025-09-22,KRT-062,0.0,KRT
2025-09-22,KRT-063,0.0,KRT
2025-09-22,KRT-064,0.0,KRT
2025-09-22,KRT-065,0.0,KRT
2025-09-22,KRT-066,0.0,KRT
2025-09-22,KRT-067,0.0,KRT
2025-09-22,KRT-068,0.0,KRT
2025-09-22,KRT-069,0.0,KRT
2025-09-22,KRT-070,0.2,KRT
2025-09-22,KRT-071,0.0,KRT
2025-09-22,KRT-072,0.19,KRT
2025-09-22,KRT-073,0.25,KRT
2025-09-22,KRT-074,0.0,KRT
2025-09-22,RDM-101,0.0,RDM
2025-09-22,RDM-102,0.0,RDM
2025-09-22,RDM-103,0.0,RDM
2025-09-22,RDM-104,0.0,RDM
2025-09-22,RDM-105,0.0,RDM
2025-09-22,RDM-106,0.0,RDM
2025-09-22,RDM-107,0.0,RDM
2025-09-22,RDM-108,0.0,RDM
2025-09-22,RDM-109,0.0,RDM
2025-09-22,RDM-110,0.0,RDM
2025-09-22,RDM-112,0.0,RDM
2025-09-22,RDM-113,0.0,RDM
2025-09-22,RDM-114,0.0,RDM
2025-09-22,RDM-115,1.27,RDM
2025-09-22,RDM-116,0.0,RDM
2025-09-22,RDM-117,0.0,RDM
2025-09-22,RDM-118,0.0,RDM
2025-09-22,RDM-119,0.0,RDM
2025-09-22,RDM-120,0.0,RDM
2025-09-22,RDM-121,0.0,RDM
2025-09-22,RDM-122,0.0,RDM
2025-09-22,RDM-123,0.0,RDM
2025-09-22,RDM-124,0.0,RDM
2025-09-22,RDM-125,0.0,RDM
2025-09-22,RDM-126,0.0,RDM
2025-09-22,RDM-127,0.0,RDM
2025-09-22,RDM-128,0.0,RDM
2025-09-22,RDM-129,0.0,RDM
2025-09-22,RDM-130,0.25,RDM
2025-09-22,RDM-131,0.0,RDM
2025-09-22,RDM-132,0.0,RDM
2025-09-22,RDM-133,0.0,RDM
2025-09-23,KRT-001,0.0,KRT
2025-09-23,KRT-002,0.0,KRT
2025-09-23,KRT-003,0.0,KRT
2025-09-23,KRT-004,0.0,KRT
2025-09-23,KRT-005,0.0,KRT
2025-09-23,KRT-006,0.0,KRT
2025-09-23,KRT-007,0.0,KRT
2025-09-23,KRT-008,0.0,KRT
2025-09-23,KRT-009,0.0,KRT
2025-09-23,KRT-010,0.25,KRT
2025-09-23,KRT-011,0.0,KRT
2025-09-23,KRT-012,0.0,KRT
2025-09-23,KRT-013,0.0,KRT
2025-09-23,KRT-014,0.0,KRT
2025-09-23,KRT-015,0.0,KRT
2025-09-23,KRT-016,0.0,KRT
2025-09-23,KRT-017,0.25,KRT
2025-09-23,KRT-018,0.25,KRT
2025-09-23,KRT-019,0.0,KRT
2025-09-23,KRT-020,0.0,KRT
2025-09-23,KRT-021,0.0,KRT
2025-09-23,KRT-022,0.0,KRT
2025-09-23,KRT-023,0.0,KRT
2025-09-23,KRT-024,0.0,KRT
2025-09-23,KRT-025,0.0,KRT
2025-09-23,KRT-026,0.0,KRT
2025-09-23,KRT-027,0.0,KRT
2025-09-23,KRT-028,0.0,KRT
2025-09-23,KRT-029,0.0,KRT
2025-09-23,KRT-030,0.0,KRT
2025-09-23,KRT-031,0.25,KRT
2025-09-23,KRT-032,0.25,KRT
2025-09-23,KRT-033,0.25,KRT
2025-09-23,KRT-034,0.0,KRT
2025-09-23,KRT-035,0.0,KRT
2025-09-23,KRT-036,0.0,KRT
2025-09-23,KRT-037,0.0,KRT
2025-09-23,KRT-038,0.0,KRT
2025-09-23,KRT-039,0.0,KRT
2025-09-23,KRT-040,0.0,KRT
2025-09-23,KRT-041,0.0,KRT
2025-09-23,KRT-042,0.0,KRT
2025-09-23,KRT-043,0.0,KRT
2025-09-23,KRT-044,0.0,KRT
2025-09-23,KRT-045,0.0,KRT
2025-09-23,KRT-046,0.0,KRT
2025-09-23,KRT-047,0.0,KRT
2025-09-23,KRT-048,0.0,KRT
2025-09-23,KRT-049,0.0,KRT
2025-09-23,KRT-050,0.0,KRT
2025-09-23,KRT-051,0.0,KRT
2025-09-23,KRT-052,0.25,KRT
2025-09-23,KRT-053,0.0,KRT
2025-09-23,KRT-054,0.0,KRT
2025-09-23,KRT-055,0.0,KRT
2025-09-23,KRT-056,0.0,KRT
2025-09-23,KRT-057,0.0,KRT
2025-09-23,KRT-058,0.0,KRT
2025-09-23,KRT-059,0.0,KRT
2025-09-23,KRT-060,0.0,KRT
2025-09-23,KRT-061,0.0,KRT
2025-09-23,KRT-062,0.0,KRT
2025-09-23,KRT-063,0.0,KRT
2025-09-23,KRT-064,0.0,KRT
2025-09-23,KRT-065,0.0,KRT
2025-09-23,KRT-066,0.0,KRT
2025-09-23,KRT-067,0.0,KRT
2025-09-23,KRT-068,0.21,KRT
2025-09-23,KRT-069,0.0,KRT
2025-09-23,KRT-070,0.0,KRT
2025-09-23,KRT-071,0.0,KRT
2025-09-23,KRT-072,0.0,KRT
2025-09-23,KRT-073,0.0,KRT
2025-09-23,KRT-074,0.0,KRT
2025-09-23,RDM-101,0.0,RDM
2025-09-23,RDM-102,0.0,RDM
2025-09-23,RDM-103,4.57,RDM
2025-09-23,RDM-104,3.81,RDM
2025-09-23,RDM-105,0.76,RDM
2025-09-23,RDM-106,6.35,RDM
2025-09-23,RDM-107,7.62,RDM
2025-09-23,RDM-108,0.0,RDM
2025-09-23,RDM-109,6.1,RDM
2025-09-23,RDM-110,0.0,RDM
2025-09-23,RDM-112,0.76,RDM
2025-09-23,RDM-113,0.0,RDM
2025-09-23,RDM-114,3.5,RDM
2025-09-23,RDM-115,7.62,RDM
2025-09-23,RDM-116,3.3,RDM
2025-09-23,RDM-117,0.51,RDM
2025-09-23,RDM-118,0.76,RDM
2025-09-23,RDM-119,4.83,RDM
2025-09-23,RDM-120,1.78,RDM
2025-09-23,RDM-121,0.51,RDM
2025-09-23,RDM-122,1.02,RDM
2025-09-23,RDM-123,2.29,RDM
2025-09-23,RDM-124,3.3,RDM
2025-09-23,RDM-125,0.0,RDM
2025-09-23,RDM-126,0.0,RDM
2025-09-23,RDM-127,6.35,RDM
2025-09-23,RDM-128,8.13,RDM
2025-09-23,RDM-129,1.27,RDM
2025-09-23,RDM-130,0.0,RDM
2025-09-23,RDM-131,0.76,RDM
2025-09-23,RDM-132,2.86,RDM
2025-09-23,RDM-133,0.0,RDM
2025-09-24,KRT-001,0.0,KRT
2025-09-24,KRT-002,0.0,KRT
2025-09-24,KRT-003,0.0,KRT
2025-09-24,KRT-004,0.0,KRT
2025-09-24,KRT-005,0.0,KRT
2025-09-24,KRT-006,0.0,KRT
2025-09-24,KRT-007,0.0,KRT
2025-09-24,KRT-008,0.0,KRT
2025-09-24,KRT-009,0.0,KRT
2025-09-24,KRT-010,0.0,KRT
2025-09-24,KRT-011,0.0,KRT
2025-09-24,KRT-012,0.0,KRT
2025-09-24,KRT-013,0.0,KRT
2025-09-24,KRT-014,0.0,KRT
2025-09-24,KRT-015,0.0,KRT
2025-09-24,KRT-016,0.0,KRT
2025-09-24,KRT-017,0.0,KRT
2025-09-24,KRT-018,0.0,KRT
2025-09-24,KRT-019,0.0,KRT
2025-09-24,KRT-020,0.0,KRT
2025-09-24,KRT-021,0.0,KRT
2025-09-24,KRT-022,0.0,KRT
2025-09-24,KRT-023,0.0,KRT
2025-09-24,KRT-024,0.0,KRT
2025-09-24,KRT-025,0.0,KRT
2025-09-24,KRT-026,0.0,KRT
2025-09-24,KRT-027,0.0,KRT
2025-09-24,KRT-028,0.0,KRT
2025-09-24,KRT-029,0.0,KRT
2025-09-24,KRT-030,0.0,KRT
2025-09-24,KRT-031,0.0,KRT
2025-09-24,KRT-032,0.0,KRT
2025-09-24,KRT-033,0.0,KRT
2025-09-24,KRT-034,0.0,KRT
2025-09-24,KRT-035,0.0,KRT
2025-09-24,KRT-036,0.0,KRT
2025-09-24,KRT-037,0.0,KRT
2025-09-24,KRT-038,0.0,KRT
2025-09-24,KRT-039,0.0,KRT
2025-09-24,KRT-040,0.0,KRT
2025-09-24,KRT-041,0.0,KRT
2025-09-24,KRT-042,0.0,KRT
2025-09-24,KRT-043,0.0,KRT
2025-09-24,KRT-044,0.0,KRT
2025-09-24,KRT-045,0.0,KRT
2025-09-24,KRT-046,0.0,KRT
2025-09-24,KRT-047,0.0,KRT
2025-09-24,KRT-048,0.0,KRT
2025-09-24,KRT-049,0.0,KRT
2025-09-24,KRT-050,0.0,KRT
2025-09-24,KRT-051,0.0,KRT
2025-09-24,KRT-052,0.0,KRT
2025-09-24,KRT-053,0.0,KRT
2025-09-24,KRT-054,7.62,KRT
2025-09-24,KRT-055,0.0,KRT
2025-09-24,KRT-056,0.0,KRT
2025-09-24,KRT-057,0.0,KRT
2025-09-24,KRT-058,0.0,KRT
2025-09-24,KRT-059,0.0,KRT
2025-09-24,KRT-060,0.0,KRT
2025-09-24,KRT-061,0.0,KRT
2025-09-24,KRT-062,0.0,KRT
2025-09-24,KRT-063,0.0,KRT
2025-09-24,KRT-064,0.0,KRT
2025-09-24,KRT-065,0.0,KRT
2025-09-24,KRT-066,0.0,KRT
2025-09-24,KRT-067,0.0,KRT
2025-09-24,KRT-068,0.0,KRT
2025-09-24,KRT-069,0.0,KRT
2025-09-24,KRT-070,0.0,KRT
2025-09-24,KRT-071,0.0,KRT
2025-09-24,KRT-072,0.0,KRT
2025-09-24,KRT-073,0.0,KRT
2025-09-24,KRT-074,0.0,KRT
2025-09-24,RDM-101,0.0,RDM
2025-09-24,RDM-102,0.0,RDM
2025-09-24,RDM-103,0.0,RDM
2025-09-24,RDM-104,0.0,RDM
2025-09-24,RDM-105,0.0,RDM
2025-09-24,RDM-106,0.0,RDM
2025-09-24,RDM-107,0.0,RDM
2025-09-24,RDM-108,0.0,RDM
2025-09-24,RDM-109,0.0,RDM
2025-09-24,RDM-110,0.0,RDM
2025-09-24,RDM-112,0.0,RDM
2025-09-24,RDM-113,0.0,RDM
2025-09-24,RDM-114,0.0,RDM
2025-09-24,RDM-115,0.0,RDM
2025-09-24,RDM-116,0.0,RDM
2025-09-24,RDM-117,0.0,RDM
2025-09-24,RDM-118,0.0,RDM
2025-09-24,RDM-119,0.0,RDM
2025-09-24,RDM-120,0.0,RDM
2025-09-24,RDM-121,0.0,RDM
2025-09-24,RDM-122,0.0,RDM
2025-09-24,RDM-123,0.0,RDM
2025-09-24,RDM-124,0.0,RDM
2025-09-24,RDM-125,0.0,RDM
2025-09-24,RDM-126,0.0,RDM
2025-09-24,RDM-127,0.0,RDM
2025-09-24,RDM-128,0.0,RDM
2025-09-24,RDM-129,0.0,RDM
2025-09-24,RDM-130,0.0,RDM
2025-09-24,RDM-131,0.0,RDM
2025-09-24,RDM-132,0.0,RDM
2025-09-24,RDM-133,0.0,RDM
2025-09-25,KRT-001,0.0,KRT
2025-09-25,KRT-002,0.0,KRT
2025-09-25,KRT-003,0.0,KRT
2025-09-25,KRT-004,0.0,KRT
2025-09-25,KRT-005,0.0,KRT
2025-09-25,KRT-006,0.0,KRT
2025-09-25,KRT-007,0.0,KRT
2025-09-25,KRT-008,0.0,KRT
2025-09-25,KRT-009,0.0,KRT
2025-09-25,KRT-010,0.0,KRT
2025-09-25,KRT-011,0.0,KRT
2025-09-25,KRT-012,0.0,KRT
2025-09-25,KRT-013,0.0,KRT
2025-09-25,KRT-014,0.0,KRT
2025-09-25,KRT-015,0.0,KRT
2025-09-25,KRT-016,0.0,KRT
2025-09-25,KRT-017,0.0,KRT
2025-09-25,KRT-018,0.0,KRT
2025-09-25,KRT-019,0.0,KRT
2025-09-25,KRT-020,0.0,KRT
2025-09-25,KRT-021,0.0,KRT
2025-09-25,KRT-022,0.0,KRT
2025-09-25,KRT-023,0.0,KRT
2025-09-25,KRT-024,0.0,KRT
2025-09-25,KRT-025,0.0,KRT
2025-09-25,KRT-026,0.0,KRT
2025-09-25,KRT-027,0.0,KRT
2025-09-25,KRT-028,0.0,KRT
2025-09-25,KRT-029,0.0,KRT
2025-09-25,KRT-030,0.0,KRT
2025-09-25,KRT-031,0.0,KRT
2025-09-25,KRT-032,0.0,KRT
2025-09-25,KRT-033,0.0,KRT
2025-09-25,KRT-034,0.0,KRT
2025-09-25,KRT-035,0.0,KRT
2025-09-25,KRT-036,0.0,KRT
2025-09-25,KRT-037,0.0,KRT
2025-09-25,KRT-038,0.0,KRT
2025-09-25,KRT-039,0.0,KRT
2025-09-25,KRT-040,0.0,KRT
2025-09-25,KRT-041,0.0,KRT
2025-09-25,KRT-042,0.0,KRT
2025-09-25,KRT-043,0.0,KRT
2025-09-25,KRT-044,0.0,KRT
2025-09-25,KRT-045,0.0,KRT
2025-09-25,KRT-046,0.0,KRT
2025-09-25,KRT-047,0.0,KRT
2025-09-25,KRT-048,0.0,KRT
2025-09-25,KRT-049,0.0,KRT
2025-09-25,KRT-050,0.0,KRT
2025-09-25,KRT-051,0.0,KRT
2025-09-25,KRT-052,0.0,KRT
2025-09-25,KRT-053,0.0,KRT
2025-09-25,KRT-054,1.02,KRT
2025-09-25,KRT-055,0.0,KRT
2025-09-25,KRT-056,0.0,KRT
2025-09-25,KRT-057,0.0,KRT
2025-09-25,KRT-058,0.0,KRT
2025-09-25,KRT-059,0.0,KRT
2025-09-25,KRT-060,0.0,KRT
2025-09-25,KRT-061,0.0,KRT
2025-09-25,KRT-062,0.0,KRT
2025-09-25,KRT-063,0.0,KRT
2025-09-25,KRT-064,0.0,KRT
2025-09-25,KRT-065,0.0,KRT
2025-09-25,KRT-066,0.0,KRT
2025-09-25,KRT-067,0.0,KRT
2025-09-25,KRT-068,0.0,KRT
2025-09-25,KRT-069,0.0,KRT
2025-09-25,KRT-070,0.0,KRT
2025-09-25,KRT-071,0.0,KRT
2025-09-25,KRT-072,0.0,KRT
2025-09-25,KRT-073,0.0,KRT
2025-09-25,KRT-074,0.0,KRT
2025-09-25,RDM-101,0.0,RDM
2025-09-25,RDM-102,0.0,RDM
2025-09-25,RDM-103,0.0,RDM
2025-09-25,RDM-104,0.0,RDM
2025-09-25,RDM-105,0.0,RDM
2025-09-25,RDM-106,0.0,RDM
2025-09-25,RDM-107,0.0,RDM
2025-09-25,RDM-108,0.0,RDM
2025-09-25,RDM-109,0.0,RDM
2025-09-25,RDM-110,0.0,RDM
2025-09-25,RDM-112,0.0,RDM
2025-09-25,RDM-113,0.0,RDM
2025-09-25,RDM-114,0.0,RDM
2025-09-25,RDM-115,0.0,RDM
2025-09-25,RDM-116,0.0,RDM
2025-09-25,RDM-117,0.0,RDM
2025-09-25,RDM-118,0.0,RDM
2025-09-25,RDM-119,0.0,RDM
2025-09-25,RDM-120,0.0,RDM
2025-09-25,RDM-121,0.0,RDM
2025-09-25,RDM-122,0.0,RDM
2025-09-25,RDM-123,0.0,RDM
2025-09-25,RDM-124,0.0,RDM
2025-09-25,RDM-125,0.0,RDM
2025-09-25,RDM-126,0.0,RDM
2025-09-25,RDM-127,0.0,RDM
2025-09-25,RDM-128,0.0,RDM
2025-09-25,RDM-129,0.0,RDM
2025-09-25,RDM-130,0.0,RDM
2025-09-25,RDM-131,0.0,RDM
2025-09-25,RDM-132,0.0,RDM
2025-09-25,RDM-133,0.0,RDM
2025-09-26,KRT-001,0.0,KRT
2025-09-26,KRT-002,0.0,KRT
2025-09-26,KRT-003,0.0,KRT
2025-09-26,KRT-004,0.0,KRT
2025-09-26,KRT-005,0.0,KRT
2025-09-26,KRT-006,0.0,KRT
2025-09-26,KRT-007,0.0,KRT
2025-09-26,KRT-008,0.0,KRT
2025-09-26,KRT-009,0.0,KRT
2025-09-26,KRT-010,0.0,KRT
2025-09-26,KRT-011,0.0,KRT
2025-09-26,KRT-012,0.0,KRT
2025-09-26,KRT-013,0.0,KRT
2025-09-26,KRT-014,0.0,KRT
2025-09-26,KRT-015,0.0,KRT
2025-09-26,KRT-016,0.0,KRT
2025-09-26,KRT-017,0.0,KRT
2025-09-26,KRT-018,0.0,KRT
2025-09-26,KRT-019,0.0,KRT
2025-09-26,KRT-020,0.0,KRT
2025-09-26,KRT-021,0.0,KRT
2025-09-26,KRT-022,0.0,KRT
2025-09-26,KRT-023,0.0,KRT
2025-09-26,KRT-024,0.0,KRT
2025-09-26,KRT-025,0.0,KRT
2025-09-26,KRT-026,0.0,KRT
2025-09-26,KRT-027,0.0,KRT
2025-09-26,KRT-028,0.0,KRT
2025-09-26,KRT-029,0.0,KRT
2025-09-26,KRT-030,0.0,KRT
2025-09-26,KRT-031,0.0,KRT
2025-09-26,KRT-032,0.0,KRT
2025-09-26,KRT-033,0.0,KRT
2025-09-26,KRT-034,0.0,KRT
2025-09-26,KRT-035,0.0,KRT
2025-09-26,KRT-036,0.0,KRT
2025-09-26,KRT-037,0.0,KRT
2025-09-26,KRT-038,0.0,KRT
2025-09-26,KRT-039,0.0,KRT
2025-09-26,KRT-040,0.0,KRT
2025-09-26,KRT-041,0.0,KRT
2025-09-26,KRT-042,0.0,KRT
2025-09-26,KRT-043,0.0,KRT
2025-09-26,KRT-044,0.0,KRT
2025-09-26,KRT-045,0.0,KRT
2025-09-26,KRT-046,0.0,KRT
2025-09-26,KRT-047,0.0,KRT
2025-09-26,KRT-048,0.0,KRT
2025-09-26,KRT-049,0.0,KRT
2025-09-26,KRT-050,0.0,KRT
2025-09-26,KRT-051,0.0,KRT
2025-09-26,KRT-052,0.0,KRT
2025-09-26,KRT-053,0.0,KRT
2025-09-26,KRT-054,0.76,KRT
2025-09-26,KRT-055,0.0,KRT
2025-09-26,KRT-056,0.0,KRT
2025-09-26,KRT-057,0.0,KRT
2025-09-26,KRT-058,0.0,KRT
2025-09-26,KRT-059,0.0,KRT
2025-09-26,KRT-060,1.52,KRT
2025-09-26,KRT-061,0.0,KRT
2025-09-26,KRT-062,0.0,KRT
2025-09-26,KRT-063,0.0,KRT
2025-09-26,KRT-064,0.0,KRT
2025-09-26,KRT-065,0.0,KRT
2025-09-26,KRT-066,0.0,KRT
2025-09-26,KRT-067,0.0,KRT
2025-09-26,KRT-068,0.0,KRT
2025-09-26,KRT-069,0.0,KRT
2025-09-26,KRT-070,0.0,KRT
2025-09-26,KRT-071,0.0,KRT
2025-09-26,KRT-072,0.0,KRT
2025-09-26,KRT-073,0.0,KRT
2025-09-26,KRT-074,0.0,KRT
2025-09-26,RDM-101,0.0,RDM
2025-09-26,RDM-102,0.0,RDM
2025-09-26,RDM-103,0.0,RDM
2025-09-26,RDM-104,0.0,RDM
2025-09-26,RDM-105,0.0,RDM
2025-09-26,RDM-106,0.0,RDM
2025-09-26,RDM-107,0.0,RDM
2025-09-26,RDM-108,0.0,RDM
2025-09-26,RDM-109,0.0,RDM
2025-09-26,RDM-110,0.0,RDM
2025-09-26,RDM-112,0.0,RDM
2025-09-26,RDM-113,0.0,RDM
2025-09-26,RDM-114,0.0,RDM
2025-09-26,RDM-115,0.0,RDM
2025-09-26,RDM-116,0.0,RDM
2025-09-26,RDM-117,0.0,RDM
2025-09-26,RDM-118,0.0,RDM
2025-09-26,RDM-119,0.0,RDM
2025-09-26,RDM-120,0.0,RDM
2025-09-26,RDM-121,0.0,RDM
2025-09-26,RDM-122,0.0,RDM
2025-09-26,RDM-123,0.0,RDM
2025-09-26,RDM-124,0.0,RDM
2025-09-26,RDM-125,0.0,RDM
2025-09-26,RDM-126,0.0,RDM
2025-09-26,RDM-127,0.0,RDM
2025-09-26,RDM-128,0.0,RDM
2025-09-26,RDM-129,0.0,RDM
2025-09-26,RDM-130,0.0,RDM
2025-09-26,RDM-131,0.0,RDM
2025-09-26,RDM-132,0.0,RDM
2025-09-26,RDM-133,0.0,RDM
2025-09-27,KRT-001,0.0,KRT
2025-09-27,KRT-002,0.0,KRT
2025-09-27,KRT-003,0.0,KRT
2025-09-27,KRT-004,0.0,KRT
2025-09-27,KRT-005,0.0,KRT
2025-09-27,KRT-006,0.0,KRT
2025-09-27,KRT-007,0.0,KRT
2025-09-27,KRT-008,0.0,KRT
2025-09-27,KRT-009,0.0,KRT
2025-09-27,KRT-010,0.0,KRT
2025-09-27,KRT-011,0.0,KRT
2025-09-27,KRT-012,0.0,KRT
2025-09-27,KRT-013,0.0,KRT
2025-09-27,KRT-014,0.0,KRT
2025-09-27,KRT-015,0.0,KRT
2025-09-27,KRT-016,0.0,KRT
2025-09-27,KRT-017,0.0,KRT
2025-09-27,KRT-018,0.0,KRT
2025-09-27,KRT-019,0.0,KRT
2025-09-27,KRT-020,0.0,KRT
2025-09-27,KRT-021,0.0,KRT
2025-09-27,KRT-022,0.0,KRT
2025-09-27,KRT-023,0.0,KRT
2025-09-27,KRT-024,0.0,KRT
2025-09-27,KRT-025,0.0,KRT
2025-09-27,KRT-026,0.0,KRT
2025-09-27,KRT-027,0.0,KRT
2025-09-27,KRT-028,0.0,KRT
2025-09-27,KRT-029,0.0,KRT
2025-09-27,KRT-030,0.0,KRT
2025-09-27,KRT-031,0.0,KRT
2025-09-27,KRT-032,0.0,KRT
2025-09-27,KRT-033,0.0,KRT
2025-09-27,KRT-034,0.0,KRT
2025-09-27,KRT-035,0.0,KRT
2025-09-27,KRT-036,0.0,KRT
2025-09-27,KRT-037,0.0,KRT
2025-09-27,KRT-038,0.0,KRT
2025-09-27,KRT-039,0.0,KRT
2025-09-27,KRT-040,0.0,KRT
2025-09-27,KRT-041,0.0,KRT
2025-09-27,KRT-042,0.0,KRT
2025-09-27,KRT-043,0.0,KRT
2025-09-27,KRT-044,0.0,KRT
2025-09-27,KRT-045,0.0,KRT
2025-09-27,KRT-046,0.0,KRT
2025-09-27,KRT-047,0.0,KRT
2025-09-27,KRT-048,0.0,KRT
2025-09-27,KRT-049,0.0,KRT
2025-09-27,KRT-050,0.0,KRT
2025-09-27,KRT-051,0.0,KRT
2025-09-27,KRT-052,0.0,KRT
2025-09-27,KRT-053,0.0,KRT
2025-09-27,KRT-054,0.25,KRT
2025-09-27,KRT-055,0.0,KRT
2025-09-27,KRT-056,0.0,KRT
2025-09-27,KRT-057,0.0,KRT
2025-09-27,KRT-058,0.0,KRT
2025-09-27,KRT-059,0.0,KRT
2025-09-27,KRT-060,1.78,KRT
2025-09-27,KRT-061,0.0,KRT
2025-09-27,KRT-062,0.0,KRT
2025-09-27,KRT-063,0.0,KRT
2025-09-27,KRT-064,0.0,KRT
2025-09-27,KRT-065,0.0,KRT
2025-09-27,KRT-066,0.0,KRT
2025-09-27,KRT-067,0.0,KRT
2025-09-27,KRT-068,0.0,KRT
2025-09-27,KRT-069,0.0,KRT
2025-09-27,KRT-070,0.0,KRT
2025-09-27,KRT-071,0.0,KRT
2025-09-27,KRT-072,0.0,KRT
2025-09-27,KRT-073,0.0,KRT
2025-09-27,KRT-074,0.0,KRT
2025-09-27,RDM-101,0.0,RDM
2025-09-27,RDM-102,0.0,RDM
2025-09-27,RDM-103,0.0,RDM
2025-09-27,RDM-104,0.0,RDM
2025-09-27,RDM-105,0.0,RDM
2025-09-27,RDM-106,0.0,RDM
2025-09-27,RDM-107,0.0,RDM
2025-09-27,RDM-108,0.0,RDM
2025-09-27,RDM-109,0.0,RDM
2025-09-27,RDM-110,0.0,RDM
2025-09-27,RDM-112,0.0,RDM
2025-09-27,RDM-113,0.0,RDM
2025-09-27,RDM-114,0.0,RDM
2025-09-27,RDM-115,0.0,RDM
2025-09-27,RDM-116,0.0,RDM
2025-09-27,RDM-117,0.0,RDM
2025-09-27,RDM-118,0.0,RDM
2025-09-27,RDM-119,0.0,RDM
2025-09-27,RDM-120,0.0,RDM
2025-09-27,RDM-121,0.0,RDM
2025-09-27,RDM-122,0.0,RDM
2025-09-27,RDM-123,0.0,RDM
2025-09-27,RDM-124,0.0,RDM
2025-09-27,RDM-125,0.0,RDM
2025-09-27,RDM-126,0.0,RDM
2025-09-27,RDM-127,0.0,RDM
2025-09-27,RDM-128,0.0,RDM
2025-09-27,RDM-129,0.0,RDM
2025-09-27,RDM-130,0.0,RDM
2025-09-27,RDM-131,0.0,RDM
2025-09-27,RDM-132,0.0,RDM
2025-09-27,RDM-133,0.0,RDM
2025-09-28,KRT-001,0.0,KRT
2025-09-28,KRT-002,0.0,KRT
2025-09-28,KRT-003,0.0,KRT
2025-09-28,KRT-004,0.0,KRT
2025-09-28,KRT-005,0.0,KRT
2025-09-28,KRT-006,0.0,KRT
2025-09-28,KRT-007,0.0,KRT
2025-09-28,KRT-008,0.0,KRT
2025-09-28,KRT-009,0.0,KRT
2025-09-28,KRT-010,0.0,KRT
2025-09-28,KRT-011,0.0,KRT
2025-09-28,KRT-012,0.0,KRT
2025-09-28,KRT-013,0.0,KRT
2025-09-28,KRT-014,0.0,KRT
2025-09-28,KRT-015,0.0,KRT
2025-09-28,KRT-016,0.0,KRT
2025-09-28,KRT-017,0.0,KRT
2025-09-28,KRT-018,0.0,KRT
2025-09-28,KRT-019,0.0,KRT
2025-09-28,KRT-020,0.0,KRT
2025-09-28,KRT-021,0.0,KRT
2025-09-28,KRT-022,0.0,KRT
2025-09-28,KRT-023,0.0,KRT
2025-09-28,KRT-024,0.0,KRT
2025-09-28,KRT-025,0.0,KRT
2025-09-28,KRT-026,0.0,KRT
2025-09-28,KRT-027,0.0,KRT
2025-09-28,KRT-028,0.0,KRT
2025-09-28,KRT-029,0.0,KRT
2025-09-28,KRT-030,0.0,KRT
2025-09-28,KRT-031,0.0,KRT
2025-09-28,KRT-032,0.0,KRT
2025-09-28,KRT-033,0.0,KRT
2025-09-28,KRT-034,0.0,KRT
2025-09-28,KRT-035,0.0,KRT
2025-09-28,KRT-036,0.0,KRT
2025-09-28,KRT-037,0.0,KRT
2025-09-28,KRT-038,0.0,KRT
2025-09-28,KRT-039,0.0,KRT
2025-09-28,KRT-040,0.0,KRT
2025-09-28,KRT-041,0.0,KRT
2025-09-28,KRT-042,0.0,KRT
2025-09-28,KRT-043,0.0,KRT
2025-09-28,KRT-044,0.0,KRT
2025-09-28,KRT-045,0.0,KRT
2025-09-28,KRT-046,0.0,KRT
2025-09-28,KRT-047,0.0,KRT
2025-09-28,KRT-048,0.0,KRT
2025-09-28,KRT-049,0.0,KRT
2025-09-28,KRT-050,0.0,KRT
2025-09-28,KRT-051,0.0,KRT
2025-09-28,KRT-052,0.0,KRT
2025-09-28,KRT-053,0.0,KRT
2025-09-28,KRT-054,1.02,KRT
2025-09-28,KRT-055,0.0,KRT
2025-09-28,KRT-056,0.0,KRT
2025-09-28,KRT-057,0.0,KRT
2025-09-28,KRT-058,0.0,KRT
2025-09-28,KRT-059,0.0,KRT
2025-09-28,KRT-060,0.0,KRT
2025-09-28,KRT-061,0.0,KRT
2025-09-28,KRT-062,0.0,KRT
2025-09-28,KRT-063,0.0,KRT
2025-09-28,KRT-064,0.0,KRT
2025-09-28,KRT-065,0.0,KRT
2025-09-28,KRT-066,0.0,KRT
2025-09-28,KRT-067,0.0,KRT
2025-09-28,KRT-068,0.0,KRT
2025-09-28,KRT-069,0.0,KRT
2025-09-28,KRT-070,0.0,KRT
2025-09-28,KRT-071,0.0,KRT
2025-09-28,KRT-072,0.0,KRT
2025-09-28,KRT-073,0.0,KRT
2025-09-28,KRT-074,0.0,KRT
2025-09-28,RDM-101,0.0,RDM
2025-09-28,RDM-102,0.0,RDM
2025-09-28,RDM-103,0.0,RDM
2025-09-28,RDM-104,0.0,RDM
2025-09-28,RDM-105,0.0,RDM
2025-09-28,RDM-106,0.0,RDM
2025-09-28,RDM-107,0.0,RDM
2025-09-28,RDM-108,0.0,RDM
2025-09-28,RDM-109,0.0,RDM
2025-09-28,RDM-110,0.0,RDM
2025-09-28,RDM-112,0.0,RDM
2025-09-28,RDM-113,0.0,RDM
2025-09-28,RDM-114,0.0,RDM
2025-09-28,RDM-115,0.0,RDM
2025-09-28,RDM-116,0.0,RDM
2025-09-28,RDM-117,0.0,RDM
2025-09-28,RDM-118,0.0,RDM
2025-09-28,RDM-119,0.0,RDM
2025-09-28,RDM-120,0.0,RDM
2025-09-28,RDM-121,0.0,RDM
2025-09-28,RDM-122,0.0,RDM
2025-09-28,RDM-123,0.0,RDM
2025-09-28,RDM-124,0.0,RDM
2025-09-28,RDM-125,0.0,RDM
2025-09-28,RDM-126,0.0,RDM
2025-09-28,RDM-127,0.0,RDM
2025-09-28,RDM-128,0.0,RDM
2025-09-28,RDM-129,0.0,RDM
2025-09-28,RDM-130,0.0,RDM
2025-09-28,RDM-131,0.0,RDM
2025-09-28,RDM-132,0.0,RDM
2025-09-28,RDM-133,0.0,RDM
2025-09-29,KRT-001,0.0,KRT
2025-09-29,KRT-002,0.0,KRT
2025-09-29,KRT-003,0.0,KRT
2025-09-29,KRT-004,0.0,KRT
2025-09-29,KRT-005,0.0,KRT
2025-09-29,KRT-006,0.0,KRT
2025-09-29,KRT-007,0.0,KRT
2025-09-29,KRT-008,0.0,KRT
2025-09-29,KRT-009,0.0,KRT
2025-09-29,KRT-010,0.0,KRT
2025-09-29,KRT-011,0.0,KRT
2025-09-29,KRT-012,0.0,KRT
2025-09-29,KRT-013,0.0,KRT
2025-09-29,KRT-014,0.0,KRT
2025-09-29,KRT-015,0.0,KRT
2025-09-29,KRT-016,0.0,KRT
2025-09-29,KRT-017,0.0,KRT
2025-09-29,KRT-018,0.0,KRT
2025-09-29,KRT-019,0.0,KRT
2025-09-29,KRT-020,0.0,KRT
2025-09-29,KRT-021,0.0,KRT
2025-09-29,KRT-022,0.0,KRT
2025-09-29,KRT-023,0.0,KRT
2025-09-29,KRT-024,0.0,KRT
2025-09-29,KRT-025,0.0,KRT
2025-09-29,KRT-026,0.0,KRT
2025-09-29,KRT-027,0.0,KRT
2025-09-29,KRT-028,0.0,KRT
2025-09-29,KRT-029,0.0,KRT
2025-09-29,KRT-030,0.0,KRT
2025-09-29,KRT-031,0.0,KRT
2025-09-29,KRT-032,0.0,KRT
2025-09-29,KRT-033,0.0,KRT
2025-09-29,KRT-034,0.0,KRT
2025-09-29,KRT-035,0.0,KRT
2025-09-29,KRT-036,0.0,KRT
2025-09-29,KRT-037,0.0,KRT
2025-09-29,KRT-038,0.0,KRT
2025-09-29,KRT-039,0.0,KRT
2025-09-29,KRT-040,0.0,KRT
2025-09-29,KRT-041,0.0,KRT
2025-09-29,KRT-042,0.0,KRT
2025-09-29,KRT-043,0.0,KRT
2025-09-29,KRT-044,0.0,KRT
2025-09-29,KRT-045,0.0,KRT
2025-09-29,KRT-046,0.0,KRT
2025-09-29,KRT-047,0.0,KRT
2025-09-29,KRT-048,0.0,KRT
2025-09-29,KRT-049,0.0,KRT
2025-09-29,KRT-050,0.0,KRT
2025-09-29,KRT-051,0.0,KRT
2025-09-29,KRT-052,0.0,KRT
2025-09-29,KRT-053,0.0,KRT
2025-09-29,KRT-054,0.0,KRT
2025-09-29,KRT-055,0.0,KRT
2025-09-29,KRT-056,0.0,KRT
2025-09-29,KRT-057,0.0,KRT
2025-09-29,KRT-058,0.0,KRT
2025-09-29,KRT-059,0.0,KRT
2025-09-29,KRT-060,0.0,KRT
2025-09-29,KRT-061,0.0,KRT
2025-09-29,KRT-062,0.0,KRT
2025-09-29,KRT-063,0.0,KRT
2025-09-29,KRT-064,0.0,KRT
2025-09-29,KRT-065,0.0,KRT
2025-09-29,KRT-066,0.0,KRT
2025-09-29,KRT-067,0.0,KRT
2025-09-29,KRT-068,0.0,KRT
2025-09-29,KRT-069,0.0,KRT
2025-09-29,KRT-070,0.0,KRT
2025-09-29,KRT-071,0.0,KRT
2025-09-29,KRT-072,0.0,KRT
2025-09-29,KRT-073,0.0,KRT
2025-09-29,KRT-074,0.0,KRT
2025-09-29,RDM-101,0.0,RDM
2025-09-29,RDM-102,0.0,RDM
2025-09-29,RDM-103,0.0,RDM
2025-09-29,RDM-104,0.0,RDM
2025-09-29,RDM-105,0.0,RDM
2025-09-29,RDM-106,0.0,RDM
2025-09-29,RDM-107,0.0,RDM
2025-09-29,RDM-108,0.0,RDM
2025-09-29,RDM-109,0.0,RDM
2025-09-29,RDM-110,0.0,RDM
2025-09-29,RDM-112,0.0,RDM
2025-09-29,RDM-113,0.0,RDM
2025-09-29,RDM-114,0.0,RDM
2025-09-29,RDM-115,0.0,RDM
2025-09-29,RDM-116,0.0,RDM
2025-09-29,RDM-117,0.0,RDM
2025-09-29,RDM-118,0.0,RDM
2025-09-29,RDM-119,0.0,RDM
2025-09-29,RDM-120,0.0,RDM
2025-09-29,RDM-121,0.0,RDM
2025-09-29,RDM-122,0.0,RDM
2025-09-29,RDM-123,0.0,RDM
2025-09-29,RDM-124,0.0,RDM
2025-09-29,RDM-125,0.0,RDM
2025-09-29,RDM-126,0.0,RDM
2025-09-29,RDM-127,0.0,RDM
2025-09-29,RDM-128,0.0,RDM
2025-09-29,RDM-129,0.0,RDM
2025-09-29,RDM-130,0.0,RDM
2025-09-29,RDM-131,0.0,RDM
2025-09-29,RDM-132,0.0,RDM
2025-09-29,RDM-133,0.0,RDM
2025-09-30,KRT-001,0.0,KRT
2025-09-30,KRT-002,0.0,KRT
2025-09-30,KRT-003,0.0,KRT
2025-09-30,KRT-004,0.0,KRT
2025-09-30,KRT-005,0.0,KRT
2025-09-30,KRT-006,0.0,KRT
2025-09-30,KRT-007,0.0,KRT
2025-09-30,KRT-008,0.0,KRT
2025-09-30,KRT-009,0.0,KRT
2025-09-30,KRT-010,0.0,KRT
2025-09-30,KRT-011,0.0,KRT
2025-09-30,KRT-012,0.0,KRT
2025-09-30,KRT-013,0.0,KRT
2025-09-30,KRT-014,0.0,KRT
2025-09-30,KRT-015,0.0,KRT
2025-09-30,KRT-016,0.0,KRT
2025-09-30,KRT-017,0.0,KRT
2025-09-30,KRT-018,0.0,KRT
2025-09-30,KRT-019,0.0,KRT
2025-09-30,KRT-020,0.0,KRT
2025-09-30,KRT-021,0.0,KRT
2025-09-30,KRT-022,0.0,KRT
2025-09-30,KRT-023,0.0,KRT
2025-09-30,KRT-024,0.0,KRT
2025-09-30,KRT-025,0.0,KRT
2025-09-30,KRT-026,0.0,KRT
2025-09-30,KRT-027,0.0,KRT
2025-09-30,KRT-028,0.0,KRT
2025-09-30,KRT-029,0.0,KRT
2025-09-30,KRT-030,0.0,KRT
2025-09-30,KRT-031,0.0,KRT
2025-09-30,KRT-032,0.0,KRT
2025-09-30,KRT-033,0.0,KRT
2025-09-30,KRT-034,0.0,KRT
2025-09-30,KRT-035,0.0,KRT
2025-09-30,KRT-036,0.0,KRT
2025-09-30,KRT-037,0.0,KRT
2025-09-30,KRT-038,0.0,KRT
2025-09-30,KRT-039,0.0,KRT
2025-09-30,KRT-040,0.0,KRT
2025-09-30,KRT-041,0.0,KRT
2025-09-30,KRT-042,0.0,KRT
2025-09-30,KRT-043,0.0,KRT
2025-09-30,KRT-044,0.0,KRT
2025-09-30,KRT-045,0.0,KRT
2025-09-30,KRT-046,0.0,KRT
2025-09-30,KRT-047,0.0,KRT
2025-09-30,KRT-048,0.0,KRT
2025-09-30,KRT-049,0.0,KRT
2025-09-30,KRT-050,0.0,KRT
2025-09-30,KRT-051,0.0,KRT
2025-09-30,KRT-052,0.0,KRT
2025-09-30,KRT-053,0.0,KRT
2025-09-30,KRT-054,0.0,KRT
2025-09-30,KRT-055,0.0,KRT
2025-09-30,KRT-056,0.0,KRT
2025-09-30,KRT-057,0.0,KRT
2025-09-30,KRT-058,0.0,KRT
2025-09-30,KRT-059,0.0,KRT
2025-09-30,KRT-060,0.0,KRT
2025-09-30,KRT-061,0.0,KRT
2025-09-30,KRT-062,0.0,KRT
2025-09-30,KRT-063,0.0,KRT
2025-09-30,KRT-064,0.0,KRT
2025-09-30,KRT-065,0.0,KRT
2025-09-30,KRT-066,0.0,KRT
2025-09-30,KRT-067,0.0,KRT
2025-09-30,KRT-068,0.0,KRT
2025-09-30,KRT-069,0.0,KRT
2025-09-30,KRT-070,0.0,KRT
2025-09-30,KRT-071,0.0,KRT
2025-09-30,KRT-072,0.0,KRT
2025-09-30,KRT-073,0.0,KRT
2025-09-30,KRT-074,0.0,KRT
2025-09-30,RDM-101,0.0,RDM
2025-09-30,RDM-102,0.0,RDM
2025-09-30,RDM-103,0.0,RDM
2025-09-30,RDM-104,0.0,RDM
2025-09-30,RDM-105,0.0,RDM
2025-09-30,RDM-106,0.0,RDM
2025-09-30,RDM-107,0.0,RDM
2025-09-30,RDM-108,0.0,RDM
2025-09-30,RDM-109,0.0,RDM
2025-09-30,RDM-110,0.0,RDM
2025-09-30,RDM-112,0.0,RDM
2025-09-30,RDM-113,0.0,RDM
2025-09-30,RDM-114,0.0,RDM
2025-09-30,RDM-115,0.0,RDM
2025-09-30,RDM-116,0.0,RDM
2025-09-30,RDM-117,0.0,RDM
2025-09-30,RDM-118,0.0,RDM
2025-09-30,RDM-119,0.0,RDM
2025-09-30,RDM-120,0.0,RDM
2025-09-30,RDM-121,0.0,RDM
2025-09-30,RDM-122,0.0,RDM
2025-09-30,RDM-123,0.0,RDM
2025-09-30,RDM-124,0.0,RDM
2025-09-30,RDM-125,0.0,RDM
2025-09-30,RDM-126,0.0,RDM
2025-09-30,RDM-127,0.0,RDM
2025-09-30,RDM-128,0.0,RDM
2025-09-30,RDM-129,0.0,RDM
2025-09-30,RDM-130,0.0,RDM
2025-09-30,RDM-131,0.0,RDM
2025-09-30,RDM-132,0.0,RDM
2025-09-30,RDM-133,0.0,RDM
2025-10-01,KRT-001,0.0,KRT
2025-10-01,KRT-002,0.0,KRT
2025-10-01,KRT-003,0.0,KRT
2025-10-01,KRT-004,0.0,KRT
2025-10-01,KRT-005,0.0,KRT
2025-10-01,KRT-006,0.0,KRT
2025-10-01,KRT-007,0.0,KRT
2025-10-01,KRT-008,0.0,KRT
2025-10-01,KRT-009,0.0,KRT
2025-10-01,KRT-010,0.0,KRT
2025-10-01,KRT-011,0.0,KRT
2025-10-01,KRT-012,0.0,KRT
2025-10-01,KRT-013,0.0,KRT
2025-10-01,KRT-014,0.0,KRT
2025-10-01,KRT-015,0.0,KRT
2025-10-01,KRT-016,0.0,KRT
2025-10-01,KRT-017,0.0,KRT
2025-10-01,KRT-018,0.0,KRT
2025-10-01,KRT-019,0.0,KRT
2025-10-01,KRT-020,0.0,KRT
2025-10-01,KRT-021,0.0,KRT
2025-10-01,KRT-022,0.0,KRT
2025-10-01,KRT-023,0.0,KRT
2025-10-01,KRT-024,0.0,KRT
2025-10-01,KRT-025,0.0,KRT
2025-10-01,KRT-026,0.0,KRT
2025-10-01,KRT-027,0.0,KRT
2025-10-01,KRT-028,0.0,KRT
2025-10-01,KRT-029,0.0,KRT
2025-10-01,KRT-030,0.0,KRT
2025-10-01,KRT-031,0.0,KRT
2025-10-01,KRT-032,0.0,KRT
2025-10-01,KRT-033,0.0,KRT
2025-10-01,KRT-034,0.0,KRT
2025-10-01,KRT-035,0.0,KRT
2025-10-01,KRT-036,0.0,KRT
2025-10-01,KRT-037,0.0,KRT
2025-10-01,KRT-038,0.0,KRT
2025-10-01,KRT-039,0.0,KRT
2025-10-01,KRT-040,0.0,KRT
2025-10-01,KRT-041,0.0,KRT
2025-10-01,KRT-042,0.0,KRT
2025-10-01,KRT-043,0.0,KRT
2025-10-01,KRT-044,0.0,KRT
2025-10-01,KRT-045,0.0,KRT
2025-10-01,KRT-046,0.0,KRT
2025-10-01,KRT-047,0.0,KRT
2025-10-01,KRT-048,0.0,KRT
2025-10-01,KRT-049,0.0,KRT
2025-10-01,KRT-050,0.0,KRT
2025-10-01,KRT-051,0.0,KRT
2025-10-01,KRT-052,0.0,KRT
2025-10-01,KRT-053,0.0,KRT
2025-10-01,KRT-054,0.0,KRT
2025-10-01,KRT-055,0.0,KRT
2025-10-01,KRT-056,0.0,KRT
2025-10-01,KRT-057,0.0,KRT
2025-10-01,KRT-058,0.0,KRT
2025-10-01,KRT-059,0.0,KRT
2025-10-01,KRT-060,0.0,KRT
2025-10-01,KRT-061,0.0,KRT
2025-10-01,KRT-062,0.0,KRT
2025-10-01,KRT-063,0.0,KRT
2025-10-01,KRT-064,0.0,KRT
2025-10-01,KRT-065,0.0,KRT
2025-10-01,KRT-066,0.0,KRT
2025-10-01,KRT-067,0.0,KRT
2025-10-01,KRT-068,0.0,KRT
2025-10-01,KRT-069,0.0,KRT
2025-10-01,KRT-070,0.0,KRT
2025-10-01,KRT-071,0.0,KRT
2025-10-01,KRT-072,0.0,KRT
2025-10-01,KRT-073,0.0,KRT
2025-10-01,KRT-074,0.0,KRT
2025-10-01,RDM-101,0.0,RDM
2025-10-01,RDM-102,0.0,RDM
2025-10-01,RDM-103,0.0,RDM
2025-10-01,RDM-104,0.0,RDM
2025-10-01,RDM-105,0.0,RDM
2025-10-01,RDM-106,0.0,RDM
2025-10-01,RDM-107,0.0,RDM
2025-10-01,RDM-108,0.0,RDM
2025-10-01,RDM-109,0.0,RDM
2025-10-01,RDM-110,0.0,RDM
2025-10-01,RDM-112,0.0,RDM
2025-10-01,RDM-113,0.0,RDM
2025-10-01,RDM-114,0.0,RDM
2025-10-01,RDM-115,0.0,RDM
2025-10-01,RDM-116,0.0,RDM
2025-10-01,RDM-117,0.0,RDM
2025-10-01,RDM-118,0.0,RDM
2025-10-01,RDM-119,0.0,RDM
2025-10-01,RDM-120,0.0,RDM
2025-10-01,RDM-121,0.0,RDM
2025-10-01,RDM-122,0.0,RDM
2025-10-01,RDM-123,0.0,RDM
2025-10-01,RDM-124,0.0,RDM
2025-10-01,RDM-125,0.0,RDM
2025-10-01,RDM-126,0.0,RDM
2025-10-01,RDM-127,0.0,RDM
2025-10-01,RDM-128,0.0,RDM
2025-10-01,RDM-129,0.0,RDM
2025-10-01,RDM-130,0.0,RDM
2025-10-01,RDM-131,0.25,RDM
2025-10-01,RDM-132,0.0,RDM
2025-10-01,RDM-133,0.0,RDM
2025-10-02,KRT-001,0.0,KRT
2025-10-02,KRT-002,0.0,KRT
2025-10-02,KRT-003,0.0,KRT
2025-10-02,KRT-004,0.0,KRT
2025-10-02,KRT-005,0.0,KRT
2025-10-02,KRT-006,0.0,KRT
2025-10-02,KRT-007,0.0,KRT
2025-10-02,KRT-008,0.0,KRT
2025-10-02,KRT-009,0.0,KRT
2025-10-02,KRT-010,0.0,KRT
2025-10-02,KRT-011,0.0,KRT
2025-10-02,KRT-012,0.0,KRT
2025-10-02,KRT-013,0.0,KRT
2025-10-02,KRT-014,0.0,KRT
2025-10-02,KRT-015,0.0,KRT
2025-10-02,KRT-016,0.0,KRT
2025-10-02,KRT-017,0.0,KRT
2025-10-02,KRT-018,0.0,KRT
2025-10-02,KRT-019,0.0,KRT
2025-10-02,KRT-020,0.0,KRT
2025-10-02,KRT-021,0.0,KRT
2025-10-02,KRT-022,0.0,KRT
2025-10-02,KRT-023,0.0,KRT
2025-10-02,KRT-024,0.0,KRT
2025-10-02,KRT-025,0.0,KRT
2025-10-02,KRT-026,0.0,KRT
2025-10-02,KRT-027,0.0,KRT
2025-10-02,KRT-028,0.0,KRT
2025-10-02,KRT-029,0.0,KRT
2025-10-02,KRT-030,0.0,KRT
2025-10-02,KRT-031,0.0,KRT
2025-10-02,KRT-032,0.0,KRT
2025-10-02,KRT-033,0.0,KRT
2025-10-02,KRT-034,0.0,KRT
2025-10-02,KRT-035,0.0,KRT
2025-10-02,KRT-036,0.0,KRT
2025-10-02,KRT-037,0.0,KRT
2025-10-02,KRT-038,0.0,KRT
2025-10-02,KRT-039,0.0,KRT
2025-10-02,KRT-040,0.0,KRT
2025-10-02,KRT-041,0.0,KRT
2025-10-02,KRT-042,0.0,KRT
2025-10-02,KRT-043,0.0,KRT
2025-10-02,KRT-044,0.0,KRT
2025-10-02,KRT-045,0.0,KRT
2025-10-02,KRT-046,0.0,KRT
2025-10-02,KRT-047,0.0,KRT
2025-10-02,KRT-048,0.0,KRT
2025-10-02,KRT-049,0.0,KRT
2025-10-02,KRT-050,0.0,KRT
2025-10-02,KRT-051,0.0,KRT
2025-10-02,KRT-052,0.0,KRT
2025-10-02,KRT-053,0.0,KRT
2025-10-02,KRT-054,0.0,KRT
2025-10-02,KRT-055,0.0,KRT
2025-10-02,KRT-056,0.0,KRT
2025-10-02,KRT-057,0.0,KRT
2025-10-02,KRT-058,0.0,KRT
2025-10-02,KRT-059,0.0,KRT
2025-10-02,KRT-060,0.0,KRT
2025-10-02,KRT-061,0.0,KRT
2025-10-02,KRT-062,0.0,KRT
2025-10-02,KRT-063,0.0,KRT
2025-10-02,KRT-064,0.0,KRT
2025-10-02,KRT-065,0.0,KRT
2025-10-02,KRT-066,0.0,KRT
2025-10-02,KRT-067,0.0,KRT
2025-10-02,KRT-068,0.0,KRT
2025-10-02,KRT-069,0.0,KRT
2025-10-02,KRT-070,0.0,KRT
2025-10-02,KRT-071,0.0,KRT
2025-10-02,KRT-072,0.0,KRT
2025-10-02,KRT-073,0.0,KRT
2025-10-02,KRT-074,0.0,KRT
2025-10-02,RDM-101,0.0,RDM
2025-10-02,RDM-102,0.0,RDM
2025-10-02,RDM-103,0.0,RDM
2025-10-02,RDM-104,0.0,RDM
2025-10-02,RDM-105,0.0,RDM
2025-10-02,RDM-106,0.0,RDM
2025-10-02,RDM-107,0.0,RDM
2025-10-02,RDM-108,0.0,RDM
2025-10-02,RDM-109,0.0,RDM
2025-10-02,RDM-110,0.0,RDM
2025-10-02,RDM-112,0.0,RDM
2025-10-02,RDM-113,0.0,RDM
2025-10-02,RDM-114,0.0,RDM
2025-10-02,RDM-115,0.0,RDM
2025-10-02,RDM-116,0.0,RDM
2025-10-02,RDM-117,0.0,RDM
2025-10-02,RDM-118,0.0,RDM
2025-10-02,RDM-119,0.0,RDM
2025-10-02,RDM-120,0.0,RDM
2025-10-02,RDM-121,0.0,RDM
2025-10-02,RDM-122,0.0,RDM
2025-10-02,RDM-123,0.0,RDM
2025-10-02,RDM-124,0.0,RDM
2025-10-02,RDM-125,0.0,RDM
2025-10-02,RDM-126,0.0,RDM
2025-10-02,RDM-127,0.0,RDM
2025-10-02,RDM-128,0.0,RDM
2025-10-02,RDM-129,0.0,RDM
2025-10-02,RDM-130,0.0,RDM
2025-10-02,RDM-131,0.0,RDM
2025-10-02,RDM-132,0.0,RDM
2025-10-02,RDM-133,0.0,RDM
2025-10-03,KRT-001,0.0,KRT
2025-10-03,KRT-002,0.0,KRT
2025-10-03,KRT-003,0.0,KRT
2025-10-03,KRT-004,0.0,KRT
2025-10-03,KRT-005,0.0,KRT
2025-10-03,KRT-006,0.0,KRT
2025-10-03,KRT-007,0.0,KRT
2025-10-03,KRT-008,0.0,KRT
2025-10-03,KRT-009,0.0,KRT
2025-10-03,KRT-010,0.0,KRT
2025-10-03,KRT-011,0.0,KRT
2025-10-03,KRT-012,0.0,KRT
2025-10-03,KRT-013,0.0,KRT
2025-10-03,KRT-014,0.0,KRT
2025-10-03,KRT-015,0.0,KRT
2025-10-03,KRT-016,0.0,KRT
2025-10-03,KRT-017,0.0,KRT
2025-10-03,KRT-018,0.0,KRT
2025-10-03,KRT-019,0.0,KRT
2025-10-03,KRT-020,0.0,KRT
2025-10-03,KRT-021,0.0,KRT
2025-10-03,KRT-022,0.0,KRT
2025-10-03,KRT-023,0.0,KRT
2025-10-03,KRT-024,0.0,KRT
2025-10-03,KRT-025,0.0,KRT
2025-10-03,KRT-026,0.0,KRT
2025-10-03,KRT-027,0.0,KRT
2025-10-03,KRT-028,0.0,KRT
2025-10-03,KRT-029,0.0,KRT
2025-10-03,KRT-030,0.0,KRT
2025-10-03,KRT-031,0.0,KRT
2025-10-03,KRT-032,0.0,KRT
2025-10-03,KRT-033,0.0,KRT
2025-10-03,KRT-034,0.0,KRT
2025-10-03,KRT-035,0.0,KRT
2025-10-03,KRT-036,0.0,KRT
2025-10-03,KRT-037,0.0,KRT
2025-10-03,KRT-038,0.0,KRT
2025-10-03,KRT-039,0.0,KRT
2025-10-03,KRT-040,0.0,KRT
2025-10-03,KRT-041,0.0,KRT
2025-10-03,KRT-042,0.0,KRT
2025-10-03,KRT-043,0.0,KRT
2025-10-03,KRT-044,0.0,KRT
2025-10-03,KRT-045,0.0,KRT
2025-10-03,KRT-046,0.0,KRT
2025-10-03,KRT-047,0.0,KRT
2025-10-03,KRT-048,0.0,KRT
2025-10-03,KRT-049,0.0,KRT
2025-10-03,KRT-050,0.0,KRT
2025-10-03,KRT-051,0.0,KRT
2025-10-03,KRT-052,0.0,KRT
2025-10-03,KRT-053,0.0,KRT
2025-10-03,KRT-054,0.0,KRT
2025-10-03,KRT-055,0.0,KRT
2025-10-03,KRT-056,0.0,KRT
2025-10-03,KRT-057,0.0,KRT
2025-10-03,KRT-058,0.0,KRT
2025-10-03,KRT-059,0.0,KRT
2025-10-03,KRT-060,0.0,KRT
2025-10-03,KRT-061,0.0,KRT
2025-10-03,KRT-062,0.0,KRT
2025-10-03,KRT-063,0.0,KRT
2025-10-03,KRT-064,0.0,KRT
2025-10-03,KRT-065,0.0,KRT
2025-10-03,KRT-066,0.0,KRT
2025-10-03,KRT-067,0.0,KRT
2025-10-03,KRT-068,0.0,KRT
2025-10-03,KRT-069,0.0,KRT
2025-10-03,KRT-070,0.0,KRT
2025-10-03,KRT-071,0.0,KRT
2025-10-03,KRT-072,0.0,KRT
2025-10-03,KRT-073,0.0,KRT
2025-10-03,KRT-074,0.0,KRT
2025-10-03,RDM-101,0.0,RDM
2025-10-03,RDM-102,0.0,RDM
2025-10-03,RDM-103,0.0,RDM
2025-10-03,RDM-104,0.0,RDM
2025-10-03,RDM-105,0.0,RDM
2025-10-03,RDM-106,0.0,RDM
2025-10-03,RDM-107,0.0,RDM
2025-10-03,RDM-108,0.0,RDM
2025-10-03,RDM-109,0.0,RDM
2025-10-03,RDM-110,0.0,RDM
2025-10-03,RDM-112,0.0,RDM
2025-10-03,RDM-113,0.0,RDM
2025-10-03,RDM-114,0.0,RDM
2025-10-03,RDM-115,0.0,RDM
2025-10-03,RDM-116,0.0,RDM
2025-10-03,RDM-117,0.0,RDM
2025-10-03,RDM-118,0.0,RDM
2025-10-03,RDM-119,0.0,RDM
2025-10-03,RDM-120,0.0,RDM
2025-10-03,RDM-121,0.0,RDM
2025-10-03,RDM-122,0.0,RDM
2025-10-03,RDM-123,0.0,RDM
2025-10-03,RDM-124,0.0,RDM
2025-10-03,RDM-125,0.0,RDM
2025-10-03,RDM-126,0.0,RDM
2025-10-03,RDM-127,0.0,RDM
2025-10-03,RDM-128,0.0,RDM
2025-10-03,RDM-129,0.0,RDM
2025-10-03,RDM-130,0.0,RDM
2025-10-03,RDM-131,0.0,RDM
2025-10-03,RDM-132,0.0,RDM
2025-10-03,RDM-133,0.0,RDM
2025-10-04,KRT-001,0.0,KRT
2025-10-04,KRT-002,0.0,KRT
2025-10-04,KRT-003,0.0,KRT
2025-10-04,KRT-004,0.0,KRT
2025-10-04,KRT-005,0.0,KRT
2025-10-04,KRT-006,0.0,KRT
2025-10-04,KRT-007,0.0,KRT
2025-10-04,KRT-008,0.0,KRT
2025-10-04,KRT-009,0.0,KRT
2025-10-04,KRT-010,0.0,KRT
2025-10-04,KRT-011,0.0,KRT
2025-10-04,KRT-012,0.0,KRT
2025-10-04,KRT-013,0.0,KRT
2025-10-04,KRT-014,0.0,KRT
2025-10-04,KRT-015,0.0,KRT
2025-10-04,KRT-016,0.0,KRT
2025-10-04,KRT-017,0.0,KRT
2025-10-04,KRT-018,0.0,KRT
2025-10-04,KRT-019,0.0,KRT
2025-10-04,KRT-020,0.0,KRT
2025-10-04,KRT-021,0.0,KRT
2025-10-04,KRT-022,0.0,KRT
2025-10-04,KRT-023,0.0,KRT
2025-10-04,KRT-024,0.0,KRT
2025-10-04,KRT-025,0.0,KRT
2025-10-04,KRT-026,0.0,KRT
2025-10-04,KRT-027,0.0,KRT
2025-10-04,KRT-028,0.0,KRT
2025-10-04,KRT-029,0.0,KRT
2025-10-04,KRT-030,0.0,KRT
2025-10-04,KRT-031,0.0,KRT
2025-10-04,KRT-032,0.0,KRT
2025-10-04,KRT-033,0.0,KRT
2025-10-04,KRT-034,0.0,KRT
2025-10-04,KRT-035,0.0,KRT
2025-10-04,KRT-036,0.0,KRT
2025-10-04,KRT-037,0.0,KRT
2025-10-04,KRT-038,0.0,KRT
2025-10-04,KRT-039,0.0,KRT
2025-10-04,KRT-040,0.0,KRT
2025-10-04,KRT-041,0.0,KRT
2025-10-04,KRT-042,0.0,KRT
2025-10-04,KRT-043,0.0,KRT
2025-10-04,KRT-044,0.0,KRT
2025-10-04,KRT-045,0.0,KRT
2025-10-04,KRT-046,0.0,KRT
2025-10-04,KRT-047,0.0,KRT
2025-10-04,KRT-048,0.0,KRT
2025-10-04,KRT-049,0.0,KRT
2025-10-04,KRT-050,0.0,KRT
2025-10-04,KRT-051,0.0,KRT
2025-10-04,KRT-052,0.0,KRT
2025-10-04,KRT-053,0.0,KRT
2025-10-04,KRT-054,0.0,KRT
2025-10-04,KRT-055,0.0,KRT
2025-10-04,KRT-056,0.0,KRT
2025-10-04,KRT-057,0.0,KRT
2025-10-04,KRT-058,0.0,KRT
2025-10-04,KRT-059,0.0,KRT
2025-10-04,KRT-060,0.0,KRT
2025-10-04,KRT-061,0.0,KRT
2025-10-04,KRT-062,0.0,KRT
2025-10-04,KRT-063,0.0,KRT
2025-10-04,KRT-064,0.0,KRT
2025-10-04,KRT-065,0.0,KRT
2025-10-04,KRT-066,0.0,KRT
2025-10-04,KRT-067,0.0,KRT
2025-10-04,KRT-068,0.0,KRT
2025-10-04,KRT-069,0.0,KRT
2025-10-04,KRT-070,0.0,KRT
2025-10-04,KRT-071,0.0,KRT
2025-10-04,KRT-072,0.0,KRT
2025-10-04,KRT-073,0.0,KRT
2025-10-04,KRT-074,0.0,KRT
2025-10-04,RDM-101,0.0,RDM
2025-10-04,RDM-102,0.0,RDM
2025-10-04,RDM-103,0.0,RDM
2025-10-04,RDM-104,0.0,RDM
2025-10-04,RDM-105,0.0,RDM
2025-10-04,RDM-106,0.0,RDM
2025-10-04,RDM-107,0.0,RDM
2025-10-04,RDM-108,0.0,RDM
2025-10-04,RDM-109,0.0,RDM
2025-10-04,RDM-110,0.0,RDM
2025-10-04,RDM-112,0.0,RDM
2025-10-04,RDM-113,0.0,RDM
2025-10-04,RDM-114,0.0,RDM
2025-10-04,RDM-115,0.0,RDM
2025-10-04,RDM-116,0.0,RDM
2025-10-04,RDM-117,0.0,RDM
2025-10-04,RDM-118,0.0,RDM
2025-10-04,RDM-119,0.0,RDM
2025-10-04,RDM-120,0.0,RDM
2025-10-04,RDM-121,0.0,RDM
2025-10-04,RDM-122,0.0,RDM
2025-10-04,RDM-123,0.0,RDM
2025-10-04,RDM-124,0.0,RDM
2025-10-04,RDM-125,0.0,RDM
2025-10-04,RDM-126,0.0,RDM
2025-10-04,RDM-127,0.0,RDM
2025-10-04,RDM-128,0.0,RDM
2025-10-04,RDM-129,0.0,RDM
2025-10-04,RDM-130,0.0,RDM
2025-10-04,RDM-131,0.0,RDM
2025-10-04,RDM-132,0.0,RDM
2025-10-04,RDM-133,0.0,RDM
2025-10-05,KRT-001,0.0,KRT
2025-10-05,KRT-002,0.0,KRT
2025-10-05,KRT-003,0.0,KRT
2025-10-05,KRT-004,0.0,KRT
2025-10-05,KRT-005,0.0,KRT
2025-10-05,KRT-006,0.0,KRT
2025-10-05,KRT-007,0.0,KRT
2025-10-05,KRT-008,0.0,KRT
2025-10-05,KRT-009,0.0,KRT
2025-10-05,KRT-010,0.0,KRT
2025-10-05,KRT-011,0.0,KRT
2025-10-05,KRT-012,0.0,KRT
2025-10-05,KRT-013,0.0,KRT
2025-10-05,KRT-014,0.0,KRT
2025-10-05,KRT-015,0.0,KRT
2025-10-05,KRT-016,0.0,KRT
2025-10-05,KRT-017,0.0,KRT
2025-10-05,KRT-018,0.0,KRT
2025-10-05,KRT-019,0.0,KRT
2025-10-05,KRT-020,0.0,KRT
2025-10-05,KRT-021,0.0,KRT
2025-10-05,KRT-022,0.0,KRT
2025-10-05,KRT-023,0.0,KRT
2025-10-05,KRT-024,0.0,KRT
2025-10-05,KRT-025,0.0,KRT
2025-10-05,KRT-026,0.0,KRT
2025-10-05,KRT-027,0.0,KRT
2025-10-05,KRT-028,0.0,KRT
2025-10-05,KRT-029,0.0,KRT
2025-10-05,KRT-030,0.0,KRT
2025-10-05,KRT-031,0.0,KRT
2025-10-05,KRT-032,0.0,KRT
2025-10-05,KRT-033,0.0,KRT
2025-10-05,KRT-034,0.0,KRT
2025-10-05,KRT-035,0.0,KRT
2025-10-05,KRT-036,0.0,KRT
2025-10-05,KRT-037,0.0,KRT
2025-10-05,KRT-038,0.0,KRT
2025-10-05,KRT-039,0.0,KRT
2025-10-05,KRT-040,0.0,KRT
2025-10-05,KRT-041,0.0,KRT
2025-10-05,KRT-042,0.0,KRT
2025-10-05,KRT-043,0.0,KRT
2025-10-05,KRT-044,0.0,KRT
2025-10-05,KRT-045,0.0,KRT
2025-10-05,KRT-046,0.0,KRT
2025-10-05,KRT-047,0.0,KRT
2025-10-05,KRT-048,0.0,KRT
2025-10-05,KRT-049,0.0,KRT
2025-10-05,KRT-050,0.0,KRT
2025-10-05,KRT-051,0.0,KRT
2025-10-05,KRT-052,0.0,KRT
2025-10-05,KRT-053,0.0,KRT
2025-10-05,KRT-054,0.0,KRT
2025-10-05,KRT-055,0.0,KRT
2025-10-05,KRT-056,0.0,KRT
2025-10-05,KRT-057,0.0,KRT
2025-10-05,KRT-058,0.0,KRT
2025-10-05,KRT-059,0.0,KRT
2025-10-05,KRT-060,0.0,KRT
2025-10-05,KRT-061,0.0,KRT
2025-10-05,KRT-062,0.0,KRT
2025-10-05,KRT-063,0.0,KRT
2025-10-05,KRT-064,0.0,KRT
2025-10-05,KRT-065,0.0,KRT
2025-10-05,KRT-066,0.0,KRT
2025-10-05,KRT-067,0.0,KRT
2025-10-05,KRT-068,0.0,KRT
2025-10-05,KRT-069,0.0,KRT
2025-10-05,KRT-070,0.0,KRT
2025-10-05,KRT-071,0.0,KRT
2025-10-05,KRT-072,0.0,KRT
2025-10-05,KRT-073,0.0,KRT
2025-10-05,KRT-074,0.0,KRT
2025-10-05,RDM-101,0.0,RDM
2025-10-05,RDM-102,0.0,RDM
2025-10-05,RDM-103,0.0,RDM
2025-10-05,RDM-104,0.0,RDM
2025-10-05,RDM-105,0.0,RDM
2025-10-05,RDM-106,0.0,RDM
2025-10-05,RDM-107,0.0,RDM
2025-10-05,RDM-108,0.0,RDM
2025-10-05,RDM-109,0.0,RDM
2025-10-05,RDM-110,0.0,RDM
2025-10-05,RDM-112,0.0,RDM
2025-10-05,RDM-113,0.0,RDM
2025-10-05,RDM-114,0.0,RDM
2025-10-05,RDM-115,0.0,RDM
2025-10-05,RDM-116,0.0,RDM
2025-10-05,RDM-117,0.0,RDM
2025-10-05,RDM-118,0.0,RDM
2025-10-05,RDM-119,0.0,RDM
2025-10-05,RDM-120,0.0,RDM
2025-10-05,RDM-121,0.0,RDM
2025-10-05,RDM-122,0.0,RDM
2025-10-05,RDM-123,0.0,RDM
2025-10-05,RDM-124,0.0,RDM
2025-10-05,RDM-125,0.0,RDM
2025-10-05,RDM-126,0.0,RDM
2025-10-05,RDM-127,0.0,RDM
2025-10-05,RDM-128,0.0,RDM
2025-10-05,RDM-129,0.0,RDM
2025-10-05,RDM-130,0.0,RDM
2025-10-05,RDM-131,0.0,RDM
2025-10-05,RDM-132,0.0,RDM
2025-10-05,RDM-133,0.0,RDM
2025-10-06,KRT-001,0.0,KRT
2025-10-06,KRT-002,0.0,KRT
2025-10-06,KRT-003,0.0,KRT
2025-10-06,KRT-004,0.0,KRT
2025-10-06,KRT-005,0.0,KRT
2025-10-06,KRT-006,0.0,KRT
2025-10-06,KRT-007,0.0,KRT
2025-10-06,KRT-008,0.0,KRT
2025-10-06,KRT-009,0.0,KRT
2025-10-06,KRT-010,0.0,KRT
2025-10-06,KRT-011,0.0,KRT
2025-10-06,KRT-012,0.0,KRT
2025-10-06,KRT-013,0.0,KRT
2025-10-06,KRT-014,0.0,KRT
2025-10-06,KRT-015,0.0,KRT
2025-10-06,KRT-016,0.0,KRT
2025-10-06,KRT-017,0.0,KRT
2025-10-06,KRT-018,0.0,KRT
2025-10-06,KRT-019,0.0,KRT
2025-10-06,KRT-020,0.0,KRT
2025-10-06,KRT-021,0.0,KRT
2025-10-06,KRT-022,0.0,KRT
2025-10-06,KRT-023,0.0,KRT
2025-10-06,KRT-024,0.0,KRT
2025-10-06,KRT-025,0.0,KRT
2025-10-06,KRT-026,0.0,KRT
2025-10-06,KRT-027,0.0,KRT
2025-10-06,KRT-028,0.0,KRT
2025-10-06,KRT-029,0.0,KRT
2025-10-06,KRT-030,0.0,KRT
2025-10-06,KRT-031,0.0,KRT
2025-10-06,KRT-032,0.0,KRT
2025-10-06,KRT-033,0.0,KRT
2025-10-06,KRT-034,0.0,KRT
2025-10-06,KRT-035,0.0,KRT
2025-10-06,KRT-036,0.0,KRT
2025-10-06,KRT-037,0.0,KRT
2025-10-06,KRT-038,0.0,KRT
2025-10-06,KRT-039,0.0,KRT
2025-10-06,KRT-040,0.0,KRT
2025-10-06,KRT-041,0.0,KRT
2025-10-06,KRT-042,0.0,KRT
2025-10-06,KRT-043,0.0,KRT
2025-10-06,KRT-044,0.0,KRT
2025-10-06,KRT-045,0.0,KRT
2025-10-06,KRT-046,0.0,KRT
2025-10-06,KRT-047,0.0,KRT
2025-10-06,KRT-048,0.0,KRT
2025-10-06,KRT-049,0.0,KRT
2025-10-06,KRT-050,0.0,KRT
2025-10-06,KRT-051,0.0,KRT
2025-10-06,KRT-052,0.0,KRT
2025-10-06,KRT-053,0.0,KRT
2025-10-06,KRT-054,0.0,KRT
2025-10-06,KRT-055,0.0,KRT
2025-10-06,KRT-056,0.0,KRT
2025-10-06,KRT-057,0.0,KRT
2025-10-06,KRT-058,0.0,KRT
2025-10-06,KRT-059,0.0,KRT
2025-10-06,KRT-060,0.0,KRT
2025-10-06,KRT-061,0.0,KRT
2025-10-06,KRT-062,0.0,KRT
2025-10-06,KRT-063,0.0,KRT
2025-10-06,KRT-064,0.0,KRT
2025-10-06,KRT-065,0.0,KRT
2025-10-06,KRT-066,0.0,KRT
2025-10-06,KRT-067,0.0,KRT
2025-10-06,KRT-068,0.0,KRT
2025-10-06,KRT-069,0.0,KRT
2025-10-06,KRT-070,0.0,KRT
2025-10-06,KRT-071,0.0,KRT
2025-10-06,KRT-072,0.0,KRT
2025-10-06,KRT-073,0.0,KRT
2025-10-06,KRT-074,0.0,KRT
2025-10-06,RDM-101,0.0,RDM
2025-10-06,RDM-102,0.0,RDM
2025-10-06,RDM-103,0.0,RDM
2025-10-06,RDM-104,0.0,RDM
2025-10-06,RDM-105,0.0,RDM
2025-10-06,RDM-106,0.0,RDM
2025-10-06,RDM-107,0.0,RDM
2025-10-06,RDM-108,0.0,RDM
2025-10-06,RDM-109,0.0,RDM
2025-10-06,RDM-110,0.0,RDM
2025-10-06,RDM-112,0.0,RDM
2025-10-06,RDM-113,0.0,RDM
2025-10-06,RDM-114,0.0,RDM
2025-10-06,RDM-115,0.0,RDM
2025-10-06,RDM-116,0.0,RDM
2025-10-06,RDM-117,0.0,RDM
2025-10-06,RDM-118,0.0,RDM
2025-10-06,RDM-119,0.0,RDM
2025-10-06,RDM-120,0.0,RDM
2025-10-06,RDM-121,0.0,RDM
2025-10-06,RDM-122,0.0,RDM
2025-10-06,RDM-123,0.0,RDM
2025-10-06,RDM-124,0.0,RDM
2025-10-06,RDM-125,0.0,RDM
2025-10-06,RDM-126,0.0,RDM
2025-10-06,RDM-127,0.0,RDM
2025-10-06,RDM-128,0.0,RDM
2025-10-06,RDM-129,0.0,RDM
2025-10-06,RDM-130,0.0,RDM
2025-10-06,RDM-131,0.0,RDM
2025-10-06,RDM-132,0.0,RDM
2025-10-06,RDM-133,0.0,RDM
2025-10-07,KRT-001,0.0,KRT
2025-10-07,KRT-002,0.0,KRT
2025-10-07,KRT-003,0.0,KRT
2025-10-07,KRT-004,0.0,KRT
2025-10-07,KRT-005,0.0,KRT
2025-10-07,KRT-006,0.0,KRT
2025-10-07,KRT-007,0.0,KRT
2025-10-07,KRT-008,0.0,KRT
2025-10-07,KRT-009,0.0,KRT
2025-10-07,KRT-010,0.0,KRT
2025-10-07,KRT-011,0.0,KRT
2025-10-07,KRT-012,0.0,KRT
2025-10-07,KRT-013,0.0,KRT
2025-10-07,KRT-014,0.0,KRT
2025-10-07,KRT-015,0.0,KRT
2025-10-07,KRT-016,0.0,KRT
2025-10-07,KRT-017,0.0,KRT
2025-10-07,KRT-018,0.0,KRT
2025-10-07,KRT-019,0.0,KRT
2025-10-07,KRT-020,0.0,KRT
2025-10-07,KRT-021,0.0,KRT
2025-10-07,KRT-022,0.0,KRT
2025-10-07,KRT-023,0.0,KRT
2025-10-07,KRT-024,0.0,KRT
2025-10-07,KRT-025,0.0,KRT
2025-10-07,KRT-026,0.0,KRT
2025-10-07,KRT-027,0.0,KRT
2025-10-07,KRT-028,0.0,KRT
2025-10-07,KRT-029,0.0,KRT
2025-10-07,KRT-030,0.0,KRT
2025-10-07,KRT-031,0.0,KRT
2025-10-07,KRT-032,0.0,KRT
2025-10-07,KRT-033,0.0,KRT
2025-10-07,KRT-034,0.0,KRT
2025-10-07,KRT-035,0.0,KRT
2025-10-07,KRT-036,0.0,KRT
2025-10-07,KRT-037,0.0,KRT
2025-10-07,KRT-038,0.0,KRT
2025-10-07,KRT-039,0.0,KRT
2025-10-07,KRT-040,0.0,KRT
2025-10-07,KRT-041,0.0,KRT
2025-10-07,KRT-042,0.0,KRT
2025-10-07,KRT-043,0.0,KRT
2025-10-07,KRT-044,0.0,KRT
2025-10-07,KRT-045,0.0,KRT
2025-10-07,KRT-046,0.0,KRT
2025-10-07,KRT-047,0.0,KRT
2025-10-07,KRT-048,0.0,KRT
2025-10-07,KRT-049,0.0,KRT
2025-10-07,KRT-050,0.0,KRT
2025-10-07,KRT-051,0.0,KRT
2025-10-07,KRT-052,0.0,KRT
2025-10-07,KRT-053,0.0,KRT
2025-10-07,KRT-054,0.0,KRT
2025-10-07,KRT-055,0.0,KRT
2025-10-07,KRT-056,0.0,KRT
2025-10-07,KRT-057,0.0,KRT
2025-10-07,KRT-058,0.0,KRT
2025-10-07,KRT-059,0.0,KRT
2025-10-07,KRT-060,0.0,KRT
2025-10-07,KRT-061,0.0,KRT
2025-10-07,KRT-062,0.0,KRT
2025-10-07,KRT-063,0.0,KRT
2025-10-07,KRT-064,0.0,KRT
2025-10-07,KRT-065,1.5,KRT
2025-10-07,KRT-066,0.0,KRT
2025-10-07,KRT-067,0.0,KRT
2025-10-07,KRT-068,0.0,KRT
2025-10-07,KRT-069,0.0,KRT
2025-10-07,KRT-070,0.0,KRT
2025-10-07,KRT-071,0.0,KRT
2025-10-07,KRT-072,0.0,KRT
2025-10-07,KRT-073,0.0,KRT
2025-10-07,KRT-074,0.0,KRT
2025-10-07,RDM-101,0.0,RDM
2025-10-07,RDM-102,0.0,RDM
2025-10-07,RDM-103,0.0,RDM
2025-10-07,RDM-104,0.0,RDM
2025-10-07,RDM-105,0.0,RDM
2025-10-07,RDM-106,0.0,RDM
2025-10-07,RDM-107,0.0,RDM
2025-10-07,RDM-108,0.0,RDM
2025-10-07,RDM-109,0.0,RDM
2025-10-07,RDM-110,0.0,RDM
2025-10-07,RDM-112,0.0,RDM
2025-10-07,RDM-113,0.0,RDM
2025-10-07,RDM-114,0.0,RDM
2025-10-07,RDM-115,0.0,RDM
2025-10-07,RDM-116,0.0,RDM
2025-10-07,RDM-117,0.0,RDM
2025-10-07,RDM-118,0.0,RDM
2025-10-07,RDM-119,0.0,RDM
2025-10-07,RDM-120,0.0,RDM
2025-10-07,RDM-121,0.0,RDM
2025-10-07,RDM-122,0.0,RDM
2025-10-07,RDM-123,0.0,RDM
2025-10-07,RDM-124,0.0,RDM
2025-10-07,RDM-125,0.0,RDM
2025-10-07,RDM-126,0.0,RDM
2025-10-07,RDM-127,0.0,RDM
2025-10-07,RDM-128,0.0,RDM
2025-10-07,RDM-129,0.0,RDM
2025-10-07,RDM-130,0.0,RDM
2025-10-07,RDM-131,0.0,RDM
2025-10-07,RDM-132,0.0,RDM
2025-10-07,RDM-133,0.0,RDM
2025-10-08,KRT-001,0.0,KRT
2025-10-08,KRT-002,0.0,KRT
2025-10-08,KRT-003,0.0,KRT
2025-10-08,KRT-004,0.0,KRT
2025-10-08,KRT-005,0.0,KRT
2025-10-08,KRT-006,0.0,KRT
2025-10-08,KRT-007,0.0,KRT
2025-10-08,KRT-008,0.0,KRT
2025-10-08,KRT-009,0.0,KRT
2025-10-08,KRT-010,0.0,KRT
2025-10-08,KRT-011,0.0,KRT
2025-10-08,KRT-012,0.0,KRT
2025-10-08,KRT-013,0.0,KRT
2025-10-08,KRT-014,0.0,KRT
2025-10-08,KRT-015,0.0,KRT
2025-10-08,KRT-016,0.0,KRT
2025-10-08,KRT-017,0.0,KRT
2025-10-08,KRT-018,0.0,KRT
2025-10-08,KRT-019,0.0,KRT
2025-10-08,KRT-020,0.0,KRT
2025-10-08,KRT-021,0.0,KRT
2025-10-08,KRT-022,0.0,KRT
2025-10-08,KRT-023,0.0,KRT
2025-10-08,KRT-024,0.0,KRT
2025-10-08,KRT-025,0.0,KRT
2025-10-08,KRT-026,0.0,KRT
2025-10-08,KRT-027,0.0,KRT
2025-10-08,KRT-028,0.0,KRT
2025-10-08,KRT-029,0.0,KRT
2025-10-08,KRT-030,0.0,KRT
2025-10-08,KRT-031,0.0,KRT
2025-10-08,KRT-032,0.0,KRT
2025-10-08,KRT-033,0.0,KRT
2025-10-08,KRT-034,0.0,KRT
2025-10-08,KRT-035,0.0,KRT
2025-10-08,KRT-036,0.0,KRT
2025-10-08,KRT-037,0.0,KRT
2025-10-08,KRT-038,0.0,KRT
2025-10-08,KRT-039,0.0,KRT
2025-10-08,KRT-040,0.0,KRT
2025-10-08,KRT-041,0.0,KRT
2025-10-08,KRT-042,0.0,KRT
2025-10-08,KRT-043,0.0,KRT
2025-10-08,KRT-044,0.0,KRT
2025-10-08,KRT-045,0.0,KRT
2025-10-08,KRT-046,0.0,KRT
2025-10-08,KRT-047,0.0,KRT
2025-10-08,KRT-048,0.0,KRT
2025-10-08,KRT-049,0.0,KRT
2025-10-08,KRT-050,0.0,KRT
2025-10-08,KRT-051,0.0,KRT
2025-10-08,KRT-052,0.0,KRT
2025-10-08,KRT-053,0.0,KRT
2025-10-08,KRT-054,0.0,KRT
2025-10-08,KRT-055,0.0,KRT
2025-10-08,KRT-056,0.0,KRT
2025-10-08,KRT-057,0.0,KRT
2025-10-08,KRT-058,0.0,KRT
2025-10-08,KRT-059,0.0,KRT
2025-10-08,KRT-060,0.0,KRT
2025-10-08,KRT-061,0.0,KRT
2025-10-08,KRT-062,0.0,KRT
2025-10-08,KRT-063,0.0,KRT
2025-10-08,KRT-064,0.0,KRT
2025-10-08,KRT-065,0.0,KRT
2025-10-08,KRT-066,0.0,KRT
2025-10-08,KRT-067,0.0,KRT
2025-10-08,KRT-068,0.0,KRT
2025-10-08,KRT-069,0.0,KRT
2025-10-08,KRT-070,0.0,KRT
2025-10-08,KRT-071,0.0,KRT
2025-10-08,KRT-072,0.0,KRT
2025-10-08,KRT-073,0.0,KRT
2025-10-08,KRT-074,0.0,KRT
2025-10-08,RDM-101,0.0,RDM
2025-10-08,RDM-102,0.0,RDM
2025-10-08,RDM-103,0.0,RDM
2025-10-08,RDM-104,0.0,RDM
2025-10-08,RDM-105,0.0,RDM
2025-10-08,RDM-106,0.0,RDM
2025-10-08,RDM-107,0.0,RDM
2025-10-08,RDM-108,0.0,RDM
2025-10-08,RDM-109,0.0,RDM
2025-10-08,RDM-110,0.0,RDM
2025-10-08,RDM-112,0.0,RDM
2025-10-08,RDM-113,0.0,RDM
2025-10-08,RDM-114,0.0,RDM
2025-10-08,RDM-115,0.0,RDM
2025-10-08,RDM-116,0.0,RDM
2025-10-08,RDM-117,0.0,RDM
2025-10-08,RDM-118,0.0,RDM
2025-10-08,RDM-119,0.0,RDM
2025-10-08,RDM-120,0.0,RDM
2025-10-08,RDM-121,0.0,RDM
2025-10-08,RDM-122,0.0,RDM
2025-10-08,RDM-123,0.0,RDM
2025-10-08,RDM-124,0.0,RDM
2025-10-08,RDM-125,0.0,RDM
2025-10-08,RDM-126,0.0,RDM
2025-10-08,RDM-127,0.0,RDM
2025-10-08,RDM-128,0.0,RDM
2025-10-08,RDM-129,0.0,RDM
2025-10-08,RDM-130,0.0,RDM
2025-10-08,RDM-131,0.0,RDM
2025-10-08,RDM-132,0.0,RDM
2025-10-08,RDM-133,0.0,RDM
2025-10-09,KRT-001,0.0,KRT
2025-10-09,KRT-002,0.0,KRT
2025-10-09,KRT-003,0.0,KRT
2025-10-09,KRT-004,0.0,KRT
2025-10-09,KRT-005,0.0,KRT
2025-10-09,KRT-006,0.0,KRT
2025-10-09,KRT-007,0.0,KRT
2025-10-09,KRT-008,0.0,KRT
2025-10-09,KRT-009,0.0,KRT
2025-10-09,KRT-010,0.0,KRT
2025-10-09,KRT-011,0.0,KRT
2025-10-09,KRT-012,0.0,KRT
2025-10-09,KRT-013,0.0,KRT
2025-10-09,KRT-014,0.0,KRT
2025-10-09,KRT-015,0.0,KRT
2025-10-09,KRT-016,0.0,KRT
2025-10-09,KRT-017,0.0,KRT
2025-10-09,KRT-018,0.0,KRT
2025-10-09,KRT-019,0.0,KRT
2025-10-09,KRT-020,0.0,KRT
2025-10-09,KRT-021,0.0,KRT
2025-10-09,KRT-022,0.0,KRT
2025-10-09,KRT-023,0.0,KRT
2025-10-09,KRT-024,0.0,KRT
2025-10-09,KRT-025,0.0,KRT
2025-10-09,KRT-026,0.0,KRT
2025-10-09,KRT-027,0.0,KRT
2025-10-09,KRT-028,0.0,KRT
2025-10-09,KRT-029,0.0,KRT
2025-10-09,KRT-030,0.0,KRT
2025-10-09,KRT-031,0.0,KRT
2025-10-09,KRT-032,0.0,KRT
2025-10-09,KRT-033,0.0,KRT
2025-10-09,KRT-034,0.0,KRT
2025-10-09,KRT-035,0.0,KRT
2025-10-09,KRT-036,0.0,KRT
2025-10-09,KRT-037,0.0,KRT
2025-10-09,KRT-038,0.0,KRT
2025-10-09,KRT-039,0.0,KRT
2025-10-09,KRT-040,0.0,KRT
2025-10-09,KRT-041,0.0,KRT
2025-10-09,KRT-042,0.0,KRT
2025-10-09,KRT-043,0.0,KRT
2025-10-09,KRT-044,0.0,KRT
2025-10-09,KRT-045,0.0,KRT
2025-10-09,KRT-046,0.0,KRT
2025-10-09,KRT-047,0.0,KRT
2025-10-09,KRT-048,0.0,KRT
2025-10-09,KRT-049,0.0,KRT
2025-10-09,KRT-050,0.0,KRT
2025-10-09,KRT-051,0.0,KRT
2025-10-09,KRT-052,0.0,KRT
2025-10-09,KRT-053,0.0,KRT
2025-10-09,KRT-054,0.0,KRT
2025-10-09,KRT-055,0.0,KRT
2025-10-09,KRT-056,0.0,KRT
2025-10-09,KRT-057,0.0,KRT
2025-10-09,KRT-058,0.0,KRT
2025-10-09,KRT-059,0.0,KRT
2025-10-09,KRT-060,0.0,KRT
2025-10-09,KRT-061,0.0,KRT
2025-10-09,KRT-062,0.0,KRT
2025-10-09,KRT-063,0.0,KRT
2025-10-09,KRT-064,0.0,KRT
2025-10-09,KRT-065,0.0,KRT
2025-10-09,KRT-066,0.0,KRT
2025-10-09,KRT-067,0.0,KRT
2025-10-09,KRT-068,0.0,KRT
2025-10-09,KRT-069,0.0,KRT
2025-10-09,KRT-070,0.0,KRT
2025-10-09,KRT-071,0.0,KRT
2025-10-09,KRT-072,0.0,KRT
2025-10-09,KRT-073,0.0,KRT
2025-10-09,KRT-074,0.0,KRT
2025-10-09,RDM-101,0.0,RDM
2025-10-09,RDM-102,0.0,RDM
2025-10-09,RDM-103,0.0,RDM
2025-10-09,RDM-104,0.0,RDM
2025-10-09,RDM-105,0.0,RDM
2025-10-09,RDM-106,0.0,RDM
2025-10-09,RDM-107,0.0,RDM
2025-10-09,RDM-108,0.0,RDM
2025-10-09,RDM-109,0.0,RDM
2025-10-09,RDM-110,0.0,RDM
2025-10-09,RDM-112,0.0,RDM
2025-10-09,RDM-113,0.0,RDM
2025-10-09,RDM-114,0.0,RDM
2025-10-09,RDM-115,0.0,RDM
2025-10-09,RDM-116,0.0,RDM
2025-10-09,RDM-117,0.0,RDM
2025-10-09,RDM-118,0.0,RDM
2025-10-09,RDM-119,0.0,RDM
2025-10-09,RDM-120,0.0,RDM
2025-10-09,RDM-121,0.0,RDM
2025-10-09,RDM-122,0.0,RDM
2025-10-09,RDM-123,0.0,RDM
2025-10-09,RDM-124,0.0,RDM
2025-10-09,RDM-125,0.0,RDM
2025-10-09,RDM-126,0.0,RDM
2025-10-09,RDM-127,0.0,RDM
2025-10-09,RDM-128,0.0,RDM
2025-10-09,RDM-129,0.0,RDM
2025-10-09,RDM-130,0.0,RDM
2025-10-09,RDM-131,0.0,RDM
2025-10-09,RDM-132,0.0,RDM
2025-10-09,RDM-133,0.0,RDM
2025-10-10,KRT-001,0.0,KRT
2025-10-10,KRT-002,0.0,KRT
2025-10-10,KRT-003,0.0,KRT
2025-10-10,KRT-004,0.0,KRT
2025-10-10,KRT-005,0.0,KRT
2025-10-10,KRT-006,0.0,KRT
2025-10-10,KRT-007,0.0,KRT
2025-10-10,KRT-008,0.0,KRT
2025-10-10,KRT-009,0.0,KRT
2025-10-10,KRT-010,0.0,KRT
2025-10-10,KRT-011,0.0,KRT
2025-10-10,KRT-012,0.0,KRT
2025-10-10,KRT-013,0.0,KRT
2025-10-10,KRT-014,0.0,KRT
2025-10-10,KRT-015,0.0,KRT
2025-10-10,KRT-016,0.0,KRT
2025-10-10,KRT-017,0.0,KRT
2025-10-10,KRT-018,0.0,KRT
2025-10-10,KRT-019,0.0,KRT
2025-10-10,KRT-020,0.0,KRT
2025-10-10,KRT-021,0.0,KRT
2025-10-10,KRT-022,0.0,KRT
2025-10-10,KRT-023,0.0,KRT
2025-10-10,KRT-024,0.0,KRT
2025-10-10,KRT-025,0.0,KRT
2025-10-10,KRT-026,0.0,KRT
2025-10-10,KRT-027,0.0,KRT
2025-10-10,KRT-028,0.0,KRT
2025-10-10,KRT-029,0.0,KRT
2025-10-10,KRT-030,0.0,KRT
2025-10-10,KRT-031,0.0,KRT
2025-10-10,KRT-032,0.0,KRT
2025-10-10,KRT-033,0.0,KRT
2025-10-10,KRT-034,0.0,KRT
2025-10-10,KRT-035,0.0,KRT
2025-10-10,KRT-036,0.0,KRT
2025-10-10,KRT-037,0.0,KRT
2025-10-10,KRT-038,0.0,KRT
2025-10-10,KRT-039,0.0,KRT
2025-10-10,KRT-040,0.0,KRT
2025-10-10,KRT-041,0.0,KRT
2025-10-10,KRT-042,0.0,KRT
2025-10-10,KRT-043,0.0,KRT
2025-10-10,KRT-044,0.0,KRT
2025-10-10,KRT-045,0.0,KRT
2025-10-10,KRT-046,0.0,KRT
2025-10-10,KRT-047,0.0,KRT
2025-10-10,KRT-048,0.0,KRT
2025-10-10,KRT-049,0.0,KRT
2025-10-10,KRT-050,0.0,KRT
2025-10-10,KRT-051,0.0,KRT
2025-10-10,KRT-052,0.0,KRT
2025-10-10,KRT-053,0.0,KRT
2025-10-10,KRT-054,0.0,KRT
2025-10-10,KRT-055,0.0,KRT
2025-10-10,KRT-056,0.0,KRT
2025-10-10,KRT-057,0.0,KRT
2025-10-10,KRT-058,0.0,KRT
2025-10-10,KRT-059,0.0,KRT
2025-10-10,KRT-060,0.0,KRT
2025-10-10,KRT-061,0.0,KRT
2025-10-10,KRT-062,0.0,KRT
2025-10-10,KRT-063,0.0,KRT
2025-10-10,KRT-064,0.0,KRT
2025-10-10,KRT-065,0.0,KRT
2025-10-10,KRT-066,0.0,KRT
2025-10-10,KRT-067,0.0,KRT
2025-10-10,KRT-068,0.0,KRT
2025-10-10,KRT-069,0.0,KRT
2025-10-10,KRT-070,0.0,KRT
2025-10-10,KRT-071,0.0,KRT
2025-10-10,KRT-072,0.0,KRT
2025-10-10,KRT-073,0.0,KRT
2025-10-10,KRT-074,0.0,KRT
2025-10-10,RDM-101,0.0,RDM
2025-10-10,RDM-102,0.0,RDM
2025-10-10,RDM-103,0.0,RDM
2025-10-10,RDM-104,0.0,RDM
2025-10-10,RDM-105,0.0,RDM
2025-10-10,RDM-106,0.0,RDM
2025-10-10,RDM-107,0.0,RDM
2025-10-10,RDM-108,0.0,RDM
2025-10-10,RDM-109,0.0,RDM
2025-10-10,RDM-110,0.0,RDM
2025-10-10,RDM-112,0.0,RDM
2025-10-10,RDM-113,0.0,RDM
2025-10-10,RDM-114,0.0,RDM
2025-10-10,RDM-115,0.0,RDM
2025-10-10,RDM-116,0.0,RDM
2025-10-10,RDM-117,0.0,RDM
2025-10-10,RDM-118,0.0,RDM
2025-10-10,RDM-119,0.0,RDM
2025-10-10,RDM-120,0.0,RDM
2025-10-10,RDM-121,0.0,RDM
2025-10-10,RDM-122,0.0,RDM
2025-10-10,RDM-123,0.0,RDM
2025-10-10,RDM-124,0.0,RDM
2025-10-10,RDM-125,0.0,RDM
2025-10-10,RDM-126,0.0,RDM
2025-10-10,RDM-127,0.0,RDM
2025-10-10,RDM-128,0.0,RDM
2025-10-10,RDM-129,0.0,RDM
2025-10-10,RDM-130,0.0,RDM
2025-10-10,RDM-131,0.0,RDM
2025-10-10,RDM-132,0.0,RDM
2025-10-10,RDM-133,0.0,RDM
2025-10-11,KRT-001,0.0,KRT
2025-10-11,KRT-002,0.0,KRT
2025-10-11,KRT-003,0.0,KRT
2025-10-11,KRT-004,0.0,KRT
2025-10-11,KRT-005,0.0,KRT
2025-10-11,KRT-006,0.0,KRT
2025-10-11,KRT-007,0.0,KRT
2025-10-11,KRT-008,0.0,KRT
2025-10-11,KRT-009,0.0,KRT
2025-10-11,KRT-010,0.0,KRT
2025-10-11,KRT-011,0.0,KRT
2025-10-11,KRT-012,0.0,KRT
2025-10-11,KRT-013,0.0,KRT
2025-10-11,KRT-014,0.0,KRT
2025-10-11,KRT-015,0.0,KRT
2025-10-11,KRT-016,0.0,KRT
2025-10-11,KRT-017,0.0,KRT
2025-10-11,KRT-018,0.0,KRT
2025-10-11,KRT-019,0.0,KRT
2025-10-11,KRT-020,0.0,KRT
2025-10-11,KRT-021,0.0,KRT
2025-10-11,KRT-022,0.0,KRT
2025-10-11,KRT-023,0.0,KRT
2025-10-11,KRT-024,0.0,KRT
2025-10-11,KRT-025,0.0,KRT
2025-10-11,KRT-026,0.0,KRT
2025-10-11,KRT-027,0.0,KRT
2025-10-11,KRT-028,0.0,KRT
2025-10-11,KRT-029,0.0,KRT
2025-10-11,KRT-030,0.0,KRT
2025-10-11,KRT-031,0.0,KRT
2025-10-11,KRT-032,0.0,KRT
2025-10-11,KRT-033,0.0,KRT
2025-10-11,KRT-034,0.0,KRT
2025-10-11,KRT-035,0.0,KRT
2025-10-11,KRT-036,0.0,KRT
2025-10-11,KRT-037,0.0,KRT
2025-10-11,KRT-038,0.0,KRT
2025-10-11,KRT-039,0.0,KRT
2025-10-11,KRT-040,0.0,KRT
2025-10-11,KRT-041,0.0,KRT
2025-10-11,KRT-042,0.0,KRT
2025-10-11,KRT-043,0.0,KRT
2025-10-11,KRT-044,0.0,KRT
2025-10-11,KRT-045,0.0,KRT
2025-10-11,KRT-046,0.0,KRT
2025-10-11,KRT-047,0.0,KRT
2025-10-11,KRT-048,0.0,KRT
2025-10-11,KRT-049,0.0,KRT
2025-10-11,KRT-050,0.0,KRT
2025-10-11,KRT-051,0.0,KRT
2025-10-11,KRT-052,0.0,KRT
2025-10-11,KRT-053,0.0,KRT
2025-10-11,KRT-054,0.0,KRT
2025-10-11,KRT-055,0.0,KRT
2025-10-11,KRT-056,0.0,KRT
2025-10-11,KRT-057,0.0,KRT
2025-10-11,KRT-058,0.0,KRT
2025-10-11,KRT-059,0.0,KRT
2025-10-11,KRT-060,0.0,KRT
2025-10-11,KRT-061,0.0,KRT
2025-10-11,KRT-062,0.0,KRT
2025-10-11,KRT-063,0.0,KRT
2025-10-11,KRT-064,0.0,KRT
2025-10-11,KRT-065,0.0,KRT
2025-10-11,KRT-066,0.0,KRT
2025-10-11,KRT-067,0.0,KRT
2025-10-11,KRT-068,0.0,KRT
2025-10-11,KRT-069,0.0,KRT
2025-10-11,KRT-070,0.0,KRT
2025-10-11,KRT-071,0.0,KRT
2025-10-11,KRT-072,0.0,KRT
2025-10-11,KRT-073,0.0,KRT
2025-10-11,KRT-074,0.0,KRT
2025-10-11,RDM-101,0.0,RDM
2025-10-11,RDM-102,0.0,RDM
2025-10-11,RDM-103,0.0,RDM
2025-10-11,RDM-104,0.0,RDM
2025-10-11,RDM-105,0.0,RDM
2025-10-11,RDM-106,0.0,RDM
2025-10-11,RDM-107,0.0,RDM
2025-10-11,RDM-108,0.0,RDM
2025-10-11,RDM-109,0.0,RDM
2025-10-11,RDM-110,0.0,RDM
2025-10-11,RDM-112,0.0,RDM
2025-10-11,RDM-113,0.0,RDM
2025-10-11,RDM-114,0.0,RDM
2025-10-11,RDM-115,0.0,RDM
2025-10-11,RDM-116,0.0,RDM
2025-10-11,RDM-117,0.0,RDM
2025-10-11,RDM-118,0.0,RDM
2025-10-11,RDM-119,0.0,RDM
2025-10-11,RDM-120,0.0,RDM
2025-10-11,RDM-121,0.0,RDM
2025-10-11,RDM-122,0.0,RDM
2025-10-11,RDM-123,0.0,RDM
2025-10-11,RDM-124,0.0,RDM
2025-10-11,RDM-125,0.0,RDM
2025-10-11,RDM-126,0.0,RDM
2025-10-11,RDM-127,0.0,RDM
2025-10-11,RDM-128,0.0,RDM
2025-10-11,RDM-129,0.0,RDM
2025-10-11,RDM-130,0.0,RDM
2025-10-11,RDM-131,0.0,RDM
2025-10-11,RDM-132,0.0,RDM
2025-10-11,RDM-133,0.0,RDM
2025-10-12,KRT-001,0.0,KRT
2025-10-12,KRT-002,0.0,KRT
2025-10-12,KRT-003,0.0,KRT
2025-10-12,KRT-004,0.0,KRT
2025-10-12,KRT-005,0.0,KRT
2025-10-12,KRT-006,0.0,KRT
2025-10-12,KRT-007,0.0,KRT
2025-10-12,KRT-008,0.0,KRT
2025-10-12,KRT-009,0.0,KRT
2025-10-12,KRT-010,0.0,KRT
2025-10-12,KRT-011,0.0,KRT
2025-10-12,KRT-012,0.0,KRT
2025-10-12,KRT-013,0.0,KRT
2025-10-12,KRT-014,0.0,KRT
2025-10-12,KRT-015,0.0,KRT
2025-10-12,KRT-016,0.0,KRT
2025-10-12,KRT-017,0.0,KRT
2025-10-12,KRT-018,0.0,KRT
2025-10-12,KRT-019,0.0,KRT
2025-10-12,KRT-020,0.0,KRT
2025-10-12,KRT-021,0.0,KRT
2025-10-12,KRT-022,0.0,KRT
2025-10-12,KRT-023,0.0,KRT
2025-10-12,KRT-024,0.0,KRT
2025-10-12,KRT-025,0.0,KRT
2025-10-12,KRT-026,0.0,KRT
2025-10-12,KRT-027,0.0,KRT
2025-10-12,KRT-028,0.0,KRT
2025-10-12,KRT-029,0.0,KRT
2025-10-12,KRT-030,0.0,KRT
2025-10-12,KRT-031,0.0,KRT
2025-10-12,KRT-032,0.0,KRT
2025-10-12,KRT-033,0.0,KRT
2025-10-12,KRT-034,0.0,KRT
2025-10-12,KRT-035,0.0,KRT
2025-10-12,KRT-036,0.0,KRT
2025-10-12,KRT-037,0.0,KRT
2025-10-12,KRT-038,0.0,KRT
2025-10-12,KRT-039,0.0,KRT
2025-10-12,KRT-040,0.0,KRT
2025-10-12,KRT-041,0.0,KRT
2025-10-12,KRT-042,0.0,KRT
2025-10-12,KRT-043,0.0,KRT
2025-10-12,KRT-044,0.0,KRT
2025-10-12,KRT-045,0.0,KRT
2025-10-12,KRT-046,0.0,KRT
2025-10-12,KRT-047,0.0,KRT
2025-10-12,KRT-048,0.0,KRT
2025-10-12,KRT-049,0.0,KRT
2025-10-12,KRT-050,0.0,KRT
2025-10-12,KRT-051,0.0,KRT
2025-10-12,KRT-052,0.0,KRT
2025-10-12,KRT-053,0.0,KRT
2025-10-12,KRT-054,0.0,KRT
2025-10-12,KRT-055,0.0,KRT
2025-10-12,KRT-056,0.0,KRT
2025-10-12,KRT-057,0.0,KRT
2025-10-12,KRT-058,0.0,KRT
2025-10-12,KRT-059,0.0,KRT
2025-10-12,KRT-060,0.0,KRT
2025-10-12,KRT-061,0.0,KRT
2025-10-12,KRT-062,0.0,KRT
2025-10-12,KRT-063,0.0,KRT
2025-10-12,KRT-064,0.0,KRT
2025-10-12,KRT-065,0.0,KRT
2025-10-12,KRT-066,0.0,KRT
2025-10-12,KRT-067,0.0,KRT
2025-10-12,KRT-068,0.0,KRT
2025-10-12,KRT-069,0.0,KRT
2025-10-12,KRT-070,0.0,KRT
2025-10-12,KRT-071,0.0,KRT
2025-10-12,KRT-072,0.0,KRT
2025-10-12,KRT-073,0.0,KRT
2025-10-12,KRT-074,0.0,KRT
2025-10-12,RDM-101,0.0,RDM
2025-10-12,RDM-102,0.0,RDM
2025-10-12,RDM-103,0.0,RDM
2025-10-12,RDM-104,0.0,RDM
2025-10-12,RDM-105,0.0,RDM
2025-10-12,RDM-106,0.0,RDM
2025-10-12,RDM-107,0.0,RDM
2025-10-12,RDM-108,0.0,RDM
2025-10-12,RDM-109,0.0,RDM
2025-10-12,RDM-110,0.0,RDM
2025-10-12,RDM-112,0.0,RDM
2025-10-12,RDM-113,0.0,RDM
2025-10-12,RDM-114,0.0,RDM
2025-10-12,RDM-115,0.0,RDM
2025-10-12,RDM-116,0.0,RDM
2025-10-12,RDM-117,0.0,RDM
2025-10-12,RDM-118,0.0,RDM
2025-10-12,RDM-119,0.0,RDM
2025-10-12,RDM-120,0.0,RDM
2025-10-12,RDM-121,0.0,RDM
2025-10-12,RDM-122,0.0,RDM
2025-10-12,RDM-123,0.0,RDM
2025-10-12,RDM-124,0.0,RDM
2025-10-12,RDM-125,0.0,RDM
2025-10-12,RDM-126,0.0,RDM
2025-10-12,RDM-127,0.0,RDM
2025-10-12,RDM-128,0.0,RDM
2025-10-12,RDM-129,0.0,RDM
2025-10-12,RDM-130,0.0,RDM
2025-10-12,RDM-131,0.0,RDM
2025-10-12,RDM-132,0.0,RDM
2025-10-12,RDM-133,0.0,RDM
2025-10-13,KRT-001,0.0,KRT
2025-10-13,KRT-002,0.25,KRT
2025-10-13,KRT-003,0.51,KRT
2025-10-13,KRT-004,0.25,KRT
2025-10-13,KRT-005,0.75,KRT
2025-10-13,KRT-006,0.0,KRT
2025-10-13,KRT-007,0.25,KRT
2025-10-13,KRT-008,1.02,KRT
2025-10-13,KRT-009,0.51,KRT
2025-10-13,KRT-010,0.76,KRT
2025-10-13,KRT-011,0.0,KRT
2025-10-13,KRT-012,0.0,KRT
2025-10-13,KRT-013,0.25,KRT
2025-10-13,KRT-014,0.51,KRT
2025-10-13,KRT-015,2.54,KRT
2025-10-13,KRT-016,0.0,KRT
2025-10-13,KRT-017,1.02,KRT
2025-10-13,KRT-018,3.0,KRT
2025-10-13,KRT-019,1.02,KRT
2025-10-13,KRT-020,0.76,KRT
2025-10-13,KRT-021,0.0,KRT
2025-10-13,KRT-022,0.76,KRT
2025-10-13,KRT-023,0.76,KRT
2025-10-13,KRT-024,0.76,KRT
2025-10-13,KRT-025,0.51,KRT
2025-10-13,KRT-026,0.25,KRT
2025-10-13,KRT-027,0.0,KRT
2025-10-13,KRT-028,0.25,KRT
2025-10-13,KRT-029,0.0,KRT
2025-10-13,KRT-030,0.25,KRT
2025-10-13,KRT-031,0.25,KRT
2025-10-13,KRT-032,0.0,KRT
2025-10-13,KRT-033,0.0,KRT
2025-10-13,KRT-034,0.0,KRT
2025-10-13,KRT-035,12.45,KRT
2025-10-13,KRT-036,3.81,KRT
2025-10-13,KRT-037,5.84,KRT
2025-10-13,KRT-038,6.6,KRT
2025-10-13,KRT-039,6.1,KRT
2025-10-13,KRT-040,3.3,KRT
2025-10-13,KRT-041,0.0,KRT
2025-10-13,KRT-042,12.45,KRT
2025-10-13,KRT-043,6.6,KRT
2025-10-13,KRT-044,25.15,KRT
2025-10-13,KRT-045,0.0,KRT
2025-10-13,KRT-046,10.16,KRT
2025-10-13,KRT-047,1.78,KRT
2025-10-13,KRT-048,0.0,KRT
2025-10-13,KRT-049,5.84,KRT
2025-10-13,KRT-050,1.52,KRT
2025-10-13,KRT-051,0.0,KRT
2025-10-13,KRT-052,10.16,KRT
2025-10-13,KRT-053,0.0,KRT
2025-10-13,KRT-054,2.03,KRT
2025-10-13,KRT-055,6.1,KRT
2025-10-13,KRT-056,2.29,KRT
2025-10-13,KRT-057,4.29,KRT
2025-10-13,KRT-058,1.75,KRT
2025-10-13,KRT-059,0.0,KRT
2025-10-13,KRT-060,2.03,KRT
2025-10-13,KRT-061,6.86,KRT
2025-10-13,KRT-062,4.16,KRT
2025-10-13,KRT-063,0.0,KRT
2025-10-13,KRT-064,0.0,KRT
2025-10-13,KRT-065,0.0,KRT
2025-10-13,KRT-066,3.3,KRT
2025-10-13,KRT-067,0.0,KRT
2025-10-13,KRT-068,14.35,KRT
2025-10-13,KRT-069,0.0,KRT
2025-10-13,KRT-070,5.52,KRT
2025-10-13,KRT-071,0.0,KRT
2025-10-13,KRT-072,3.04,KRT
2025-10-13,KRT-073,2.79,KRT
2025-10-13,KRT-074,15.24,KRT
2025-10-13,RDM-101,3.0,RDM
2025-10-13,RDM-102,0.0,RDM
2025-10-13,RDM-103,2.03,RDM
2025-10-13,RDM-104,2.29,RDM
2025-10-13,RDM-105,3.05,RDM
2025-10-13,RDM-106,4.57,RDM
2025-10-13,RDM-107,4.32,RDM
2025-10-13,RDM-108,10.67,RDM
2025-10-13,RDM-109,7.87,RDM
2025-10-13,RDM-110,0.0,RDM
2025-10-13,RDM-112,4.32,RDM
2025-10-13,RDM-113,0.0,RDM
2025-10-13,RDM-114,5.75,RDM
2025-10-13,RDM-115,4.83,RDM
2025-10-13,RDM-116,9.14,RDM
2025-10-13,RDM-117,0.0,RDM
2025-10-13,RDM-118,10.41,RDM
2025-10-13,RDM-119,4.32,RDM
2025-10-13,RDM-120,8.64,RDM
2025-10-13,RDM-121,7.37,RDM
2025-10-13,RDM-122,0.0,RDM
2025-10-13,RDM-123,9.65,RDM
2025-10-13,RDM-124,6.6,RDM
2025-10-13,RDM-125,0.0,RDM
2025-10-13,RDM-126,1.27,RDM
2025-10-13,RDM-127,0.51,RDM
2025-10-13,RDM-128,1.27,RDM
2025-10-13,RDM-129,2.03,RDM
2025-10-13,RDM-130,2.29,RDM
2025-10-13,RDM-131,3.05,RDM
2025-10-13,RDM-132,0.78,RDM
2025-10-13,RDM-133,0.0,RDM
2025-10-14,KRT-001,7.87,KRT
2025-10-14,KRT-002,9.14,KRT
2025-10-14,KRT-003,10.92,KRT
2025-10-14,KRT-004,7.62,KRT
2025-10-14,KRT-005,5.25,KRT
2025-10-14,KRT-006,0.0,KRT
2025-10-14,KRT-007,7.87,KRT
2025-10-14,KRT-008,5.08,KRT
2025-10-14,KRT-009,5.08,KRT
2025-10-14,KRT-010,3.81,KRT
2025-10-14,KRT-011,3.81,KRT
2025-10-14,KRT-012,0.0,KRT
2025-10-14,KRT-013,5.84,KRT
2025-10-14,KRT-014,2.79,KRT
2025-10-14,KRT-015,5.08,KRT
2025-10-14,KRT-016,0.0,KRT
2025-10-14,KRT-017,5.08,KRT
2025-10-14,KRT-018,3.0,KRT
2025-10-14,KRT-019,4.06,KRT
2025-10-14,KRT-020,2.54,KRT
2025-10-14,KRT-021,5.08,KRT
2025-10-14,KRT-022,2.03,KRT
2025-10-14,KRT-023,4.57,KRT
2025-10-14,KRT-024,1.52,KRT
2025-10-14,KRT-025,2.54,KRT
2025-10-14,KRT-026,3.81,KRT
2025-10-14,KRT-027,0.0,KRT
2025-10-14,KRT-028,2.79,KRT
2025-10-14,KRT-029,4.57,KRT
2025-10-14,KRT-030,1.27,KRT
2025-10-14,KRT-031,3.3,KRT
2025-10-14,KRT-032,1.52,KRT
2025-10-14,KRT-033,2.54,KRT
2025-10-14,KRT-034,3.56,KRT
2025-10-14,KRT-035,8.89,KRT
2025-10-14,KRT-036,5.59,KRT
2025-10-14,KRT-037,5.33,KRT
2025-10-14,KRT-038,2.03,KRT
2025-10-14,KRT-039,2.29,KRT
2025-10-14,KRT-040,1.27,KRT
2025-10-14,KRT-041,0.0,KRT
2025-10-14,KRT-042,3.05,KRT
2025-10-14,KRT-043,2.29,KRT
2025-10-14,KRT-044,3.3,KRT
2025-10-14,KRT-045,0.0,KRT
2025-10-14,KRT-046,1.78,KRT
2025-10-14,KRT-047,2.54,KRT
2025-10-14,KRT-048,0.0,KRT
2025-10-14,KRT-049,2.79,KRT
2025-10-14,KRT-050,1.78,KRT
2025-10-14,KRT-051,0.51,KRT
2025-10-14,KRT-052,1.78,KRT
2025-10-14,KRT-053,0.0,KRT
2025-10-14,KRT-054,5.33,KRT
2025-10-14,KRT-055,3.81,KRT
2025-10-14,KRT-056,3.3,KRT
2025-10-14,KRT-057,1.36,KRT
2025-10-14,KRT-058,1.5,KRT
2025-10-14,KRT-059,0.0,KRT
2025-10-14,KRT-060,0.76,KRT
2025-10-14,KRT-061,0.51,KRT
2025-10-14,KRT-062,0.88,KRT
2025-10-14,KRT-063,0.0,KRT
2025-10-14,KRT-064,0.0,KRT
2025-10-14,KRT-065,0.0,KRT
2025-10-14,KRT-066,1.02,KRT
2025-10-14,KRT-067,0.25,KRT
2025-10-14,KRT-068,0.42,KRT
2025-10-14,KRT-069,0.0,KRT
2025-10-14,KRT-070,0.99,KRT
2025-10-14,KRT-071,0.0,KRT
2025-10-14,KRT-072,0.19,KRT
2025-10-14,KRT-073,2.29,KRT
2025-10-14,KRT-074,2.54,KRT
2025-10-14,RDM-101,1.25,RDM
2025-10-14,RDM-102,0.0,RDM
2025-10-14,RDM-103,1.52,RDM
2025-10-14,RDM-104,2.54,RDM
2025-10-14,RDM-105,3.05,RDM
2025-10-14,RDM-106,4.57,RDM
2025-10-14,RDM-107,3.81,RDM
2025-10-14,RDM-108,3.3,RDM
2025-10-14,RDM-109,3.3,RDM
2025-10-14,RDM-110,0.0,RDM
2025-10-14,RDM-112,0.0,RDM
2025-10-14,RDM-113,0.0,RDM
2025-10-14,RDM-114,0.0,RDM
2025-10-14,RDM-115,0.0,RDM
2025-10-14,RDM-116,0.0,RDM
2025-10-14,RDM-117,0.25,RDM
2025-10-14,RDM-118,0.0,RDM
2025-10-14,RDM-119,0.0,RDM
2025-10-14,RDM-120,0.0,RDM
2025-10-14,RDM-121,0.0,RDM
2025-10-14,RDM-122,0.0,RDM
2025-10-14,RDM-123,0.25,RDM
2025-10-14,RDM-124,0.0,RDM
2025-10-14,RDM-125,0.0,RDM
2025-10-14,RDM-126,0.0,RDM
2025-10-14,RDM-127,0.0,RDM
2025-10-14,RDM-128,0.0,RDM
2025-10-14,RDM-129,0.0,RDM
2025-10-14,RDM-130,0.0,RDM
2025-10-14,RDM-131,0.0,RDM
2025-10-14,RDM-132,1.82,RDM
2025-10-14,RDM-133,0.0,RDM
2025-10-15,KRT-001,0.0,KRT
2025-10-15,KRT-002,0.0,KRT
2025-10-15,KRT-003,0.0,KRT
2025-10-15,KRT-004,0.0,KRT
2025-10-15,KRT-005,0.0,KRT
2025-10-15,KRT-006,0.0,KRT
2025-10-15,KRT-007,0.0,KRT
2025-10-15,KRT-008,0.0,KRT
2025-10-15,KRT-009,0.25,KRT
2025-10-15,KRT-010,0.0,KRT
2025-10-15,KRT-011,0.0,KRT
2025-10-15,KRT-012,0.0,KRT
2025-10-15,KRT-013,0.0,KRT
2025-10-15,KRT-014,0.0,KRT
2025-10-15,KRT-015,0.0,KRT
2025-10-15,KRT-016,0.0,KRT
2025-10-15,KRT-017,0.0,KRT
2025-10-15,KRT-018,0.0,KRT
2025-10-15,KRT-019,0.0,KRT
2025-10-15,KRT-020,0.0,KRT
2025-10-15,KRT-021,0.0,KRT
2025-10-15,KRT-022,0.0,KRT
2025-10-15,KRT-023,0.0,KRT
2025-10-15,KRT-024,0.0,KRT
2025-10-15,KRT-025,0.0,KRT
2025-10-15,KRT-026,0.0,KRT
2025-10-15,KRT-027,0.0,KRT
2025-10-15,KRT-028,0.0,KRT
2025-10-15,KRT-029,0.0,KRT
2025-10-15,KRT-030,0.0,KRT
2025-10-15,KRT-031,0.0,KRT
2025-10-15,KRT-032,0.0,KRT
2025-10-15,KRT-033,0.0,KRT
2025-10-15,KRT-034,0.0,KRT
2025-10-15,KRT-035,0.0,KRT
2025-10-15,KRT-036,0.0,KRT
2025-10-15,KRT-037,0.0,KRT
2025-10-15,KRT-038,0.0,KRT
2025-10-15,KRT-039,0.0,KRT
2025-10-15,KRT-040,0.0,KRT
2025-10-15,KRT-041,0.0,KRT
2025-10-15,KRT-042,0.0,KRT
2025-10-15,KRT-043,0.0,KRT
2025-10-15,KRT-044,0.0,KRT
2025-10-15,KRT-045,0.0,KRT
2025-10-15,KRT-046,0.0,KRT
2025-10-15,KRT-047,0.0,KRT
2025-10-15,KRT-048,0.0,KRT
2025-10-15,KRT-049,0.0,KRT
2025-10-15,KRT-050,0.0,KRT
2025-10-15,KRT-051,0.0,KRT
2025-10-15,KRT-052,0.0,KRT
2025-10-15,KRT-053,0.0,KRT
2025-10-15,KRT-054,0.0,KRT
2025-10-15,KRT-055,0.0,KRT
2025-10-15,KRT-056,0.0,KRT
2025-10-15,KRT-057,0.0,KRT
2025-10-15,KRT-058,0.0,KRT
2025-10-15,KRT-059,0.0,KRT
2025-10-15,KRT-060,0.0,KRT
2025-10-15,KRT-061,0.0,KRT
2025-10-15,KRT-062,0.0,KRT
2025-10-15,KRT-063,0.0,KRT
2025-10-15,KRT-064,0.0,KRT
2025-10-15,KRT-065,0.0,KRT
2025-10-15,KRT-066,0.0,KRT
2025-10-15,KRT-067,0.0,KRT
2025-10-15,KRT-068,0.0,KRT
2025-10-15,KRT-069,0.0,KRT
2025-10-15,KRT-070,0.0,KRT
2025-10-15,KRT-071,0.0,KRT
2025-10-15,KRT-072,0.0,KRT
2025-10-15,KRT-073,0.0,KRT
2025-10-15,KRT-074,0.0,KRT
2025-10-15,RDM-101,0.0,RDM
2025-10-15,RDM-102,0.0,RDM
2025-10-15,RDM-103,0.0,RDM
2025-10-15,RDM-104,0.0,RDM
2025-10-15,RDM-105,0.0,RDM
2025-10-15,RDM-106,0.0,RDM
2025-10-15,RDM-107,0.0,RDM
2025-10-15,RDM-108,0.0,RDM
2025-10-15,RDM-109,0.0,RDM
2025-10-15,RDM-110,0.0,RDM
2025-10-15,RDM-112,0.0,RDM
2025-10-15,RDM-113,0.0,RDM
2025-10-15,RDM-114,0.0,RDM
2025-10-15,RDM-115,0.0,RDM
2025-10-15,RDM-116,0.0,RDM
2025-10-15,RDM-117,0.0,RDM
2025-10-15,RDM-118,0.0,RDM
2025-10-15,RDM-119,0.0,RDM
2025-10-15,RDM-120,0.0,RDM
2025-10-15,RDM-121,0.0,RDM
2025-10-15,RDM-122,0.0,RDM
2025-10-15,RDM-123,0.0,RDM
2025-10-15,RDM-124,0.0,RDM
2025-10-15,RDM-125,0.0,RDM
2025-10-15,RDM-126,0.0,RDM
2025-10-15,RDM-127,0.0,RDM
2025-10-15,RDM-128,0.0,RDM
2025-10-15,RDM-129,0.0,RDM
2025-10-15,RDM-130,0.0,RDM
2025-10-15,RDM-131,0.0,RDM
2025-10-15,RDM-132,0.0,RDM
2025-10-15,RDM-133,0.0,RDM
2025-10-16,KRT-001,0.0,KRT
2025-10-16,KRT-002,0.0,KRT
2025-10-16,KRT-003,0.0,KRT
2025-10-16,KRT-004,0.0,KRT
2025-10-16,KRT-005,0.75,KRT
2025-10-16,KRT-006,0.0,KRT
2025-10-16,KRT-007,0.0,KRT
2025-10-16,KRT-008,0.0,KRT
2025-10-16,KRT-009,0.0,KRT
2025-10-16,KRT-010,0.0,KRT
2025-10-16,KRT-011,0.0,KRT
2025-10-16,KRT-012,0.0,KRT
2025-10-16,KRT-013,0.0,KRT
2025-10-16,KRT-014,0.0,KRT
2025-10-16,KRT-015,0.0,KRT
2025-10-16,KRT-016,0.0,KRT
2025-10-16,KRT-017,0.51,KRT
2025-10-16,KRT-018,0.0,KRT
2025-10-16,KRT-019,0.0,KRT
2025-10-16,KRT-020,0.0,KRT
2025-10-16,KRT-021,9.4,KRT
2025-10-16,KRT-022,0.0,KRT
2025-10-16,KRT-023,0.0,KRT
2025-10-16,KRT-024,0.0,KRT
2025-10-16,KRT-025,0.0,KRT
2025-10-16,KRT-026,0.0,KRT
2025-10-16,KRT-027,0.0,KRT
2025-10-16,KRT-028,0.0,KRT
2025-10-16,KRT-029,1.78,KRT
2025-10-16,KRT-030,0.0,KRT
2025-10-16,KRT-031,0.51,KRT
2025-10-16,KRT-032,0.0,KRT
2025-10-16,KRT-033,0.0,KRT
2025-10-16,KRT-034,0.0,KRT
2025-10-16,KRT-035,63.5,KRT
2025-10-16,KRT-036,0.0,KRT
2025-10-16,KRT-037,0.0,KRT
2025-10-16,KRT-038,0.0,KRT
2025-10-16,KRT-039,0.0,KRT
2025-10-16,KRT-040,0.0,KRT
2025-10-16,KRT-041,0.0,KRT
2025-10-16,KRT-042,0.0,KRT
2025-10-16,KRT-043,0.0,KRT
2025-10-16,KRT-044,0.0,KRT
2025-10-16,KRT-045,0.0,KRT
2025-10-16,KRT-046,0.0,KRT
2025-10-16,KRT-047,0.0,KRT
2025-10-16,KRT-048,0.0,KRT
2025-10-16,KRT-049,0.0,KRT
2025-10-16,KRT-050,0.0,KRT
2025-10-16,KRT-051,0.0,KRT
2025-10-16,KRT-052,0.0,KRT
2025-10-16,KRT-053,0.0,KRT
2025-10-16,KRT-054,0.0,KRT
2025-10-16,KRT-055,0.0,KRT
2025-10-16,KRT-056,0.0,KRT
2025-10-16,KRT-057,0.0,KRT
2025-10-16,KRT-058,0.0,KRT
2025-10-16,KRT-059,0.0,KRT
2025-10-16,KRT-060,0.0,KRT
2025-10-16,KRT-061,0.0,KRT
2025-10-16,KRT-062,0.0,KRT
2025-10-16,KRT-063,0.0,KRT
2025-10-16,KRT-064,0.0,KRT
2025-10-16,KRT-065,0.0,KRT
2025-10-16,KRT-066,0.0,KRT
2025-10-16,KRT-067,0.0,KRT
2025-10-16,KRT-068,0.0,KRT
2025-10-16,KRT-069,0.0,KRT
2025-10-16,KRT-070,0.0,KRT
2025-10-16,KRT-071,0.0,KRT
2025-10-16,KRT-072,0.0,KRT
2025-10-16,KRT-073,0.0,KRT
2025-10-16,KRT-074,0.0,KRT
2025-10-16,RDM-101,0.0,RDM
2025-10-16,RDM-102,0.0,RDM
2025-10-16,RDM-103,1.52,RDM
2025-10-16,RDM-104,2.03,RDM
2025-10-16,RDM-105,1.78,RDM
2025-10-16,RDM-106,2.79,RDM
2025-10-16,RDM-107,5.08,RDM
2025-10-16,RDM-108,3.81,RDM
2025-10-16,RDM-109,1.78,RDM
2025-10-16,RDM-110,0.0,RDM
2025-10-16,RDM-112,0.0,RDM
2025-10-16,RDM-113,0.0,RDM
2025-10-16,RDM-114,0.0,RDM
2025-10-16,RDM-115,0.0,RDM
2025-10-16,RDM-116,0.0,RDM
2025-10-16,RDM-117,0.0,RDM
2025-10-16,RDM-118,0.0,RDM
2025-10-16,RDM-119,0.0,RDM
2025-10-16,RDM-120,0.0,RDM
2025-10-16,RDM-121,0.0,RDM
2025-10-16,RDM-122,0.0,RDM
2025-10-16,RDM-123,0.0,RDM
2025-10-16,RDM-124,0.0,RDM
2025-10-16,RDM-125,0.0,RDM
2025-10-16,RDM-126,0.0,RDM
2025-10-16,RDM-127,0.0,RDM
2025-10-16,RDM-128,0.0,RDM
2025-10-16,RDM-129,0.0,RDM
2025-10-16,RDM-130,0.0,RDM
2025-10-16,RDM-131,0.0,RDM
2025-10-16,RDM-132,0.0,RDM
2025-10-16,RDM-133,0.0,RDM
2025-10-17,KRT-001,0.0,KRT
2025-10-17,KRT-002,0.0,KRT
2025-10-17,KRT-003,0.76,KRT
2025-10-17,KRT-004,0.0,KRT
2025-10-17,KRT-005,0.0,KRT
2025-10-17,KRT-006,0.0,KRT
2025-10-17,KRT-007,0.0,KRT
2025-10-17,KRT-008,0.0,KRT
2025-10-17,KRT-009,0.0,KRT
2025-10-17,KRT-010,0.0,KRT
2025-10-17,KRT-011,0.0,KRT
2025-10-17,KRT-012,0.0,KRT
2025-10-17,KRT-013,0.0,KRT
2025-10-17,KRT-014,0.0,KRT
2025-10-17,KRT-015,0.0,KRT
2025-10-17,KRT-016,0.0,KRT
2025-10-17,KRT-017,1.27,KRT
2025-10-17,KRT-018,0.0,KRT
2025-10-17,KRT-019,0.0,KRT
2025-10-17,KRT-020,0.0,KRT
2025-10-17,KRT-021,0.0,KRT
2025-10-17,KRT-022,0.0,KRT
2025-10-17,KRT-023,0.0,KRT
2025-10-17,KRT-024,0.0,KRT
2025-10-17,KRT-025,0.0,KRT
2025-10-17,KRT-026,0.0,KRT
2025-10-17,KRT-027,0.0,KRT
2025-10-17,KRT-028,0.0,KRT
2025-10-17,KRT-029,4.57,KRT
2025-10-17,KRT-030,0.0,KRT
2025-10-17,KRT-031,1.02,KRT
2025-10-17,KRT-032,0.0,KRT
2025-10-17,KRT-033,0.0,KRT
2025-10-17,KRT-034,0.0,KRT
2025-10-17,KRT-035,0.0,KRT
2025-10-17,KRT-036,0.0,KRT
2025-10-17,KRT-037,0.0,KRT
2025-10-17,KRT-038,0.0,KRT
2025-10-17,KRT-039,0.0,KRT
2025-10-17,KRT-040,0.0,KRT
2025-10-17,KRT-041,0.0,KRT
2025-10-17,KRT-042,0.0,KRT
2025-10-17,KRT-043,0.0,KRT
2025-10-17,KRT-044,0.0,KRT
2025-10-17,KRT-045,0.0,KRT
2025-10-17,KRT-046,0.0,KRT
2025-10-17,KRT-047,0.0,KRT
2025-10-17,KRT-048,0.0,KRT
2025-10-17,KRT-049,0.0,KRT
2025-10-17,KRT-050,0.0,KRT
2025-10-17,KRT-051,0.0,KRT
2025-10-17,KRT-052,0.0,KRT
2025-10-17,KRT-053,0.0,KRT
2025-10-17,KRT-054,0.0,KRT
2025-10-17,KRT-055,0.0,KRT
2025-10-17,KRT-056,0.0,KRT
2025-10-17,KRT-057,0.0,KRT
2025-10-17,KRT-058,0.0,KRT
2025-10-17,KRT-059,0.76,KRT
2025-10-17,KRT-060,0.0,KRT
2025-10-17,KRT-061,0.0,KRT
2025-10-17,KRT-062,0.0,KRT
2025-10-17,KRT-063,0.0,KRT
2025-10-17,KRT-064,0.0,KRT
2025-10-17,KRT-065,0.0,KRT
2025-10-17,KRT-066,0.0,KRT
2025-10-17,KRT-067,0.0,KRT
2025-10-17,KRT-068,0.0,KRT
2025-10-17,KRT-069,0.0,KRT
2025-10-17,KRT-070,0.0,KRT
2025-10-17,KRT-071,0.0,KRT
2025-10-17,KRT-072,0.0,KRT
2025-10-17,KRT-073,0.0,KRT
2025-10-17,KRT-074,0.0,KRT
2025-10-17,RDM-101,0.0,RDM
2025-10-17,RDM-102,0.0,RDM
2025-10-17,RDM-103,0.0,RDM
2025-10-17,RDM-104,0.0,RDM
2025-10-17,RDM-105,0.0,RDM
2025-10-17,RDM-106,0.0,RDM
2025-10-17,RDM-107,0.0,RDM
2025-10-17,RDM-108,4.06,RDM
2025-10-17,RDM-109,0.0,RDM
2025-10-17,RDM-110,0.0,RDM
2025-10-17,RDM-112,0.0,RDM
2025-10-17,RDM-113,1.52,RDM
2025-10-17,RDM-114,0.0,RDM
2025-10-17,RDM-115,0.0,RDM
2025-10-17,RDM-116,0.0,RDM
2025-10-17,RDM-117,0.0,RDM
2025-10-17,RDM-118,0.0,RDM
2025-10-17,RDM-119,0.0,RDM
2025-10-17,RDM-120,0.0,RDM
2025-10-17,RDM-121,0.0,RDM
2025-10-17,RDM-122,0.0,RDM
2025-10-17,RDM-123,0.0,RDM
2025-10-17,RDM-124,0.0,RDM
2025-10-17,RDM-125,0.0,RDM
2025-10-17,RDM-126,0.0,RDM
2025-10-17,RDM-127,0.0,RDM
2025-10-17,RDM-128,0.0,RDM
2025-10-17,RDM-129,0.0,RDM
2025-10-17,RDM-130,0.0,RDM
2025-10-17,RDM-131,0.0,RDM
2025-10-17,RDM-132,0.0,RDM
2025-10-17,RDM-133,0.0,RDM
2025-10-18,KRT-001,0.0,KRT
2025-10-18,KRT-002,0.0,KRT
2025-10-18,KRT-003,0.0,KRT
2025-10-18,KRT-004,3.81,KRT
2025-10-18,KRT-005,0.0,KRT
2025-10-18,KRT-006,0.0,KRT
2025-10-18,KRT-007,0.0,KRT
2025-10-18,KRT-008,0.0,KRT
2025-10-18,KRT-009,0.0,KRT
2025-10-18,KRT-010,0.0,KRT
2025-10-18,KRT-011,0.0,KRT
2025-10-18,KRT-012,0.0,KRT
2025-10-18,KRT-013,0.0,KRT
2025-10-18,KRT-014,0.0,KRT
2025-10-18,KRT-015,0.0,KRT
2025-10-18,KRT-016,0.0,KRT
2025-10-18,KRT-017,0.76,KRT
2025-10-18,KRT-018,0.0,KRT
2025-10-18,KRT-019,0.0,KRT
2025-10-18,KRT-020,0.0,KRT
2025-10-18,KRT-021,0.0,KRT
2025-10-18,KRT-022,0.0,KRT
2025-10-18,KRT-023,0.0,KRT
2025-10-18,KRT-024,0.0,KRT
2025-10-18,KRT-025,0.0,KRT
2025-10-18,KRT-026,1.78,KRT
2025-10-18,KRT-027,0.0,KRT
2025-10-18,KRT-028,0.0,KRT
2025-10-18,KRT-029,0.25,KRT
2025-10-18,KRT-030,0.0,KRT
2025-10-18,KRT-031,0.0,KRT
2025-10-18,KRT-032,0.0,KRT
2025-10-18,KRT-033,0.0,KRT
2025-10-18,KRT-034,0.0,KRT
2025-10-18,KRT-035,1.02,KRT
2025-10-18,KRT-036,0.0,KRT
2025-10-18,KRT-037,0.0,KRT
2025-10-18,KRT-038,0.0,KRT
2025-10-18,KRT-039,0.0,KRT
2025-10-18,KRT-040,0.0,KRT
2025-10-18,KRT-041,0.0,KRT
2025-10-18,KRT-042,0.0,KRT
2025-10-18,KRT-043,0.0,KRT
2025-10-18,KRT-044,0.0,KRT
2025-10-18,KRT-045,0.0,KRT
2025-10-18,KRT-046,0.0,KRT
2025-10-18,KRT-047,0.25,KRT
2025-10-18,KRT-048,0.0,KRT
2025-10-18,KRT-049,0.0,KRT
2025-10-18,KRT-050,0.0,KRT
2025-10-18,KRT-051,0.0,KRT
2025-10-18,KRT-052,0.0,KRT
2025-10-18,KRT-053,0.0,KRT
2025-10-18,KRT-054,0.0,KRT
2025-10-18,KRT-055,0.0,KRT
2025-10-18,KRT-056,0.0,KRT
2025-10-18,KRT-057,0.0,KRT
2025-10-18,KRT-058,0.0,KRT
2025-10-18,KRT-059,0.0,KRT
2025-10-18,KRT-060,0.0,KRT
2025-10-18,KRT-061,0.0,KRT
2025-10-18,KRT-062,0.0,KRT
2025-10-18,KRT-063,0.0,KRT
2025-10-18,KRT-064,0.0,KRT
2025-10-18,KRT-065,2.7,KRT
2025-10-18,KRT-066,0.0,KRT
2025-10-18,KRT-067,0.0,KRT
2025-10-18,KRT-068,0.0,KRT
2025-10-18,KRT-069,0.0,KRT
2025-10-18,KRT-070,0.0,KRT
2025-10-18,KRT-071,0.0,KRT
2025-10-18,KRT-072,0.0,KRT
2025-10-18,KRT-073,0.0,KRT
2025-10-18,KRT-074,0.0,KRT
2025-10-18,RDM-101,0.0,RDM
2025-10-18,RDM-102,0.0,RDM
2025-10-18,RDM-103,0.0,RDM
2025-10-18,RDM-104,0.0,RDM
2025-10-18,RDM-105,0.0,RDM
2025-10-18,RDM-106,0.0,RDM
2025-10-18,RDM-107,0.0,RDM
2025-10-18,RDM-108,5.08,RDM
2025-10-18,RDM-109,0.0,RDM
2025-10-18,RDM-110,0.0,RDM
2025-10-18,RDM-112,0.0,RDM
2025-10-18,RDM-113,0.0,RDM
2025-10-18,RDM-114,0.0,RDM
2025-10-18,RDM-115,0.0,RDM
2025-10-18,RDM-116,0.0,RDM
2025-10-18,RDM-117,0.0,RDM
2025-10-18,RDM-118,0.0,RDM
2025-10-18,RDM-119,0.0,RDM
2025-10-18,RDM-120,0.0,RDM
2025-10-18,RDM-121,0.0,RDM
2025-10-18,RDM-122,0.0,RDM
2025-10-18,RDM-123,0.0,RDM
2025-10-18,RDM-124,0.0,RDM
2025-10-18,RDM-125,0.0,RDM
2025-10-18,RDM-126,0.0,RDM
2025-10-18,RDM-127,0.0,RDM
2025-10-18,RDM-128,0.0,RDM
2025-10-18,RDM-129,0.0,RDM
2025-10-18,RDM-130,0.0,RDM
2025-10-18,RDM-131,0.0,RDM
2025-10-18,RDM-132,0.0,RDM
2025-10-18,RDM-133,0.0,RDM
2025-10-19,KRT-001,25.15,KRT
2025-10-19,KRT-002,18.8,KRT
2025-10-19,KRT-003,31.24,KRT
2025-10-19,KRT-004,27.43,KRT
2025-10-19,KRT-005,29.75,KRT
2025-10-19,KRT-006,16.6,KRT
2025-10-19,KRT-007,27.43,KRT
2025-10-19,KRT-008,17.78,KRT
2025-10-19,KRT-009,30.73,KRT
2025-10-19,KRT-010,24.89,KRT
2025-10-19,KRT-011,12.7,KRT
2025-10-19,KRT-012,11.43,KRT
2025-10-19,KRT-013,16.51,KRT
2025-10-19,KRT-014,13.25,KRT
2025-10-19,KRT-015,15.24,KRT
2025-10-19,KRT-016,14.52,KRT
2025-10-19,KRT-017,19.56,KRT
2025-10-19,KRT-018,20.5,KRT
2025-10-19,KRT-019,22.86,KRT
2025-10-19,KRT-020,28.7,KRT
2025-10-19,KRT-021,20.32,KRT
2025-10-19,KRT-022,31.24,KRT
2025-10-19,KRT-023,21.34,KRT
2025-10-19,KRT-024,26.42,KRT
2025-10-19,KRT-025,15.75,KRT
2025-10-19,KRT-026,13.72,KRT
2025-10-19,KRT-027,12.8,KRT
2025-10-19,KRT-028,31.5,KRT
2025-10-19,KRT-029,10.16,KRT
2025-10-19,KRT-030,22.35,KRT
2025-10-19,KRT-031,19.3,KRT
2025-10-19,KRT-032,12.32,KRT
2025-10-19,KRT-033,16.51,KRT
2025-10-19,KRT-034,8.89,KRT
2025-10-19,KRT-035,17.02,KRT
2025-10-19,KRT-036,11.94,KRT
2025-10-19,KRT-037,8.13,KRT
2025-10-19,KRT-038,9.91,KRT
2025-10-19,KRT-039,7.87,KRT
2025-10-19,KRT-040,7.11,KRT
2025-10-19,KRT-041,7.62,KRT
2025-10-19,KRT-042,6.35,KRT
2025-10-19,KRT-043,6.6,KRT
2025-10-19,KRT-044,6.6,KRT
2025-10-19,KRT-045,5.11,KRT
2025-10-19,KRT-046,5.84,KRT
2025-10-19,KRT-047,5.08,KRT
2025-10-19,KRT-048,5.41,KRT
2025-10-19,KRT-049,4.57,KRT
2025-10-19,KRT-050,5.08,KRT
2025-10-19,KRT-051,8.5,KRT
2025-10-19,KRT-052,5.84,KRT
2025-10-19,KRT-053,6.58,KRT
2025-10-19,KRT-054,8.93,KRT
2025-10-19,KRT-055,5.59,KRT
2025-10-19,KRT-056,8.89,KRT
2025-10-19,KRT-057,8.14,KRT
2025-10-19,KRT-058,5.5,KRT
2025-10-19,KRT-059,8.38,KRT
2025-10-19,KRT-060,5.08,KRT
2025-10-19,KRT-061,5.33,KRT
2025-10-19,KRT-062,6.13,KRT
2025-10-19,KRT-063,10.2,KRT
2025-10-19,KRT-064,10.2,KRT
2025-10-19,KRT-065,7.2,KRT
2025-10-19,KRT-066,3.56,KRT
2025-10-19,KRT-067,4.75,KRT
2025-10-19,KRT-068,4.58,KRT
2025-10-19,KRT-069,6.26,KRT
2025-10-19,KRT-070,4.33,KRT
2025-10-19,KRT-071,6.26,KRT
2025-10-19,KRT-072,6.08,KRT
2025-10-19,KRT-073,7.62,KRT
2025-10-19,KRT-074,5.59,KRT
2025-10-19,RDM-101,2.0,RDM
2025-10-19,RDM-102,1.75,RDM
2025-10-19,RDM-103,3.05,RDM
2025-10-19,RDM-104,2.29,RDM
2025-10-19,RDM-105,4.57,RDM
2025-10-19,RDM-106,2.29,RDM
2025-10-19,RDM-107,9.91,RDM
2025-10-19,RDM-108,9.14,RDM
2025-10-19,RDM-109,3.81,RDM
2025-10-19,RDM-110,2.79,RDM
2025-10-19,RDM-112,1.27,RDM
2025-10-19,RDM-113,1.02,RDM
2025-10-19,RDM-114,1.0,RDM
2025-10-19,RDM-115,1.51,RDM
2025-10-19,RDM-116,1.02,RDM
2025-10-19,RDM-117,2.25,RDM
2025-10-19,RDM-118,1.78,RDM
2025-10-19,RDM-119,1.52,RDM
2025-10-19,RDM-120,1.52,RDM
2025-10-19,RDM-121,1.52,RDM
2025-10-19,RDM-122,3.55,RDM
2025-10-19,RDM-123,2.29,RDM
2025-10-19,RDM-124,1.52,RDM
2025-10-19,RDM-125,2.5,RDM
2025-10-19,RDM-126,3.05,RDM
2025-10-19,RDM-127,3.56,RDM
2025-10-19,RDM-128,4.06,RDM
2025-10-19,RDM-129,3.05,RDM
2025-10-19,RDM-130,2.29,RDM
2025-10-19,RDM-131,1.02,RDM
2025-10-19,RDM-132,1.82,RDM
2025-10-19,RDM-133,2.79,RDM
2025-10-20,KRT-001,4.06,KRT
2025-10-20,KRT-002,3.81,KRT
2025-10-20,KRT-003,4.57,KRT
2025-10-20,KRT-004,1.78,KRT
2025-10-20,KRT-005,2.75,KRT
2025-10-20,KRT-006,2.78,KRT
2025-10-20,KRT-007,2.03,KRT
2025-10-20,KRT-008,3.56,KRT
2025-10-20,KRT-009,4.32,KRT
2025-10-20,KRT-010,1.52,KRT
2025-10-20,KRT-011,2.51,KRT
2025-10-20,KRT-012,3.27,KRT
2025-10-20,KRT-013,2.79,KRT
2025-10-20,KRT-014,2.75,KRT
2025-10-20,KRT-015,4.32,KRT
2025-10-20,KRT-016,3.79,KRT
2025-10-20,KRT-017,3.3,KRT
2025-10-20,KRT-018,2.75,KRT
2025-10-20,KRT-019,2.62,KRT
2025-10-20,KRT-020,2.29,KRT
2025-10-20,KRT-021,2.29,KRT
2025-10-20,KRT-022,2.03,KRT
2025-10-20,KRT-023,1.52,KRT
2025-10-20,KRT-024,1.78,KRT
2025-10-20,KRT-025,3.05,KRT
2025-10-20,KRT-026,2.29,KRT
2025-10-20,KRT-027,2.54,KRT
2025-10-20,KRT-028,2.03,KRT
2025-10-20,KRT-029,2.29,KRT
2025-10-20,KRT-030,1.27,KRT
2025-10-20,KRT-031,2.29,KRT
2025-10-20,KRT-032,2.03,KRT
2025-10-20,KRT-033,1.27,KRT
2025-10-20,KRT-034,2.03,KRT
2025-10-20,KRT-035,2.03,KRT
2025-10-20,KRT-036,3.81,KRT
2025-10-20,KRT-037,3.05,KRT
2025-10-20,KRT-038,3.05,KRT
2025-10-20,KRT-039,4.32,KRT
2025-10-20,KRT-040,2.03,KRT
2025-10-20,KRT-041,2.43,KRT
2025-10-20,KRT-042,1.02,KRT
2025-10-20,KRT-043,2.29,KRT
2025-10-20,KRT-044,3.56,KRT
2025-10-20,KRT-045,2.89,KRT
2025-10-20,KRT-046,3.05,KRT
2025-10-20,KRT-047,2.29,KRT
2025-10-20,KRT-048,2.37,KRT
2025-10-20,KRT-049,2.54,KRT
2025-10-20,KRT-050,1.52,KRT
2025-10-20,KRT-051,1.27,KRT
2025-10-20,KRT-052,2.54,KRT
2025-10-20,KRT-053,3.08,KRT
2025-10-20,KRT-054,3.0,KRT
2025-10-20,KRT-055,2.29,KRT
2025-10-20,KRT-056,5.08,KRT
2025-10-20,KRT-057,1.71,KRT
2025-10-20,KRT-058,1.25,KRT
2025-10-20,KRT-059,1.52,KRT
2025-10-20,KRT-060,1.52,KRT
2025-10-20,KRT-061,1.78,KRT
2025-10-20,KRT-062,1.97,KRT
2025-10-20,KRT-063,1.8,KRT
2025-10-20,KRT-064,1.5,KRT
2025-10-20,KRT-065,1.5,KRT
2025-10-20,KRT-066,1.75,KRT
2025-10-20,KRT-067,1.58,KRT
2025-10-20,KRT-068,1.87,KRT
2025-10-20,KRT-069,1.89,KRT
2025-10-20,KRT-070,2.17,KRT
2025-10-20,KRT-071,2.1,KRT
2025-10-20,KRT-072,2.28,KRT
2025-10-20,KRT-073,2.29,KRT
2025-10-20,KRT-074,3.56,KRT
2025-10-20,RDM-101,2.0,RDM
2025-10-20,RDM-102,2.5,RDM
2025-10-20,RDM-103,2.03,RDM
2025-10-20,RDM-104,2.29,RDM
2025-10-20,RDM-105,2.03,RDM
2025-10-20,RDM-106,2.03,RDM
2025-10-20,RDM-107,2.17,RDM
2025-10-20,RDM-108,2.29,RDM
2025-10-20,RDM-109,2.03,RDM
2025-10-20,RDM-110,2.2,RDM
2025-10-20,RDM-112,2.29,RDM
2025-10-20,RDM-113,3.23,RDM
2025-10-20,RDM-114,2.5,RDM
2025-10-20,RDM-115,2.79,RDM
2025-10-20,RDM-116,2.29,RDM
2025-10-20,RDM-117,2.55,RDM
2025-10-20,RDM-118,2.03,RDM
2025-10-20,RDM-119,3.3,RDM
2025-10-20,RDM-120,3.56,RDM
2025-10-20,RDM-121,4.83,RDM
2025-10-20,RDM-122,5.26,RDM
2025-10-20,RDM-123,4.57,RDM
2025-10-20,RDM-124,6.53,RDM
2025-10-20,RDM-125,4.2,RDM
2025-10-20,RDM-126,5.08,RDM
2025-10-20,RDM-127,5.08,RDM
2025-10-20,RDM-128,4.32,RDM
2025-10-20,RDM-129,4.06,RDM
2025-10-20,RDM-130,3.05,RDM
2025-10-20,RDM-131,2.79,RDM
2025-10-20,RDM-132,2.42,RDM
2025-10-20,RDM-133,5.84,RDM
2025-10-21,KRT-001,0.51,KRT
2025-10-21,KRT-002,0.76,KRT
2025-10-21,KRT-003,0.51,KRT
2025-10-21,KRT-004,0.25,KRT
2025-10-21,KRT-005,1.5,KRT
2025-10-21,KRT-006,1.25,KRT
2025-10-21,KRT-007,0.25,KRT
2025-10-21,KRT-008,0.51,KRT
2025-10-21,KRT-009,1.02,KRT
2025-10-21,KRT-010,0.51,KRT
2025-10-21,KRT-011,0.76,KRT
2025-10-21,KRT-012,0.25,KRT
2025-10-21,KRT-013,1.02,KRT
2025-10-21,KRT-014,0.25,KRT
2025-10-21,KRT-015,1.02,KRT
2025-10-21,KRT-016,1.25,KRT
2025-10-21,KRT-017,1.02,KRT
2025-10-21,KRT-018,1.25,KRT
2025-10-21,KRT-019,0.85,KRT
2025-10-21,KRT-020,0.76,KRT
2025-10-21,KRT-021,1.27,KRT
2025-10-21,KRT-022,0.76,KRT
2025-10-21,KRT-023,0.25,KRT
2025-10-21,KRT-024,2.29,KRT
2025-10-21,KRT-025,2.54,KRT
2025-10-21,KRT-026,0.76,KRT
2025-10-21,KRT-027,0.65,KRT
2025-10-21,KRT-028,1.02,KRT
2025-10-21,KRT-029,0.51,KRT
2025-10-21,KRT-030,0.25,KRT
2025-10-21,KRT-031,0.51,KRT
2025-10-21,KRT-032,0.51,KRT
2025-10-21,KRT-033,0.0,KRT
2025-10-21,KRT-034,1.02,KRT
2025-10-21,KRT-035,1.52,KRT
2025-10-21,KRT-036,1.02,KRT
2025-10-21,KRT-037,0.76,KRT
2025-10-21,KRT-038,0.51,KRT
2025-10-21,KRT-039,1.02,KRT
2025-10-21,KRT-040,0.76,KRT
2025-10-21,KRT-041,0.25,KRT
2025-10-21,KRT-042,0.51,KRT
2025-10-21,KRT-043,0.51,KRT
2025-10-21,KRT-044,0.76,KRT
2025-10-21,KRT-045,0.75,KRT
2025-10-21,KRT-046,0.51,KRT
2025-10-21,KRT-047,0.25,KRT
2025-10-21,KRT-048,0.0,KRT
2025-10-21,KRT-049,0.0,KRT
2025-10-21,KRT-050,0.51,KRT
2025-10-21,KRT-051,3.3,KRT
2025-10-21,KRT-052,0.76,KRT
2025-10-21,KRT-053,0.0,KRT
2025-10-21,KRT-054,0.25,KRT
2025-10-21,KRT-055,3.81,KRT
2025-10-21,KRT-056,1.02,KRT
2025-10-21,KRT-057,1.13,KRT
2025-10-21,KRT-058,1.25,KRT
2025-10-21,KRT-059,0.76,KRT
2025-10-21,KRT-060,1.78,KRT
2025-10-21,KRT-061,1.02,KRT
2025-10-21,KRT-062,1.31,KRT
2025-10-21,KRT-063,0.6,KRT
2025-10-21,KRT-064,0.6,KRT
2025-10-21,KRT-065,0.3,KRT
2025-10-21,KRT-066,0.25,KRT
2025-10-21,KRT-067,0.25,KRT
2025-10-21,KRT-068,1.46,KRT
2025-10-21,KRT-069,0.75,KRT
2025-10-21,KRT-070,0.59,KRT
2025-10-21,KRT-071,0.25,KRT
2025-10-21,KRT-072,0.19,KRT
2025-10-21,KRT-073,0.76,KRT
2025-10-21,KRT-074,0.76,KRT
2025-10-21,RDM-101,0.25,RDM
2025-10-21,RDM-102,0.0,RDM
2025-10-21,RDM-103,0.0,RDM
2025-10-21,RDM-104,0.25,RDM
2025-10-21,RDM-105,0.0,RDM
2025-10-21,RDM-106,0.0,RDM
2025-10-21,RDM-107,0.0,RDM
2025-10-21,RDM-108,0.76,RDM
2025-10-21,RDM-109,0.0,RDM
2025-10-21,RDM-110,0.0,RDM
2025-10-21,RDM-112,0.25,RDM
2025-10-21,RDM-113,0.0,RDM
2025-10-21,RDM-114,0.0,RDM
2025-10-21,RDM-115,4.57,RDM
2025-10-21,RDM-116,0.0,RDM
2025-10-21,RDM-117,0.0,RDM
2025-10-21,RDM-118,0.25,RDM
2025-10-21,RDM-119,0.25,RDM
2025-10-21,RDM-120,0.0,RDM
2025-10-21,RDM-121,0.0,RDM
2025-10-21,RDM-122,0.0,RDM
2025-10-21,RDM-123,0.0,RDM
2025-10-21,RDM-124,0.0,RDM
2025-10-21,RDM-125,0.0,RDM
2025-10-21,RDM-126,0.0,RDM
2025-10-21,RDM-127,0.0,RDM
2025-10-21,RDM-128,0.0,RDM
2025-10-21,RDM-129,0.0,RDM
2025-10-21,RDM-130,0.0,RDM
2025-10-21,RDM-131,0.25,RDM
2025-10-21,RDM-132,0.0,RDM
2025-10-21,RDM-133,0.25,RDM
2025-10-22,KRT-001,0.0,KRT
2025-10-22,KRT-002,0.0,KRT
2025-10-22,KRT-003,0.0,KRT
2025-10-22,KRT-004,0.0,KRT
2025-10-22,KRT-005,0.0,KRT
2025-10-22,KRT-006,0.0,KRT
2025-10-22,KRT-007,0.0,KRT
2025-10-22,KRT-008,0.0,KRT
2025-10-22,KRT-009,0.0,KRT
2025-10-22,KRT-010,0.0,KRT
2025-10-22,KRT-011,0.0,KRT
2025-10-22,KRT-012,0.0,KRT
2025-10-22,KRT-013,0.0,KRT
2025-10-22,KRT-014,0.51,KRT
2025-10-22,KRT-015,0.0,KRT
2025-10-22,KRT-016,0.0,KRT
2025-10-22,KRT-017,0.0,KRT
2025-10-22,KRT-018,0.0,KRT
2025-10-22,KRT-019,0.0,KRT
2025-10-22,KRT-020,0.0,KRT
2025-10-22,KRT-021,0.0,KRT
2025-10-22,KRT-022,0.0,KRT
2025-10-22,KRT-023,0.0,KRT
2025-10-22,KRT-024,0.0,KRT
2025-10-22,KRT-025,0.0,KRT
2025-10-22,KRT-026,0.0,KRT
2025-10-22,KRT-027,0.0,KRT
2025-10-22,KRT-028,0.0,KRT
2025-10-22,KRT-029,0.0,KRT
2025-10-22,KRT-030,0.0,KRT
2025-10-22,KRT-031,0.0,KRT
2025-10-22,KRT-032,0.0,KRT
2025-10-22,KRT-033,0.0,KRT
2025-10-22,KRT-034,0.0,KRT
2025-10-22,KRT-035,0.0,KRT
2025-10-22,KRT-036,0.0,KRT
2025-10-22,KRT-037,0.0,KRT
2025-10-22,KRT-038,0.0,KRT
2025-10-22,KRT-039,0.0,KRT
2025-10-22,KRT-040,0.0,KRT
2025-10-22,KRT-041,0.0,KRT
2025-10-22,KRT-042,0.0,KRT
2025-10-22,KRT-043,0.0,KRT
2025-10-22,KRT-044,0.0,KRT
2025-10-22,KRT-045,0.0,KRT
2025-10-22,KRT-046,0.0,KRT
2025-10-22,KRT-047,0.0,KRT
2025-10-22,KRT-048,0.0,KRT
2025-10-22,KRT-049,0.0,KRT
2025-10-22,KRT-050,0.0,KRT
2025-10-22,KRT-051,0.0,KRT
2025-10-22,KRT-052,0.0,KRT
2025-10-22,KRT-053,0.0,KRT
2025-10-22,KRT-054,0.0,KRT
2025-10-22,KRT-055,0.0,KRT
2025-10-22,KRT-056,0.0,KRT
2025-10-22,KRT-057,0.0,KRT
2025-10-22,KRT-058,0.0,KRT
2025-10-22,KRT-059,0.0,KRT
2025-10-22,KRT-060,0.0,KRT
2025-10-22,KRT-061,0.0,KRT
2025-10-22,KRT-062,0.0,KRT
2025-10-22,KRT-063,0.0,KRT
2025-10-22,KRT-064,0.0,KRT
2025-10-22,KRT-065,0.0,KRT
2025-10-22,KRT-066,0.0,KRT
2025-10-22,KRT-067,0.0,KRT
2025-10-22,KRT-068,0.0,KRT
2025-10-22,KRT-069,0.0,KRT
2025-10-22,KRT-070,0.0,KRT
2025-10-22,KRT-071,0.0,KRT
2025-10-22,KRT-072,0.0,KRT
2025-10-22,KRT-073,0.0,KRT
2025-10-22,KRT-074,0.0,KRT
2025-10-22,RDM-101,0.0,RDM
2025-10-22,RDM-102,0.0,RDM
2025-10-22,RDM-103,0.0,RDM
2025-10-22,RDM-104,0.0,RDM
2025-10-22,RDM-105,0.0,RDM
2025-10-22,RDM-106,0.0,RDM
2025-10-22,RDM-107,0.0,RDM
2025-10-22,RDM-108,0.0,RDM
2025-10-22,RDM-109,0.0,RDM
2025-10-22,RDM-110,0.0,RDM
2025-10-22,RDM-112,0.0,RDM
2025-10-22,RDM-113,0.0,RDM
2025-10-22,RDM-114,0.0,RDM
2025-10-22,RDM-115,0.51,RDM
2025-10-22,RDM-116,0.0,RDM
2025-10-22,RDM-117,0.0,RDM
2025-10-22,RDM-118,0.0,RDM
2025-10-22,RDM-119,0.0,RDM
2025-10-22,RDM-120,0.0,RDM
2025-10-22,RDM-121,0.0,RDM
2025-10-22,RDM-122,0.0,RDM
2025-10-22,RDM-123,0.0,RDM
2025-10-22,RDM-124,0.0,RDM
2025-10-22,RDM-125,0.0,RDM
2025-10-22,RDM-126,0.0,RDM
2025-10-22,RDM-127,0.0,RDM
2025-10-22,RDM-128,0.0,RDM
2025-10-22,RDM-129,0.0,RDM
2025-10-22,RDM-130,0.0,RDM
2025-10-22,RDM-131,0.0,RDM
2025-10-22,RDM-132,0.0,RDM
2025-10-22,RDM-133,0.0,RDM
2025-10-23,KRT-001,0.0,KRT
2025-10-23,KRT-002,0.0,KRT
2025-10-23,KRT-003,0.0,KRT
2025-10-23,KRT-004,0.0,KRT
2025-10-23,KRT-005,0.0,KRT
2025-10-23,KRT-006,0.0,KRT
2025-10-23,KRT-007,0.0,KRT
2025-10-23,KRT-008,0.0,KRT
2025-10-23,KRT-009,0.0,KRT
2025-10-23,KRT-010,0.0,KRT
2025-10-23,KRT-011,0.0,KRT
2025-10-23,KRT-012,0.0,KRT
2025-10-23,KRT-013,0.0,KRT
2025-10-23,KRT-014,0.0,KRT
2025-10-23,KRT-015,0.0,KRT
2025-10-23,KRT-016,0.0,KRT
2025-10-23,KRT-017,0.0,KRT
2025-10-23,KRT-018,0.0,KRT
2025-10-23,KRT-019,0.0,KRT
2025-10-23,KRT-020,0.0,KRT
2025-10-23,KRT-021,0.0,KRT
2025-10-23,KRT-022,0.0,KRT
2025-10-23,KRT-023,0.0,KRT
2025-10-23,KRT-024,0.0,KRT
2025-10-23,KRT-025,0.0,KRT
2025-10-23,KRT-026,0.0,KRT
2025-10-23,KRT-027,0.0,KRT
2025-10-23,KRT-028,0.0,KRT
2025-10-23,KRT-029,0.0,KRT
2025-10-23,KRT-030,0.0,KRT
2025-10-23,KRT-031,0.0,KRT
2025-10-23,KRT-032,0.0,KRT
2025-10-23,KRT-033,0.0,KRT
2025-10-23,KRT-034,0.0,KRT
2025-10-23,KRT-035,0.0,KRT
2025-10-23,KRT-036,0.0,KRT
2025-10-23,KRT-037,0.0,KRT
2025-10-23,KRT-038,0.0,KRT
2025-10-23,KRT-039,0.0,KRT
2025-10-23,KRT-040,0.0,KRT
2025-10-23,KRT-041,0.0,KRT
2025-10-23,KRT-042,0.0,KRT
2025-10-23,KRT-043,0.0,KRT
2025-10-23,KRT-044,0.0,KRT
2025-10-23,KRT-045,0.0,KRT
2025-10-23,KRT-046,0.0,KRT
2025-10-23,KRT-047,0.0,KRT
2025-10-23,KRT-048,0.0,KRT
2025-10-23,KRT-049,0.0,KRT
2025-10-23,KRT-050,0.0,KRT
2025-10-23,KRT-051,0.0,KRT
2025-10-23,KRT-052,0.0,KRT
2025-10-23,KRT-053,0.0,KRT
2025-10-23,KRT-054,0.0,KRT
2025-10-23,KRT-055,0.0,KRT
2025-10-23,KRT-056,0.0,KRT
2025-10-23,KRT-057,0.0,KRT
2025-10-23,KRT-058,0.0,KRT
2025-10-23,KRT-059,0.0,KRT
2025-10-23,KRT-060,0.0,KRT
2025-10-23,KRT-061,0.0,KRT
2025-10-23,KRT-062,0.0,KRT
2025-10-23,KRT-063,0.0,KRT
2025-10-23,KRT-064,0.0,KRT
2025-10-23,KRT-065,0.0,KRT
2025-10-23,KRT-066,0.0,KRT
2025-10-23,KRT-067,0.0,KRT
2025-10-23,KRT-068,0.0,KRT
2025-10-23,KRT-069,0.0,KRT
2025-10-23,KRT-070,0.0,KRT
2025-10-23,KRT-071,0.0,KRT
2025-10-23,KRT-072,0.0,KRT
2025-10-23,KRT-073,0.0,KRT
2025-10-23,KRT-074,0.0,KRT
2025-10-23,RDM-101,0.0,RDM
2025-10-23,RDM-102,0.0,RDM
2025-10-23,RDM-103,0.0,RDM
2025-10-23,RDM-104,0.0,RDM
2025-10-23,RDM-105,0.0,RDM
2025-10-23,RDM-106,0.0,RDM
2025-10-23,RDM-107,0.0,RDM
2025-10-23,RDM-108,0.0,RDM
2025-10-23,RDM-109,0.0,RDM
2025-10-23,RDM-110,0.0,RDM
2025-10-23,RDM-112,0.0,RDM
2025-10-23,RDM-113,0.0,RDM
2025-10-23,RDM-114,0.0,RDM
2025-10-23,RDM-115,0.0,RDM
2025-10-23,RDM-116,0.0,RDM
2025-10-23,RDM-117,0.0,RDM
2025-10-23,RDM-118,0.0,RDM
2025-10-23,RDM-119,0.0,RDM
2025-10-23,RDM-120,0.0,RDM
2025-10-23,RDM-121,0.0,RDM
2025-10-23,RDM-122,0.0,RDM
2025-10-23,RDM-123,0.0,RDM
2025-10-23,RDM-124,0.0,RDM
2025-10-23,RDM-125,0.0,RDM
2025-10-23,RDM-126,0.0,RDM
2025-10-23,RDM-127,0.0,RDM
2025-10-23,RDM-128,0.0,RDM
2025-10-23,RDM-129,0.0,RDM
2025-10-23,RDM-130,0.0,RDM
2025-10-23,RDM-131,0.0,RDM
2025-10-23,RDM-132,0.0,RDM
2025-10-23,RDM-133,0.0,RDM
2025-10-24,KRT-001,0.0,KRT
2025-10-24,KRT-002,0.0,KRT
2025-10-24,KRT-003,0.0,KRT
2025-10-24,KRT-004,0.0,KRT
2025-10-24,KRT-005,0.0,KRT
2025-10-24,KRT-006,0.0,KRT
2025-10-24,KRT-007,0.0,KRT
2025-10-24,KRT-008,0.0,KRT
2025-10-24,KRT-009,0.0,KRT
2025-10-24,KRT-010,0.0,KRT
2025-10-24,KRT-011,0.0,KRT
2025-10-24,KRT-012,0.0,KRT
2025-10-24,KRT-013,0.0,KRT
2025-10-24,KRT-014,0.0,KRT
2025-10-24,KRT-015,0.0,KRT
2025-10-24,KRT-016,0.0,KRT
2025-10-24,KRT-017,0.0,KRT
2025-10-24,KRT-018,0.0,KRT
2025-10-24,KRT-019,0.0,KRT
2025-10-24,KRT-020,0.0,KRT
2025-10-24,KRT-021,0.0,KRT
2025-10-24,KRT-022,0.0,KRT
2025-10-24,KRT-023,0.0,KRT
2025-10-24,KRT-024,0.0,KRT
2025-10-24,KRT-025,0.0,KRT
2025-10-24,KRT-026,0.0,KRT
2025-10-24,KRT-027,0.0,KRT
2025-10-24,KRT-028,0.0,KRT
2025-10-24,KRT-029,0.0,KRT
2025-10-24,KRT-030,0.0,KRT
2025-10-24,KRT-031,0.0,KRT
2025-10-24,KRT-032,0.0,KRT
2025-10-24,KRT-033,0.0,KRT
2025-10-24,KRT-034,0.0,KRT
2025-10-24,KRT-035,0.0,KRT
2025-10-24,KRT-036,0.0,KRT
2025-10-24,KRT-037,0.0,KRT
2025-10-24,KRT-038,0.0,KRT
2025-10-24,KRT-039,0.0,KRT
2025-10-24,KRT-040,0.0,KRT
2025-10-24,KRT-041,0.0,KRT
2025-10-24,KRT-042,0.0,KRT
2025-10-24,KRT-043,0.0,KRT
2025-10-24,KRT-044,0.0,KRT
2025-10-24,KRT-045,0.0,KRT
2025-10-24,KRT-046,0.0,KRT
2025-10-24,KRT-047,0.0,KRT
2025-10-24,KRT-048,0.0,KRT
2025-10-24,KRT-049,0.0,KRT
2025-10-24,KRT-050,0.0,KRT
2025-10-24,KRT-051,0.0,KRT
2025-10-24,KRT-052,0.0,KRT
2025-10-24,KRT-053,0.0,KRT
2025-10-24,KRT-054,0.0,KRT
2025-10-24,KRT-055,0.0,KRT
2025-10-24,KRT-056,0.0,KRT
2025-10-24,KRT-057,0.0,KRT
2025-10-24,KRT-058,0.0,KRT
2025-10-24,KRT-059,0.0,KRT
2025-10-24,KRT-060,0.0,KRT
2025-10-24,KRT-061,0.0,KRT
2025-10-24,KRT-062,0.0,KRT
2025-10-24,KRT-063,0.0,KRT
2025-10-24,KRT-064,0.0,KRT
2025-10-24,KRT-065,0.0,KRT
2025-10-24,KRT-066,0.0,KRT
2025-10-24,KRT-067,0.0,KRT
2025-10-24,KRT-068,0.0,KRT
2025-10-24,KRT-069,0.0,KRT
2025-10-24,KRT-070,0.0,KRT
2025-10-24,KRT-071,0.0,KRT
2025-10-24,KRT-072,0.0,KRT
2025-10-24,KRT-073,0.0,KRT
2025-10-24,KRT-074,0.0,KRT
2025-10-24,RDM-101,0.0,RDM
2025-10-24,RDM-102,0.0,RDM
2025-10-24,RDM-103,0.0,RDM
2025-10-24,RDM-104,0.0,RDM
2025-10-24,RDM-105,0.0,RDM
2025-10-24,RDM-106,0.0,RDM
2025-10-24,RDM-107,0.0,RDM
2025-10-24,RDM-108,0.0,RDM
2025-10-24,RDM-109,0.0,RDM
2025-10-24,RDM-110,0.0,RDM
2025-10-24,RDM-112,0.0,RDM
2025-10-24,RDM-113,0.0,RDM
2025-10-24,RDM-114,0.0,RDM
2025-10-24,RDM-115,0.0,RDM
2025-10-24,RDM-116,0.0,RDM
2025-10-24,RDM-117,0.0,RDM
2025-10-24,RDM-118,0.0,RDM
2025-10-24,RDM-119,0.0,RDM
2025-10-24,RDM-120,0.0,RDM
2025-10-24,RDM-121,0.0,RDM
2025-10-24,RDM-122,0.0,RDM
2025-10-24,RDM-123,0.0,RDM
2025-10-24,RDM-124,0.0,RDM
2025-10-24,RDM-125,0.0,RDM
2025-10-24,RDM-126,0.0,RDM
2025-10-24,RDM-127,0.0,RDM
2025-10-24,RDM-128,0.0,RDM
2025-10-24,RDM-129,0.0,RDM
2025-10-24,RDM-130,0.0,RDM
2025-10-24,RDM-131,0.0,RDM
2025-10-24,RDM-132,0.0,RDM
2025-10-24,RDM-133,0.0,RDM
2025-10-25,KRT-001,0.0,KRT
2025-10-25,KRT-002,0.0,KRT
2025-10-25,KRT-003,0.0,KRT
2025-10-25,KRT-004,0.0,KRT
2025-10-25,KRT-005,0.0,KRT
2025-10-25,KRT-006,0.0,KRT
2025-10-25,KRT-007,0.0,KRT
2025-10-25,KRT-008,0.0,KRT
2025-10-25,KRT-009,0.0,KRT
2025-10-25,KRT-010,0.0,KRT
2025-10-25,KRT-011,0.0,KRT
2025-10-25,KRT-012,0.0,KRT
2025-10-25,KRT-013,0.0,KRT
2025-10-25,KRT-014,0.0,KRT
2025-10-25,KRT-015,0.0,KRT
2025-10-25,KRT-016,0.0,KRT
2025-10-25,KRT-017,0.0,KRT
2025-10-25,KRT-018,0.0,KRT
2025-10-25,KRT-019,0.0,KRT
2025-10-25,KRT-020,0.0,KRT
2025-10-25,KRT-021,0.0,KRT
2025-10-25,KRT-022,0.0,KRT
2025-10-25,KRT-023,0.0,KRT
2025-10-25,KRT-024,0.0,KRT
2025-10-25,KRT-025,0.0,KRT
2025-10-25,KRT-026,0.0,KRT
2025-10-25,KRT-027,0.0,KRT
2025-10-25,KRT-028,0.0,KRT
2025-10-25,KRT-029,0.0,KRT
2025-10-25,KRT-030,0.0,KRT
2025-10-25,KRT-031,0.0,KRT
2025-10-25,KRT-032,0.0,KRT
2025-10-25,KRT-033,0.0,KRT
2025-10-25,KRT-034,0.0,KRT
2025-10-25,KRT-035,0.0,KRT
2025-10-25,KRT-036,0.0,KRT
2025-10-25,KRT-037,0.0,KRT
2025-10-25,KRT-038,0.0,KRT
2025-10-25,KRT-039,0.0,KRT
2025-10-25,KRT-040,0.0,KRT
2025-10-25,KRT-041,0.0,KRT
2025-10-25,KRT-042,0.0,KRT
2025-10-25,KRT-043,0.0,KRT
2025-10-25,KRT-044,0.0,KRT
2025-10-25,KRT-045,0.0,KRT
2025-10-25,KRT-046,0.0,KRT
2025-10-25,KRT-047,0.0,KRT
2025-10-25,KRT-048,0.0,KRT
2025-10-25,KRT-049,0.0,KRT
2025-10-25,KRT-050,0.0,KRT
2025-10-25,KRT-051,0.0,KRT
2025-10-25,KRT-052,0.0,KRT
2025-10-25,KRT-053,0.0,KRT
2025-10-25,KRT-054,0.0,KRT
2025-10-25,KRT-055,0.0,KRT
2025-10-25,KRT-056,0.0,KRT
2025-10-25,KRT-057,0.0,KRT
2025-10-25,KRT-058,0.0,KRT
2025-10-25,KRT-059,0.0,KRT
2025-10-25,KRT-060,0.0,KRT
2025-10-25,KRT-061,0.0,KRT
2025-10-25,KRT-062,0.0,KRT
2025-10-25,KRT-063,0.0,KRT
2025-10-25,KRT-064,0.0,KRT
2025-10-25,KRT-065,0.0,KRT
2025-10-25,KRT-066,0.0,KRT
2025-10-25,KRT-067,0.0,KRT
2025-10-25,KRT-068,0.0,KRT
2025-10-25,KRT-069,0.0,KRT
2025-10-25,KRT-070,0.0,KRT
2025-10-25,KRT-071,0.0,KRT
2025-10-25,KRT-072,0.0,KRT
2025-10-25,KRT-073,0.0,KRT
2025-10-25,KRT-074,0.0,KRT
2025-10-25,RDM-101,0.0,RDM
2025-10-25,RDM-102,0.0,RDM
2025-10-25,RDM-103,0.0,RDM
2025-10-25,RDM-104,0.0,RDM
2025-10-25,RDM-105,0.0,RDM
2025-10-25,RDM-106,0.0,RDM
2025-10-25,RDM-107,0.0,RDM
2025-10-25,RDM-108,0.0,RDM
2025-10-25,RDM-109,0.0,RDM
2025-10-25,RDM-110,0.0,RDM
2025-10-25,RDM-112,0.0,RDM
2025-10-25,RDM-113,0.0,RDM
2025-10-25,RDM-114,0.0,RDM
2025-10-25,RDM-115,0.0,RDM
2025-10-25,RDM-116,0.0,RDM
2025-10-25,RDM-117,0.0,RDM
2025-10-25,RDM-118,0.0,RDM
2025-10-25,RDM-119,0.0,RDM
2025-10-25,RDM-120,0.0,RDM
2025-10-25,RDM-121,0.0,RDM
2025-10-25,RDM-122,0.0,RDM
2025-10-25,RDM-123,0.0,RDM
2025-10-25,RDM-124,0.0,RDM
2025-10-25,RDM-125,0.0,RDM
2025-10-25,RDM-126,0.0,RDM
2025-10-25,RDM-127,0.0,RDM
2025-10-25,RDM-128,0.0,RDM
2025-10-25,RDM-129,0.0,RDM
2025-10-25,RDM-130,0.0,RDM
2025-10-25,RDM-131,0.0,RDM
2025-10-25,RDM-132,0.0,RDM
2025-10-25,RDM-133,0.0,RDM
2025-10-26,KRT-001,0.0,KRT
2025-10-26,KRT-002,0.0,KRT
2025-10-26,KRT-003,0.0,KRT
2025-10-26,KRT-004,0.0,KRT
2025-10-26,KRT-005,0.0,KRT
2025-10-26,KRT-006,0.0,KRT
2025-10-26,KRT-007,0.0,KRT
2025-10-26,KRT-008,0.0,KRT
2025-10-26,KRT-009,0.0,KRT
2025-10-26,KRT-010,0.0,KRT
2025-10-26,KRT-011,0.0,KRT
2025-10-26,KRT-012,0.0,KRT
2025-10-26,KRT-013,0.0,KRT
2025-10-26,KRT-014,0.0,KRT
2025-10-26,KRT-015,0.0,KRT
2025-10-26,KRT-016,0.0,KRT
2025-10-26,KRT-017,0.0,KRT
2025-10-26,KRT-018,0.0,KRT
2025-10-26,KRT-019,0.0,KRT
2025-10-26,KRT-020,0.0,KRT
2025-10-26,KRT-021,0.0,KRT
2025-10-26,KRT-022,0.0,KRT
2025-10-26,KRT-023,0.0,KRT
2025-10-26,KRT-024,0.0,KRT
2025-10-26,KRT-025,0.0,KRT
2025-10-26,KRT-026,0.0,KRT
2025-10-26,KRT-027,0.0,KRT
2025-10-26,KRT-028,0.0,KRT
2025-10-26,KRT-029,0.0,KRT
2025-10-26,KRT-030,0.0,KRT
2025-10-26,KRT-031,0.0,KRT
2025-10-26,KRT-032,0.0,KRT
2025-10-26,KRT-033,0.0,KRT
2025-10-26,KRT-034,0.0,KRT
2025-10-26,KRT-035,0.0,KRT
2025-10-26,KRT-036,0.0,KRT
2025-10-26,KRT-037,0.0,KRT
2025-10-26,KRT-038,0.0,KRT
2025-10-26,KRT-039,0.0,KRT
2025-10-26,KRT-040,0.0,KRT
2025-10-26,KRT-041,0.0,KRT
2025-10-26,KRT-042,0.0,KRT
2025-10-26,KRT-043,0.0,KRT
2025-10-26,KRT-044,0.0,KRT
2025-10-26,KRT-045,0.0,KRT
2025-10-26,KRT-046,0.0,KRT
2025-10-26,KRT-047,0.0,KRT
2025-10-26,KRT-048,0.0,KRT
2025-10-26,KRT-049,0.0,KRT
2025-10-26,KRT-050,0.0,KRT
2025-10-26,KRT-051,0.0,KRT
2025-10-26,KRT-052,0.0,KRT
2025-10-26,KRT-053,0.0,KRT
2025-10-26,KRT-054,0.0,KRT
2025-10-26,KRT-055,0.0,KRT
2025-10-26,KRT-056,0.0,KRT
2025-10-26,KRT-057,0.0,KRT
2025-10-26,KRT-058,0.0,KRT
2025-10-26,KRT-059,0.0,KRT
2025-10-26,KRT-060,0.0,KRT
2025-10-26,KRT-061,0.0,KRT
2025-10-26,KRT-062,0.0,KRT
2025-10-26,KRT-063,0.0,KRT
2025-10-26,KRT-064,0.0,KRT
2025-10-26,KRT-065,0.0,KRT
2025-10-26,KRT-066,0.0,KRT
2025-10-26,KRT-067,0.0,KRT
2025-10-26,KRT-068,0.0,KRT
2025-10-26,KRT-069,0.0,KRT
2025-10-26,KRT-070,0.0,KRT
2025-10-26,KRT-071,0.0,KRT
2025-10-26,KRT-072,0.0,KRT
2025-10-26,KRT-073,0.0,KRT
2025-10-26,KRT-074,0.0,KRT
2025-10-26,RDM-101,0.0,RDM
2025-10-26,RDM-102,0.0,RDM
2025-10-26,RDM-103,0.0,RDM
2025-10-26,RDM-104,0.0,RDM
2025-10-26,RDM-105,0.0,RDM
2025-10-26,RDM-106,0.0,RDM
2025-10-26,RDM-107,0.0,RDM
2025-10-26,RDM-108,0.0,RDM
2025-10-26,RDM-109,0.0,RDM
2025-10-26,RDM-110,0.0,RDM
2025-10-26,RDM-112,0.0,RDM
2025-10-26,RDM-113,0.0,RDM
2025-10-26,RDM-114,0.0,RDM
2025-10-26,RDM-115,0.0,RDM
2025-10-26,RDM-116,0.0,RDM
2025-10-26,RDM-117,0.0,RDM
2025-10-26,RDM-118,0.0,RDM
2025-10-26,RDM-119,0.0,RDM
2025-10-26,RDM-120,0.0,RDM
2025-10-26,RDM-121,0.0,RDM
2025-10-26,RDM-122,0.0,RDM
2025-10-26,RDM-123,0.0,RDM
2025-10-26,RDM-124,0.0,RDM
2025-10-26,RDM-125,0.0,RDM
2025-10-26,RDM-126,0.0,RDM
2025-10-26,RDM-127,0.0,RDM
2025-10-26,RDM-128,0.0,RDM
2025-10-26,RDM-129,0.0,RDM
2025-10-26,RDM-130,0.0,RDM
2025-10-26,RDM-131,0.0,RDM
2025-10-26,RDM-132,0.0,RDM
2025-10-26,RDM-133,0.0,RDM
2025-10-27,KRT-001,0.0,KRT
2025-10-27,KRT-002,0.0,KRT
2025-10-27,KRT-003,0.0,KRT
2025-10-27,KRT-004,0.0,KRT
2025-10-27,KRT-005,0.0,KRT
2025-10-27,KRT-006,0.0,KRT
2025-10-27,KRT-007,0.0,KRT
2025-10-27,KRT-008,0.0,KRT
2025-10-27,KRT-009,0.0,KRT
2025-10-27,KRT-010,0.0,KRT
2025-10-27,KRT-011,0.0,KRT
2025-10-27,KRT-012,0.0,KRT
2025-10-27,KRT-013,0.0,KRT
2025-10-27,KRT-014,0.0,KRT
2025-10-27,KRT-015,0.0,KRT
2025-10-27,KRT-016,0.0,KRT
2025-10-27,KRT-017,0.0,KRT
2025-10-27,KRT-018,0.0,KRT
2025-10-27,KRT-019,0.0,KRT
2025-10-27,KRT-020,0.0,KRT
2025-10-27,KRT-021,0.0,KRT
2025-10-27,KRT-022,0.0,KRT
2025-10-27,KRT-023,0.0,KRT
2025-10-27,KRT-024,0.0,KRT
2025-10-27,KRT-025,0.0,KRT
2025-10-27,KRT-026,0.0,KRT
2025-10-27,KRT-027,0.0,KRT
2025-10-27,KRT-028,0.0,KRT
2025-10-27,KRT-029,0.0,KRT
2025-10-27,KRT-030,0.0,KRT
2025-10-27,KRT-031,0.0,KRT
2025-10-27,KRT-032,0.0,KRT
2025-10-27,KRT-033,0.0,KRT
2025-10-27,KRT-034,0.0,KRT
2025-10-27,KRT-035,0.0,KRT
2025-10-27,KRT-036,0.0,KRT
2025-10-27,KRT-037,0.0,KRT
2025-10-27,KRT-038,0.0,KRT
2025-10-27,KRT-039,0.0,KRT
2025-10-27,KRT-040,0.0,KRT
2025-10-27,KRT-041,0.0,KRT
2025-10-27,KRT-042,0.0,KRT
2025-10-27,KRT-043,0.0,KRT
2025-10-27,KRT-044,0.0,KRT
2025-10-27,KRT-045,0.0,KRT
2025-10-27,KRT-046,0.0,KRT
2025-10-27,KRT-047,0.0,KRT
2025-10-27,KRT-048,0.0,KRT
2025-10-27,KRT-049,0.0,KRT
2025-10-27,KRT-050,0.0,KRT
2025-10-27,KRT-051,0.0,KRT
2025-10-27,KRT-052,0.0,KRT
2025-10-27,KRT-053,0.0,KRT
2025-10-27,KRT-054,0.0,KRT
2025-10-27,KRT-055,0.0,KRT
2025-10-27,KRT-056,0.0,KRT
2025-10-27,KRT-057,0.0,KRT
2025-10-27,KRT-058,0.0,KRT
2025-10-27,KRT-059,0.0,KRT
2025-10-27,KRT-060,0.0,KRT
2025-10-27,KRT-061,0.0,KRT
2025-10-27,KRT-062,0.0,KRT
2025-10-27,KRT-063,0.0,KRT
2025-10-27,KRT-064,0.0,KRT
2025-10-27,KRT-065,0.0,KRT
2025-10-27,KRT-066,0.0,KRT
2025-10-27,KRT-067,0.0,KRT
2025-10-27,KRT-068,0.0,KRT
2025-10-27,KRT-069,0.0,KRT
2025-10-27,KRT-070,0.0,KRT
2025-10-27,KRT-071,0.0,KRT
2025-10-27,KRT-072,0.0,KRT
2025-10-27,KRT-073,0.0,KRT
2025-10-27,KRT-074,0.0,KRT
2025-10-27,RDM-101,0.0,RDM
2025-10-27,RDM-102,0.0,RDM
2025-10-27,RDM-103,0.0,RDM
2025-10-27,RDM-104,0.0,RDM
2025-10-27,RDM-105,0.0,RDM
2025-10-27,RDM-106,0.0,RDM
2025-10-27,RDM-107,0.0,RDM
2025-10-27,RDM-108,0.0,RDM
2025-10-27,RDM-109,0.0,RDM
2025-10-27,RDM-110,0.0,RDM
2025-10-27,RDM-112,0.0,RDM
2025-10-27,RDM-113,0.0,RDM
2025-10-27,RDM-114,0.0,RDM
2025-10-27,RDM-115,0.0,RDM
2025-10-27,RDM-116,0.0,RDM
2025-10-27,RDM-117,0.0,RDM
2025-10-27,RDM-118,0.0,RDM
2025-10-27,RDM-119,0.0,RDM
2025-10-27,RDM-120,0.0,RDM
2025-10-27,RDM-121,0.0,RDM
2025-10-27,RDM-122,0.0,RDM
2025-10-27,RDM-123,0.0,RDM
2025-10-27,RDM-124,0.0,RDM
2025-10-27,RDM-125,0.0,RDM
2025-10-27,RDM-126,0.0,RDM
2025-10-27,RDM-127,0.0,RDM
2025-10-27,RDM-128,0.0,RDM
2025-10-27,RDM-129,0.0,RDM
2025-10-27,RDM-130,0.0,RDM
2025-10-27,RDM-131,0.0,RDM
2025-10-27,RDM-132,0.0,RDM
2025-10-27,RDM-133,0.0,RDM
2025-10-28,KRT-001,0.0,KRT
2025-10-28,KRT-002,0.0,KRT
2025-10-28,KRT-003,0.0,KRT
2025-10-28,KRT-004,0.0,KRT
2025-10-28,KRT-005,0.0,KRT
2025-10-28,KRT-006,0.0,KRT
2025-10-28,KRT-007,0.0,KRT
2025-10-28,KRT-008,0.0,KRT
2025-10-28,KRT-009,0.0,KRT
2025-10-28,KRT-010,0.0,KRT
2025-10-28,KRT-011,0.0,KRT
2025-10-28,KRT-012,0.0,KRT
2025-10-28,KRT-013,0.0,KRT
2025-10-28,KRT-014,0.0,KRT
2025-10-28,KRT-015,0.0,KRT
2025-10-28,KRT-016,0.0,KRT
2025-10-28,KRT-017,0.0,KRT
2025-10-28,KRT-018,0.0,KRT
2025-10-28,KRT-019,0.0,KRT
2025-10-28,KRT-020,0.0,KRT
2025-10-28,KRT-021,0.0,KRT
2025-10-28,KRT-022,0.0,KRT
2025-10-28,KRT-023,0.0,KRT
2025-10-28,KRT-024,0.0,KRT
2025-10-28,KRT-025,0.0,KRT
2025-10-28,KRT-026,0.0,KRT
2025-10-28,KRT-027,0.0,KRT
2025-10-28,KRT-028,0.0,KRT
2025-10-28,KRT-029,0.0,KRT
2025-10-28,KRT-030,0.0,KRT
2025-10-28,KRT-031,0.0,KRT
2025-10-28,KRT-032,0.0,KRT
2025-10-28,KRT-033,0.0,KRT
2025-10-28,KRT-034,0.0,KRT
2025-10-28,KRT-035,0.0,KRT
2025-10-28,KRT-036,0.0,KRT
2025-10-28,KRT-037,0.0,KRT
2025-10-28,KRT-038,0.0,KRT
2025-10-28,KRT-039,0.0,KRT
2025-10-28,KRT-040,0.0,KRT
2025-10-28,KRT-041,0.0,KRT
2025-10-28,KRT-042,0.0,KRT
2025-10-28,KRT-043,0.0,KRT
2025-10-28,KRT-044,0.0,KRT
2025-10-28,KRT-045,0.0,KRT
2025-10-28,KRT-046,0.0,KRT
2025-10-28,KRT-047,0.0,KRT
2025-10-28,KRT-048,0.0,KRT
2025-10-28,KRT-049,0.0,KRT
2025-10-28,KRT-050,0.0,KRT
2025-10-28,KRT-051,0.0,KRT
2025-10-28,KRT-052,0.0,KRT
2025-10-28,KRT-053,0.0,KRT
2025-10-28,KRT-054,0.0,KRT
2025-10-28,KRT-055,0.0,KRT
2025-10-28,KRT-056,0.0,KRT
2025-10-28,KRT-057,0.0,KRT
2025-10-28,KRT-058,0.0,KRT
2025-10-28,KRT-059,0.0,KRT
2025-10-28,KRT-060,0.0,KRT
2025-10-28,KRT-061,0.0,KRT
2025-10-28,KRT-062,0.0,KRT
2025-10-28,KRT-063,0.0,KRT
2025-10-28,KRT-064,0.0,KRT
2025-10-28,KRT-065,0.0,KRT
2025-10-28,KRT-066,0.0,KRT
2025-10-28,KRT-067,0.0,KRT
2025-10-28,KRT-068,0.0,KRT
2025-10-28,KRT-069,0.0,KRT
2025-10-28,KRT-070,0.0,KRT
2025-10-28,KRT-071,0.0,KRT
2025-10-28,KRT-072,0.0,KRT
2025-10-28,KRT-073,0.0,KRT
2025-10-28,KRT-074,0.0,KRT
2025-10-28,RDM-101,0.0,RDM
2025-10-28,RDM-102,0.0,RDM
2025-10-28,RDM-103,0.0,RDM
2025-10-28,RDM-104,0.0,RDM
2025-10-28,RDM-105,0.0,RDM
2025-10-28,RDM-106,0.0,RDM
2025-10-28,RDM-107,0.0,RDM
2025-10-28,RDM-108,0.0,RDM
2025-10-28,RDM-109,0.0,RDM
2025-10-28,RDM-110,0.0,RDM
2025-10-28,RDM-112,0.0,RDM
2025-10-28,RDM-113,0.0,RDM
2025-10-28,RDM-114,0.0,RDM
2025-10-28,RDM-115,0.0,RDM
2025-10-28,RDM-116,0.0,RDM
2025-10-28,RDM-117,0.0,RDM
2025-10-28,RDM-118,0.0,RDM
2025-10-28,RDM-119,0.0,RDM
2025-10-28,RDM-120,0.0,RDM
2025-10-28,RDM-121,0.0,RDM
2025-10-28,RDM-122,0.0,RDM
2025-10-28,RDM-123,0.0,RDM
2025-10-28,RDM-124,0.0,RDM
2025-10-28,RDM-125,0.0,RDM
2025-10-28,RDM-126,0.0,RDM
2025-10-28,RDM-127,0.0,RDM
2025-10-28,RDM-128,0.0,RDM
2025-10-28,RDM-129,0.0,RDM
2025-10-28,RDM-130,0.0,RDM
2025-10-28,RDM-131,0.0,RDM
2025-10-28,RDM-132,0.0,RDM
2025-10-28,RDM-133,0.0,RDM
2025-10-29,KRT-001,0.0,KRT
2025-10-29,KRT-002,0.0,KRT
2025-10-29,KRT-003,0.0,KRT
2025-10-29,KRT-004,0.0,KRT
2025-10-29,KRT-005,0.0,KRT
2025-10-29,KRT-006,0.0,KRT
2025-10-29,KRT-007,0.0,KRT
2025-10-29,KRT-008,0.0,KRT
2025-10-29,KRT-009,0.0,KRT
2025-10-29,KRT-010,0.0,KRT
2025-10-29,KRT-011,0.0,KRT
2025-10-29,KRT-012,0.0,KRT
2025-10-29,KRT-013,0.0,KRT
2025-10-29,KRT-014,0.0,KRT
2025-10-29,KRT-015,0.0,KRT
2025-10-29,KRT-016,0.0,KRT
2025-10-29,KRT-017,0.0,KRT
2025-10-29,KRT-018,0.0,KRT
2025-10-29,KRT-019,0.0,KRT
2025-10-29,KRT-020,0.0,KRT
2025-10-29,KRT-021,0.0,KRT
2025-10-29,KRT-022,0.0,KRT
2025-10-29,KRT-023,0.0,KRT
2025-10-29,KRT-024,0.0,KRT
2025-10-29,KRT-025,0.0,KRT
2025-10-29,KRT-026,0.0,KRT
2025-10-29,KRT-027,0.0,KRT
2025-10-29,KRT-028,0.0,KRT
2025-10-29,KRT-029,0.0,KRT
2025-10-29,KRT-030,0.0,KRT
2025-10-29,KRT-031,0.0,KRT
2025-10-29,KRT-032,0.0,KRT
2025-10-29,KRT-033,0.0,KRT
2025-10-29,KRT-034,0.0,KRT
2025-10-29,KRT-035,0.0,KRT
2025-10-29,KRT-036,0.0,KRT
2025-10-29,KRT-037,0.0,KRT
2025-10-29,KRT-038,0.0,KRT
2025-10-29,KRT-039,0.0,KRT
2025-10-29,KRT-040,0.0,KRT
2025-10-29,KRT-041,0.0,KRT
2025-10-29,KRT-042,0.0,KRT
2025-10-29,KRT-043,0.0,KRT
2025-10-29,KRT-044,0.0,KRT
2025-10-29,KRT-045,0.0,KRT
2025-10-29,KRT-046,0.0,KRT
2025-10-29,KRT-047,0.0,KRT
2025-10-29,KRT-048,0.0,KRT
2025-10-29,KRT-049,0.0,KRT
2025-10-29,KRT-050,0.0,KRT
2025-10-29,KRT-051,0.0,KRT
2025-10-29,KRT-052,0.0,KRT
2025-10-29,KRT-053,0.0,KRT
2025-10-29,KRT-054,0.0,KRT
2025-10-29,KRT-055,0.0,KRT
2025-10-29,KRT-056,0.0,KRT
2025-10-29,KRT-057,0.0,KRT
2025-10-29,KRT-058,0.0,KRT
2025-10-29,KRT-059,0.0,KRT
2025-10-29,KRT-060,0.0,KRT
2025-10-29,KRT-061,0.0,KRT
2025-10-29,KRT-062,0.0,KRT
2025-10-29,KRT-063,0.0,KRT
2025-10-29,KRT-064,0.0,KRT
2025-10-29,KRT-065,0.0,KRT
2025-10-29,KRT-066,0.0,KRT
2025-10-29,KRT-067,0.0,KRT
2025-10-29,KRT-068,0.0,KRT
2025-10-29,KRT-069,0.0,KRT
2025-10-29,KRT-070,0.0,KRT
2025-10-29,KRT-071,0.0,KRT
2025-10-29,KRT-072,0.0,KRT
2025-10-29,KRT-073,0.0,KRT
2025-10-29,KRT-074,0.0,KRT
2025-10-29,RDM-101,0.0,RDM
2025-10-29,RDM-102,0.0,RDM
2025-10-29,RDM-103,0.0,RDM
2025-10-29,RDM-104,0.0,RDM
2025-10-29,RDM-105,0.0,RDM
2025-10-29,RDM-106,0.0,RDM
2025-10-29,RDM-107,0.0,RDM
2025-10-29,RDM-108,0.0,RDM
2025-10-29,RDM-109,0.0,RDM
2025-10-29,RDM-110,0.0,RDM
2025-10-29,RDM-112,0.0,RDM
2025-10-29,RDM-113,0.0,RDM
2025-10-29,RDM-114,0.0,RDM
2025-10-29,RDM-115,0.0,RDM
2025-10-29,RDM-116,0.0,RDM
2025-10-29,RDM-117,0.0,RDM
2025-10-29,RDM-118,0.0,RDM
2025-10-29,RDM-119,0.0,RDM
2025-10-29,RDM-120,0.0,RDM
2025-10-29,RDM-121,0.0,RDM
2025-10-29,RDM-122,0.0,RDM
2025-10-29,RDM-123,0.0,RDM
2025-10-29,RDM-124,0.0,RDM
2025-10-29,RDM-125,0.0,RDM
2025-10-29,RDM-126,0.0,RDM
2025-10-29,RDM-127,0.0,RDM
2025-10-29,RDM-128,0.0,RDM
2025-10-29,RDM-129,0.0,RDM
2025-10-29,RDM-130,0.0,RDM
2025-10-29,RDM-131,0.0,RDM
2025-10-29,RDM-132,0.0,RDM
2025-10-29,RDM-133,0.0,RDM
2025-10-30,KRT-001,0.0,KRT
2025-10-30,KRT-002,0.0,KRT
2025-10-30,KRT-003,0.0,KRT
2025-10-30,KRT-004,0.0,KRT
2025-10-30,KRT-005,0.0,KRT
2025-10-30,KRT-006,0.0,KRT
2025-10-30,KRT-007,0.0,KRT
2025-10-30,KRT-008,0.0,KRT
2025-10-30,KRT-009,0.0,KRT
2025-10-30,KRT-010,0.0,KRT
2025-10-30,KRT-011,0.0,KRT
2025-10-30,KRT-012,0.0,KRT
2025-10-30,KRT-013,0.0,KRT
2025-10-30,KRT-014,0.0,KRT
2025-10-30,KRT-015,0.0,KRT
2025-10-30,KRT-016,0.0,KRT
2025-10-30,KRT-017,0.0,KRT
2025-10-30,KRT-018,0.0,KRT
2025-10-30,KRT-019,0.0,KRT
2025-10-30,KRT-020,0.0,KRT
2025-10-30,KRT-021,0.0,KRT
2025-10-30,KRT-022,0.0,KRT
2025-10-30,KRT-023,0.0,KRT
2025-10-30,KRT-024,0.0,KRT
2025-10-30,KRT-025,0.0,KRT
2025-10-30,KRT-026,0.0,KRT
2025-10-30,KRT-027,0.0,KRT
2025-10-30,KRT-028,0.0,KRT
2025-10-30,KRT-029,0.0,KRT
2025-10-30,KRT-030,0.0,KRT
2025-10-30,KRT-031,0.0,KRT
2025-10-30,KRT-032,0.0,KRT
2025-10-30,KRT-033,0.0,KRT
2025-10-30,KRT-034,0.0,KRT
2025-10-30,KRT-035,0.0,KRT
2025-10-30,KRT-036,0.0,KRT
2025-10-30,KRT-037,0.0,KRT
2025-10-30,KRT-038,0.0,KRT
2025-10-30,KRT-039,0.0,KRT
2025-10-30,KRT-040,0.0,KRT
2025-10-30,KRT-041,0.0,KRT
2025-10-30,KRT-042,0.0,KRT
2025-10-30,KRT-043,0.0,KRT
2025-10-30,KRT-044,0.0,KRT
2025-10-30,KRT-045,0.0,KRT
2025-10-30,KRT-046,0.0,KRT
2025-10-30,KRT-047,0.0,KRT
2025-10-30,KRT-048,0.0,KRT
2025-10-30,KRT-049,0.0,KRT
2025-10-30,KRT-050,0.0,KRT
2025-10-30,KRT-051,0.0,KRT
2025-10-30,KRT-052,0.0,KRT
2025-10-30,KRT-053,0.0,KRT
2025-10-30,KRT-054,0.0,KRT
2025-10-30,KRT-055,0.0,KRT
2025-10-30,KRT-056,0.0,KRT
2025-10-30,KRT-057,0.0,KRT
2025-10-30,KRT-058,0.0,KRT
2025-10-30,KRT-059,0.0,KRT
2025-10-30,KRT-060,0.0,KRT
2025-10-30,KRT-061,0.0,KRT
2025-10-30,KRT-062,0.0,KRT
2025-10-30,KRT-063,0.0,KRT
2025-10-30,KRT-064,0.0,KRT
2025-10-30,KRT-065,0.0,KRT
2025-10-30,KRT-066,0.0,KRT
2025-10-30,KRT-067,0.0,KRT
2025-10-30,KRT-068,0.0,KRT
2025-10-30,KRT-069,0.0,KRT
2025-10-30,KRT-070,0.0,KRT
2025-10-30,KRT-071,0.0,KRT
2025-10-30,KRT-072,0.0,KRT
2025-10-30,KRT-073,0.0,KRT
2025-10-30,KRT-074,0.0,KRT
2025-10-30,RDM-101,0.0,RDM
2025-10-30,RDM-102,0.0,RDM
2025-10-30,RDM-103,0.0,RDM
2025-10-30,RDM-104,0.0,RDM
2025-10-30,RDM-105,0.0,RDM
2025-10-30,RDM-106,0.0,RDM
2025-10-30,RDM-107,0.0,RDM
2025-10-30,RDM-108,0.0,RDM
2025-10-30,RDM-109,0.0,RDM
2025-10-30,RDM-110,0.0,RDM
2025-10-30,RDM-112,0.0,RDM
2025-10-30,RDM-113,0.0,RDM
2025-10-30,RDM-114,0.0,RDM
2025-10-30,RDM-115,0.0,RDM
2025-10-30,RDM-116,0.0,RDM
2025-10-30,RDM-117,0.0,RDM
2025-10-30,RDM-118,0.0,RDM
2025-10-30,RDM-119,0.0,RDM
2025-10-30,RDM-120,0.0,RDM
2025-10-30,RDM-121,0.0,RDM
2025-10-30,RDM-122,0.0,RDM
2025-10-30,RDM-123,0.0,RDM
2025-10-30,RDM-124,0.0,RDM
2025-10-30,RDM-125,0.0,RDM
2025-10-30,RDM-126,0.0,RDM
2025-10-30,RDM-127,0.0,RDM
2025-10-30,RDM-128,0.0,RDM
2025-10-30,RDM-129,0.0,RDM
2025-10-30,RDM-130,0.0,RDM
2025-10-30,RDM-131,0.0,RDM
2025-10-30,RDM-132,0.0,RDM
2025-10-30,RDM-133,0.0,RDM
2025-10-31,KRT-001,0.0,KRT
2025-10-31,KRT-002,0.0,KRT
2025-10-31,KRT-003,0.0,KRT
2025-10-31,KRT-004,0.0,KRT
2025-10-31,KRT-005,0.0,KRT
2025-10-31,KRT-006,0.0,KRT
2025-10-31,KRT-007,0.0,KRT
2025-10-31,KRT-008,0.0,KRT
2025-10-31,KRT-009,0.0,KRT
2025-10-31,KRT-010,0.0,KRT
2025-10-31,KRT-011,0.0,KRT
2025-10-31,KRT-012,0.0,KRT
2025-10-31,KRT-013,0.0,KRT
2025-10-31,KRT-014,0.0,KRT
2025-10-31,KRT-015,0.0,KRT
2025-10-31,KRT-016,0.0,KRT
2025-10-31,KRT-017,0.0,KRT
2025-10-31,KRT-018,0.0,KRT
2025-10-31,KRT-019,0.0,KRT
2025-10-31,KRT-020,0.0,KRT
2025-10-31,KRT-021,0.0,KRT
2025-10-31,KRT-022,0.0,KRT
2025-10-31,KRT-023,0.0,KRT
2025-10-31,KRT-024,0.0,KRT
2025-10-31,KRT-025,0.0,KRT
2025-10-31,KRT-026,0.0,KRT
2025-10-31,KRT-027,0.0,KRT
2025-10-31,KRT-028,0.0,KRT
2025-10-31,KRT-029,0.0,KRT
2025-10-31,KRT-030,0.0,KRT
2025-10-31,KRT-031,0.0,KRT
2025-10-31,KRT-032,0.0,KRT
2025-10-31,KRT-033,0.0,KRT
2025-10-31,KRT-034,0.0,KRT
2025-10-31,KRT-035,0.0,KRT
2025-10-31,KRT-036,0.0,KRT
2025-10-31,KRT-037,0.0,KRT
2025-10-31,KRT-038,0.0,KRT
2025-10-31,KRT-039,0.0,KRT
2025-10-31,KRT-040,0.0,KRT
2025-10-31,KRT-041,0.0,KRT
2025-10-31,KRT-042,0.0,KRT
2025-10-31,KRT-043,0.0,KRT
2025-10-31,KRT-044,0.0,KRT
2025-10-31,KRT-045,0.0,KRT
2025-10-31,KRT-046,0.0,KRT
2025-10-31,KRT-047,0.0,KRT
2025-10-31,KRT-048,0.0,KRT
2025-10-31,KRT-049,0.0,KRT
2025-10-31,KRT-050,0.0,KRT
2025-10-31,KRT-051,0.0,KRT
2025-10-31,KRT-052,0.0,KRT
2025-10-31,KRT-053,0.0,KRT
2025-10-31,KRT-054,0.0,KRT
2025-10-31,KRT-055,0.0,KRT
2025-10-31,KRT-056,0.0,KRT
2025-10-31,KRT-057,0.0,KRT
2025-10-31,KRT-058,0.0,KRT
2025-10-31,KRT-059,0.0,KRT
2025-10-31,KRT-060,0.0,KRT
2025-10-31,KRT-061,0.0,KRT
2025-10-31,KRT-062,0.0,KRT
2025-10-31,KRT-063,0.0,KRT
2025-10-31,KRT-064,0.0,KRT
2025-10-31,KRT-065,0.0,KRT
2025-10-31,KRT-066,0.0,KRT
2025-10-31,KRT-067,0.0,KRT
2025-10-31,KRT-068,0.0,KRT
2025-10-31,KRT-069,0.0,KRT
2025-10-31,KRT-070,0.0,KRT
2025-10-31,KRT-071,0.0,KRT
2025-10-31,KRT-072,0.0,KRT
2025-10-31,KRT-073,0.0,KRT
2025-10-31,KRT-074,0.0,KRT
2025-10-31,RDM-101,0.0,RDM
2025-10-31,RDM-102,0.0,RDM
2025-10-31,RDM-103,0.0,RDM
2025-10-31,RDM-104,0.0,RDM
2025-10-31,RDM-105,0.0,RDM
2025-10-31,RDM-106,0.0,RDM
2025-10-31,RDM-107,0.0,RDM
2025-10-31,RDM-108,0.0,RDM
2025-10-31,RDM-109,0.0,RDM
2025-10-31,RDM-110,0.0,RDM
2025-10-31,RDM-112,0.0,RDM
2025-10-31,RDM-113,0.0,RDM
2025-10-31,RDM-114,0.0,RDM
2025-10-31,RDM-115,0.0,RDM
2025-10-31,RDM-116,0.0,RDM
2025-10-31,RDM-117,0.0,RDM
2025-10-31,RDM-118,0.0,RDM
2025-10-31,RDM-119,0.0,RDM
2025-10-31,RDM-120,0.0,RDM
2025-10-31,RDM-121,0.0,RDM
2025-10-31,RDM-122,0.0,RDM
2025-10-31,RDM-123,0.0,RDM
2025-10-31,RDM-124,0.0,RDM
2025-10-31,RDM-125,0.0,RDM
2025-10-31,RDM-126,0.0,RDM
2025-10-31,RDM-127,0.0,RDM
2025-10-31,RDM-128,0.0,RDM
2025-10-31,RDM-129,0.0,RDM
2025-10-31,RDM-130,0.0,RDM
2025-10-31,RDM-131,0.0,RDM
2025-10-31,RDM-132,0.0,RDM
2025-10-31,RDM-133,0.0,RDM
2025-11-01,KRT-001,0.0,KRT
2025-11-01,KRT-002,0.0,KRT
2025-11-01,KRT-003,0.0,KRT
2025-11-01,KRT-004,0.0,KRT
2025-11-01,KRT-005,0.0,KRT
2025-11-01,KRT-006,0.0,KRT
2025-11-01,KRT-007,0.0,KRT
2025-11-01,KRT-008,0.0,KRT
2025-11-01,KRT-009,0.0,KRT
2025-11-01,KRT-010,0.0,KRT
2025-11-01,KRT-011,0.0,KRT
2025-11-01,KRT-012,0.0,KRT
2025-11-01,KRT-013,0.0,KRT
2025-11-01,KRT-014,0.0,KRT
2025-11-01,KRT-015,0.0,KRT
2025-11-01,KRT-016,0.0,KRT
2025-11-01,KRT-017,0.0,KRT
2025-11-01,KRT-018,0.0,KRT
2025-11-01,KRT-019,0.0,KRT
2025-11-01,KRT-020,0.0,KRT
2025-11-01,KRT-021,0.0,KRT
2025-11-01,KRT-022,0.0,KRT
2025-11-01,KRT-023,0.0,KRT
2025-11-01,KRT-024,0.0,KRT
2025-11-01,KRT-025,0.0,KRT
2025-11-01,KRT-026,0.0,KRT
2025-11-01,KRT-027,0.0,KRT
2025-11-01,KRT-028,0.0,KRT
2025-11-01,KRT-029,0.0,KRT
2025-11-01,KRT-030,0.0,KRT
2025-11-01,KRT-031,0.0,KRT
2025-11-01,KRT-032,0.0,KRT
2025-11-01,KRT-033,0.0,KRT
2025-11-01,KRT-034,0.0,KRT
2025-11-01,KRT-035,0.0,KRT
2025-11-01,KRT-036,0.0,KRT
2025-11-01,KRT-037,0.0,KRT
2025-11-01,KRT-038,0.0,KRT
2025-11-01,KRT-039,0.0,KRT
2025-11-01,KRT-040,0.0,KRT
2025-11-01,KRT-041,0.0,KRT
2025-11-01,KRT-042,0.0,KRT
2025-11-01,KRT-043,0.0,KRT
2025-11-01,KRT-044,0.0,KRT
2025-11-01,KRT-045,0.0,KRT
2025-11-01,KRT-046,0.0,KRT
2025-11-01,KRT-047,0.0,KRT
2025-11-01,KRT-048,0.0,KRT
2025-11-01,KRT-049,0.0,KRT
2025-11-01,KRT-050,0.0,KRT
2025-11-01,KRT-051,0.0,KRT
2025-11-01,KRT-052,0.0,KRT
2025-11-01,KRT-053,0.0,KRT
2025-11-01,KRT-054,0.0,KRT
2025-11-01,KRT-055,0.0,KRT
2025-11-01,KRT-056,0.0,KRT
2025-11-01,KRT-057,0.0,KRT
2025-11-01,KRT-058,0.0,KRT
2025-11-01,KRT-059,0.0,KRT
2025-11-01,KRT-060,0.0,KRT
2025-11-01,KRT-061,0.0,KRT
2025-11-01,KRT-062,0.0,KRT
2025-11-01,KRT-063,0.0,KRT
2025-11-01,KRT-064,0.0,KRT
2025-11-01,KRT-065,0.0,KRT
2025-11-01,KRT-066,0.0,KRT
2025-11-01,KRT-067,0.0,KRT
2025-11-01,KRT-068,0.0,KRT
2025-11-01,KRT-069,0.0,KRT
2025-11-01,KRT-070,0.0,KRT
2025-11-01,KRT-071,0.0,KRT
2025-11-01,KRT-072,0.0,KRT
2025-11-01,KRT-073,0.0,KRT
2025-11-01,KRT-074,0.0,KRT
2025-11-01,RDM-101,0.0,RDM
2025-11-01,RDM-102,0.0,RDM
2025-11-01,RDM-103,0.0,RDM
2025-11-01,RDM-104,0.0,RDM
2025-11-01,RDM-105,0.0,RDM
2025-11-01,RDM-106,0.0,RDM
2025-11-01,RDM-107,0.0,RDM
2025-11-01,RDM-108,0.0,RDM
2025-11-01,RDM-109,0.0,RDM
2025-11-01,RDM-110,0.0,RDM
2025-11-01,RDM-112,0.0,RDM
2025-11-01,RDM-113,0.0,RDM
2025-11-01,RDM-114,0.0,RDM
2025-11-01,RDM-115,0.0,RDM
2025-11-01,RDM-116,0.0,RDM
2025-11-01,RDM-117,0.0,RDM
2025-11-01,RDM-118,0.0,RDM
2025-11-01,RDM-119,0.0,RDM
2025-11-01,RDM-120,0.0,RDM
2025-11-01,RDM-121,0.0,RDM
2025-11-01,RDM-122,0.0,RDM
2025-11-01,RDM-123,0.0,RDM
2025-11-01,RDM-124,0.0,RDM
2025-11-01,RDM-125,0.0,RDM
2025-11-01,RDM-126,0.0,RDM
2025-11-01,RDM-127,0.0,RDM
2025-11-01,RDM-128,0.0,RDM
2025-11-01,RDM-129,0.0,RDM
2025-11-01,RDM-130,0.0,RDM
2025-11-01,RDM-131,0.0,RDM
2025-11-01,RDM-132,0.0,RDM
2025-11-01,RDM-133,0.0,RDM
2025-11-02,KRT-001,0.0,KRT
2025-11-02,KRT-002,0.0,KRT
2025-11-02,KRT-003,0.0,KRT
2025-11-02,KRT-004,0.0,KRT
2025-11-02,KRT-005,0.0,KRT
2025-11-02,KRT-006,0.0,KRT
2025-11-02,KRT-007,0.0,KRT
2025-11-02,KRT-008,0.0,KRT
2025-11-02,KRT-009,0.0,KRT
2025-11-02,KRT-010,0.0,KRT
2025-11-02,KRT-011,0.0,KRT
2025-11-02,KRT-012,0.0,KRT
2025-11-02,KRT-013,0.0,KRT
2025-11-02,KRT-014,0.0,KRT
2025-11-02,KRT-015,0.0,KRT
2025-11-02,KRT-016,8.2,KRT
2025-11-02,KRT-017,0.0,KRT
2025-11-02,KRT-018,0.0,KRT
2025-11-02,KRT-019,0.0,KRT
2025-11-02,KRT-020,0.0,KRT
2025-11-02,KRT-021,0.0,KRT
2025-11-02,KRT-022,0.0,KRT
2025-11-02,KRT-023,0.0,KRT
2025-11-02,KRT-024,0.0,KRT
2025-11-02,KRT-025,0.0,KRT
2025-11-02,KRT-026,0.0,KRT
2025-11-02,KRT-027,0.0,KRT
2025-11-02,KRT-028,0.0,KRT
2025-11-02,KRT-029,0.0,KRT
2025-11-02,KRT-030,0.0,KRT
2025-11-02,KRT-031,0.0,KRT
2025-11-02,KRT-032,0.0,KRT
2025-11-02,KRT-033,0.0,KRT
2025-11-02,KRT-034,0.0,KRT
2025-11-02,KRT-035,0.0,KRT
2025-11-02,KRT-036,0.0,KRT
2025-11-02,KRT-037,0.0,KRT
2025-11-02,KRT-038,0.0,KRT
2025-11-02,KRT-039,0.0,KRT
2025-11-02,KRT-040,0.0,KRT
2025-11-02,KRT-041,0.0,KRT
2025-11-02,KRT-042,0.0,KRT
2025-11-02,KRT-043,0.0,KRT
2025-11-02,KRT-044,0.0,KRT
2025-11-02,KRT-045,0.0,KRT
2025-11-02,KRT-046,0.0,KRT
2025-11-02,KRT-047,0.0,KRT
2025-11-02,KRT-048,0.0,KRT
2025-11-02,KRT-049,0.0,KRT
2025-11-02,KRT-050,0.0,KRT
2025-11-02,KRT-051,0.0,KRT
2025-11-02,KRT-052,0.0,KRT
2025-11-02,KRT-053,0.0,KRT
2025-11-02,KRT-054,0.0,KRT
2025-11-02,KRT-055,0.0,KRT
2025-11-02,KRT-056,0.0,KRT
2025-11-02,KRT-057,0.0,KRT
2025-11-02,KRT-058,0.0,KRT
2025-11-02,KRT-059,0.0,KRT
2025-11-02,KRT-060,0.0,KRT
2025-11-02,KRT-061,0.0,KRT
2025-11-02,KRT-062,0.0,KRT
2025-11-02,KRT-063,0.0,KRT
2025-11-02,KRT-064,0.0,KRT
2025-11-02,KRT-065,0.0,KRT
2025-11-02,KRT-066,0.0,KRT
2025-11-02,KRT-067,0.0,KRT
2025-11-02,KRT-068,0.0,KRT
2025-11-02,KRT-069,0.0,KRT
2025-11-02,KRT-070,0.0,KRT
2025-11-02,KRT-071,0.0,KRT
2025-11-02,KRT-072,0.0,KRT
2025-11-02,KRT-073,0.0,KRT
2025-11-02,KRT-074,0.0,KRT
2025-11-02,RDM-101,0.0,RDM
2025-11-02,RDM-102,0.0,RDM
2025-11-02,RDM-103,0.0,RDM
2025-11-02,RDM-104,0.0,RDM
2025-11-02,RDM-105,0.0,RDM
2025-11-02,RDM-106,0.0,RDM
2025-11-02,RDM-107,0.0,RDM
2025-11-02,RDM-108,0.0,RDM
2025-11-02,RDM-109,0.0,RDM
2025-11-02,RDM-110,0.0,RDM
2025-11-02,RDM-112,0.0,RDM
2025-11-02,RDM-113,0.0,RDM
2025-11-02,RDM-114,0.0,RDM
2025-11-02,RDM-115,0.0,RDM
2025-11-02,RDM-116,0.0,RDM
2025-11-02,RDM-117,0.0,RDM
2025-11-02,RDM-118,0.0,RDM
2025-11-02,RDM-119,0.0,RDM
2025-11-02,RDM-120,0.0,RDM
2025-11-02,RDM-121,0.0,RDM
2025-11-02,RDM-122,0.0,RDM
2025-11-02,RDM-123,0.0,RDM
2025-11-02,RDM-124,0.0,RDM
2025-11-02,RDM-125,0.0,RDM
2025-11-02,RDM-126,0.0,RDM
2025-11-02,RDM-127,0.0,RDM
2025-11-02,RDM-128,0.0,RDM
2025-11-02,RDM-129,0.0,RDM
2025-11-02,RDM-130,0.0,RDM
2025-11-02,RDM-131,0.0,RDM
2025-11-02,RDM-132,0.0,RDM
2025-11-02,RDM-133,0.0,RDM
2025-11-03,KRT-001,9.4,KRT
2025-11-03,KRT-002,10.92,KRT
2025-11-03,KRT-003,10.67,KRT
2025-11-03,KRT-004,9.33,KRT
2025-11-03,KRT-005,11.5,KRT
2025-11-03,KRT-006,8.3,KRT
2025-11-03,KRT-007,8.5,KRT
2025-11-03,KRT-008,6.86,KRT
2025-11-03,KRT-009,6.86,KRT
2025-11-03,KRT-010,7.62,KRT
2025-11-03,KRT-011,5.59,KRT
2025-11-03,KRT-012,4.06,KRT
2025-11-03,KRT-013,9.91,KRT
2025-11-03,KRT-014,4.57,KRT
2025-11-03,KRT-015,10.16,KRT
2025-11-03,KRT-016,9.3,KRT
2025-11-03,KRT-017,11.68,KRT
2025-11-03,KRT-018,18.0,KRT
2025-11-03,KRT-019,8.2,KRT
2025-11-03,KRT-020,12.7,KRT
2025-11-03,KRT-021,12.45,KRT
2025-11-03,KRT-022,7.37,KRT
2025-11-03,KRT-023,7.62,KRT
2025-11-03,KRT-024,11.18,KRT
2025-11-03,KRT-025,8.38,KRT
2025-11-03,KRT-026,5.59,KRT
2025-11-03,KRT-027,8.3,KRT
2025-11-03,KRT-028,13.72,KRT
2025-11-03,KRT-029,8.89,KRT
2025-11-03,KRT-030,10.92,KRT
2025-11-03,KRT-031,9.0,KRT
2025-11-03,KRT-032,8.13,KRT
2025-11-03,KRT-033,10.16,KRT
2025-11-03,KRT-034,7.62,KRT
2025-11-03,KRT-035,7.37,KRT
2025-11-03,KRT-036,8.38,KRT
2025-11-03,KRT-037,10.92,KRT
2025-11-03,KRT-038,8.13,KRT
2025-11-03,KRT-039,15.24,KRT
2025-11-03,KRT-040,8.38,KRT
2025-11-03,KRT-041,8.3,KRT
2025-11-03,KRT-042,9.14,KRT
2025-11-03,KRT-043,13.72,KRT
2025-11-03,KRT-044,7.62,KRT
2025-11-03,KRT-045,4.06,KRT
2025-11-03,KRT-046,10.67,KRT
2025-11-03,KRT-047,10.41,KRT
2025-11-03,KRT-048,8.7,KRT
2025-11-03,KRT-049,6.6,KRT
2025-11-03,KRT-050,8.13,KRT
2025-11-03,KRT-051,7.62,KRT
2025-11-03,KRT-052,7.11,KRT
2025-11-03,KRT-053,7.1,KRT
2025-11-03,KRT-054,6.6,KRT
2025-11-03,KRT-055,8.13,KRT
2025-11-03,KRT-056,6.6,KRT
2025-11-03,KRT-057,3.39,KRT
2025-11-03,KRT-058,4.0,KRT
2025-11-03,KRT-059,7.62,KRT
2025-11-03,KRT-060,7.62,KRT
2025-11-03,KRT-061,10.41,KRT
2025-11-03,KRT-062,11.61,KRT
2025-11-03,KRT-063,6.9,KRT
2025-11-03,KRT-064,12.3,KRT
2025-11-03,KRT-065,6.9,KRT
2025-11-03,KRT-066,6.1,KRT
2025-11-03,KRT-067,7.3,KRT
2025-11-03,KRT-068,9.57,KRT
2025-11-03,KRT-069,6.4,KRT
2025-11-03,KRT-070,8.87,KRT
2025-11-03,KRT-071,6.1,KRT
2025-11-03,KRT-072,13.87,KRT
2025-11-03,KRT-073,9.65,KRT
2025-11-03,KRT-074,10.16,KRT
2025-11-03,RDM-101,2.25,RDM
2025-11-03,RDM-102,2.75,RDM
2025-11-03,RDM-103,2.54,RDM
2025-11-03,RDM-104,3.56,RDM
2025-11-03,RDM-105,3.81,RDM
2025-11-03,RDM-106,4.32,RDM
2025-11-03,RDM-107,4.5,RDM
2025-11-03,RDM-108,4.06,RDM
2025-11-03,RDM-109,2.79,RDM
2025-11-03,RDM-110,2.1,RDM
2025-11-03,RDM-112,4.83,RDM
2025-11-03,RDM-113,5.1,RDM
2025-11-03,RDM-114,2.75,RDM
2025-11-03,RDM-115,3.56,RDM
2025-11-03,RDM-116,7.11,RDM
2025-11-03,RDM-117,6.1,RDM
2025-11-03,RDM-118,4.83,RDM
2025-11-03,RDM-119,7.62,RDM
2025-11-03,RDM-120,6.86,RDM
2025-11-03,RDM-121,4.83,RDM
2025-11-03,RDM-122,12.45,RDM
2025-11-03,RDM-123,9.14,RDM
2025-11-03,RDM-124,5.7,RDM
2025-11-03,RDM-125,7.5,RDM
2025-11-03,RDM-126,5.59,RDM
2025-11-03,RDM-127,7.11,RDM
2025-11-03,RDM-128,8.13,RDM
2025-11-03,RDM-129,8.13,RDM
2025-11-03,RDM-130,5.33,RDM
2025-11-03,RDM-131,3.05,RDM
2025-11-03,RDM-132,4.8,RDM
2025-11-03,RDM-133,6.76,RDM
2025-11-04,KRT-001,4.83,KRT
2025-11-04,KRT-002,4.57,KRT
2025-11-04,KRT-003,5.08,KRT
2025-11-04,KRT-004,3.81,KRT
2025-11-04,KRT-005,0.5,KRT
2025-11-04,KRT-006,0.0,KRT
2025-11-04,KRT-007,1.8,KRT
2025-11-04,KRT-008,1.27,KRT
2025-11-04,KRT-009,2.03,KRT
2025-11-04,KRT-010,1.02,KRT
2025-11-04,KRT-011,0.51,KRT
2025-11-04,KRT-012,0.51,KRT
2025-11-04,KRT-013,2.03,KRT
2025-11-04,KRT-014,0.0,KRT
2025-11-04,KRT-015,0.51,KRT
2025-11-04,KRT-016,0.0,KRT
2025-11-04,KRT-017,1.02,KRT
2025-11-04,KRT-018,0.75,KRT
2025-11-04,KRT-019,0.0,KRT
2025-11-04,KRT-020,3.3,KRT
2025-11-04,KRT-021,0.0,KRT
2025-11-04,KRT-022,2.79,KRT
2025-11-04,KRT-023,1.02,KRT
2025-11-04,KRT-024,0.51,KRT
2025-11-04,KRT-025,1.27,KRT
2025-11-04,KRT-026,1.52,KRT
2025-11-04,KRT-027,1.7,KRT
2025-11-04,KRT-028,2.29,KRT
2025-11-04,KRT-029,1.52,KRT
2025-11-04,KRT-030,1.52,KRT
2025-11-04,KRT-031,0.76,KRT
2025-11-04,KRT-032,2.03,KRT
2025-11-04,KRT-033,2.29,KRT
2025-11-04,KRT-034,1.52,KRT
2025-11-04,KRT-035,0.25,KRT
2025-11-04,KRT-036,0.0,KRT
2025-11-04,KRT-037,0.0,KRT
2025-11-04,KRT-038,0.25,KRT
2025-11-04,KRT-039,0.0,KRT
2025-11-04,KRT-040,0.0,KRT
2025-11-04,KRT-041,0.0,KRT
2025-11-04,KRT-042,0.0,KRT
2025-11-04,KRT-043,0.0,KRT
2025-11-04,KRT-044,0.25,KRT
2025-11-04,KRT-045,0.0,KRT
2025-11-04,KRT-046,0.25,KRT
2025-11-04,KRT-047,0.0,KRT
2025-11-04,KRT-048,0.0,KRT
2025-11-04,KRT-049,0.0,KRT
2025-11-04,KRT-050,0.0,KRT
2025-11-04,KRT-051,0.51,KRT
2025-11-04,KRT-052,0.25,KRT
2025-11-04,KRT-053,0.0,KRT
2025-11-04,KRT-054,0.0,KRT
2025-11-04,KRT-055,0.25,KRT
2025-11-04,KRT-056,0.25,KRT
2025-11-04,KRT-057,0.0,KRT
2025-11-04,KRT-058,0.25,KRT
2025-11-04,KRT-059,0.0,KRT
2025-11-04,KRT-060,0.25,KRT
2025-11-04,KRT-061,0.0,KRT
2025-11-04,KRT-062,0.0,KRT
2025-11-04,KRT-063,0.0,KRT
2025-11-04,KRT-064,0.6,KRT
2025-11-04,KRT-065,0.0,KRT
2025-11-04,KRT-066,0.25,KRT
2025-11-04,KRT-067,0.0,KRT
2025-11-04,KRT-068,0.21,KRT
2025-11-04,KRT-069,0.0,KRT
2025-11-04,KRT-070,0.0,KRT
2025-11-04,KRT-071,0.0,KRT
2025-11-04,KRT-072,0.0,KRT
2025-11-04,KRT-073,0.0,KRT
2025-11-04,KRT-074,0.51,KRT
2025-11-04,RDM-101,0.0,RDM
2025-11-04,RDM-102,0.0,RDM
2025-11-04,RDM-103,0.0,RDM
2025-11-04,RDM-104,0.0,RDM
2025-11-04,RDM-105,0.0,RDM
2025-11-04,RDM-106,0.0,RDM
2025-11-04,RDM-107,0.0,RDM
2025-11-04,RDM-108,0.0,RDM
2025-11-04,RDM-109,0.0,RDM
2025-11-04,RDM-110,0.0,RDM
2025-11-04,RDM-112,0.0,RDM
2025-11-04,RDM-113,0.0,RDM
2025-11-04,RDM-114,0.0,RDM
2025-11-04,RDM-115,0.0,RDM
2025-11-04,RDM-116,0.0,RDM
2025-11-04,RDM-117,0.0,RDM
2025-11-04,RDM-118,0.0,RDM
2025-11-04,RDM-119,0.0,RDM
2025-11-04,RDM-120,0.0,RDM
2025-11-04,RDM-121,0.0,RDM
2025-11-04,RDM-122,0.0,RDM
2025-11-04,RDM-123,0.0,RDM
2025-11-04,RDM-124,0.0,RDM
2025-11-04,RDM-125,0.0,RDM
2025-11-04,RDM-126,0.0,RDM
2025-11-04,RDM-127,0.0,RDM
2025-11-04,RDM-128,0.0,RDM
2025-11-04,RDM-129,0.0,RDM
2025-11-04,RDM-130,0.0,RDM
2025-11-04,RDM-131,0.0,RDM
2025-11-04,RDM-132,0.0,RDM
2025-11-04,RDM-133,0.0,RDM
2025-11-05,KRT-001,0.0,KRT
2025-11-05,KRT-002,0.0,KRT
2025-11-05,KRT-003,0.0,KRT
2025-11-05,KRT-004,0.0,KRT
2025-11-05,KRT-005,0.0,KRT
2025-11-05,KRT-006,0.0,KRT
2025-11-05,KRT-007,0.0,KRT
2025-11-05,KRT-008,0.0,KRT
2025-11-05,KRT-009,0.0,KRT
2025-11-05,KRT-010,0.0,KRT
2025-11-05,KRT-011,0.0,KRT
2025-11-05,KRT-012,0.0,KRT
2025-11-05,KRT-013,0.0,KRT
2025-11-05,KRT-014,0.0,KRT
2025-11-05,KRT-015,0.0,KRT
2025-11-05,KRT-016,0.0,KRT
2025-11-05,KRT-017,0.0,KRT
2025-11-05,KRT-018,0.0,KRT
2025-11-05,KRT-019,0.0,KRT
2025-11-05,KRT-020,0.0,KRT
2025-11-05,KRT-021,4.06,KRT
2025-11-05,KRT-022,0.0,KRT
2025-11-05,KRT-023,0.0,KRT
2025-11-05,KRT-024,0.0,KRT
2025-11-05,KRT-025,0.0,KRT
2025-11-05,KRT-026,0.0,KRT
2025-11-05,KRT-027,0.0,KRT
2025-11-05,KRT-028,0.0,KRT
2025-11-05,KRT-029,0.0,KRT
2025-11-05,KRT-030,0.0,KRT
2025-11-05,KRT-031,0.0,KRT
2025-11-05,KRT-032,0.0,KRT
2025-11-05,KRT-033,0.0,KRT
2025-11-05,KRT-034,0.0,KRT
2025-11-05,KRT-035,0.0,KRT
2025-11-05,KRT-036,0.0,KRT
2025-11-05,KRT-037,0.0,KRT
2025-11-05,KRT-038,0.0,KRT
2025-11-05,KRT-039,0.0,KRT
2025-11-05,KRT-040,0.0,KRT
2025-11-05,KRT-041,0.0,KRT
2025-11-05,KRT-042,0.0,KRT
2025-11-05,KRT-043,0.0,KRT
2025-11-05,KRT-044,0.0,KRT
2025-11-05,KRT-045,0.76,KRT
2025-11-05,KRT-046,0.0,KRT
2025-11-05,KRT-047,0.25,KRT
2025-11-05,KRT-048,0.0,KRT
2025-11-05,KRT-049,0.0,KRT
2025-11-05,KRT-050,0.0,KRT
2025-11-05,KRT-051,0.25,KRT
2025-11-05,KRT-052,0.0,KRT
2025-11-05,KRT-053,0.0,KRT
2025-11-05,KRT-054,0.0,KRT
2025-11-05,KRT-055,0.0,KRT
2025-11-05,KRT-056,0.0,KRT
2025-11-05,KRT-057,0.0,KRT
2025-11-05,KRT-058,0.0,KRT
2025-11-05,KRT-059,0.0,KRT
2025-11-05,KRT-060,0.0,KRT
2025-11-05,KRT-061,0.0,KRT
2025-11-05,KRT-062,0.0,KRT
2025-11-05,KRT-063,0.0,KRT
2025-11-05,KRT-064,0.0,KRT
2025-11-05,KRT-065,0.0,KRT
2025-11-05,KRT-066,0.0,KRT
2025-11-05,KRT-067,0.0,KRT
2025-11-05,KRT-068,0.0,KRT
2025-11-05,KRT-069,0.0,KRT
2025-11-05,KRT-070,0.0,KRT
2025-11-05,KRT-071,0.0,KRT
2025-11-05,KRT-072,0.0,KRT
2025-11-05,KRT-073,0.0,KRT
2025-11-05,KRT-074,0.0,KRT
2025-11-05,RDM-101,0.0,RDM
2025-11-05,RDM-102,0.0,RDM
2025-11-05,RDM-103,0.0,RDM
2025-11-05,RDM-104,0.0,RDM
2025-11-05,RDM-105,0.0,RDM
2025-11-05,RDM-106,0.0,RDM
2025-11-05,RDM-107,0.0,RDM
2025-11-05,RDM-108,0.0,RDM
2025-11-05,RDM-109,0.0,RDM
2025-11-05,RDM-110,0.0,RDM
2025-11-05,RDM-112,0.0,RDM
2025-11-05,RDM-113,0.0,RDM
2025-11-05,RDM-114,0.0,RDM
2025-11-05,RDM-115,0.0,RDM
2025-11-05,RDM-116,3.3,RDM
2025-11-05,RDM-117,0.0,RDM
2025-11-05,RDM-118,0.0,RDM
2025-11-05,RDM-119,0.0,RDM
2025-11-05,RDM-120,0.0,RDM
2025-11-05,RDM-121,0.0,RDM
2025-11-05,RDM-122,0.25,RDM
2025-11-05,RDM-123,0.0,RDM
2025-11-05,RDM-124,0.0,RDM
2025-11-05,RDM-125,0.0,RDM
2025-11-05,RDM-126,24.13,RDM
2025-11-05,RDM-127,0.0,RDM
2025-11-05,RDM-128,0.0,RDM
2025-11-05,RDM-129,0.0,RDM
2025-11-05,RDM-130,0.0,RDM
2025-11-05,RDM-131,0.0,RDM
2025-11-05,RDM-132,0.0,RDM
2025-11-05,RDM-133,0.0,RDM
2025-11-06,KRT-001,0.0,KRT
2025-11-06,KRT-002,0.25,KRT
2025-11-06,KRT-003,0.0,KRT
2025-11-06,KRT-004,0.0,KRT
2025-11-06,KRT-005,0.0,KRT
2025-11-06,KRT-006,0.0,KRT
2025-11-06,KRT-007,0.0,KRT
2025-11-06,KRT-008,0.0,KRT
2025-11-06,KRT-009,0.0,KRT
2025-11-06,KRT-010,0.0,KRT
2025-11-06,KRT-011,0.51,KRT
2025-11-06,KRT-012,0.0,KRT
2025-11-06,KRT-013,0.0,KRT
2025-11-06,KRT-014,0.0,KRT
2025-11-06,KRT-015,0.0,KRT
2025-11-06,KRT-016,0.0,KRT
2025-11-06,KRT-017,0.25,KRT
2025-11-06,KRT-018,0.25,KRT
2025-11-06,KRT-019,0.0,KRT
2025-11-06,KRT-020,0.51,KRT
2025-11-06,KRT-021,0.0,KRT
2025-11-06,KRT-022,0.0,KRT
2025-11-06,KRT-023,0.51,KRT
2025-11-06,KRT-024,0.0,KRT
2025-11-06,KRT-025,1.02,KRT
2025-11-06,KRT-026,0.51,KRT
2025-11-06,KRT-027,0.0,KRT
2025-11-06,KRT-028,4.06,KRT
2025-11-06,KRT-029,6.1,KRT
2025-11-06,KRT-030,1.02,KRT
2025-11-06,KRT-031,0.0,KRT
2025-11-06,KRT-032,2.29,KRT
2025-11-06,KRT-033,0.51,KRT
2025-11-06,KRT-034,0.51,KRT
2025-11-06,KRT-035,0.0,KRT
2025-11-06,KRT-036,0.0,KRT
2025-11-06,KRT-037,0.0,KRT
2025-11-06,KRT-038,0.0,KRT
2025-11-06,KRT-039,0.25,KRT
2025-11-06,KRT-040,0.0,KRT
2025-11-06,KRT-041,0.0,KRT
2025-11-06,KRT-042,0.0,KRT
2025-11-06,KRT-043,0.0,KRT
2025-11-06,KRT-044,5.84,KRT
2025-11-06,KRT-045,2.29,KRT
2025-11-06,KRT-046,0.51,KRT
2025-11-06,KRT-047,0.0,KRT
2025-11-06,KRT-048,0.0,KRT
2025-11-06,KRT-049,0.0,KRT
2025-11-06,KRT-050,2.54,KRT
2025-11-06,KRT-051,8.64,KRT
2025-11-06,KRT-052,1.52,KRT
2025-11-06,KRT-053,5.6,KRT
2025-11-06,KRT-054,2.29,KRT
2025-11-06,KRT-055,0.0,KRT
2025-11-06,KRT-056,10.92,KRT
2025-11-06,KRT-057,3.84,KRT
2025-11-06,KRT-058,8.25,KRT
2025-11-06,KRT-059,1.78,KRT
2025-11-06,KRT-060,2.29,KRT
2025-11-06,KRT-061,0.25,KRT
2025-11-06,KRT-062,0.44,KRT
2025-11-06,KRT-063,6.6,KRT
2025-11-06,KRT-064,5.1,KRT
2025-11-06,KRT-065,7.2,KRT
2025-11-06,KRT-066,1.02,KRT
2025-11-06,KRT-067,0.0,KRT
2025-11-06,KRT-068,0.21,KRT
2025-11-06,KRT-069,0.0,KRT
2025-11-06,KRT-070,0.0,KRT
2025-11-06,KRT-071,0.0,KRT
2025-11-06,KRT-072,0.0,KRT
2025-11-06,KRT-073,2.03,KRT
2025-11-06,KRT-074,3.81,KRT
2025-11-06,RDM-101,22.75,RDM
2025-11-06,RDM-102,23.0,RDM
2025-11-06,RDM-103,21.08,RDM
2025-11-06,RDM-104,27.18,RDM
2025-11-06,RDM-105,22.35,RDM
2025-11-06,RDM-106,27.18,RDM
2025-11-06,RDM-107,30.9,RDM
2025-11-06,RDM-108,30.99,RDM
2025-11-06,RDM-109,26.42,RDM
2025-11-06,RDM-110,39.3,RDM
2025-11-06,RDM-112,17.02,RDM
2025-11-06,RDM-113,22.2,RDM
2025-11-06,RDM-114,17.75,RDM
2025-11-06,RDM-115,21.84,RDM
2025-11-06,RDM-116,23.88,RDM
2025-11-06,RDM-117,24.9,RDM
2025-11-06,RDM-118,25.0,RDM
2025-11-06,RDM-119,25.4,RDM
2025-11-06,RDM-120,26.67,RDM
2025-11-06,RDM-121,30.99,RDM
2025-11-06,RDM-122,24.89,RDM
2025-11-06,RDM-123,29.46,RDM
2025-11-06,RDM-124,39.0,RDM
2025-11-06,RDM-125,32.4,RDM
2025-11-06,RDM-126,31.9,RDM
2025-11-06,RDM-127,27.94,RDM
2025-11-06,RDM-128,34.8,RDM
2025-11-06,RDM-129,36.32,RDM
2025-11-06,RDM-130,25.4,RDM
2025-11-06,RDM-131,22.1,RDM
2025-11-06,RDM-132,25.2,RDM
2025-11-06,RDM-133,27.43,RDM
2025-11-07,KRT-001,14.22,KRT
2025-11-07,KRT-002,17.02,KRT
2025-11-07,KRT-003,17.78,KRT
2025-11-07,KRT-004,16.0,KRT
2025-11-07,KRT-005,15.5,KRT
2025-11-07,KRT-006,15.7,KRT
2025-11-07,KRT-007,15.9,KRT
2025-11-07,KRT-008,12.19,KRT
2025-11-07,KRT-009,29.97,KRT
2025-11-07,KRT-010,11.68,KRT
2025-11-07,KRT-011,12.79,KRT
2025-11-07,KRT-012,9.14,KRT
2025-11-07,KRT-013,19.05,KRT
2025-11-07,KRT-014,12.2,KRT
2025-11-07,KRT-015,15.75,KRT
2025-11-07,KRT-016,12.3,KRT
2025-11-07,KRT-017,8.13,KRT
2025-11-07,KRT-018,16.0,KRT
2025-11-07,KRT-019,11.25,KRT
2025-11-07,KRT-020,12.7,KRT
2025-11-07,KRT-021,11.18,KRT
2025-11-07,KRT-022,12.7,KRT
2025-11-07,KRT-023,16.76,KRT
2025-11-07,KRT-024,12.9,KRT
2025-11-07,KRT-025,20.07,KRT
2025-11-07,KRT-026,17.53,KRT
2025-11-07,KRT-027,12.3,KRT
2025-11-07,KRT-028,14.22,KRT
2025-11-07,KRT-029,22.86,KRT
2025-11-07,KRT-030,14.73,KRT
2025-11-07,KRT-031,14.55,KRT
2025-11-07,KRT-032,20.57,KRT
2025-11-07,KRT-033,19.3,KRT
2025-11-07,KRT-034,24.38,KRT
2025-11-07,KRT-035,18.03,KRT
2025-11-07,KRT-036,19.05,KRT
2025-11-07,KRT-037,23.37,KRT
2025-11-07,KRT-038,31.5,KRT
2025-11-07,KRT-039,22.35,KRT
2025-11-07,KRT-040,30.99,KRT
2025-11-07,KRT-041,15.1,KRT
2025-11-07,KRT-042,31.5,KRT
2025-11-07,KRT-043,24.64,KRT
2025-11-07,KRT-044,16.76,KRT
2025-11-07,KRT-045,13.78,KRT
2025-11-07,KRT-046,11.94,KRT
2025-11-07,KRT-047,12.45,KRT
2025-11-07,KRT-048,18.9,KRT
2025-11-07,KRT-049,17.02,KRT
2025-11-07,KRT-050,8.64,KRT
2025-11-07,KRT-051,3.3,KRT
2025-11-07,KRT-052,12.45,KRT
2025-11-07,KRT-053,7.8,KRT
2025-11-07,KRT-054,6.2,KRT
2025-11-07,KRT-055,5.33,KRT
2025-11-07,KRT-056,6.1,KRT
2025-11-07,KRT-057,2.49,KRT
2025-11-07,KRT-058,2.0,KRT
2025-11-07,KRT-059,2.54,KRT
2025-11-07,KRT-060,2.29,KRT
2025-11-07,KRT-061,2.29,KRT
2025-11-07,KRT-062,1.53,KRT
2025-11-07,KRT-063,3.0,KRT
2025-11-07,KRT-064,1.2,KRT
2025-11-07,KRT-065,2.1,KRT
2025-11-07,KRT-066,0.76,KRT
2025-11-07,KRT-067,0.0,KRT
2025-11-07,KRT-068,0.62,KRT
2025-11-07,KRT-069,2.3,KRT
2025-11-07,KRT-070,3.74,KRT
2025-11-07,KRT-071,2.1,KRT
2025-11-07,KRT-072,4.94,KRT
2025-11-07,KRT-073,8.64,KRT
2025-11-07,KRT-074,12.7,KRT
2025-11-07,RDM-101,25.5,RDM
2025-11-07,RDM-102,18.75,RDM
2025-11-07,RDM-103,22.35,RDM
2025-11-07,RDM-104,21.08,RDM
2025-11-07,RDM-105,16.0,RDM
2025-11-07,RDM-106,17.53,RDM
2025-11-07,RDM-107,12.6,RDM
2025-11-07,RDM-108,13.97,RDM
2025-11-07,RDM-109,20.32,RDM
2025-11-07,RDM-110,18.4,RDM
2025-11-07,RDM-112,17.78,RDM
2025-11-07,RDM-113,18.3,RDM
2025-11-07,RDM-114,23.75,RDM
2025-11-07,RDM-115,11.18,RDM
2025-11-07,RDM-116,16.0,RDM
2025-11-07,RDM-117,13.7,RDM
2025-11-07,RDM-118,13.3,RDM
2025-11-07,RDM-119,11.18,RDM
2025-11-07,RDM-120,14.48,RDM
2025-11-07,RDM-121,10.16,RDM
2025-11-07,RDM-122,17.27,RDM
2025-11-07,RDM-123,13.46,RDM
2025-11-07,RDM-124,13.8,RDM
2025-11-07,RDM-125,12.9,RDM
2025-11-07,RDM-126,10.67,RDM
2025-11-07,RDM-127,11.43,RDM
2025-11-07,RDM-128,10.67,RDM
2025-11-07,RDM-129,11.68,RDM
2025-11-07,RDM-130,10.16,RDM
2025-11-07,RDM-131,9.4,RDM
2025-11-07,RDM-132,15.3,RDM
2025-11-07,RDM-133,14.73,RDM
2025-11-08,KRT-001,0.25,KRT
2025-11-08,KRT-002,0.25,KRT
2025-11-08,KRT-003,0.25,KRT
2025-11-08,KRT-004,0.0,KRT
2025-11-08,KRT-005,1.25,KRT
2025-11-08,KRT-006,0.0,KRT
2025-11-08,KRT-007,0.0,KRT
2025-11-08,KRT-008,0.0,KRT
2025-11-08,KRT-009,0.25,KRT
2025-11-08,KRT-010,0.25,KRT
2025-11-08,KRT-011,0.25,KRT
2025-11-08,KRT-012,0.0,KRT
2025-11-08,KRT-013,0.25,KRT
2025-11-08,KRT-014,0.51,KRT
2025-11-08,KRT-015,0.0,KRT
2025-11-08,KRT-016,0.0,KRT
2025-11-08,KRT-017,0.0,KRT
2025-11-08,KRT-018,0.0,KRT
2025-11-08,KRT-019,0.0,KRT
2025-11-08,KRT-020,0.25,KRT
2025-11-08,KRT-021,0.25,KRT
2025-11-08,KRT-022,0.0,KRT
2025-11-08,KRT-023,0.0,KRT
2025-11-08,KRT-024,0.0,KRT
2025-11-08,KRT-025,0.25,KRT
2025-11-08,KRT-026,0.0,KRT
2025-11-08,KRT-027,0.0,KRT
2025-11-08,KRT-028,0.0,KRT
2025-11-08,KRT-029,0.0,KRT
2025-11-08,KRT-030,0.0,KRT
2025-11-08,KRT-031,0.25,KRT
2025-11-08,KRT-032,0.25,KRT
2025-11-08,KRT-033,0.25,KRT
2025-11-08,KRT-034,0.25,KRT
2025-11-08,KRT-035,0.25,KRT
2025-11-08,KRT-036,0.25,KRT
2025-11-08,KRT-037,0.25,KRT
2025-11-08,KRT-038,0.25,KRT
2025-11-08,KRT-039,0.25,KRT
2025-11-08,KRT-040,0.0,KRT
2025-11-08,KRT-041,0.0,KRT
2025-11-08,KRT-042,0.0,KRT
2025-11-08,KRT-043,0.25,KRT
2025-11-08,KRT-044,0.25,KRT
2025-11-08,KRT-045,0.76,KRT
2025-11-08,KRT-046,0.51,KRT
2025-11-08,KRT-047,0.0,KRT
2025-11-08,KRT-048,0.0,KRT
2025-11-08,KRT-049,0.0,KRT
2025-11-08,KRT-050,0.0,KRT
2025-11-08,KRT-051,1.52,KRT
2025-11-08,KRT-052,0.25,KRT
2025-11-08,KRT-053,0.0,KRT
2025-11-08,KRT-054,0.51,KRT
2025-11-08,KRT-055,0.0,KRT
2025-11-08,KRT-056,0.25,KRT
2025-11-08,KRT-057,0.23,KRT
2025-11-08,KRT-058,0.25,KRT
2025-11-08,KRT-059,0.0,KRT
2025-11-08,KRT-060,0.0,KRT
2025-11-08,KRT-061,0.0,KRT
2025-11-08,KRT-062,0.0,KRT
2025-11-08,KRT-063,0.3,KRT
2025-11-08,KRT-064,0.0,KRT
2025-11-08,KRT-065,0.3,KRT
2025-11-08,KRT-066,0.0,KRT
2025-11-08,KRT-067,0.0,KRT
2025-11-08,KRT-068,0.21,KRT
2025-11-08,KRT-069,0.0,KRT
2025-11-08,KRT-070,0.0,KRT
2025-11-08,KRT-071,0.0,KRT
2025-11-08,KRT-072,0.0,KRT
2025-11-08,KRT-073,0.0,KRT
2025-11-08,KRT-074,0.25,KRT
2025-11-08,RDM-101,0.0,RDM
2025-11-08,RDM-102,0.0,RDM
2025-11-08,RDM-103,0.0,RDM
2025-11-08,RDM-104,0.0,RDM
2025-11-08,RDM-105,0.0,RDM
2025-11-08,RDM-106,0.0,RDM
2025-11-08,RDM-107,0.0,RDM
2025-11-08,RDM-108,0.0,RDM
2025-11-08,RDM-109,0.0,RDM
2025-11-08,RDM-110,0.0,RDM
2025-11-08,RDM-112,0.0,RDM
2025-11-08,RDM-113,0.0,RDM
2025-11-08,RDM-114,0.0,RDM
2025-11-08,RDM-115,0.25,RDM
2025-11-08,RDM-116,0.0,RDM
2025-11-08,RDM-117,0.0,RDM
2025-11-08,RDM-118,0.0,RDM
2025-11-08,RDM-119,0.0,RDM
2025-11-08,RDM-120,0.0,RDM
2025-11-08,RDM-121,0.0,RDM
2025-11-08,RDM-122,0.0,RDM
2025-11-08,RDM-123,0.0,RDM
2025-11-08,RDM-124,0.0,RDM
2025-11-08,RDM-125,0.0,RDM
2025-11-08,RDM-126,0.0,RDM
2025-11-08,RDM-127,0.0,RDM
2025-11-08,RDM-128,0.25,RDM
2025-11-08,RDM-129,0.0,RDM
2025-11-08,RDM-130,0.0,RDM
2025-11-08,RDM-131,0.25,RDM
2025-11-08,RDM-132,0.0,RDM
2025-11-08,RDM-133,0.0,RDM
2025-11-09,KRT-001,0.0,KRT
2025-11-09,KRT-002,0.0,KRT
2025-11-09,KRT-003,0.0,KRT
2025-11-09,KRT-004,0.0,KRT
2025-11-09,KRT-005,0.0,KRT
2025-11-09,KRT-006,0.0,KRT
2025-11-09,KRT-007,0.0,KRT
2025-11-09,KRT-008,2.03,KRT
2025-11-09,KRT-009,0.0,KRT
2025-11-09,KRT-010,0.0,KRT
2025-11-09,KRT-011,0.0,KRT
2025-11-09,KRT-012,0.0,KRT
2025-11-09,KRT-013,0.0,KRT
2025-11-09,KRT-014,0.51,KRT
2025-11-09,KRT-015,11.18,KRT
2025-11-09,KRT-016,7.1,KRT
2025-11-09,KRT-017,3.81,KRT
2025-11-09,KRT-018,7.5,KRT
2025-11-09,KRT-019,0.0,KRT
2025-11-09,KRT-020,0.0,KRT
2025-11-09,KRT-021,0.0,KRT
2025-11-09,KRT-022,0.0,KRT
2025-11-09,KRT-023,0.0,KRT
2025-11-09,KRT-024,0.0,KRT
2025-11-09,KRT-025,0.0,KRT
2025-11-09,KRT-026,0.0,KRT
2025-11-09,KRT-027,0.0,KRT
2025-11-09,KRT-028,0.0,KRT
2025-11-09,KRT-029,0.0,KRT
2025-11-09,KRT-030,0.0,KRT
2025-11-09,KRT-031,0.0,KRT
2025-11-09,KRT-032,0.0,KRT
2025-11-09,KRT-033,0.0,KRT
2025-11-09,KRT-034,0.0,KRT
2025-11-09,KRT-035,0.0,KRT
2025-11-09,KRT-036,0.0,KRT
2025-11-09,KRT-037,0.0,KRT
2025-11-09,KRT-038,0.0,KRT
2025-11-09,KRT-039,7.87,KRT
2025-11-09,KRT-040,0.25,KRT
2025-11-09,KRT-041,0.0,KRT
2025-11-09,KRT-042,0.0,KRT
2025-11-09,KRT-043,0.0,KRT
2025-11-09,KRT-044,0.25,KRT
2025-11-09,KRT-045,0.0,KRT
2025-11-09,KRT-046,0.0,KRT
2025-11-09,KRT-047,0.0,KRT
2025-11-09,KRT-048,0.0,KRT
2025-11-09,KRT-049,0.0,KRT
2025-11-09,KRT-050,0.0,KRT
2025-11-09,KRT-051,0.0,KRT
2025-11-09,KRT-052,0.0,KRT
2025-11-09,KRT-053,0.0,KRT
2025-11-09,KRT-054,0.25,KRT
2025-11-09,KRT-055,0.51,KRT
2025-11-09,KRT-056,0.25,KRT
2025-11-09,KRT-057,0.0,KRT
2025-11-09,KRT-058,0.0,KRT
2025-11-09,KRT-059,0.0,KRT
2025-11-09,KRT-060,0.0,KRT
2025-11-09,KRT-061,0.0,KRT
2025-11-09,KRT-062,0.0,KRT
2025-11-09,KRT-063,0.0,KRT
2025-11-09,KRT-064,0.0,KRT
2025-11-09,KRT-065,0.0,KRT
2025-11-09,KRT-066,0.0,KRT
2025-11-09,KRT-067,0.0,KRT
2025-11-09,KRT-068,0.0,KRT
2025-11-09,KRT-069,0.0,KRT
2025-11-09,KRT-070,0.0,KRT
2025-11-09,KRT-071,0.0,KRT
2025-11-09,KRT-072,0.0,KRT
2025-11-09,KRT-073,3.05,KRT
2025-11-09,KRT-074,0.51,KRT
2025-11-09,RDM-101,0.0,RDM
2025-11-09,RDM-102,0.0,RDM
2025-11-09,RDM-103,0.0,RDM
2025-11-09,RDM-104,0.0,RDM
2025-11-09,RDM-105,0.0,RDM
2025-11-09,RDM-106,0.0,RDM
2025-11-09,RDM-107,0.0,RDM
2025-11-09,RDM-108,0.0,RDM
2025-11-09,RDM-109,0.0,RDM
2025-11-09,RDM-110,0.0,RDM
2025-11-09,RDM-112,0.0,RDM
2025-11-09,RDM-113,0.0,RDM
2025-11-09,RDM-114,0.0,RDM
2025-11-09,RDM-115,0.0,RDM
2025-11-09,RDM-116,0.0,RDM
2025-11-09,RDM-117,0.0,RDM
2025-11-09,RDM-118,0.0,RDM
2025-11-09,RDM-119,0.0,RDM
2025-11-09,RDM-120,0.0,RDM
2025-11-09,RDM-121,0.0,RDM
2025-11-09,RDM-122,0.25,RDM
2025-11-09,RDM-123,0.0,RDM
2025-11-09,RDM-124,0.0,RDM
2025-11-09,RDM-125,0.0,RDM
2025-11-09,RDM-126,0.0,RDM
2025-11-09,RDM-127,0.51,RDM
2025-11-09,RDM-128,0.0,RDM
2025-11-09,RDM-129,0.0,RDM
2025-11-09,RDM-130,0.0,RDM
2025-11-09,RDM-131,0.0,RDM
2025-11-09,RDM-132,0.0,RDM
2025-11-09,RDM-133,0.0,RDM
2025-11-10,KRT-001,0.0,KRT
2025-11-10,KRT-002,0.0,KRT
2025-11-10,KRT-003,0.0,KRT
2025-11-10,KRT-004,0.0,KRT
2025-11-10,KRT-005,0.0,KRT
2025-11-10,KRT-006,0.0,KRT
2025-11-10,KRT-007,0.0,KRT
2025-11-10,KRT-008,0.0,KRT
2025-11-10,KRT-009,0.0,KRT
2025-11-10,KRT-010,0.0,KRT
2025-11-10,KRT-011,0.0,KRT
2025-11-10,KRT-012,0.0,KRT
2025-11-10,KRT-013,0.0,KRT
2025-11-10,KRT-014,0.0,KRT
2025-11-10,KRT-015,0.0,KRT
2025-11-10,KRT-016,0.0,KRT
2025-11-10,KRT-017,0.0,KRT
2025-11-10,KRT-018,0.0,KRT
2025-11-10,KRT-019,0.0,KRT
2025-11-10,KRT-020,0.0,KRT
2025-11-10,KRT-021,0.0,KRT
2025-11-10,KRT-022,0.0,KRT
2025-11-10,KRT-023,0.0,KRT
2025-11-10,KRT-024,0.0,KRT
2025-11-10,KRT-025,0.0,KRT
2025-11-10,KRT-026,0.0,KRT
2025-11-10,KRT-027,0.0,KRT
2025-11-10,KRT-028,0.0,KRT
2025-11-10,KRT-029,0.0,KRT
2025-11-10,KRT-030,0.0,KRT
2025-11-10,KRT-031,0.0,KRT
2025-11-10,KRT-032,0.0,KRT
2025-11-10,KRT-033,0.0,KRT
2025-11-10,KRT-034,0.0,KRT
2025-11-10,KRT-035,0.0,KRT
2025-11-10,KRT-036,0.0,KRT
2025-11-10,KRT-037,0.0,KRT
2025-11-10,KRT-038,0.0,KRT
2025-11-10,KRT-039,0.0,KRT
2025-11-10,KRT-040,0.0,KRT
2025-11-10,KRT-041,0.0,KRT
2025-11-10,KRT-042,0.0,KRT
2025-11-10,KRT-043,0.0,KRT
2025-11-10,KRT-044,0.0,KRT
2025-11-10,KRT-045,0.0,KRT
2025-11-10,KRT-046,0.0,KRT
2025-11-10,KRT-047,0.0,KRT
2025-11-10,KRT-048,0.0,KRT
2025-11-10,KRT-049,0.0,KRT
2025-11-10,KRT-050,0.0,KRT
2025-11-10,KRT-051,0.0,KRT
2025-11-10,KRT-052,0.0,KRT
2025-11-10,KRT-053,0.0,KRT
2025-11-10,KRT-054,0.0,KRT
2025-11-10,KRT-055,0.0,KRT
2025-11-10,KRT-056,0.0,KRT
2025-11-10,KRT-057,0.0,KRT
2025-11-10,KRT-058,0.0,KRT
2025-11-10,KRT-059,0.0,KRT
2025-11-10,KRT-060,0.0,KRT
2025-11-10,KRT-061,0.0,KRT
2025-11-10,KRT-062,0.0,KRT
2025-11-10,KRT-063,0.0,KRT
2025-11-10,KRT-064,0.0,KRT
2025-11-10,KRT-065,0.0,KRT
2025-11-10,KRT-066,0.0,KRT
2025-11-10,KRT-067,0.0,KRT
2025-11-10,KRT-068,0.0,KRT
2025-11-10,KRT-069,0.0,KRT
2025-11-10,KRT-070,0.0,KRT
2025-11-10,KRT-071,0.0,KRT
2025-11-10,KRT-072,0.0,KRT
2025-11-10,KRT-073,0.0,KRT
2025-11-10,KRT-074,0.0,KRT
2025-11-10,RDM-101,0.0,RDM
2025-11-10,RDM-102,0.0,RDM
2025-11-10,RDM-103,0.0,RDM
2025-11-10,RDM-104,0.0,RDM
2025-11-10,RDM-105,0.0,RDM
2025-11-10,RDM-106,0.0,RDM
2025-11-10,RDM-107,0.0,RDM
2025-11-10,RDM-108,0.0,RDM
2025-11-10,RDM-109,0.0,RDM
2025-11-10,RDM-110,0.0,RDM
2025-11-10,RDM-112,0.0,RDM
2025-11-10,RDM-113,0.0,RDM
2025-11-10,RDM-114,0.0,RDM
2025-11-10,RDM-115,0.0,RDM
2025-11-10,RDM-116,0.0,RDM
2025-11-10,RDM-117,0.0,RDM
2025-11-10,RDM-118,0.0,RDM
2025-11-10,RDM-119,0.0,RDM
2025-11-10,RDM-120,0.0,RDM
2025-11-10,RDM-121,0.0,RDM
2025-11-10,RDM-122,0.25,RDM
2025-11-10,RDM-123,0.0,RDM
2025-11-10,RDM-124,0.0,RDM
2025-11-10,RDM-125,0.0,RDM
2025-11-10,RDM-126,0.0,RDM
2025-11-10,RDM-127,0.0,RDM
2025-11-10,RDM-128,0.0,RDM
2025-11-10,RDM-129,0.0,RDM
2025-11-10,RDM-130,0.0,RDM
2025-11-10,RDM-131,0.0,RDM
2025-11-10,RDM-132,0.0,RDM
2025-11-10,RDM-133,0.0,RDM
2025-11-11,KRT-001,0.0,KRT
2025-11-11,KRT-002,0.0,KRT
2025-11-11,KRT-003,0.0,KRT
2025-11-11,KRT-004,0.0,KRT
2025-11-11,KRT-005,0.0,KRT
2025-11-11,KRT-006,0.0,KRT
2025-11-11,KRT-007,0.0,KRT
2025-11-11,KRT-008,0.0,KRT
2025-11-11,KRT-009,0.0,KRT
2025-11-11,KRT-010,0.0,KRT
2025-11-11,KRT-011,0.0,KRT
2025-11-11,KRT-012,0.0,KRT
2025-11-11,KRT-013,0.0,KRT
2025-11-11,KRT-014,0.0,KRT
2025-11-11,KRT-015,0.0,KRT
2025-11-11,KRT-016,0.0,KRT
2025-11-11,KRT-017,0.0,KRT
2025-11-11,KRT-018,0.0,KRT
2025-11-11,KRT-019,0.0,KRT
2025-11-11,KRT-020,0.0,KRT
2025-11-11,KRT-021,0.0,KRT
2025-11-11,KRT-022,0.0,KRT
2025-11-11,KRT-023,0.0,KRT
2025-11-11,KRT-024,0.0,KRT
2025-11-11,KRT-025,0.0,KRT
2025-11-11,KRT-026,0.0,KRT
2025-11-11,KRT-027,0.0,KRT
2025-11-11,KRT-028,0.0,KRT
2025-11-11,KRT-029,0.0,KRT
2025-11-11,KRT-030,0.0,KRT
2025-11-11,KRT-031,0.0,KRT
2025-11-11,KRT-032,0.0,KRT
2025-11-11,KRT-033,0.0,KRT
2025-11-11,KRT-034,0.0,KRT
2025-11-11,KRT-035,0.0,KRT
2025-11-11,KRT-036,0.0,KRT
2025-11-11,KRT-037,0.0,KRT
2025-11-11,KRT-038,0.0,KRT
2025-11-11,KRT-039,0.0,KRT
2025-11-11,KRT-040,0.0,KRT
2025-11-11,KRT-041,0.0,KRT
2025-11-11,KRT-042,0.0,KRT
2025-11-11,KRT-043,0.0,KRT
2025-11-11,KRT-044,0.0,KRT
2025-11-11,KRT-045,0.0,KRT
2025-11-11,KRT-046,0.0,KRT
2025-11-11,KRT-047,0.0,KRT
2025-11-11,KRT-048,0.0,KRT
2025-11-11,KRT-049,0.0,KRT
2025-11-11,KRT-050,0.0,KRT
2025-11-11,KRT-051,0.0,KRT
2025-11-11,KRT-052,0.0,KRT
2025-11-11,KRT-053,0.0,KRT
2025-11-11,KRT-054,0.0,KRT
2025-11-11,KRT-055,0.0,KRT
2025-11-11,KRT-056,0.0,KRT
2025-11-11,KRT-057,0.0,KRT
2025-11-11,KRT-058,0.0,KRT
2025-11-11,KRT-059,0.0,KRT
2025-11-11,KRT-060,0.0,KRT
2025-11-11,KRT-061,0.0,KRT
2025-11-11,KRT-062,0.0,KRT
2025-11-11,KRT-063,0.0,KRT
2025-11-11,KRT-064,0.0,KRT
2025-11-11,KRT-065,0.0,KRT
2025-11-11,KRT-066,0.0,KRT
2025-11-11,KRT-067,0.0,KRT
2025-11-11,KRT-068,0.0,KRT
2025-11-11,KRT-069,0.0,KRT
2025-11-11,KRT-070,0.0,KRT
2025-11-11,KRT-071,0.0,KRT
2025-11-11,KRT-072,0.0,KRT
2025-11-11,KRT-073,0.0,KRT
2025-11-11,KRT-074,0.0,KRT
2025-11-11,RDM-101,0.0,RDM
2025-11-11,RDM-102,0.0,RDM
2025-11-11,RDM-103,0.0,RDM
2025-11-11,RDM-104,0.0,RDM
2025-11-11,RDM-105,0.0,RDM
2025-11-11,RDM-106,0.0,RDM
2025-11-11,RDM-107,0.0,RDM
2025-11-11,RDM-108,0.0,RDM
2025-11-11,RDM-109,0.0,RDM
2025-11-11,RDM-110,0.0,RDM
2025-11-11,RDM-112,0.0,RDM
2025-11-11,RDM-113,0.0,RDM
2025-11-11,RDM-114,0.0,RDM
2025-11-11,RDM-115,0.0,RDM
2025-11-11,RDM-116,0.0,RDM
2025-11-11,RDM-117,0.0,RDM
2025-11-11,RDM-118,0.0,RDM
2025-11-11,RDM-119,0.0,RDM
2025-11-11,RDM-120,0.0,RDM
2025-11-11,RDM-121,0.0,RDM
2025-11-11,RDM-122,0.0,RDM
2025-11-11,RDM-123,0.0,RDM
2025-11-11,RDM-124,0.0,RDM
2025-11-11,RDM-125,0.0,RDM
2025-11-11,RDM-126,0.0,RDM
2025-11-11,RDM-127,0.0,RDM
2025-11-11,RDM-128,0.0,RDM
2025-11-11,RDM-129,0.0,RDM
2025-11-11,RDM-130,0.0,RDM
2025-11-11,RDM-131,0.0,RDM
2025-11-11,RDM-132,0.0,RDM
2025-11-11,RDM-133,0.0,RDM
2025-11-12,KRT-001,0.0,KRT
2025-11-12,KRT-002,0.0,KRT
2025-11-12,KRT-003,0.0,KRT
2025-11-12,KRT-004,0.0,KRT
2025-11-12,KRT-005,0.0,KRT
2025-11-12,KRT-006,0.0,KRT
2025-11-12,KRT-007,0.0,KRT
2025-11-12,KRT-008,0.0,KRT
2025-11-12,KRT-009,0.0,KRT
2025-11-12,KRT-010,0.0,KRT
2025-11-12,KRT-011,0.0,KRT
2025-11-12,KRT-012,0.0,KRT
2025-11-12,KRT-013,0.0,KRT
2025-11-12,KRT-014,0.0,KRT
2025-11-12,KRT-015,0.0,KRT
2025-11-12,KRT-016,0.0,KRT
2025-11-12,KRT-017,0.0,KRT
2025-11-12,KRT-018,0.0,KRT
2025-11-12,KRT-019,0.0,KRT
2025-11-12,KRT-020,0.0,KRT
2025-11-12,KRT-021,0.0,KRT
2025-11-12,KRT-022,0.0,KRT
2025-11-12,KRT-023,0.0,KRT
2025-11-12,KRT-024,0.0,KRT
2025-11-12,KRT-025,0.0,KRT
2025-11-12,KRT-026,0.0,KRT
2025-11-12,KRT-027,0.0,KRT
2025-11-12,KRT-028,0.0,KRT
2025-11-12,KRT-029,0.0,KRT
2025-11-12,KRT-030,0.0,KRT
2025-11-12,KRT-031,0.0,KRT
2025-11-12,KRT-032,0.0,KRT
2025-11-12,KRT-033,0.0,KRT
2025-11-12,KRT-034,0.0,KRT
2025-11-12,KRT-035,0.0,KRT
2025-11-12,KRT-036,0.0,KRT
2025-11-12,KRT-037,0.0,KRT
2025-11-12,KRT-038,0.0,KRT
2025-11-12,KRT-039,0.0,KRT
2025-11-12,KRT-040,0.0,KRT
2025-11-12,KRT-041,0.0,KRT
2025-11-12,KRT-042,0.0,KRT
2025-11-12,KRT-043,0.0,KRT
2025-11-12,KRT-044,0.0,KRT
2025-11-12,KRT-045,0.0,KRT
2025-11-12,KRT-046,0.0,KRT
2025-11-12,KRT-047,0.0,KRT
2025-11-12,KRT-048,0.0,KRT
2025-11-12,KRT-049,0.0,KRT
2025-11-12,KRT-050,0.0,KRT
2025-11-12,KRT-051,0.0,KRT
2025-11-12,KRT-052,0.0,KRT
2025-11-12,KRT-053,0.0,KRT
2025-11-12,KRT-054,0.0,KRT
2025-11-12,KRT-055,0.0,KRT
2025-11-12,KRT-056,0.0,KRT
2025-11-12,KRT-057,0.0,KRT
2025-11-12,KRT-058,0.0,KRT
2025-11-12,KRT-059,0.0,KRT
2025-11-12,KRT-060,0.0,KRT
2025-11-12,KRT-061,0.0,KRT
2025-11-12,KRT-062,0.0,KRT
2025-11-12,KRT-063,0.0,KRT
2025-11-12,KRT-064,0.0,KRT
2025-11-12,KRT-065,0.0,KRT
2025-11-12,KRT-066,0.0,KRT
2025-11-12,KRT-067,0.0,KRT
2025-11-12,KRT-068,0.0,KRT
2025-11-12,KRT-069,0.0,KRT
2025-11-12,KRT-070,0.0,KRT
2025-11-12,KRT-071,0.0,KRT
2025-11-12,KRT-072,0.0,KRT
2025-11-12,KRT-073,0.0,KRT
2025-11-12,KRT-074,0.0,KRT
2025-11-12,RDM-101,0.0,RDM
2025-11-12,RDM-102,0.0,RDM
2025-11-12,RDM-103,0.0,RDM
2025-11-12,RDM-104,0.0,RDM
2025-11-12,RDM-105,0.0,RDM
2025-11-12,RDM-106,0.0,RDM
2025-11-12,RDM-107,0.0,RDM
2025-11-12,RDM-108,0.0,RDM
2025-11-12,RDM-109,0.0,RDM
2025-11-12,RDM-110,0.0,RDM
2025-11-12,RDM-112,0.0,RDM
2025-11-12,RDM-113,0.0,RDM
2025-11-12,RDM-114,0.0,RDM
2025-11-12,RDM-115,0.0,RDM
2025-11-12,RDM-116,0.0,RDM
2025-11-12,RDM-117,0.0,RDM
2025-11-12,RDM-118,0.0,RDM
2025-11-12,RDM-119,0.0,RDM
2025-11-12,RDM-120,0.0,RDM
2025-11-12,RDM-121,0.0,RDM
2025-11-12,RDM-122,0.0,RDM
2025-11-12,RDM-123,0.0,RDM
2025-11-12,RDM-124,0.0,RDM
2025-11-12,RDM-125,0.0,RDM
2025-11-12,RDM-126,0.0,RDM
2025-11-12,RDM-127,0.0,RDM
2025-11-12,RDM-128,0.0,RDM
2025-11-12,RDM-129,0.0,RDM
2025-11-12,RDM-130,0.0,RDM
2025-11-12,RDM-131,0.0,RDM
2025-11-12,RDM-132,0.0,RDM
2025-11-12,RDM-133,0.0,RDM
2025-11-13,KRT-001,0.0,KRT
2025-11-13,KRT-002,0.0,KRT
2025-11-13,KRT-003,0.0,KRT
2025-11-13,KRT-004,0.0,KRT
2025-11-13,KRT-005,0.0,KRT
2025-11-13,KRT-006,0.0,KRT
2025-11-13,KRT-007,0.0,KRT
2025-11-13,KRT-008,0.0,KRT
2025-11-13,KRT-009,0.0,KRT
2025-11-13,KRT-010,0.0,KRT
2025-11-13,KRT-011,0.0,KRT
2025-11-13,KRT-012,0.0,KRT
2025-11-13,KRT-013,0.0,KRT
2025-11-13,KRT-014,0.0,KRT
2025-11-13,KRT-015,0.0,KRT
2025-11-13,KRT-016,0.0,KRT
2025-11-13,KRT-017,0.0,KRT
2025-11-13,KRT-018,0.0,KRT
2025-11-13,KRT-019,0.0,KRT
2025-11-13,KRT-020,0.0,KRT
2025-11-13,KRT-021,0.0,KRT
2025-11-13,KRT-022,0.0,KRT
2025-11-13,KRT-023,0.0,KRT
2025-11-13,KRT-024,0.0,KRT
2025-11-13,KRT-025,0.0,KRT
2025-11-13,KRT-026,0.0,KRT
2025-11-13,KRT-027,0.0,KRT
2025-11-13,KRT-028,0.0,KRT
2025-11-13,KRT-029,0.0,KRT
2025-11-13,KRT-030,0.0,KRT
2025-11-13,KRT-031,0.0,KRT
2025-11-13,KRT-032,0.0,KRT
2025-11-13,KRT-033,0.0,KRT
2025-11-13,KRT-034,0.0,KRT
2025-11-13,KRT-035,0.0,KRT
2025-11-13,KRT-036,0.0,KRT
2025-11-13,KRT-037,0.0,KRT
2025-11-13,KRT-038,0.0,KRT
2025-11-13,KRT-039,0.0,KRT
2025-11-13,KRT-040,0.0,KRT
2025-11-13,KRT-041,0.0,KRT
2025-11-13,KRT-042,0.0,KRT
2025-11-13,KRT-043,0.0,KRT
2025-11-13,KRT-044,0.0,KRT
2025-11-13,KRT-045,0.0,KRT
2025-11-13,KRT-046,0.0,KRT
2025-11-13,KRT-047,0.0,KRT
2025-11-13,KRT-048,0.0,KRT
2025-11-13,KRT-049,0.0,KRT
2025-11-13,KRT-050,0.0,KRT
2025-11-13,KRT-051,0.0,KRT
2025-11-13,KRT-052,0.0,KRT
2025-11-13,KRT-053,0.0,KRT
2025-11-13,KRT-054,0.0,KRT
2025-11-13,KRT-055,0.0,KRT
2025-11-13,KRT-056,0.0,KRT
2025-11-13,KRT-057,0.0,KRT
2025-11-13,KRT-058,0.0,KRT
2025-11-13,KRT-059,0.0,KRT
2025-11-13,KRT-060,0.0,KRT
2025-11-13,KRT-061,0.0,KRT
2025-11-13,KRT-062,0.0,KRT
2025-11-13,KRT-063,0.0,KRT
2025-11-13,KRT-064,0.0,KRT
2025-11-13,KRT-065,0.0,KRT
2025-11-13,KRT-066,0.0,KRT
2025-11-13,KRT-067,0.0,KRT
2025-11-13,KRT-068,0.0,KRT
2025-11-13,KRT-069,0.0,KRT
2025-11-13,KRT-070,0.0,KRT
2025-11-13,KRT-071,0.0,KRT
2025-11-13,KRT-072,0.0,KRT
2025-11-13,KRT-073,0.0,KRT
2025-11-13,KRT-074,0.0,KRT
2025-11-13,RDM-101,0.0,RDM
2025-11-13,RDM-102,0.0,RDM
2025-11-13,RDM-103,0.0,RDM
2025-11-13,RDM-104,0.0,RDM
2025-11-13,RDM-105,0.0,RDM
2025-11-13,RDM-106,0.0,RDM
2025-11-13,RDM-107,0.0,RDM
2025-11-13,RDM-108,0.0,RDM
2025-11-13,RDM-109,0.0,RDM
2025-11-13,RDM-110,0.0,RDM
2025-11-13,RDM-112,0.0,RDM
2025-11-13,RDM-113,0.0,RDM
2025-11-13,RDM-114,0.0,RDM
2025-11-13,RDM-115,0.0,RDM
2025-11-13,RDM-116,0.0,RDM
2025-11-13,RDM-117,0.0,RDM
2025-11-13,RDM-118,0.0,RDM
2025-11-13,RDM-119,0.0,RDM
2025-11-13,RDM-120,0.0,RDM
2025-11-13,RDM-121,0.0,RDM
2025-11-13,RDM-122,0.0,RDM
2025-11-13,RDM-123,0.0,RDM
2025-11-13,RDM-124,0.0,RDM
2025-11-13,RDM-125,0.0,RDM
2025-11-13,RDM-126,0.0,RDM
2025-11-13,RDM-127,0.0,RDM
2025-11-13,RDM-128,0.0,RDM
2025-11-13,RDM-129,0.0,RDM
2025-11-13,RDM-130,0.0,RDM
2025-11-13,RDM-131,0.0,RDM
2025-11-13,RDM-132,0.0,RDM
2025-11-13,RDM-133,0.0,RDM
2025-11-14,KRT-001,0.0,KRT
2025-11-14,KRT-002,0.0,KRT
2025-11-14,KRT-003,0.0,KRT
2025-11-14,KRT-004,0.0,KRT
2025-11-14,KRT-005,0.0,KRT
2025-11-14,KRT-006,0.0,KRT
2025-11-14,KRT-007,0.0,KRT
2025-11-14,KRT-008,0.0,KRT
2025-11-14,KRT-009,0.0,KRT
2025-11-14,KRT-010,0.0,KRT
2025-11-14,KRT-011,0.0,KRT
2025-11-14,KRT-012,0.0,KRT
2025-11-14,KRT-013,0.0,KRT
2025-11-14,KRT-014,0.0,KRT
2025-11-14,KRT-015,0.0,KRT
2025-11-14,KRT-016,0.0,KRT
2025-11-14,KRT-017,0.0,KRT
2025-11-14,KRT-018,0.0,KRT
2025-11-14,KRT-019,0.0,KRT
2025-11-14,KRT-020,0.0,KRT
2025-11-14,KRT-021,0.0,KRT
2025-11-14,KRT-022,0.0,KRT
2025-11-14,KRT-023,0.0,KRT
2025-11-14,KRT-024,0.0,KRT
2025-11-14,KRT-025,0.0,KRT
2025-11-14,KRT-026,0.0,KRT
2025-11-14,KRT-027,0.0,KRT
2025-11-14,KRT-028,0.0,KRT
2025-11-14,KRT-029,0.0,KRT
2025-11-14,KRT-030,0.0,KRT
2025-11-14,KRT-031,0.0,KRT
2025-11-14,KRT-032,0.0,KRT
2025-11-14,KRT-033,0.0,KRT
2025-11-14,KRT-034,0.0,KRT
2025-11-14,KRT-035,0.0,KRT
2025-11-14,KRT-036,0.0,KRT
2025-11-14,KRT-037,0.0,KRT
2025-11-14,KRT-038,0.0,KRT
2025-11-14,KRT-039,0.0,KRT
2025-11-14,KRT-040,0.0,KRT
2025-11-14,KRT-041,0.0,KRT
2025-11-14,KRT-042,0.0,KRT
2025-11-14,KRT-043,0.0,KRT
2025-11-14,KRT-044,0.0,KRT
2025-11-14,KRT-045,0.0,KRT
2025-11-14,KRT-046,0.0,KRT
2025-11-14,KRT-047,0.0,KRT
2025-11-14,KRT-048,0.0,KRT
2025-11-14,KRT-049,0.0,KRT
2025-11-14,KRT-050,0.0,KRT
2025-11-14,KRT-051,0.0,KRT
2025-11-14,KRT-052,0.0,KRT
2025-11-14,KRT-053,0.0,KRT
2025-11-14,KRT-054,0.0,KRT
2025-11-14,KRT-055,0.0,KRT
2025-11-14,KRT-056,0.0,KRT
2025-11-14,KRT-057,0.0,KRT
2025-11-14,KRT-058,0.0,KRT
2025-11-14,KRT-059,0.0,KRT
2025-11-14,KRT-060,0.0,KRT
2025-11-14,KRT-061,0.0,KRT
2025-11-14,KRT-062,0.0,KRT
2025-11-14,KRT-063,0.0,KRT
2025-11-14,KRT-064,0.0,KRT
2025-11-14,KRT-065,0.0,KRT
2025-11-14,KRT-066,0.0,KRT
2025-11-14,KRT-067,0.0,KRT
2025-11-14,KRT-068,0.0,KRT
2025-11-14,KRT-069,0.0,KRT
2025-11-14,KRT-070,0.0,KRT
2025-11-14,KRT-071,0.0,KRT
2025-11-14,KRT-072,0.0,KRT
2025-11-14,KRT-073,0.0,KRT
2025-11-14,KRT-074,0.0,KRT
2025-11-14,RDM-101,0.0,RDM
2025-11-14,RDM-102,0.0,RDM
2025-11-14,RDM-103,0.0,RDM
2025-11-14,RDM-104,0.0,RDM
2025-11-14,RDM-105,0.0,RDM
2025-11-14,RDM-106,0.0,RDM
2025-11-14,RDM-107,0.0,RDM
2025-11-14,RDM-108,0.0,RDM
2025-11-14,RDM-109,0.0,RDM
2025-11-14,RDM-110,0.0,RDM
2025-11-14,RDM-112,0.0,RDM
2025-11-14,RDM-113,0.0,RDM
2025-11-14,RDM-114,0.0,RDM
2025-11-14,RDM-115,0.0,RDM
2025-11-14,RDM-116,0.0,RDM
2025-11-14,RDM-117,0.0,RDM
2025-11-14,RDM-118,0.0,RDM
2025-11-14,RDM-119,0.0,RDM
2025-11-14,RDM-120,0.0,RDM
2025-11-14,RDM-121,0.0,RDM
2025-11-14,RDM-122,0.0,RDM
2025-11-14,RDM-123,0.0,RDM
2025-11-14,RDM-124,0.0,RDM
2025-11-14,RDM-125,0.0,RDM
2025-11-14,RDM-126,0.0,RDM
2025-11-14,RDM-127,0.0,RDM
2025-11-14,RDM-128,0.0,RDM
2025-11-14,RDM-129,0.0,RDM
2025-11-14,RDM-130,0.0,RDM
2025-11-14,RDM-131,0.0,RDM
2025-11-14,RDM-132,0.0,RDM
2025-11-14,RDM-133,0.0,RDM
2025-11-15,KRT-001,0.0,KRT
2025-11-15,KRT-002,0.0,KRT
2025-11-15,KRT-003,0.0,KRT
2025-11-15,KRT-004,0.0,KRT
2025-11-15,KRT-005,0.0,KRT
2025-11-15,KRT-006,0.0,KRT
2025-11-15,KRT-007,0.0,KRT
2025-11-15,KRT-008,0.0,KRT
2025-11-15,KRT-009,0.0,KRT
2025-11-15,KRT-010,0.0,KRT
2025-11-15,KRT-011,0.0,KRT
2025-11-15,KRT-012,0.0,KRT
2025-11-15,KRT-013,0.0,KRT
2025-11-15,KRT-014,0.0,KRT
2025-11-15,KRT-015,0.0,KRT
2025-11-15,KRT-016,0.0,KRT
2025-11-15,KRT-017,0.0,KRT
2025-11-15,KRT-018,0.0,KRT
2025-11-15,KRT-019,0.0,KRT
2025-11-15,KRT-020,0.0,KRT
2025-11-15,KRT-021,0.0,KRT
2025-11-15,KRT-022,0.0,KRT
2025-11-15,KRT-023,0.0,KRT
2025-11-15,KRT-024,0.0,KRT
2025-11-15,KRT-025,0.0,KRT
2025-11-15,KRT-026,0.0,KRT
2025-11-15,KRT-027,0.0,KRT
2025-11-15,KRT-028,0.0,KRT
2025-11-15,KRT-029,0.0,KRT
2025-11-15,KRT-030,0.0,KRT
2025-11-15,KRT-031,0.0,KRT
2025-11-15,KRT-032,0.0,KRT
2025-11-15,KRT-033,0.0,KRT
2025-11-15,KRT-034,0.0,KRT
2025-11-15,KRT-035,0.0,KRT
2025-11-15,KRT-036,0.0,KRT
2025-11-15,KRT-037,0.0,KRT
2025-11-15,KRT-038,0.0,KRT
2025-11-15,KRT-039,0.0,KRT
2025-11-15,KRT-040,0.0,KRT
2025-11-15,KRT-041,0.0,KRT
2025-11-15,KRT-042,0.0,KRT
2025-11-15,KRT-043,0.0,KRT
2025-11-15,KRT-044,0.0,KRT
2025-11-15,KRT-045,0.0,KRT
2025-11-15,KRT-046,0.0,KRT
2025-11-15,KRT-047,0.0,KRT
2025-11-15,KRT-048,0.0,KRT
2025-11-15,KRT-049,0.0,KRT
2025-11-15,KRT-050,0.0,KRT
2025-11-15,KRT-051,0.0,KRT
2025-11-15,KRT-052,0.0,KRT
2025-11-15,KRT-053,0.0,KRT
2025-11-15,KRT-054,0.0,KRT
2025-11-15,KRT-055,0.0,KRT
2025-11-15,KRT-056,0.0,KRT
2025-11-15,KRT-057,0.0,KRT
2025-11-15,KRT-058,0.0,KRT
2025-11-15,KRT-059,0.0,KRT
2025-11-15,KRT-060,0.0,KRT
2025-11-15,KRT-061,0.0,KRT
2025-11-15,KRT-062,0.0,KRT
2025-11-15,KRT-063,0.0,KRT
2025-11-15,KRT-064,0.0,KRT
2025-11-15,KRT-065,0.0,KRT
2025-11-15,KRT-066,0.0,KRT
2025-11-15,KRT-067,0.0,KRT
2025-11-15,KRT-068,0.0,KRT
2025-11-15,KRT-069,0.0,KRT
2025-11-15,KRT-070,0.0,KRT
2025-11-15,KRT-071,0.0,KRT
2025-11-15,KRT-072,0.0,KRT
2025-11-15,KRT-073,0.0,KRT
2025-11-15,KRT-074,0.0,KRT
2025-11-15,RDM-101,0.0,RDM
2025-11-15,RDM-102,0.0,RDM
2025-11-15,RDM-103,0.0,RDM
2025-11-15,RDM-104,0.0,RDM
2025-11-15,RDM-105,0.0,RDM
2025-11-15,RDM-106,0.0,RDM
2025-11-15,RDM-107,0.0,RDM
2025-11-15,RDM-108,0.0,RDM
2025-11-15,RDM-109,0.0,RDM
2025-11-15,RDM-110,0.0,RDM
2025-11-15,RDM-112,0.0,RDM
2025-11-15,RDM-113,0.0,RDM
2025-11-15,RDM-114,0.0,RDM
2025-11-15,RDM-115,0.0,RDM
2025-11-15,RDM-116,0.0,RDM
2025-11-15,RDM-117,0.0,RDM
2025-11-15,RDM-118,0.0,RDM
2025-11-15,RDM-119,0.0,RDM
2025-11-15,RDM-120,0.0,RDM
2025-11-15,RDM-121,0.0,RDM
2025-11-15,RDM-122,0.0,RDM
2025-11-15,RDM-123,0.0,RDM
2025-11-15,RDM-124,0.0,RDM
2025-11-15,RDM-125,0.0,RDM
2025-11-15,RDM-126,0.0,RDM
2025-11-15,RDM-127,0.0,RDM
2025-11-15,RDM-128,0.0,RDM
2025-11-15,RDM-129,0.0,RDM
2025-11-15,RDM-130,0.0,RDM
2025-11-15,RDM-131,0.0,RDM
2025-11-15,RDM-132,0.0,RDM
2025-11-15,RDM-133,0.0,RDM
2025-11-16,KRT-001,0.0,KRT
2025-11-16,KRT-002,0.0,KRT
2025-11-16,KRT-003,0.0,KRT
2025-11-16,KRT-004,0.0,KRT
2025-11-16,KRT-005,0.0,KRT
2025-11-16,KRT-006,0.0,KRT
2025-11-16,KRT-007,0.0,KRT
2025-11-16,KRT-008,0.0,KRT
2025-11-16,KRT-009,0.0,KRT
2025-11-16,KRT-010,0.0,KRT
2025-11-16,KRT-011,0.0,KRT
2025-11-16,KRT-012,0.0,KRT
2025-11-16,KRT-013,0.0,KRT
2025-11-16,KRT-014,0.0,KRT
2025-11-16,KRT-015,0.0,KRT
2025-11-16,KRT-016,0.0,KRT
2025-11-16,KRT-017,0.0,KRT
2025-11-16,KRT-018,0.0,KRT
2025-11-16,KRT-019,0.0,KRT
2025-11-16,KRT-020,0.0,KRT
2025-11-16,KRT-021,0.0,KRT
2025-11-16,KRT-022,0.0,KRT
2025-11-16,KRT-023,0.0,KRT
2025-11-16,KRT-024,0.0,KRT
2025-11-16,KRT-025,0.0,KRT
2025-11-16,KRT-026,0.0,KRT
2025-11-16,KRT-027,0.0,KRT
2025-11-16,KRT-028,0.0,KRT
2025-11-16,KRT-029,0.0,KRT
2025-11-16,KRT-030,0.0,KRT
2025-11-16,KRT-031,0.0,KRT
2025-11-16,KRT-032,0.0,KRT
2025-11-16,KRT-033,0.0,KRT
2025-11-16,KRT-034,0.0,KRT
2025-11-16,KRT-035,0.0,KRT
2025-11-16,KRT-036,0.0,KRT
2025-11-16,KRT-037,0.0,KRT
2025-11-16,KRT-038,0.0,KRT
2025-11-16,KRT-039,0.0,KRT
2025-11-16,KRT-040,0.0,KRT
2025-11-16,KRT-041,0.0,KRT
2025-11-16,KRT-042,0.0,KRT
2025-11-16,KRT-043,0.0,KRT
2025-11-16,KRT-044,0.0,KRT
2025-11-16,KRT-045,0.0,KRT
2025-11-16,KRT-046,0.0,KRT
2025-11-16,KRT-047,0.0,KRT
2025-11-16,KRT-048,0.0,KRT
2025-11-16,KRT-049,0.0,KRT
2025-11-16,KRT-050,0.0,KRT
2025-11-16,KRT-051,0.0,KRT
2025-11-16,KRT-052,0.0,KRT
2025-11-16,KRT-053,0.0,KRT
2025-11-16,KRT-054,0.0,KRT
2025-11-16,KRT-055,0.0,KRT
2025-11-16,KRT-056,0.0,KRT
2025-11-16,KRT-057,0.0,KRT
2025-11-16,KRT-058,0.0,KRT
2025-11-16,KRT-059,0.0,KRT
2025-11-16,KRT-060,0.0,KRT
2025-11-16,KRT-061,0.0,KRT
2025-11-16,KRT-062,0.0,KRT
2025-11-16,KRT-063,0.0,KRT
2025-11-16,KRT-064,0.0,KRT
2025-11-16,KRT-065,0.0,KRT
2025-11-16,KRT-066,0.0,KRT
2025-11-16,KRT-067,0.0,KRT
2025-11-16,KRT-068,0.0,KRT
2025-11-16,KRT-069,0.0,KRT
2025-11-16,KRT-070,0.0,KRT
2025-11-16,KRT-071,0.0,KRT
2025-11-16,KRT-072,0.0,KRT
2025-11-16,KRT-073,0.0,KRT
2025-11-16,KRT-074,0.0,KRT
2025-11-16,RDM-101,0.0,RDM
2025-11-16,RDM-102,0.0,RDM
2025-11-16,RDM-103,0.0,RDM
2025-11-16,RDM-104,0.0,RDM
2025-11-16,RDM-105,0.0,RDM
2025-11-16,RDM-106,0.0,RDM
2025-11-16,RDM-107,0.0,RDM
2025-11-16,RDM-108,0.0,RDM
2025-11-16,RDM-109,0.0,RDM
2025-11-16,RDM-110,0.0,RDM
2025-11-16,RDM-112,0.0,RDM
2025-11-16,RDM-113,0.0,RDM
2025-11-16,RDM-114,0.0,RDM
2025-11-16,RDM-115,0.0,RDM
2025-11-16,RDM-116,0.0,RDM
2025-11-16,RDM-117,0.0,RDM
2025-11-16,RDM-118,0.0,RDM
2025-11-16,RDM-119,0.0,RDM
2025-11-16,RDM-120,0.0,RDM
2025-11-16,RDM-121,0.0,RDM
2025-11-16,RDM-122,0.0,RDM
2025-11-16,RDM-123,0.0,RDM
2025-11-16,RDM-124,0.0,RDM
2025-11-16,RDM-125,0.0,RDM
2025-11-16,RDM-126,0.0,RDM
2025-11-16,RDM-127,0.0,RDM
2025-11-16,RDM-128,0.0,RDM
2025-11-16,RDM-129,0.0,RDM
2025-11-16,RDM-130,0.0,RDM
2025-11-16,RDM-131,0.0,RDM
2025-11-16,RDM-132,0.0,RDM
2025-11-16,RDM-133,0.0,RDM
2025-11-17,KRT-001,0.0,KRT
2025-11-17,KRT-002,0.0,KRT
2025-11-17,KRT-003,0.0,KRT
2025-11-17,KRT-004,0.0,KRT
2025-11-17,KRT-005,0.0,KRT
2025-11-17,KRT-006,0.0,KRT
2025-11-17,KRT-007,0.0,KRT
2025-11-17,KRT-008,0.0,KRT
2025-11-17,KRT-009,0.0,KRT
2025-11-17,KRT-010,0.0,KRT
2025-11-17,KRT-011,0.0,KRT
2025-11-17,KRT-012,0.0,KRT
2025-11-17,KRT-013,0.0,KRT
2025-11-17,KRT-014,0.0,KRT
2025-11-17,KRT-015,0.0,KRT
2025-11-17,KRT-016,0.0,KRT
2025-11-17,KRT-017,0.0,KRT
2025-11-17,KRT-018,0.0,KRT
2025-11-17,KRT-019,0.0,KRT
2025-11-17,KRT-020,0.0,KRT
2025-11-17,KRT-021,0.0,KRT
2025-11-17,KRT-022,0.0,KRT
2025-11-17,KRT-023,0.0,KRT
2025-11-17,KRT-024,0.0,KRT
2025-11-17,KRT-025,0.0,KRT
2025-11-17,KRT-026,0.0,KRT
2025-11-17,KRT-027,0.0,KRT
2025-11-17,KRT-028,0.0,KRT
2025-11-17,KRT-029,0.0,KRT
2025-11-17,KRT-030,0.0,KRT
2025-11-17,KRT-031,0.0,KRT
2025-11-17,KRT-032,0.0,KRT
2025-11-17,KRT-033,0.0,KRT
2025-11-17,KRT-034,0.0,KRT
2025-11-17,KRT-035,0.0,KRT
2025-11-17,KRT-036,0.0,KRT
2025-11-17,KRT-037,0.0,KRT
2025-11-17,KRT-038,0.0,KRT
2025-11-17,KRT-039,0.0,KRT
2025-11-17,KRT-040,0.0,KRT
2025-11-17,KRT-041,0.0,KRT
2025-11-17,KRT-042,0.0,KRT
2025-11-17,KRT-043,0.0,KRT
2025-11-17,KRT-044,0.0,KRT
2025-11-17,KRT-045,0.0,KRT
2025-11-17,KRT-046,0.0,KRT
2025-11-17,KRT-047,0.0,KRT
2025-11-17,KRT-048,0.0,KRT
2025-11-17,KRT-049,0.0,KRT
2025-11-17,KRT-050,0.0,KRT
2025-11-17,KRT-051,0.0,KRT
2025-11-17,KRT-052,0.0,KRT
2025-11-17,KRT-053,0.0,KRT
2025-11-17,KRT-054,0.0,KRT
2025-11-17,KRT-055,0.0,KRT
2025-11-17,KRT-056,0.0,KRT
2025-11-17,KRT-057,0.0,KRT
2025-11-17,KRT-058,0.0,KRT
2025-11-17,KRT-059,0.0,KRT
2025-11-17,KRT-060,0.0,KRT
2025-11-17,KRT-061,0.0,KRT
2025-11-17,KRT-062,0.0,KRT
2025-11-17,KRT-063,0.0,KRT
2025-11-17,KRT-064,0.0,KRT
2025-11-17,KRT-065,0.0,KRT
2025-11-17,KRT-066,0.0,KRT
2025-11-17,KRT-067,0.0,KRT
2025-11-17,KRT-068,0.0,KRT
2025-11-17,KRT-069,0.0,KRT
2025-11-17,KRT-070,0.0,KRT
2025-11-17,KRT-071,0.0,KRT
2025-11-17,KRT-072,0.0,KRT
2025-11-17,KRT-073,0.0,KRT
2025-11-17,KRT-074,0.0,KRT
2025-11-17,RDM-101,0.0,RDM
2025-11-17,RDM-102,0.0,RDM
2025-11-17,RDM-103,0.0,RDM
2025-11-17,RDM-104,0.0,RDM
2025-11-17,RDM-105,0.0,RDM
2025-11-17,RDM-106,0.0,RDM
2025-11-17,RDM-107,0.0,RDM
2025-11-17,RDM-108,0.0,RDM
2025-11-17,RDM-109,0.0,RDM
2025-11-17,RDM-110,0.0,RDM
2025-11-17,RDM-112,0.0,RDM
2025-11-17,RDM-113,0.0,RDM
2025-11-17,RDM-114,0.0,RDM
2025-11-17,RDM-115,0.0,RDM
2025-11-17,RDM-116,0.0,RDM
2025-11-17,RDM-117,0.0,RDM
2025-11-17,RDM-118,0.0,RDM
2025-11-17,RDM-119,0.0,RDM
2025-11-17,RDM-120,0.0,RDM
2025-11-17,RDM-121,0.0,RDM
2025-11-17,RDM-122,0.0,RDM
2025-11-17,RDM-123,0.0,RDM
2025-11-17,RDM-124,0.0,RDM
2025-11-17,RDM-125,0.0,RDM
2025-11-17,RDM-126,0.0,RDM
2025-11-17,RDM-127,0.0,RDM
2025-11-17,RDM-128,0.0,RDM
2025-11-17,RDM-129,0.0,RDM
2025-11-17,RDM-130,0.0,RDM
2025-11-17,RDM-131,0.0,RDM
2025-11-17,RDM-132,0.0,RDM
2025-11-17,RDM-133,0.0,RDM
2025-11-18,KRT-001,0.0,KRT
2025-11-18,KRT-002,0.0,KRT
2025-11-18,KRT-003,0.0,KRT
2025-11-18,KRT-004,0.0,KRT
2025-11-18,KRT-005,0.0,KRT
2025-11-18,KRT-006,0.0,KRT
2025-11-18,KRT-007,0.0,KRT
2025-11-18,KRT-008,0.0,KRT
2025-11-18,KRT-009,0.0,KRT
2025-11-18,KRT-010,0.0,KRT
2025-11-18,KRT-011,0.0,KRT
2025-11-18,KRT-012,0.0,KRT
2025-11-18,KRT-013,0.0,KRT
2025-11-18,KRT-014,0.0,KRT
2025-11-18,KRT-015,0.0,KRT
2025-11-18,KRT-016,0.0,KRT
2025-11-18,KRT-017,0.0,KRT
2025-11-18,KRT-018,0.0,KRT
2025-11-18,KRT-019,0.0,KRT
2025-11-18,KRT-020,0.0,KRT
2025-11-18,KRT-021,0.0,KRT
2025-11-18,KRT-022,0.0,KRT
2025-11-18,KRT-023,0.0,KRT
2025-11-18,KRT-024,0.0,KRT
2025-11-18,KRT-025,0.0,KRT
2025-11-18,KRT-026,0.0,KRT
2025-11-18,KRT-027,0.0,KRT
2025-11-18,KRT-028,0.0,KRT
2025-11-18,KRT-029,0.0,KRT
2025-11-18,KRT-030,0.0,KRT
2025-11-18,KRT-031,0.0,KRT
2025-11-18,KRT-032,0.0,KRT
2025-11-18,KRT-033,0.0,KRT
2025-11-18,KRT-034,0.0,KRT
2025-11-18,KRT-035,0.0,KRT
2025-11-18,KRT-036,0.0,KRT
2025-11-18,KRT-037,0.0,KRT
2025-11-18,KRT-038,0.0,KRT
2025-11-18,KRT-039,0.0,KRT
2025-11-18,KRT-040,0.0,KRT
2025-11-18,KRT-041,0.0,KRT
2025-11-18,KRT-042,0.0,KRT
2025-11-18,KRT-043,0.0,KRT
2025-11-18,KRT-044,0.0,KRT
2025-11-18,KRT-045,0.0,KRT
2025-11-18,KRT-046,0.0,KRT
2025-11-18,KRT-047,0.0,KRT
2025-11-18,KRT-048,0.0,KRT
2025-11-18,KRT-049,0.0,KRT
2025-11-18,KRT-050,0.0,KRT
2025-11-18,KRT-051,0.0,KRT
2025-11-18,KRT-052,0.0,KRT
2025-11-18,KRT-053,0.0,KRT
2025-11-18,KRT-054,0.0,KRT
2025-11-18,KRT-055,0.0,KRT
2025-11-18,KRT-056,0.0,KRT
2025-11-18,KRT-057,0.0,KRT
2025-11-18,KRT-058,0.0,KRT
2025-11-18,KRT-059,0.0,KRT
2025-11-18,KRT-060,0.0,KRT
2025-11-18,KRT-061,0.0,KRT
2025-11-18,KRT-062,0.0,KRT
2025-11-18,KRT-063,0.0,KRT
2025-11-18,KRT-064,0.0,KRT
2025-11-18,KRT-065,0.0,KRT
2025-11-18,KRT-066,0.0,KRT
2025-11-18,KRT-067,0.0,KRT
2025-11-18,KRT-068,0.0,KRT
2025-11-18,KRT-069,0.0,KRT
2025-11-18,KRT-070,0.0,KRT
2025-11-18,KRT-071,0.0,KRT
2025-11-18,KRT-072,0.0,KRT
2025-11-18,KRT-073,0.0,KRT
2025-11-18,KRT-074,0.0,KRT
2025-11-18,RDM-101,0.0,RDM
2025-11-18,RDM-102,0.0,RDM
2025-11-18,RDM-103,0.0,RDM
2025-11-18,RDM-104,0.0,RDM
2025-11-18,RDM-105,0.0,RDM
2025-11-18,RDM-106,0.0,RDM
2025-11-18,RDM-107,0.0,RDM
2025-11-18,RDM-108,0.0,RDM
2025-11-18,RDM-109,0.0,RDM
2025-11-18,RDM-110,0.0,RDM
2025-11-18,RDM-112,0.0,RDM
2025-11-18,RDM-113,0.0,RDM
2025-11-18,RDM-114,0.0,RDM
2025-11-18,RDM-115,0.0,RDM
2025-11-18,RDM-116,0.0,RDM
2025-11-18,RDM-117,0.0,RDM
2025-11-18,RDM-118,0.0,RDM
2025-11-18,RDM-119,0.0,RDM
2025-11-18,RDM-120,0.0,RDM
2025-11-18,RDM-121,0.0,RDM
2025-11-18,RDM-122,0.0,RDM
2025-11-18,RDM-123,0.0,RDM
2025-11-18,RDM-124,0.0,RDM
2025-11-18,RDM-125,0.0,RDM
2025-11-18,RDM-126,0.0,RDM
2025-11-18,RDM-127,0.0,RDM
2025-11-18,RDM-128,0.0,RDM
2025-11-18,RDM-129,0.0,RDM
2025-11-18,RDM-130,0.0,RDM
2025-11-18,RDM-131,0.0,RDM
2025-11-18,RDM-132,0.0,RDM
2025-11-18,RDM-133,0.0,RDM
2025-11-19,KRT-001,0.0,KRT
2025-11-19,KRT-002,0.51,KRT
2025-11-19,KRT-003,0.0,KRT
2025-11-19,KRT-004,0.25,KRT
2025-11-19,KRT-005,0.0,KRT
2025-11-19,KRT-006,0.0,KRT
2025-11-19,KRT-007,0.0,KRT
2025-11-19,KRT-008,0.25,KRT
2025-11-19,KRT-009,0.0,KRT
2025-11-19,KRT-010,0.0,KRT
2025-11-19,KRT-011,0.0,KRT
2025-11-19,KRT-012,0.0,KRT
2025-11-19,KRT-013,0.0,KRT
2025-11-19,KRT-014,0.0,KRT
2025-11-19,KRT-015,0.0,KRT
2025-11-19,KRT-016,0.0,KRT
2025-11-19,KRT-017,0.0,KRT
2025-11-19,KRT-018,0.0,KRT
2025-11-19,KRT-019,0.0,KRT
2025-11-19,KRT-020,0.0,KRT
2025-11-19,KRT-021,0.0,KRT
2025-11-19,KRT-022,0.0,KRT
2025-11-19,KRT-023,0.0,KRT
2025-11-19,KRT-024,0.0,KRT
2025-11-19,KRT-025,0.0,KRT
2025-11-19,KRT-026,0.0,KRT
2025-11-19,KRT-027,0.0,KRT
2025-11-19,KRT-028,0.0,KRT
2025-11-19,KRT-029,0.0,KRT
2025-11-19,KRT-030,0.0,KRT
2025-11-19,KRT-031,0.0,KRT
2025-11-19,KRT-032,0.0,KRT
2025-11-19,KRT-033,0.0,KRT
2025-11-19,KRT-034,0.0,KRT
2025-11-19,KRT-035,0.0,KRT
2025-11-19,KRT-036,0.0,KRT
2025-11-19,KRT-037,0.0,KRT
2025-11-19,KRT-038,0.0,KRT
2025-11-19,KRT-039,0.25,KRT
2025-11-19,KRT-040,0.0,KRT
2025-11-19,KRT-041,0.0,KRT
2025-11-19,KRT-042,0.0,KRT
2025-11-19,KRT-043,0.0,KRT
2025-11-19,KRT-044,0.0,KRT
2025-11-19,KRT-045,0.0,KRT
2025-11-19,KRT-046,0.0,KRT
2025-11-19,KRT-047,0.0,KRT
2025-11-19,KRT-048,0.0,KRT
2025-11-19,KRT-049,0.0,KRT
2025-11-19,KRT-050,0.0,KRT
2025-11-19,KRT-051,0.0,KRT
2025-11-19,KRT-052,0.0,KRT
2025-11-19,KRT-053,0.0,KRT
2025-11-19,KRT-054,0.0,KRT
2025-11-19,KRT-055,0.0,KRT
2025-11-19,KRT-056,0.0,KRT
2025-11-19,KRT-057,0.0,KRT
2025-11-19,KRT-058,0.0,KRT
2025-11-19,KRT-059,0.0,KRT
2025-11-19,KRT-060,0.0,KRT
2025-11-19,KRT-061,0.0,KRT
2025-11-19,KRT-062,0.0,KRT
2025-11-19,KRT-063,0.0,KRT
2025-11-19,KRT-064,0.0,KRT
2025-11-19,KRT-065,0.0,KRT
2025-11-19,KRT-066,0.0,KRT
2025-11-19,KRT-067,0.0,KRT
2025-11-19,KRT-068,0.0,KRT
2025-11-19,KRT-069,0.0,KRT
2025-11-19,KRT-070,0.99,KRT
2025-11-19,KRT-071,0.0,KRT
2025-11-19,KRT-072,0.38,KRT
2025-11-19,KRT-073,0.0,KRT
2025-11-19,KRT-074,0.0,KRT
2025-11-19,RDM-101,0.0,RDM
2025-11-19,RDM-102,0.0,RDM
2025-11-19,RDM-103,0.0,RDM
2025-11-19,RDM-104,0.51,RDM
2025-11-19,RDM-105,0.0,RDM
2025-11-19,RDM-106,0.25,RDM
2025-11-19,RDM-107,0.0,RDM
2025-11-19,RDM-108,0.0,RDM
2025-11-19,RDM-109,2.54,RDM
2025-11-19,RDM-110,3.9,RDM
2025-11-19,RDM-112,0.0,RDM
2025-11-19,RDM-113,0.0,RDM
2025-11-19,RDM-114,0.0,RDM
2025-11-19,RDM-115,0.25,RDM
2025-11-19,RDM-116,0.0,RDM
2025-11-19,RDM-117,0.3,RDM
2025-11-19,RDM-118,0.0,RDM
2025-11-19,RDM-119,0.0,RDM
2025-11-19,RDM-120,0.0,RDM
2025-11-19,RDM-121,0.0,RDM
2025-11-19,RDM-122,0.0,RDM
2025-11-19,RDM-123,0.51,RDM
2025-11-19,RDM-124,0.9,RDM
2025-11-19,RDM-125,0.6,RDM
2025-11-19,RDM-126,0.9,RDM
2025-11-19,RDM-127,0.51,RDM
2025-11-19,RDM-128,0.76,RDM
2025-11-19,RDM-129,1.27,RDM
2025-11-19,RDM-130,0.76,RDM
2025-11-19,RDM-131,0.76,RDM
2025-11-19,RDM-132,1.8,RDM
2025-11-19,RDM-133,0.76,RDM
2025-11-20,KRT-001,1.27,KRT
2025-11-20,KRT-002,3.81,KRT
2025-11-20,KRT-003,5.02,KRT
2025-11-20,KRT-004,13.72,KRT
2025-11-20,KRT-005,6.25,KRT
2025-11-20,KRT-006,5.7,KRT
2025-11-20,KRT-007,2.03,KRT
2025-11-20,KRT-008,3.81,KRT
2025-11-20,KRT-009,13.97,KRT
2025-11-20,KRT-010,13.21,KRT
2025-11-20,KRT-011,7.4,KRT
2025-11-20,KRT-012,6.6,KRT
2025-11-20,KRT-013,17.53,KRT
2025-11-20,KRT-014,10.6,KRT
2025-11-20,KRT-015,3.56,KRT
2025-11-20,KRT-016,5.4,KRT
2025-11-20,KRT-017,7.87,KRT
2025-11-20,KRT-018,7.25,KRT
2025-11-20,KRT-019,18.22,KRT
2025-11-20,KRT-020,7.62,KRT
2025-11-20,KRT-021,22.35,KRT
2025-11-20,KRT-022,9.91,KRT
2025-11-20,KRT-023,9.71,KRT
2025-11-20,KRT-024,10.41,KRT
2025-11-20,KRT-025,19.3,KRT
2025-11-20,KRT-026,5.08,KRT
2025-11-20,KRT-027,12.4,KRT
2025-11-20,KRT-028,28.19,KRT
2025-11-20,KRT-029,6.1,KRT
2025-11-20,KRT-030,12.7,KRT
2025-11-20,KRT-031,12.76,KRT
2025-11-20,KRT-032,25.4,KRT
2025-11-20,KRT-033,14.99,KRT
2025-11-20,KRT-034,22.86,KRT
2025-11-20,KRT-035,2.54,KRT
2025-11-20,KRT-036,4.83,KRT
2025-11-20,KRT-037,6.6,KRT
2025-11-20,KRT-038,2.29,KRT
2025-11-20,KRT-039,5.08,KRT
2025-11-20,KRT-040,1.52,KRT
2025-11-20,KRT-041,3.23,KRT
2025-11-20,KRT-042,7.62,KRT
2025-11-20,KRT-043,1.52,KRT
2025-11-20,KRT-044,3.56,KRT
2025-11-20,KRT-045,4.19,KRT
2025-11-20,KRT-046,4.25,KRT
2025-11-20,KRT-047,4.57,KRT
2025-11-20,KRT-048,4.25,KRT
2025-11-20,KRT-049,7.37,KRT
2025-11-20,KRT-050,3.05,KRT
2025-11-20,KRT-051,16.54,KRT
2025-11-20,KRT-052,3.56,KRT
2025-11-20,KRT-053,11.4,KRT
2025-11-20,KRT-054,3.3,KRT
2025-11-20,KRT-055,9.4,KRT
2025-11-20,KRT-056,17.02,KRT
2025-11-20,KRT-057,10.85,KRT
2025-11-20,KRT-058,16.75,KRT
2025-11-20,KRT-059,13.46,KRT
2025-11-20,KRT-060,27.69,KRT
2025-11-20,KRT-061,17.78,KRT
2025-11-20,KRT-062,30.22,KRT
2025-11-20,KRT-063,42.9,KRT
2025-11-20,KRT-064,57.9,KRT
2025-11-20,KRT-065,36.0,KRT
2025-11-20,KRT-066,23.11,KRT
2025-11-20,KRT-067,37.08,KRT
2025-11-20,KRT-068,24.96,KRT
2025-11-20,KRT-069,14.9,KRT
2025-11-20,KRT-070,9.85,KRT
2025-11-20,KRT-071,15.6,KRT
2025-11-20,KRT-072,8.74,KRT
2025-11-20,KRT-073,2.29,KRT
2025-11-20,KRT-074,3.56,KRT
2025-11-20,RDM-101,3.25,RDM
2025-11-20,RDM-102,0.25,RDM
2025-11-20,RDM-103,5.84,RDM
2025-11-20,RDM-104,4.06,RDM
2025-11-20,RDM-105,13.72,RDM
2025-11-20,RDM-106,10.41,RDM
2025-11-20,RDM-107,7.8,RDM
2025-11-20,RDM-108,16.76,RDM
2025-11-20,RDM-109,0.51,RDM
2025-11-20,RDM-110,6.3,RDM
2025-11-20,RDM-112,4.32,RDM
2025-11-20,RDM-113,1.2,RDM
2025-11-20,RDM-114,5.25,RDM
2025-11-20,RDM-115,3.05,RDM
2025-11-20,RDM-116,4.83,RDM
2025-11-20,RDM-117,4.8,RDM
2025-11-20,RDM-118,3.13,RDM
2025-11-20,RDM-119,1.02,RDM
2025-11-20,RDM-120,3.56,RDM
2025-11-20,RDM-121,0.76,RDM
2025-11-20,RDM-122,1.02,RDM
2025-11-20,RDM-123,0.0,RDM
2025-11-20,RDM-124,0.0,RDM
2025-11-20,RDM-125,0.0,RDM
2025-11-20,RDM-126,0.0,RDM
2025-11-20,RDM-127,0.0,RDM
2025-11-20,RDM-128,0.25,RDM
2025-11-20,RDM-129,0.0,RDM
2025-11-20,RDM-130,0.25,RDM
2025-11-20,RDM-131,0.0,RDM
2025-11-20,RDM-132,0.6,RDM
2025-11-20,RDM-133,0.0,RDM
2025-11-21,KRT-001,97.79,KRT
2025-11-21,KRT-002,95.25,KRT
2025-11-21,KRT-003,90.93,KRT
2025-11-21,KRT-004,83.0,KRT
2025-11-21,KRT-005,92.0,KRT
2025-11-21,KRT-006,68.7,KRT
2025-11-21,KRT-007,77.98,KRT
2025-11-21,KRT-008,67.31,KRT
2025-11-21,KRT-009,73.41,KRT
2025-11-21,KRT-010,62.99,KRT
2025-11-21,KRT-011,69.82,KRT
2025-11-21,KRT-012,46.74,KRT
2025-11-21,KRT-013,63.5,KRT
2025-11-21,KRT-014,61.94,KRT
2025-11-21,KRT-015,93.47,KRT
2025-11-21,KRT-016,72.7,KRT
2025-11-21,KRT-017,95.0,KRT
2025-11-21,KRT-018,86.75,KRT
2025-11-21,KRT-019,91.84,KRT
2025-11-21,KRT-020,91.38,KRT
2025-11-21,KRT-021,91.49,KRT
2025-11-21,KRT-022,87.32,KRT
2025-11-21,KRT-023,60.6,KRT
2025-11-21,KRT-024,83.06,KRT
2025-11-21,KRT-025,70.1,KRT
2025-11-21,KRT-026,74.68,KRT
2025-11-21,KRT-027,53.2,KRT
2025-11-21,KRT-028,65.79,KRT
2025-11-21,KRT-029,52.18,KRT
2025-11-21,KRT-030,40.13,KRT
2025-11-21,KRT-031,51.01,KRT
2025-11-21,KRT-032,68.83,KRT
2025-11-21,KRT-033,62.48,KRT
2025-11-21,KRT-034,46.74,KRT
2025-11-21,KRT-035,115.32,KRT
2025-11-21,KRT-036,102.87,KRT
2025-11-21,KRT-037,90.68,KRT
2025-11-21,KRT-038,90.68,KRT
2025-11-21,KRT-039,103.89,KRT
2025-11-21,KRT-040,91.44,KRT
2025-11-21,KRT-041,103.3,KRT
2025-11-21,KRT-042,107.19,KRT
2025-11-21,KRT-043,113.28,KRT
2025-11-21,KRT-044,76.45,KRT
2025-11-21,KRT-045,69.8,KRT
2025-11-21,KRT-046,97.79,KRT
2025-11-21,KRT-047,105.92,KRT
2025-11-21,KRT-048,86.5,KRT
2025-11-21,KRT-049,156.97,KRT
2025-11-21,KRT-050,60.93,KRT
2025-11-21,KRT-051,110.68,KRT
2025-11-21,KRT-052,77.47,KRT
2025-11-21,KRT-053,65.0,KRT
2025-11-21,KRT-054,43.94,KRT
2025-11-21,KRT-055,82.04,KRT
2025-11-21,KRT-056,67.82,KRT
2025-11-21,KRT-057,70.51,KRT
2025-11-21,KRT-058,80.2,KRT
2025-11-21,KRT-059,91.44,KRT
2025-11-21,KRT-060,102.36,KRT
2025-11-21,KRT-061,94.49,KRT
2025-11-21,KRT-062,110.16,KRT
2025-11-21,KRT-063,78.6,KRT
2025-11-21,KRT-064,75.3,KRT
2025-11-21,KRT-065,80.4,KRT
2025-11-21,KRT-066,107.25,KRT
2025-11-21,KRT-067,107.75,KRT
2025-11-21,KRT-068,109.62,KRT
2025-11-21,KRT-069,119.4,KRT
2025-11-21,KRT-070,128.44,KRT
2025-11-21,KRT-071,118.45,KRT
2025-11-21,KRT-072,154.66,KRT
2025-11-21,KRT-073,59.94,KRT
2025-11-21,KRT-074,73.91,KRT
2025-11-21,RDM-101,3.75,RDM
2025-11-21,RDM-102,4.75,RDM
2025-11-21,RDM-103,7.37,RDM
2025-11-21,RDM-104,6.6,RDM
2025-11-21,RDM-105,10.67,RDM
2025-11-21,RDM-106,9.4,RDM
2025-11-21,RDM-107,32.7,RDM
2025-11-21,RDM-108,23.62,RDM
2025-11-21,RDM-109,7.11,RDM
2025-11-21,RDM-110,14.7,RDM
2025-11-21,RDM-112,0.25,RDM
2025-11-21,RDM-113,0.6,RDM
2025-11-21,RDM-114,0.25,RDM
2025-11-21,RDM-115,0.51,RDM
2025-11-21,RDM-116,0.25,RDM
2025-11-21,RDM-117,0.3,RDM
2025-11-21,RDM-118,0.0,RDM
2025-11-21,RDM-119,0.76,RDM
2025-11-21,RDM-120,0.25,RDM
2025-11-21,RDM-121,0.76,RDM
2025-11-21,RDM-122,0.25,RDM
2025-11-21,RDM-123,0.25,RDM
2025-11-21,RDM-124,0.6,RDM
2025-11-21,RDM-125,1.5,RDM
2025-11-21,RDM-126,1.5,RDM
2025-11-21,RDM-127,2.54,RDM
2025-11-21,RDM-128,1.27,RDM
2025-11-21,RDM-129,1.02,RDM
2025-11-21,RDM-130,0.76,RDM
2025-11-21,RDM-131,0.76,RDM
2025-11-21,RDM-132,1.2,RDM
2025-11-21,RDM-133,4.32,RDM
2025-11-22,KRT-001,6.6,KRT
2025-11-22,KRT-002,2.54,KRT
2025-11-22,KRT-003,0.51,KRT
2025-11-22,KRT-004,0.76,KRT
2025-11-22,KRT-005,1.25,KRT
2025-11-22,KRT-006,1.27,KRT
2025-11-22,KRT-007,1.02,KRT
2025-11-22,KRT-008,1.02,KRT
2025-11-22,KRT-009,1.02,KRT
2025-11-22,KRT-010,1.27,KRT
2025-11-22,KRT-011,0.25,KRT
2025-11-22,KRT-012,0.51,KRT
2025-11-22,KRT-013,0.76,KRT
2025-11-22,KRT-014,0.25,KRT
2025-11-22,KRT-015,1.78,KRT
2025-11-22,KRT-016,3.68,KRT
2025-11-22,KRT-017,2.29,KRT
2025-11-22,KRT-018,6.75,KRT
2025-11-22,KRT-019,3.89,KRT
2025-11-22,KRT-020,5.08,KRT
2025-11-22,KRT-021,4.32,KRT
2025-11-22,KRT-022,3.56,KRT
2025-11-22,KRT-023,1.02,KRT
2025-11-22,KRT-024,2.03,KRT
2025-11-22,KRT-025,1.02,KRT
2025-11-22,KRT-026,0.51,KRT
2025-11-22,KRT-027,0.0,KRT
2025-11-22,KRT-028,1.02,KRT
2025-11-22,KRT-029,0.51,KRT
2025-11-22,KRT-030,2.54,KRT
2025-11-22,KRT-031,0.25,KRT
2025-11-22,KRT-032,0.76,KRT
2025-11-22,KRT-033,6.35,KRT
2025-11-22,KRT-034,3.05,KRT
2025-11-22,KRT-035,2.54,KRT
2025-11-22,KRT-036,2.03,KRT
2025-11-22,KRT-037,1.78,KRT
2025-11-22,KRT-038,0.25,KRT
2025-11-22,KRT-039,0.25,KRT
2025-11-22,KRT-040,0.25,KRT
2025-11-22,KRT-041,0.0,KRT
2025-11-22,KRT-042,0.0,KRT
2025-11-22,KRT-043,0.0,KRT
2025-11-22,KRT-044,0.0,KRT
2025-11-22,KRT-045,0.0,KRT
2025-11-22,KRT-046,0.51,KRT
2025-11-22,KRT-047,1.02,KRT
2025-11-22,KRT-048,0.0,KRT
2025-11-22,KRT-049,1.02,KRT
2025-11-22,KRT-050,0.0,KRT
2025-11-22,KRT-051,0.76,KRT
2025-11-22,KRT-052,3.3,KRT
2025-11-22,KRT-053,0.0,KRT
2025-11-22,KRT-054,0.0,KRT
2025-11-22,KRT-055,0.0,KRT
2025-11-22,KRT-056,0.0,KRT
2025-11-22,KRT-057,0.0,KRT
2025-11-22,KRT-058,0.0,KRT
2025-11-22,KRT-059,0.0,KRT
2025-11-22,KRT-060,0.0,KRT
2025-11-22,KRT-061,0.0,KRT
2025-11-22,KRT-062,0.0,KRT
2025-11-22,KRT-063,0.0,KRT
2025-11-22,KRT-064,0.0,KRT
2025-11-22,KRT-065,0.0,KRT
2025-11-22,KRT-066,0.0,KRT
2025-11-22,KRT-067,0.0,KRT
2025-11-22,KRT-068,0.0,KRT
2025-11-22,KRT-069,0.0,KRT
2025-11-22,KRT-070,0.0,KRT
2025-11-22,KRT-071,0.0,KRT
2025-11-22,KRT-072,0.0,KRT
2025-11-22,KRT-073,0.0,KRT
2025-11-22,KRT-074,0.0,KRT
2025-11-22,RDM-101,0.0,RDM
2025-11-22,RDM-102,0.0,RDM
2025-11-22,RDM-103,0.0,RDM
2025-11-22,RDM-104,0.0,RDM
2025-11-22,RDM-105,0.0,RDM
2025-11-22,RDM-106,0.0,RDM
2025-11-22,RDM-107,0.0,RDM
2025-11-22,RDM-108,0.0,RDM
2025-11-22,RDM-109,0.0,RDM
2025-11-22,RDM-110,0.0,RDM
2025-11-22,RDM-112,0.51,RDM
2025-11-22,RDM-113,0.0,RDM
2025-11-22,RDM-114,0.0,RDM
2025-11-22,RDM-115,0.51,RDM
2025-11-22,RDM-116,4.06,RDM
2025-11-22,RDM-117,1.2,RDM
2025-11-22,RDM-118,0.0,RDM
2025-11-22,RDM-119,2.79,RDM
2025-11-22,RDM-120,0.0,RDM
2025-11-22,RDM-121,0.0,RDM
2025-11-22,RDM-122,0.0,RDM
2025-11-22,RDM-123,0.0,RDM
2025-11-22,RDM-124,0.0,RDM
2025-11-22,RDM-125,0.9,RDM
2025-11-22,RDM-126,1.5,RDM
2025-11-22,RDM-127,2.54,RDM
2025-11-22,RDM-128,2.79,RDM
2025-11-22,RDM-129,5.08,RDM
2025-11-22,RDM-130,2.03,RDM
2025-11-22,RDM-131,0.0,RDM
2025-11-22,RDM-132,0.0,RDM
2025-11-22,RDM-133,0.51,RDM
2025-11-23,KRT-001,31.24,KRT
2025-11-23,KRT-002,28.19,KRT
2025-11-23,KRT-003,32.0,KRT
2025-11-23,KRT-004,23.62,KRT
2025-11-23,KRT-005,27.51,KRT
2025-11-23,KRT-006,27.26,KRT
2025-11-23,KRT-007,22.35,KRT
2025-11-23,KRT-008,26.67,KRT
2025-11-23,KRT-009,33.02,KRT
2025-11-23,KRT-010,27.43,KRT
2025-11-23,KRT-011,32.73,KRT
2025-11-23,KRT-012,29.5,KRT
2025-11-23,KRT-013,36.32,KRT
2025-11-23,KRT-014,32.6,KRT
2025-11-23,KRT-015,32.77,KRT
2025-11-23,KRT-016,27.73,KRT
2025-11-23,KRT-017,23.37,KRT
2025-11-23,KRT-018,27.0,KRT
2025-11-23,KRT-019,25.66,KRT
2025-11-23,KRT-020,20.32,KRT
2025-11-23,KRT-021,28.45,KRT
2025-11-23,KRT-022,38.1,KRT
2025-11-23,KRT-023,30.71,KRT
2025-11-23,KRT-024,27.43,KRT
2025-11-23,KRT-025,35.56,KRT
2025-11-23,KRT-026,30.48,KRT
2025-11-23,KRT-027,32.7,KRT
2025-11-23,KRT-028,32.0,KRT
2025-11-23,KRT-029,28.65,KRT
2025-11-23,KRT-030,21.34,KRT
2025-11-23,KRT-031,25.61,KRT
2025-11-23,KRT-032,28.45,KRT
2025-11-23,KRT-033,26.42,KRT
2025-11-23,KRT-034,21.84,KRT
2025-11-23,KRT-035,26.67,KRT
2025-11-23,KRT-036,36.32,KRT
2025-11-23,KRT-037,36.58,KRT
2025-11-23,KRT-038,16.51,KRT
2025-11-23,KRT-039,23.11,KRT
2025-11-23,KRT-040,20.57,KRT
2025-11-23,KRT-041,15.87,KRT
2025-11-23,KRT-042,13.72,KRT
2025-11-23,KRT-043,12.7,KRT
2025-11-23,KRT-044,12.95,KRT
2025-11-23,KRT-045,13.78,KRT
2025-11-23,KRT-046,10.41,KRT
2025-11-23,KRT-047,8.64,KRT
2025-11-23,KRT-048,10.91,KRT
2025-11-23,KRT-049,11.43,KRT
2025-11-23,KRT-050,16.26,KRT
2025-11-23,KRT-051,20.32,KRT
2025-11-23,KRT-052,9.4,KRT
2025-11-23,KRT-053,10.3,KRT
2025-11-23,KRT-054,7.62,KRT
2025-11-23,KRT-055,10.41,KRT
2025-11-23,KRT-056,12.19,KRT
2025-11-23,KRT-057,8.36,KRT
2025-11-23,KRT-058,8.0,KRT
2025-11-23,KRT-059,13.21,KRT
2025-11-23,KRT-060,12.19,KRT
2025-11-23,KRT-061,10.92,KRT
2025-11-23,KRT-062,11.76,KRT
2025-11-23,KRT-063,29.1,KRT
2025-11-23,KRT-064,32.1,KRT
2025-11-23,KRT-065,12.9,KRT
2025-11-23,KRT-066,9.14,KRT
2025-11-23,KRT-067,12.19,KRT
2025-11-23,KRT-068,16.64,KRT
2025-11-23,KRT-069,16.34,KRT
2025-11-23,KRT-070,14.97,KRT
2025-11-23,KRT-071,14.62,KRT
2025-11-23,KRT-072,19.38,KRT
2025-11-23,KRT-073,21.08,KRT
2025-11-23,KRT-074,14.73,KRT
2025-11-23,RDM-101,12.0,RDM
2025-11-23,RDM-102,12.25,RDM
2025-11-23,RDM-103,10.16,RDM
2025-11-23,RDM-104,13.46,RDM
2025-11-23,RDM-105,11.43,RDM
2025-11-23,RDM-106,11.68,RDM
2025-11-23,RDM-107,13.8,RDM
2025-11-23,RDM-108,12.45,RDM
2025-11-23,RDM-109,12.7,RDM
2025-11-23,RDM-110,14.4,RDM
2025-11-23,RDM-112,16.0,RDM
2025-11-23,RDM-113,18.6,RDM
2025-11-23,RDM-114,20.75,RDM
2025-11-23,RDM-115,22.1,RDM
2025-11-23,RDM-116,22.35,RDM
2025-11-23,RDM-117,30.6,RDM
2025-11-23,RDM-118,30.3,RDM
2025-11-23,RDM-119,23.88,RDM
2025-11-23,RDM-120,36.07,RDM
2025-11-23,RDM-121,32.0,RDM
2025-11-23,RDM-122,30.47,RDM
2025-11-23,RDM-123,32.51,RDM
2025-11-23,RDM-124,39.6,RDM
2025-11-23,RDM-125,32.4,RDM
2025-11-23,RDM-126,21.9,RDM
2025-11-23,RDM-127,26.67,RDM
2025-11-23,RDM-128,23.11,RDM
2025-11-23,RDM-129,25.4,RDM
2025-11-23,RDM-130,23.88,RDM
2025-11-23,RDM-131,24.13,RDM
2025-11-23,RDM-132,19.8,RDM
2025-11-23,RDM-133,28.19,RDM
2025-11-24,KRT-001,7.11,KRT
2025-11-24,KRT-002,8.38,KRT
2025-11-24,KRT-003,9.14,KRT
2025-11-24,KRT-004,9.4,KRT
2025-11-24,KRT-005,6.75,KRT
2025-11-24,KRT-006,6.86,KRT
2025-11-24,KRT-007,4.57,KRT
2025-11-24,KRT-008,8.64,KRT
2025-11-24,KRT-009,5.84,KRT
2025-11-24,KRT-010,6.35,KRT
2025-11-24,KRT-011,7.87,KRT
2025-11-24,KRT-012,4.57,KRT
2025-11-24,KRT-013,13.21,KRT
2025-11-24,KRT-014,10.25,KRT
2025-11-24,KRT-015,7.37,KRT
2025-11-24,KRT-016,9.27,KRT
2025-11-24,KRT-017,8.13,KRT
2025-11-24,KRT-018,8.75,KRT
2025-11-24,KRT-019,5.59,KRT
2025-11-24,KRT-020,7.87,KRT
2025-11-24,KRT-021,7.37,KRT
2025-11-24,KRT-022,10.41,KRT
2025-11-24,KRT-023,6.69,KRT
2025-11-24,KRT-024,8.13,KRT
2025-11-24,KRT-025,8.64,KRT
2025-11-24,KRT-026,12.95,KRT
2025-11-24,KRT-027,10.31,KRT
2025-11-24,KRT-028,9.4,KRT
2025-11-24,KRT-029,13.83,KRT
2025-11-24,KRT-030,5.33,KRT
2025-11-24,KRT-031,7.53,KRT
2025-11-24,KRT-032,21.84,KRT
2025-11-24,KRT-033,7.87,KRT
2025-11-24,KRT-034,16.76,KRT
2025-11-24,KRT-035,10.41,KRT
2025-11-24,KRT-036,8.64,KRT
2025-11-24,KRT-037,7.87,KRT
2025-11-24,KRT-038,10.92,KRT
2025-11-24,KRT-039,11.68,KRT
2025-11-24,KRT-040,10.41,KRT
2025-11-24,KRT-041,11.4,KRT
2025-11-24,KRT-042,12.95,KRT
2025-11-24,KRT-043,10.92,KRT
2025-11-24,KRT-044,9.65,KRT
2025-11-24,KRT-045,9.05,KRT
2025-11-24,KRT-046,10.67,KRT
2025-11-24,KRT-047,14.48,KRT
2025-11-24,KRT-048,12.26,KRT
2025-11-24,KRT-049,11.43,KRT
2025-11-24,KRT-050,10.67,KRT
2025-11-24,KRT-051,8.38,KRT
2025-11-24,KRT-052,12.45,KRT
2025-11-24,KRT-053,9.47,KRT
2025-11-24,KRT-054,6.86,KRT
2025-11-24,KRT-055,11.94,KRT
2025-11-24,KRT-056,11.68,KRT
2025-11-24,KRT-057,11.07,KRT
2025-11-24,KRT-058,10.75,KRT
2025-11-24,KRT-059,17.53,KRT
2025-11-24,KRT-060,14.48,KRT
2025-11-24,KRT-061,16.26,KRT
2025-11-24,KRT-062,14.93,KRT
2025-11-24,KRT-063,11.1,KRT
2025-11-24,KRT-064,12.6,KRT
2025-11-24,KRT-065,10.5,KRT
2025-11-24,KRT-066,10.92,KRT
2025-11-24,KRT-067,13.97,KRT
2025-11-24,KRT-068,18.72,KRT
2025-11-24,KRT-069,17.75,KRT
2025-11-24,KRT-070,15.96,KRT
2025-11-24,KRT-071,17.13,KRT
2025-11-24,KRT-072,17.86,KRT
2025-11-24,KRT-073,8.89,KRT
2025-11-24,KRT-074,12.95,KRT
2025-11-24,RDM-101,21.25,RDM
2025-11-24,RDM-102,22.5,RDM
2025-11-24,RDM-103,16.0,RDM
2025-11-24,RDM-104,18.29,RDM
2025-11-24,RDM-105,13.46,RDM
2025-11-24,RDM-106,17.78,RDM
2025-11-24,RDM-107,13.8,RDM
2025-11-24,RDM-108,13.97,RDM
2025-11-24,RDM-109,19.56,RDM
2025-11-24,RDM-110,14.1,RDM
2025-11-24,RDM-112,27.43,RDM
2025-11-24,RDM-113,32.4,RDM
2025-11-24,RDM-114,26.25,RDM
2025-11-24,RDM-115,24.13,RDM
2025-11-24,RDM-116,23.62,RDM
2025-11-24,RDM-117,36.6,RDM
2025-11-24,RDM-118,22.8,RDM
2025-11-24,RDM-119,25.15,RDM
2025-11-24,RDM-120,23.88,RDM
2025-11-24,RDM-121,25.15,RDM
2025-11-24,RDM-122,24.13,RDM
2025-11-24,RDM-123,24.89,RDM
2025-11-24,RDM-124,20.7,RDM
2025-11-24,RDM-125,20.7,RDM
2025-11-24,RDM-126,23.37,RDM
2025-11-24,RDM-127,19.56,RDM
2025-11-24,RDM-128,24.89,RDM
2025-11-24,RDM-129,22.61,RDM
2025-11-24,RDM-130,24.89,RDM
2025-11-24,RDM-131,28.19,RDM
2025-11-24,RDM-132,29.4,RDM
2025-11-24,RDM-133,14.22,RDM
2025-11-25,KRT-001,34.04,KRT
2025-11-25,KRT-002,36.58,KRT
2025-11-25,KRT-003,21.34,KRT
2025-11-25,KRT-004,37.85,KRT
2025-11-25,KRT-005,54.75,KRT
2025-11-25,KRT-006,54.76,KRT
2025-11-25,KRT-007,52.58,KRT
2025-11-25,KRT-008,63.75,KRT
2025-11-25,KRT-009,54.36,KRT
2025-11-25,KRT-010,56.13,KRT
2025-11-25,KRT-011,58.81,KRT
2025-11-25,KRT-012,40.64,KRT
2025-11-25,KRT-013,80.77,KRT
2025-11-25,KRT-014,66.97,KRT
2025-11-25,KRT-015,48.01,KRT
2025-11-25,KRT-016,41.26,KRT
2025-11-25,KRT-017,44.45,KRT
2025-11-25,KRT-018,45.5,KRT
2025-11-25,KRT-019,44.45,KRT
2025-11-25,KRT-020,40.13,KRT
2025-11-25,KRT-021,62.74,KRT
2025-11-25,KRT-022,53.34,KRT
2025-11-25,KRT-023,67.8,KRT
2025-11-25,KRT-024,83.06,KRT
2025-11-25,KRT-025,84.58,KRT
2025-11-25,KRT-026,78.74,KRT
2025-11-25,KRT-027,72.96,KRT
2025-11-25,KRT-028,55.37,KRT
2025-11-25,KRT-029,58.95,KRT
2025-11-25,KRT-030,74.68,KRT
2025-11-25,KRT-031,53.25,KRT
2025-11-25,KRT-032,48.26,KRT
2025-11-25,KRT-033,49.28,KRT
2025-11-25,KRT-034,39.88,KRT
2025-11-25,KRT-035,37.34,KRT
2025-11-25,KRT-036,28.45,KRT
2025-11-25,KRT-037,19.3,KRT
2025-11-25,KRT-038,20.32,KRT
2025-11-25,KRT-039,30.23,KRT
2025-11-25,KRT-040,23.37,KRT
2025-11-25,KRT-041,16.52,KRT
2025-11-25,KRT-042,10.67,KRT
2025-11-25,KRT-043,11.68,KRT
2025-11-25,KRT-044,17.53,KRT
2025-11-25,KRT-045,17.96,KRT
2025-11-25,KRT-046,11.18,KRT
2025-11-25,KRT-047,12.19,KRT
2025-11-25,KRT-048,10.5,KRT
2025-11-25,KRT-049,7.62,KRT
2025-11-25,KRT-050,26.42,KRT
2025-11-25,KRT-051,26.16,KRT
2025-11-25,KRT-052,14.73,KRT
2025-11-25,KRT-053,19.25,KRT
2025-11-25,KRT-054,18.73,KRT
2025-11-25,KRT-055,19.81,KRT
2025-11-25,KRT-056,21.59,KRT
2025-11-25,KRT-057,11.75,KRT
2025-11-25,KRT-058,15.75,KRT
2025-11-25,KRT-059,10.67,KRT
2025-11-25,KRT-060,16.0,KRT
2025-11-25,KRT-061,8.38,KRT
2025-11-25,KRT-062,12.42,KRT
2025-11-25,KRT-063,30.0,KRT
2025-11-25,KRT-064,27.6,KRT
2025-11-25,KRT-065,24.9,KRT
2025-11-25,KRT-066,12.19,KRT
2025-11-25,KRT-067,12.95,KRT
2025-11-25,KRT-068,22.46,KRT
2025-11-25,KRT-069,10.15,KRT
2025-11-25,KRT-070,11.43,KRT
2025-11-25,KRT-071,9.9,KRT
2025-11-25,KRT-072,7.6,KRT
2025-11-25,KRT-073,34.04,KRT
2025-11-25,KRT-074,27.18,KRT
2025-11-25,RDM-101,3.0,RDM
2025-11-25,RDM-102,1.75,RDM
2025-11-25,RDM-103,3.3,RDM
2025-11-25,RDM-104,4.57,RDM
2025-11-25,RDM-105,3.3,RDM
2025-11-25,RDM-106,4.06,RDM
2025-11-25,RDM-107,3.9,RDM
2025-11-25,RDM-108,2.03,RDM
2025-11-25,RDM-109,2.29,RDM
2025-11-25,RDM-110,1.8,RDM
2025-11-25,RDM-112,0.51,RDM
2025-11-25,RDM-113,1.5,RDM
2025-11-25,RDM-114,0.5,RDM
2025-11-25,RDM-115,1.02,RDM
2025-11-25,RDM-116,0.51,RDM
2025-11-25,RDM-117,0.6,RDM
2025-11-25,RDM-118,0.3,RDM
2025-11-25,RDM-119,0.51,RDM
2025-11-25,RDM-120,0.76,RDM
2025-11-25,RDM-121,0.51,RDM
2025-11-25,RDM-122,1.02,RDM
2025-11-25,RDM-123,1.78,RDM
2025-11-25,RDM-124,0.6,RDM
2025-11-25,RDM-125,0.3,RDM
2025-11-25,RDM-126,0.0,RDM
2025-11-25,RDM-127,0.51,RDM
2025-11-25,RDM-128,0.76,RDM
2025-11-25,RDM-129,0.76,RDM
2025-11-25,RDM-130,0.51,RDM
2025-11-25,RDM-131,1.27,RDM
2025-11-25,RDM-132,1.8,RDM
2025-11-25,RDM-133,0.0,RDM
2025-11-26,KRT-001,19.56,KRT
2025-11-26,KRT-002,17.78,KRT
2025-11-26,KRT-003,17.02,KRT
2025-11-26,KRT-004,16.0,KRT
2025-11-26,KRT-005,16.75,KRT
2025-11-26,KRT-006,16.75,KRT
2025-11-26,KRT-007,15.75,KRT
2025-11-26,KRT-008,15.49,KRT
2025-11-26,KRT-009,17.78,KRT
2025-11-26,KRT-010,14.48,KRT
2025-11-26,KRT-011,15.5,KRT
2025-11-26,KRT-012,9.4,KRT
2025-11-26,KRT-013,16.26,KRT
2025-11-26,KRT-014,12.8,KRT
2025-11-26,KRT-015,20.07,KRT
2025-11-26,KRT-016,17.53,KRT
2025-11-26,KRT-017,15.75,KRT
2025-11-26,KRT-018,18.0,KRT
2025-11-26,KRT-019,10.16,KRT
2025-11-26,KRT-020,11.94,KRT
2025-11-26,KRT-021,13.21,KRT
2025-11-26,KRT-022,18.54,KRT
2025-11-26,KRT-023,17.87,KRT
2025-11-26,KRT-024,25.4,KRT
2025-11-26,KRT-025,23.88,KRT
2025-11-26,KRT-026,12.7,KRT
2025-11-26,KRT-027,22.92,KRT
2025-11-26,KRT-028,24.13,KRT
2025-11-26,KRT-029,23.25,KRT
2025-11-26,KRT-030,17.53,KRT
2025-11-26,KRT-031,23.67,KRT
2025-11-26,KRT-032,30.99,KRT
2025-11-26,KRT-033,21.59,KRT
2025-11-26,KRT-034,22.86,KRT
2025-11-26,KRT-035,16.51,KRT
2025-11-26,KRT-036,14.48,KRT
2025-11-26,KRT-037,11.18,KRT
2025-11-26,KRT-038,9.65,KRT
2025-11-26,KRT-039,14.48,KRT
2025-11-26,KRT-040,9.91,KRT
2025-11-26,KRT-041,8.38,KRT
2025-11-26,KRT-042,7.37,KRT
2025-11-26,KRT-043,6.6,KRT
2025-11-26,KRT-044,9.4,KRT
2025-11-26,KRT-045,10.58,KRT
2025-11-26,KRT-046,9.91,KRT
2025-11-26,KRT-047,6.86,KRT
2025-11-26,KRT-048,6.01,KRT
2025-11-26,KRT-049,4.57,KRT
2025-11-26,KRT-050,5.59,KRT
2025-11-26,KRT-051,9.91,KRT
2025-11-26,KRT-052,8.64,KRT
2025-11-26,KRT-053,8.83,KRT
2025-11-26,KRT-054,8.83,KRT
2025-11-26,KRT-055,10.92,KRT
2025-11-26,KRT-056,8.64,KRT
2025-11-26,KRT-057,10.62,KRT
2025-11-26,KRT-058,7.25,KRT
2025-11-26,KRT-059,12.7,KRT
2025-11-26,KRT-060,14.22,KRT
2025-11-26,KRT-061,15.24,KRT
2025-11-26,KRT-062,12.34,KRT
2025-11-26,KRT-063,11.4,KRT
2025-11-26,KRT-064,13.2,KRT
2025-11-26,KRT-065,7.8,KRT
2025-11-26,KRT-066,9.65,KRT
2025-11-26,KRT-067,7.62,KRT
2025-11-26,KRT-068,15.81,KRT
2025-11-26,KRT-069,15.63,KRT
2025-11-26,KRT-070,17.53,KRT
2025-11-26,KRT-071,15.63,KRT
2025-11-26,KRT-072,16.72,KRT
2025-11-26,KRT-073,12.7,KRT
2025-11-26,KRT-074,13.21,KRT
2025-11-26,RDM-101,14.25,RDM
2025-11-26,RDM-102,10.75,RDM
2025-11-26,RDM-103,12.19,RDM
2025-11-26,RDM-104,10.41,RDM
2025-11-26,RDM-105,17.27,RDM
2025-11-26,RDM-106,7.62,RDM
2025-11-26,RDM-107,23.4,RDM
2025-11-26,RDM-108,11.18,RDM
2025-11-26,RDM-109,7.11,RDM
2025-11-26,RDM-110,8.64,RDM
2025-11-26,RDM-112,12.95,RDM
2025-11-26,RDM-113,14.4,RDM
2025-11-26,RDM-114,12.0,RDM
2025-11-26,RDM-115,8.64,RDM
2025-11-26,RDM-116,9.4,RDM
2025-11-26,RDM-117,8.1,RDM
2025-11-26,RDM-118,6.3,RDM
2025-11-26,RDM-119,5.08,RDM
2025-11-26,RDM-120,3.56,RDM
2025-11-26,RDM-121,4.06,RDM
2025-11-26,RDM-122,3.05,RDM
2025-11-26,RDM-123,2.29,RDM
2025-11-26,RDM-124,2.7,RDM
2025-11-26,RDM-125,5.1,RDM
2025-11-26,RDM-126,4.17,RDM
2025-11-26,RDM-127,5.84,RDM
2025-11-26,RDM-128,4.83,RDM
2025-11-26,RDM-129,5.33,RDM
2025-11-26,RDM-130,6.1,RDM
2025-11-26,RDM-131,7.11,RDM
2025-11-26,RDM-132,8.4,RDM
2025-11-26,RDM-133,8.89,RDM
2025-11-27,KRT-001,8.64,KRT
2025-11-27,KRT-002,7.62,KRT
2025-11-27,KRT-003,7.62,KRT
2025-11-27,KRT-004,8.64,KRT
2025-11-27,KRT-005,9.75,KRT
2025-11-27,KRT-006,10.81,KRT
2025-11-27,KRT-007,9.14,KRT
2025-11-27,KRT-008,9.91,KRT
2025-11-27,KRT-009,11.18,KRT
2025-11-27,KRT-010,8.38,KRT
2025-11-27,KRT-011,9.14,KRT
2025-11-27,KRT-012,6.8,KRT
2025-11-27,KRT-013,6.86,KRT
2025-11-27,KRT-014,6.7,KRT
2025-11-27,KRT-015,10.41,KRT
2025-11-27,KRT-016,13.25,KRT
2025-11-27,KRT-017,11.68,KRT
2025-11-27,KRT-018,11.0,KRT
2025-11-27,KRT-019,6.6,KRT
2025-11-27,KRT-020,11.43,KRT
2025-11-27,KRT-021,6.1,KRT
2025-11-27,KRT-022,14.99,KRT
2025-11-27,KRT-023,5.72,KRT
2025-11-27,KRT-024,4.57,KRT
2025-11-27,KRT-025,3.56,KRT
2025-11-27,KRT-026,3.35,KRT
2025-11-27,KRT-027,3.46,KRT
2025-11-27,KRT-028,3.81,KRT
2025-11-27,KRT-029,3.83,KRT
2025-11-27,KRT-030,3.56,KRT
2025-11-27,KRT-031,3.72,KRT
2025-11-27,KRT-032,3.3,KRT
2025-11-27,KRT-033,3.56,KRT
2025-11-27,KRT-034,3.3,KRT
2025-11-27,KRT-035,16.0,KRT
2025-11-27,KRT-036,29.46,KRT
2025-11-27,KRT-037,10.92,KRT
2025-11-27,KRT-038,27.18,KRT
2025-11-27,KRT-039,17.78,KRT
2025-11-27,KRT-040,54.36,KRT
2025-11-27,KRT-041,44.67,KRT
2025-11-27,KRT-042,20.07,KRT
2025-11-27,KRT-043,48.01,KRT
2025-11-27,KRT-044,6.86,KRT
2025-11-27,KRT-045,19.76,KRT
2025-11-27,KRT-046,38.61,KRT
2025-11-27,KRT-047,44.45,KRT
2025-11-27,KRT-048,49.16,KRT
2025-11-27,KRT-049,55.12,KRT
2025-11-27,KRT-050,2.03,KRT
2025-11-27,KRT-051,2.54,KRT
2025-11-27,KRT-052,24.64,KRT
2025-11-27,KRT-053,5.85,KRT
2025-11-27,KRT-054,3.76,KRT
2025-11-27,KRT-055,3.56,KRT
2025-11-27,KRT-056,2.54,KRT
2025-11-27,KRT-057,3.16,KRT
2025-11-27,KRT-058,2.75,KRT
2025-11-27,KRT-059,3.56,KRT
2025-11-27,KRT-060,2.75,KRT
2025-11-27,KRT-061,4.06,KRT
2025-11-27,KRT-062,1.75,KRT
2025-11-27,KRT-063,2.1,KRT
2025-11-27,KRT-064,1.8,KRT
2025-11-27,KRT-065,1.5,KRT
2025-11-27,KRT-066,1.5,KRT
2025-11-27,KRT-067,1.75,KRT
2025-11-27,KRT-068,1.25,KRT
2025-11-27,KRT-069,4.05,KRT
2025-11-27,KRT-070,3.74,KRT
2025-11-27,KRT-071,5.61,KRT
2025-11-27,KRT-072,6.46,KRT
2025-11-27,KRT-073,6.35,KRT
2025-11-27,KRT-074,8.13,KRT
2025-11-27,RDM-101,7.25,RDM
2025-11-27,RDM-102,7.5,RDM
2025-11-27,RDM-103,9.4,RDM
2025-11-27,RDM-104,10.92,RDM
2025-11-27,RDM-105,3.81,RDM
2025-11-27,RDM-106,12.95,RDM
2025-11-27,RDM-107,3.9,RDM
2025-11-27,RDM-108,9.65,RDM
2025-11-27,RDM-109,10.67,RDM
2025-11-27,RDM-110,11.5,RDM
2025-11-27,RDM-112,19.56,RDM
2025-11-27,RDM-113,3.3,RDM
2025-11-27,RDM-114,14.0,RDM
2025-11-27,RDM-115,2.03,RDM
2025-11-27,RDM-116,25.91,RDM
2025-11-27,RDM-117,2.4,RDM
2025-11-27,RDM-118,39.9,RDM
2025-11-27,RDM-119,3.81,RDM
2025-11-27,RDM-120,27.69,RDM
2025-11-27,RDM-121,15.24,RDM
2025-11-27,RDM-122,22.86,RDM
2025-11-27,RDM-123,9.4,RDM
2025-11-27,RDM-124,4.8,RDM
2025-11-27,RDM-125,1.2,RDM
2025-11-27,RDM-126,0.0,RDM
2025-11-27,RDM-127,0.76,RDM
2025-11-27,RDM-128,0.51,RDM
2025-11-27,RDM-129,1.27,RDM
2025-11-27,RDM-130,1.02,RDM
2025-11-27,RDM-131,1.52,RDM
2025-11-27,RDM-132,2.7,RDM
2025-11-27,RDM-133,0.76,RDM
2025-11-28,KRT-001,5.08,KRT
2025-11-28,KRT-002,3.81,KRT
2025-11-28,KRT-003,1.78,KRT
2025-11-28,KRT-004,2.54,KRT
2025-11-28,KRT-005,1.0,KRT
2025-11-28,KRT-006,1.25,KRT
2025-11-28,KRT-007,2.03,KRT
2025-11-28,KRT-008,1.78,KRT
2025-11-28,KRT-009,2.54,KRT
2025-11-28,KRT-010,2.29,KRT
2025-11-28,KRT-011,2.79,KRT
2025-11-28,KRT-012,1.02,KRT
2025-11-28,KRT-013,3.05,KRT
2025-11-28,KRT-014,1.75,KRT
2025-11-28,KRT-015,1.52,KRT
2025-11-28,KRT-016,0.51,KRT
2025-11-28,KRT-017,0.76,KRT
2025-11-28,KRT-018,0.5,KRT
2025-11-28,KRT-019,1.78,KRT
2025-11-28,KRT-020,1.78,KRT
2025-11-28,KRT-021,1.78,KRT
2025-11-28,KRT-022,1.52,KRT
2025-11-28,KRT-023,1.3,KRT
2025-11-28,KRT-024,2.29,KRT
2025-11-28,KRT-025,2.03,KRT
2025-11-28,KRT-026,0.0,KRT
2025-11-28,KRT-027,0.0,KRT
2025-11-28,KRT-028,0.76,KRT
2025-11-28,KRT-029,0.0,KRT
2025-11-28,KRT-030,0.51,KRT
2025-11-28,KRT-031,0.0,KRT
2025-11-28,KRT-032,0.76,KRT
2025-11-28,KRT-033,0.51,KRT
2025-11-28,KRT-034,0.51,KRT
2025-11-28,KRT-035,1.52,KRT
2025-11-28,KRT-036,1.27,KRT
2025-11-28,KRT-037,2.03,KRT
2025-11-28,KRT-038,1.27,KRT
2025-11-28,KRT-039,2.29,KRT
2025-11-28,KRT-040,1.27,KRT
2025-11-28,KRT-041,0.0,KRT
2025-11-28,KRT-042,0.0,KRT
2025-11-28,KRT-043,2.29,KRT
2025-11-28,KRT-044,2.54,KRT
2025-11-28,KRT-045,1.25,KRT
2025-11-28,KRT-046,1.27,KRT
2025-11-28,KRT-047,3.3,KRT
2025-11-28,KRT-048,0.0,KRT
2025-11-28,KRT-049,14.22,KRT
2025-11-28,KRT-050,0.25,KRT
2025-11-28,KRT-051,0.51,KRT
2025-11-28,KRT-052,1.27,KRT
2025-11-28,KRT-053,0.0,KRT
2025-11-28,KRT-054,0.25,KRT
2025-11-28,KRT-055,0.76,KRT
2025-11-28,KRT-056,0.51,KRT
2025-11-28,KRT-057,0.68,KRT
2025-11-28,KRT-058,0.25,KRT
2025-11-28,KRT-059,1.02,KRT
2025-11-28,KRT-060,0.25,KRT
2025-11-28,KRT-061,0.76,KRT
2025-11-28,KRT-062,0.0,KRT
2025-11-28,KRT-063,0.0,KRT
2025-11-28,KRT-064,0.3,KRT
2025-11-28,KRT-065,0.0,KRT
2025-11-28,KRT-066,0.25,KRT
2025-11-28,KRT-067,0.25,KRT
2025-11-28,KRT-068,0.0,KRT
2025-11-28,KRT-069,1.75,KRT
2025-11-28,KRT-070,3.74,KRT
2025-11-28,KRT-071,2.0,KRT
2025-11-28,KRT-072,8.74,KRT
2025-11-28,KRT-073,0.76,KRT
2025-11-28,KRT-074,1.52,KRT
2025-11-28,RDM-101,0.0,RDM
2025-11-28,RDM-102,0.0,RDM
2025-11-28,RDM-103,0.0,RDM
2025-11-28,RDM-104,0.0,RDM
2025-11-28,RDM-105,0.0,RDM
2025-11-28,RDM-106,1.02,RDM
2025-11-28,RDM-107,0.0,RDM
2025-11-28,RDM-108,1.02,RDM
2025-11-28,RDM-109,0.76,RDM
2025-11-28,RDM-110,0.0,RDM
2025-11-28,RDM-112,0.0,RDM
2025-11-28,RDM-113,0.0,RDM
2025-11-28,RDM-114,1.5,RDM
2025-11-28,RDM-115,0.0,RDM
2025-11-28,RDM-116,0.0,RDM
2025-11-28,RDM-117,0.0,RDM
2025-11-28,RDM-118,0.0,RDM
2025-11-28,RDM-119,0.0,RDM
2025-11-28,RDM-120,0.76,RDM
2025-11-28,RDM-121,0.0,RDM
2025-11-28,RDM-122,0.25,RDM
2025-11-28,RDM-123,0.0,RDM
2025-11-28,RDM-124,0.0,RDM
2025-11-28,RDM-125,0.0,RDM
2025-11-28,RDM-126,0.0,RDM
2025-11-28,RDM-127,0.0,RDM
2025-11-28,RDM-128,0.0,RDM
2025-11-28,RDM-129,0.0,RDM
2025-11-28,RDM-130,0.0,RDM
2025-11-28,RDM-131,0.0,RDM
2025-11-28,RDM-132,0.0,RDM
2025-11-28,RDM-133,0.0,RDM
2025-11-29,KRT-001,0.0,KRT
2025-11-29,KRT-002,0.0,KRT
2025-11-29,KRT-003,0.0,KRT
2025-11-29,KRT-004,0.0,KRT
2025-11-29,KRT-005,0.75,KRT
2025-11-29,KRT-006,0.0,KRT
2025-11-29,KRT-007,0.0,KRT
2025-11-29,KRT-008,0.0,KRT
2025-11-29,KRT-009,0.0,KRT
2025-11-29,KRT-010,0.0,KRT
2025-11-29,KRT-011,0.0,KRT
2025-11-29,KRT-012,0.0,KRT
2025-11-29,KRT-013,0.0,KRT
2025-11-29,KRT-014,0.51,KRT
2025-11-29,KRT-015,0.0,KRT
2025-11-29,KRT-016,0.0,KRT
2025-11-29,KRT-017,0.0,KRT
2025-11-29,KRT-018,0.25,KRT
2025-11-29,KRT-019,0.0,KRT
2025-11-29,KRT-020,0.0,KRT
2025-11-29,KRT-021,0.0,KRT
2025-11-29,KRT-022,0.0,KRT
2025-11-29,KRT-023,0.0,KRT
2025-11-29,KRT-024,0.0,KRT
2025-11-29,KRT-025,0.51,KRT
2025-11-29,KRT-026,0.0,KRT
2025-11-29,KRT-027,0.0,KRT
2025-11-29,KRT-028,0.0,KRT
2025-11-29,KRT-029,0.0,KRT
2025-11-29,KRT-030,0.0,KRT
2025-11-29,KRT-031,0.0,KRT
2025-11-29,KRT-032,0.0,KRT
2025-11-29,KRT-033,0.25,KRT
2025-11-29,KRT-034,0.0,KRT
2025-11-29,KRT-035,0.25,KRT
2025-11-29,KRT-036,0.0,KRT
2025-11-29,KRT-037,0.0,KRT
2025-11-29,KRT-038,0.25,KRT
2025-11-29,KRT-039,0.25,KRT
2025-11-29,KRT-040,0.25,KRT
2025-11-29,KRT-041,0.0,KRT
2025-11-29,KRT-042,0.25,KRT
2025-11-29,KRT-043,0.51,KRT
2025-11-29,KRT-044,0.0,KRT
2025-11-29,KRT-045,0.0,KRT
2025-11-29,KRT-046,0.0,KRT
2025-11-29,KRT-047,0.25,KRT
2025-11-29,KRT-048,0.0,KRT
2025-11-29,KRT-049,0.0,KRT
2025-11-29,KRT-050,0.0,KRT
2025-11-29,KRT-051,0.0,KRT
2025-11-29,KRT-052,0.0,KRT
2025-11-29,KRT-053,0.0,KRT
2025-11-29,KRT-054,0.25,KRT
2025-11-29,KRT-055,0.0,KRT
2025-11-29,KRT-056,0.25,KRT
2025-11-29,KRT-057,0.0,KRT
2025-11-29,KRT-058,0.0,KRT
2025-11-29,KRT-059,0.0,KRT
2025-11-29,KRT-060,0.0,KRT
2025-11-29,KRT-061,0.25,KRT
2025-11-29,KRT-062,0.0,KRT
2025-11-29,KRT-063,0.0,KRT
2025-11-29,KRT-064,0.0,KRT
2025-11-29,KRT-065,0.0,KRT
2025-11-29,KRT-066,0.0,KRT
2025-11-29,KRT-067,0.0,KRT
2025-11-29,KRT-068,0.0,KRT
2025-11-29,KRT-069,0.0,KRT
2025-11-29,KRT-070,0.2,KRT
2025-11-29,KRT-071,0.0,KRT
2025-11-29,KRT-072,0.19,KRT
2025-11-29,KRT-073,0.0,KRT
2025-11-29,KRT-074,0.0,KRT
2025-11-29,RDM-101,0.0,RDM
2025-11-29,RDM-102,0.0,RDM
2025-11-29,RDM-103,0.0,RDM
2025-11-29,RDM-104,0.0,RDM
2025-11-29,RDM-105,0.0,RDM
2025-11-29,RDM-106,0.0,RDM
2025-11-29,RDM-107,0.0,RDM
2025-11-29,RDM-108,0.0,RDM
2025-11-29,RDM-109,0.0,RDM
2025-11-29,RDM-110,0.0,RDM
2025-11-29,RDM-112,0.0,RDM
2025-11-29,RDM-113,0.0,RDM
2025-11-29,RDM-114,0.0,RDM
2025-11-29,RDM-115,0.0,RDM
2025-11-29,RDM-116,0.0,RDM
2025-11-29,RDM-117,0.0,RDM
2025-11-29,RDM-118,0.0,RDM
2025-11-29,RDM-119,0.0,RDM
2025-11-29,RDM-120,0.0,RDM
2025-11-29,RDM-121,0.0,RDM
2025-11-29,RDM-122,0.0,RDM
2025-11-29,RDM-123,0.0,RDM
2025-11-29,RDM-124,0.0,RDM
2025-11-29,RDM-125,0.0,RDM
2025-11-29,RDM-126,0.0,RDM
2025-11-29,RDM-127,0.0,RDM
2025-11-29,RDM-128,0.0,RDM
2025-11-29,RDM-129,0.0,RDM
2025-11-29,RDM-130,0.0,RDM
2025-11-29,RDM-131,0.0,RDM
2025-11-29,RDM-132,0.0,RDM
2025-11-29,RDM-133,0.0,RDM
2025-11-30,KRT-001,1.02,KRT
2025-11-30,KRT-002,6.35,KRT
2025-11-30,KRT-003,0.0,KRT
2025-11-30,KRT-004,0.0,KRT
2025-11-30,KRT-005,1.0,KRT
2025-11-30,KRT-006,2.0,KRT
2025-11-30,KRT-007,0.25,KRT
2025-11-30,KRT-008,0.25,KRT
2025-11-30,KRT-009,0.25,KRT
2025-11-30,KRT-010,1.02,KRT
2025-11-30,KRT-011,0.25,KRT
2025-11-30,KRT-012,0.25,KRT
2025-11-30,KRT-013,0.51,KRT
2025-11-30,KRT-014,0.51,KRT
2025-11-30,KRT-015,4.57,KRT
2025-11-30,KRT-016,5.29,KRT
2025-11-30,KRT-017,1.27,KRT
2025-11-30,KRT-018,7.75,KRT
2025-11-30,KRT-019,5.33,KRT
2025-11-30,KRT-020,8.13,KRT
2025-11-30,KRT-021,1.52,KRT
2025-11-30,KRT-022,5.84,KRT
2025-11-30,KRT-023,0.0,KRT
2025-11-30,KRT-024,2.03,KRT
2025-11-30,KRT-025,1.02,KRT
2025-11-30,KRT-026,0.0,KRT
2025-11-30,KRT-027,0.0,KRT
2025-11-30,KRT-028,2.03,KRT
2025-11-30,KRT-029,0.51,KRT
2025-11-30,KRT-030,2.54,KRT
2025-11-30,KRT-031,0.0,KRT
2025-11-30,KRT-032,0.0,KRT
2025-11-30,KRT-033,0.51,KRT
2025-11-30,KRT-034,0.0,KRT
2025-11-30,KRT-035,2.79,KRT
2025-11-30,KRT-036,3.05,KRT
2025-11-30,KRT-037,1.78,KRT
2025-11-30,KRT-038,0.0,KRT
2025-11-30,KRT-039,3.56,KRT
2025-11-30,KRT-040,0.0,KRT
2025-11-30,KRT-041,0.0,KRT
2025-11-30,KRT-042,0.0,KRT
2025-11-30,KRT-043,0.0,KRT
2025-11-30,KRT-044,0.0,KRT
2025-11-30,KRT-045,0.0,KRT
2025-11-30,KRT-046,0.0,KRT
2025-11-30,KRT-047,0.0,KRT
2025-11-30,KRT-048,0.0,KRT
2025-11-30,KRT-049,0.0,KRT
2025-11-30,KRT-050,0.0,KRT
2025-11-30,KRT-051,0.0,KRT
2025-11-30,KRT-052,0.0,KRT
2025-11-30,KRT-053,0.0,KRT
2025-11-30,KRT-054,0.0,KRT
2025-11-30,KRT-055,0.0,KRT
2025-11-30,KRT-056,0.0,KRT
2025-11-30,KRT-057,0.0,KRT
2025-11-30,KRT-058,0.0,KRT
2025-11-30,KRT-059,0.0,KRT
2025-11-30,KRT-060,0.0,KRT
2025-11-30,KRT-061,0.0,KRT
2025-11-30,KRT-062,0.0,KRT
2025-11-30,KRT-063,0.0,KRT
2025-11-30,KRT-064,0.6,KRT
2025-11-30,KRT-065,0.0,KRT
2025-11-30,KRT-066,0.25,KRT
2025-11-30,KRT-067,2.03,KRT
2025-11-30,KRT-068,6.45,KRT
2025-11-30,KRT-069,0.0,KRT
2025-11-30,KRT-070,0.0,KRT
2025-11-30,KRT-071,0.0,KRT
2025-11-30,KRT-072,0.0,KRT
2025-11-30,KRT-073,1.02,KRT
2025-11-30,KRT-074,0.0,KRT
2025-11-30,RDM-101,5.25,RDM
2025-11-30,RDM-102,2.25,RDM
2025-11-30,RDM-103,6.35,RDM
2025-11-30,RDM-104,4.57,RDM
2025-11-30,RDM-105,1.02,RDM
2025-11-30,RDM-106,2.29,RDM
2025-11-30,RDM-107,0.9,RDM
2025-11-30,RDM-108,0.51,RDM
2025-11-30,RDM-109,2.79,RDM
2025-11-30,RDM-110,3.6,RDM
2025-11-30,RDM-112,0.0,RDM
2025-11-30,RDM-113,1.2,RDM
2025-11-30,RDM-114,1.0,RDM
2025-11-30,RDM-115,0.76,RDM
2025-11-30,RDM-116,0.0,RDM
2025-11-30,RDM-117,0.0,RDM
2025-11-30,RDM-118,0.0,RDM
2025-11-30,RDM-119,0.0,RDM
2025-11-30,RDM-120,0.0,RDM
2025-11-30,RDM-121,0.51,RDM
2025-11-30,RDM-122,0.0,RDM
2025-11-30,RDM-123,0.51,RDM
2025-11-30,RDM-124,0.9,RDM
2025-11-30,RDM-125,0.0,RDM
2025-11-30,RDM-126,0.6,RDM
2025-11-30,RDM-127,0.0,RDM
2025-11-30,RDM-128,0.25,RDM
2025-11-30,RDM-129,0.0,RDM
2025-11-30,RDM-130,0.0,RDM
2025-11-30,RDM-131,0.0,RDM
2025-11-30,RDM-132,0.0,RDM
2025-11-30,RDM-133,0.0,RDM
2025-12-01,KRT-001,25.65,KRT
2025-12-01,KRT-002,50.29,KRT
2025-12-01,KRT-003,40.13,KRT
2025-12-01,KRT-004,43.69,KRT
2025-12-01,KRT-005,7.75,KRT
2025-12-01,KRT-006,7.53,KRT
2025-12-01,KRT-007,13.21,KRT
2025-12-01,KRT-008,6.35,KRT
2025-12-01,KRT-009,13.97,KRT
2025-12-01,KRT-010,3.3,KRT
2025-12-01,KRT-011,38.35,KRT
2025-12-01,KRT-012,3.81,KRT
2025-12-01,KRT-013,41.66,KRT
2025-12-01,KRT-014,17.5,KRT
2025-12-01,KRT-015,3.05,KRT
2025-12-01,KRT-016,0.0,KRT
2025-12-01,KRT-017,0.76,KRT
2025-12-01,KRT-018,0.0,KRT
2025-12-01,KRT-019,0.51,KRT
2025-12-01,KRT-020,0.0,KRT
2025-12-01,KRT-021,0.76,KRT
2025-12-01,KRT-022,0.51,KRT
2025-12-01,KRT-023,4.06,KRT
2025-12-01,KRT-024,1.52,KRT
2025-12-01,KRT-025,7.87,KRT
2025-12-01,KRT-026,7.25,KRT
2025-12-01,KRT-027,10.5,KRT
2025-12-01,KRT-028,9.14,KRT
2025-12-01,KRT-029,28.45,KRT
2025-12-01,KRT-030,2.54,KRT
2025-12-01,KRT-031,9.65,KRT
2025-12-01,KRT-032,14.99,KRT
2025-12-01,KRT-033,1.78,KRT
2025-12-01,KRT-034,7.11,KRT
2025-12-01,KRT-035,7.62,KRT
2025-12-01,KRT-036,3.56,KRT
2025-12-01,KRT-037,8.89,KRT
2025-12-01,KRT-038,1.78,KRT
2025-12-01,KRT-039,0.0,KRT
2025-12-01,KRT-040,0.0,KRT
2025-12-01,KRT-041,0.0,KRT
2025-12-01,KRT-042,0.76,KRT
2025-12-01,KRT-043,0.51,KRT
2025-12-01,KRT-044,0.0,KRT
2025-12-01,KRT-045,0.57,KRT
2025-12-01,KRT-046,0.0,KRT
2025-12-01,KRT-047,0.0,KRT
2025-12-01,KRT-048,0.0,KRT
2025-12-01,KRT-049,0.0,KRT
2025-12-01,KRT-050,0.0,KRT
2025-12-01,KRT-051,0.0,KRT
2025-12-01,KRT-052,0.25,KRT
2025-12-01,KRT-053,0.0,KRT
2025-12-01,KRT-054,0.0,KRT
2025-12-01,KRT-055,0.0,KRT
2025-12-01,KRT-056,0.0,KRT
2025-12-01,KRT-057,0.0,KRT
2025-12-01,KRT-058,0.25,KRT
2025-12-01,KRT-059,0.0,KRT
2025-12-01,KRT-060,0.0,KRT
2025-12-01,KRT-061,0.0,KRT
2025-12-01,KRT-062,0.0,KRT
2025-12-01,KRT-063,0.9,KRT
2025-12-01,KRT-064,0.3,KRT
2025-12-01,KRT-065,0.0,KRT
2025-12-01,KRT-066,0.0,KRT
2025-12-01,KRT-067,0.0,KRT
2025-12-01,KRT-068,0.0,KRT
2025-12-01,KRT-069,0.0,KRT
2025-12-01,KRT-070,0.2,KRT
2025-12-01,KRT-071,0.0,KRT
2025-12-01,KRT-072,0.38,KRT
2025-12-01,KRT-073,0.0,KRT
2025-12-01,KRT-074,0.0,KRT
2025-12-01,RDM-101,0.0,RDM
2025-12-01,RDM-102,0.0,RDM
2025-12-01,RDM-103,0.0,RDM
2025-12-01,RDM-104,0.0,RDM
2025-12-01,RDM-105,0.0,RDM
2025-12-01,RDM-106,0.0,RDM
2025-12-01,RDM-107,0.0,RDM
2025-12-01,RDM-108,0.0,RDM
2025-12-01,RDM-109,0.0,RDM
2025-12-01,RDM-110,0.0,RDM
2025-12-01,RDM-112,0.0,RDM
2025-12-01,RDM-113,0.3,RDM
2025-12-01,RDM-114,0.0,RDM
2025-12-01,RDM-115,0.25,RDM
2025-12-01,RDM-116,0.0,RDM
2025-12-01,RDM-117,0.0,RDM
2025-12-01,RDM-118,0.0,RDM
2025-12-01,RDM-119,1.27,RDM
2025-12-01,RDM-120,0.0,RDM
2025-12-01,RDM-121,0.0,RDM
2025-12-01,RDM-122,0.0,RDM
2025-12-01,RDM-123,0.0,RDM
2025-12-01,RDM-124,0.0,RDM
2025-12-01,RDM-125,6.3,RDM
2025-12-01,RDM-126,3.9,RDM
2025-12-01,RDM-127,8.38,RDM
2025-12-01,RDM-128,4.06,RDM
2025-12-01,RDM-129,5.84,RDM
2025-12-01,RDM-130,4.57,RDM
2025-12-01,RDM-131,6.6,RDM
2025-12-01,RDM-132,1.8,RDM
2025-12-01,RDM-133,1.02,RDM
2025-12-02,KRT-001,0.25,KRT
2025-12-02,KRT-002,0.51,KRT
2025-12-02,KRT-003,0.76,KRT
2025-12-02,KRT-004,0.76,KRT
2025-12-02,KRT-005,2.0,KRT
2025-12-02,KRT-006,1.75,KRT
2025-12-02,KRT-007,1.02,KRT
2025-12-02,KRT-008,1.02,KRT
2025-12-02,KRT-009,1.02,KRT
2025-12-02,KRT-010,1.02,KRT
2025-12-02,KRT-011,0.76,KRT
2025-12-02,KRT-012,0.25,KRT
2025-12-02,KRT-013,0.76,KRT
2025-12-02,KRT-014,0.51,KRT
2025-12-02,KRT-015,1.02,KRT
2025-12-02,KRT-016,2.0,KRT
2025-12-02,KRT-017,0.51,KRT
2025-12-02,KRT-018,2.0,KRT
2025-12-02,KRT-019,1.52,KRT
2025-12-02,KRT-020,2.29,KRT
2025-12-02,KRT-021,2.18,KRT
2025-12-02,KRT-022,1.27,KRT
2025-12-02,KRT-023,1.02,KRT
2025-12-02,KRT-024,0.25,KRT
2025-12-02,KRT-025,0.51,KRT
2025-12-02,KRT-026,0.51,KRT
2025-12-02,KRT-027,0.0,KRT
2025-12-02,KRT-028,0.0,KRT
2025-12-02,KRT-029,0.0,KRT
2025-12-02,KRT-030,0.0,KRT
2025-12-02,KRT-031,0.0,KRT
2025-12-02,KRT-032,0.0,KRT
2025-12-02,KRT-033,0.0,KRT
2025-12-02,KRT-034,0.0,KRT
2025-12-02,KRT-035,4.57,KRT
2025-12-02,KRT-036,3.3,KRT
2025-12-02,KRT-037,6.86,KRT
2025-12-02,KRT-038,7.87,KRT
2025-12-02,KRT-039,3.3,KRT
2025-12-02,KRT-040,3.81,KRT
2025-12-02,KRT-041,7.56,KRT
2025-12-02,KRT-042,21.34,KRT
2025-12-02,KRT-043,44.45,KRT
2025-12-02,KRT-044,6.86,KRT
2025-12-02,KRT-045,5.25,KRT
2025-12-02,KRT-046,5.33,KRT
2025-12-02,KRT-047,22.61,KRT
2025-12-02,KRT-048,25.0,KRT
2025-12-02,KRT-049,32.51,KRT
2025-12-02,KRT-050,3.56,KRT
2025-12-02,KRT-051,3.81,KRT
2025-12-02,KRT-052,9.14,KRT
2025-12-02,KRT-053,6.4,KRT
2025-12-02,KRT-054,2.29,KRT
2025-12-02,KRT-055,6.35,KRT
2025-12-02,KRT-056,3.56,KRT
2025-12-02,KRT-057,3.84,KRT
2025-12-02,KRT-058,3.0,KRT
2025-12-02,KRT-059,2.54,KRT
2025-12-02,KRT-060,4.06,KRT
2025-12-02,KRT-061,3.3,KRT
2025-12-02,KRT-062,2.0,KRT
2025-12-02,KRT-063,2.7,KRT
2025-12-02,KRT-064,2.4,KRT
2025-12-02,KRT-065,3.3,KRT
2025-12-02,KRT-066,2.03,KRT
2025-12-02,KRT-067,1.78,KRT
2025-12-02,KRT-068,1.87,KRT
2025-12-02,KRT-069,2.0,KRT
2025-12-02,KRT-070,2.95,KRT
2025-12-02,KRT-071,3.0,KRT
2025-12-02,KRT-072,4.75,KRT
2025-12-02,KRT-073,3.56,KRT
2025-12-02,KRT-074,8.38,KRT
2025-12-02,RDM-101,11.75,RDM
2025-12-02,RDM-102,4.5,RDM
2025-12-02,RDM-103,15.49,RDM
2025-12-02,RDM-104,5.33,RDM
2025-12-02,RDM-105,17.78,RDM
2025-12-02,RDM-106,12.45,RDM
2025-12-02,RDM-107,26.1,RDM
2025-12-02,RDM-108,19.3,RDM
2025-12-02,RDM-109,2.79,RDM
2025-12-02,RDM-110,21.6,RDM
2025-12-02,RDM-112,4.32,RDM
2025-12-02,RDM-113,5.4,RDM
2025-12-02,RDM-114,7.25,RDM
2025-12-02,RDM-115,4.83,RDM
2025-12-02,RDM-116,23.37,RDM
2025-12-02,RDM-117,11.4,RDM
2025-12-02,RDM-118,15.9,RDM
2025-12-02,RDM-119,7.87,RDM
2025-12-02,RDM-120,11.94,RDM
2025-12-02,RDM-121,10.67,RDM
2025-12-02,RDM-122,17.53,RDM
2025-12-02,RDM-123,19.3,RDM
2025-12-02,RDM-124,15.3,RDM
2025-12-02,RDM-125,2.7,RDM
2025-12-02,RDM-126,7.2,RDM
2025-12-02,RDM-127,4.32,RDM
2025-12-02,RDM-128,6.35,RDM
2025-12-02,RDM-129,11.18,RDM
2025-12-02,RDM-130,5.84,RDM
2025-12-02,RDM-131,6.1,RDM
2025-12-02,RDM-132,6.3,RDM
2025-12-02,RDM-133,1.02,RDM
2025-12-03,KRT-001,9.65,KRT
2025-12-03,KRT-002,4.57,KRT
2025-12-03,KRT-003,8.38,KRT
2025-12-03,KRT-004,5.33,KRT
2025-12-03,KRT-005,15.0,KRT
2025-12-03,KRT-006,10.75,KRT
2025-12-03,KRT-007,7.62,KRT
2025-12-03,KRT-008,9.65,KRT
2025-12-03,KRT-009,9.91,KRT
2025-12-03,KRT-010,7.62,KRT
2025-12-03,KRT-011,8.89,KRT
2025-12-03,KRT-012,8.82,KRT
2025-12-03,KRT-013,7.11,KRT
2025-12-03,KRT-014,8.38,KRT
2025-12-03,KRT-015,16.51,KRT
2025-12-03,KRT-016,14.26,KRT
2025-12-03,KRT-017,10.16,KRT
2025-12-03,KRT-018,10.0,KRT
2025-12-03,KRT-019,11.94,KRT
2025-12-03,KRT-020,11.18,KRT
2025-12-03,KRT-021,14.72,KRT
2025-12-03,KRT-022,13.46,KRT
2025-12-03,KRT-023,10.67,KRT
2025-12-03,KRT-024,11.43,KRT
2025-12-03,KRT-025,6.1,KRT
2025-12-03,KRT-026,8.64,KRT
2025-12-03,KRT-027,7.11,KRT
2025-12-03,KRT-028,4.06,KRT
2025-12-03,KRT-029,6.6,KRT
2025-12-03,KRT-030,5.08,KRT
2025-12-03,KRT-031,2.03,KRT
2025-12-03,KRT-032,3.3,KRT
2025-12-03,KRT-033,2.03,KRT
2025-12-03,KRT-034,7.87,KRT
2025-12-03,KRT-035,14.73,KRT
2025-12-03,KRT-036,17.02,KRT
2025-12-03,KRT-037,19.05,KRT
2025-12-03,KRT-038,22.1,KRT
2025-12-03,KRT-039,16.26,KRT
2025-12-03,KRT-040,11.18,KRT
2025-12-03,KRT-041,13.84,KRT
2025-12-03,KRT-042,7.87,KRT
2025-12-03,KRT-043,14.22,KRT
2025-12-03,KRT-044,5.59,KRT
2025-12-03,KRT-045,13.54,KRT
2025-12-03,KRT-046,16.51,KRT
2025-12-03,KRT-047,16.26,KRT
2025-12-03,KRT-048,12.53,KRT
2025-12-03,KRT-049,5.33,KRT
2025-12-03,KRT-050,2.54,KRT
2025-12-03,KRT-051,1.78,KRT
2025-12-03,KRT-052,7.62,KRT
2025-12-03,KRT-053,0.0,KRT
2025-12-03,KRT-054,1.27,KRT
2025-12-03,KRT-055,0.76,KRT
2025-12-03,KRT-056,1.78,KRT
2025-12-03,KRT-057,0.45,KRT
2025-12-03,KRT-058,0.0,KRT
2025-12-03,KRT-059,0.25,KRT
2025-12-03,KRT-060,0.25,KRT
2025-12-03,KRT-061,0.25,KRT
2025-12-03,KRT-062,0.0,KRT
2025-12-03,KRT-063,1.5,KRT
2025-12-03,KRT-064,2.1,KRT
2025-12-03,KRT-065,0.9,KRT
2025-12-03,KRT-066,0.25,KRT
2025-12-03,KRT-067,0.0,KRT
2025-12-03,KRT-068,0.21,KRT
2025-12-03,KRT-069,0.0,KRT
2025-12-03,KRT-070,0.39,KRT
2025-12-03,KRT-071,0.0,KRT
2025-12-03,KRT-072,0.57,KRT
2025-12-03,KRT-073,7.37,KRT
2025-12-03,KRT-074,13.21,KRT
2025-12-03,RDM-101,0.0,RDM
2025-12-03,RDM-102,0.0,RDM
2025-12-03,RDM-103,0.25,RDM
2025-12-03,RDM-104,0.25,RDM
2025-12-03,RDM-105,0.0,RDM
2025-12-03,RDM-106,0.0,RDM
2025-12-03,RDM-107,0.0,RDM
2025-12-03,RDM-108,0.25,RDM
2025-12-03,RDM-109,0.25,RDM
2025-12-03,RDM-110,0.0,RDM
2025-12-03,RDM-112,0.0,RDM
2025-12-03,RDM-113,0.0,RDM
2025-12-03,RDM-114,0.25,RDM
2025-12-03,RDM-115,0.51,RDM
2025-12-03,RDM-116,0.0,RDM
2025-12-03,RDM-117,0.3,RDM
2025-12-03,RDM-118,0.0,RDM
2025-12-03,RDM-119,0.51,RDM
2025-12-03,RDM-120,0.25,RDM
2025-12-03,RDM-121,0.0,RDM
2025-12-03,RDM-122,0.25,RDM
2025-12-03,RDM-123,0.0,RDM
2025-12-03,RDM-124,0.3,RDM
2025-12-03,RDM-125,0.3,RDM
2025-12-03,RDM-126,0.3,RDM
2025-12-03,RDM-127,0.0,RDM
2025-12-03,RDM-128,1.27,RDM
2025-12-03,RDM-129,1.02,RDM
2025-12-03,RDM-130,3.3,RDM
2025-12-03,RDM-131,0.51,RDM
2025-12-03,RDM-132,0.0,RDM
2025-12-03,RDM-133,0.25,RDM
2025-12-04,KRT-001,29.46,KRT
2025-12-04,KRT-002,32.77,KRT
2025-12-04,KRT-003,45.72,KRT
2025-12-04,KRT-004,35.31,KRT
2025-12-04,KRT-005,52.0,KRT
2025-12-04,KRT-006,53.76,KRT
2025-12-04,KRT-007,51.56,KRT
2025-12-04,KRT-008,57.66,KRT
2025-12-04,KRT-009,48.51,KRT
2025-12-04,KRT-010,41.66,KRT
2025-12-04,KRT-011,42.42,KRT
2025-12-04,KRT-012,21.84,KRT
2025-12-04,KRT-013,42.16,KRT
2025-12-04,KRT-014,25.65,KRT
2025-12-04,KRT-015,58.67,KRT
2025-12-04,KRT-016,44.03,KRT
2025-12-04,KRT-017,41.15,KRT
2025-12-04,KRT-018,32.25,KRT
2025-12-04,KRT-019,33.53,KRT
2025-12-04,KRT-020,33.02,KRT
2025-12-04,KRT-021,27.69,KRT
2025-12-04,KRT-022,32.51,KRT
2025-12-04,KRT-023,32.0,KRT
2025-12-04,KRT-024,37.59,KRT
2025-12-04,KRT-025,26.92,KRT
2025-12-04,KRT-026,28.2,KRT
2025-12-04,KRT-027,32.33,KRT
2025-12-04,KRT-028,32.0,KRT
2025-12-04,KRT-029,41.91,KRT
2025-12-04,KRT-030,28.7,KRT
2025-12-04,KRT-031,35.56,KRT
2025-12-04,KRT-032,28.45,KRT
2025-12-04,KRT-033,38.35,KRT
2025-12-04,KRT-034,36.32,KRT
2025-12-04,KRT-035,58.67,KRT
2025-12-04,KRT-036,52.83,KRT
2025-12-04,KRT-037,53.59,KRT
2025-12-04,KRT-038,48.01,KRT
2025-12-04,KRT-039,45.89,KRT
2025-12-04,KRT-040,39.37,KRT
2025-12-04,KRT-041,55.5,KRT
2025-12-04,KRT-042,77.22,KRT
2025-12-04,KRT-043,51.05,KRT
2025-12-04,KRT-044,20.83,KRT
2025-12-04,KRT-045,48.26,KRT
2025-12-04,KRT-046,32.0,KRT
2025-12-04,KRT-047,43.69,KRT
2025-12-04,KRT-048,43.76,KRT
2025-12-04,KRT-049,36.58,KRT
2025-12-04,KRT-050,22.35,KRT
2025-12-04,KRT-051,19.56,KRT
2025-12-04,KRT-052,25.65,KRT
2025-12-04,KRT-053,25.3,KRT
2025-12-04,KRT-054,17.63,KRT
2025-12-04,KRT-055,28.7,KRT
2025-12-04,KRT-056,12.95,KRT
2025-12-04,KRT-057,18.31,KRT
2025-12-04,KRT-058,15.5,KRT
2025-12-04,KRT-059,15.75,KRT
2025-12-04,KRT-060,17.27,KRT
2025-12-04,KRT-061,15.49,KRT
2025-12-04,KRT-062,9.2,KRT
2025-12-04,KRT-063,16.5,KRT
2025-12-04,KRT-064,17.4,KRT
2025-12-04,KRT-065,16.5,KRT
2025-12-04,KRT-066,10.16,KRT
2025-12-04,KRT-067,11.43,KRT
2025-12-04,KRT-068,18.72,KRT
2025-12-04,KRT-069,16.47,KRT
2025-12-04,KRT-070,15.96,KRT
2025-12-04,KRT-071,17.17,KRT
2025-12-04,KRT-072,21.47,KRT
2025-12-04,KRT-073,24.13,KRT
2025-12-04,KRT-074,20.32,KRT
2025-12-04,RDM-101,33.25,RDM
2025-12-04,RDM-102,31.5,RDM
2025-12-04,RDM-103,36.83,RDM
2025-12-04,RDM-104,35.31,RDM
2025-12-04,RDM-105,34.8,RDM
2025-12-04,RDM-106,28.19,RDM
2025-12-04,RDM-107,40.8,RDM
2025-12-04,RDM-108,37.59,RDM
2025-12-04,RDM-109,30.48,RDM
2025-12-04,RDM-110,31.2,RDM
2025-12-04,RDM-112,37.85,RDM
2025-12-04,RDM-113,41.7,RDM
2025-12-04,RDM-114,43.0,RDM
2025-12-04,RDM-115,41.91,RDM
2025-12-04,RDM-116,43.69,RDM
2025-12-04,RDM-117,66.6,RDM
2025-12-04,RDM-118,56.7,RDM
2025-12-04,RDM-119,63.5,RDM
2025-12-04,RDM-120,68.83,RDM
2025-12-04,RDM-121,75.69,RDM
2025-12-04,RDM-122,67.82,RDM
2025-12-04,RDM-123,75.69,RDM
2025-12-04,RDM-124,85.2,RDM
2025-12-04,RDM-125,73.8,RDM
2025-12-04,RDM-126,92.4,RDM
2025-12-04,RDM-127,67.82,RDM
2025-12-04,RDM-128,79.25,RDM
2025-12-04,RDM-129,67.31,RDM
2025-12-04,RDM-130,57.4,RDM
2025-12-04,RDM-131,53.09,RDM
2025-12-04,RDM-132,46.5,RDM
2025-12-04,RDM-133,64.26,RDM
2025-12-05,KRT-001,21.84,KRT
2025-12-05,KRT-002,22.61,KRT
2025-12-05,KRT-003,23.62,KRT
2025-12-05,KRT-004,20.57,KRT
2025-12-05,KRT-005,21.25,KRT
2025-12-05,KRT-006,17.83,KRT
2025-12-05,KRT-007,17.78,KRT
2025-12-05,KRT-008,14.48,KRT
2025-12-05,KRT-009,19.3,KRT
2025-12-05,KRT-010,15.75,KRT
2025-12-05,KRT-011,20.07,KRT
2025-12-05,KRT-012,16.43,KRT
2025-12-05,KRT-013,22.1,KRT
2025-12-05,KRT-014,14.99,KRT
2025-12-05,KRT-015,14.73,KRT
2025-12-05,KRT-016,16.13,KRT
2025-12-05,KRT-017,12.45,KRT
2025-12-05,KRT-018,19.0,KRT
2025-12-05,KRT-019,13.97,KRT
2025-12-05,KRT-020,16.76,KRT
2025-12-05,KRT-021,14.48,KRT
2025-12-05,KRT-022,17.02,KRT
2025-12-05,KRT-023,16.51,KRT
2025-12-05,KRT-024,14.48,KRT
2025-12-05,KRT-025,15.24,KRT
2025-12-05,KRT-026,15.5,KRT
2025-12-05,KRT-027,15.66,KRT
2025-12-05,KRT-028,14.22,KRT
2025-12-05,KRT-029,16.26,KRT
2025-12-05,KRT-030,10.41,KRT
2025-12-05,KRT-031,10.16,KRT
2025-12-05,KRT-032,6.1,KRT
2025-12-05,KRT-033,8.38,KRT
2025-12-05,KRT-034,10.92,KRT
2025-12-05,KRT-035,14.22,KRT
2025-12-05,KRT-036,15.49,KRT
2025-12-05,KRT-037,11.18,KRT
2025-12-05,KRT-038,14.99,KRT
2025-12-05,KRT-039,14.73,KRT
2025-12-05,KRT-040,17.02,KRT
2025-12-05,KRT-041,20.37,KRT
2025-12-05,KRT-042,17.02,KRT
2025-12-05,KRT-043,32.51,KRT
2025-12-05,KRT-044,9.65,KRT
2025-12-05,KRT-045,10.26,KRT
2025-12-05,KRT-046,14.22,KRT
2025-12-05,KRT-047,14.22,KRT
2025-12-05,KRT-048,19.36,KRT
2025-12-05,KRT-049,11.43,KRT
2025-12-05,KRT-050,7.37,KRT
2025-12-05,KRT-051,7.11,KRT
2025-12-05,KRT-052,10.41,KRT
2025-12-05,KRT-053,9.77,KRT
2025-12-05,KRT-054,4.83,KRT
2025-12-05,KRT-055,11.18,KRT
2025-12-05,KRT-056,5.84,KRT
2025-12-05,KRT-057,7.68,KRT
2025-12-05,KRT-058,6.5,KRT
2025-12-05,KRT-059,9.4,KRT
2025-12-05,KRT-060,8.13,KRT
2025-12-05,KRT-061,13.97,KRT
2025-12-05,KRT-062,12.7,KRT
2025-12-05,KRT-063,6.9,KRT
2025-12-05,KRT-064,10.8,KRT
2025-12-05,KRT-065,7.5,KRT
2025-12-05,KRT-066,6.6,KRT
2025-12-05,KRT-067,10.92,KRT
2025-12-05,KRT-068,13.73,KRT
2025-12-05,KRT-069,9.04,KRT
2025-12-05,KRT-070,8.27,KRT
2025-12-05,KRT-071,8.43,KRT
2025-12-05,KRT-072,6.46,KRT
2025-12-05,KRT-073,11.68,KRT
2025-12-05,KRT-074,9.65,KRT
2025-12-05,RDM-101,16.0,RDM
2025-12-05,RDM-102,11.0,RDM
2025-12-05,RDM-103,15.49,RDM
2025-12-05,RDM-104,12.95,RDM
2025-12-05,RDM-105,14.48,RDM
2025-12-05,RDM-106,11.18,RDM
2025-12-05,RDM-107,15.0,RDM
2025-12-05,RDM-108,9.65,RDM
2025-12-05,RDM-109,11.18,RDM
2025-12-05,RDM-110,11.0,RDM
2025-12-05,RDM-112,6.86,RDM
2025-12-05,RDM-113,4.8,RDM
2025-12-05,RDM-114,14.25,RDM
2025-12-05,RDM-115,7.87,RDM
2025-12-05,RDM-116,12.7,RDM
2025-12-05,RDM-117,9.0,RDM
2025-12-05,RDM-118,18.5,RDM
2025-12-05,RDM-119,19.56,RDM
2025-12-05,RDM-120,23.37,RDM
2025-12-05,RDM-121,28.45,RDM
2025-12-05,RDM-122,24.89,RDM
2025-12-05,RDM-123,26.42,RDM
2025-12-05,RDM-124,23.1,RDM
2025-12-05,RDM-125,15.3,RDM
2025-12-05,RDM-126,26.1,RDM
2025-12-05,RDM-127,16.51,RDM
2025-12-05,RDM-128,20.07,RDM
2025-12-05,RDM-129,16.0,RDM
2025-12-05,RDM-130,10.16,RDM
2025-12-05,RDM-131,8.89,RDM
2025-12-05,RDM-132,6.6,RDM
2025-12-05,RDM-133,12.7,RDM
2025-12-06,KRT-001,10.67,KRT
2025-12-06,KRT-002,28.96,KRT
2025-12-06,KRT-003,31.24,KRT
2025-12-06,KRT-004,21.34,KRT
2025-12-06,KRT-005,28.0,KRT
2025-12-06,KRT-006,18.83,KRT
2025-12-06,KRT-007,14.99,KRT
2025-12-06,KRT-008,13.46,KRT
2025-12-06,KRT-009,15.24,KRT
2025-12-06,KRT-010,10.99,KRT
2025-12-06,KRT-011,9.91,KRT
2025-12-06,KRT-012,10.04,KRT
2025-12-06,KRT-013,12.19,KRT
2025-12-06,KRT-014,7.87,KRT
2025-12-06,KRT-015,10.92,KRT
2025-12-06,KRT-016,10.11,KRT
2025-12-06,KRT-017,9.14,KRT
2025-12-06,KRT-018,7.75,KRT
2025-12-06,KRT-019,7.11,KRT
2025-12-06,KRT-020,7.11,KRT
2025-12-06,KRT-021,6.35,KRT
2025-12-06,KRT-022,5.59,KRT
2025-12-06,KRT-023,8.38,KRT
2025-12-06,KRT-024,7.62,KRT
2025-12-06,KRT-025,8.38,KRT
2025-12-06,KRT-026,8.51,KRT
2025-12-06,KRT-027,8.07,KRT
2025-12-06,KRT-028,6.6,KRT
2025-12-06,KRT-029,7.62,KRT
2025-12-06,KRT-030,7.62,KRT
2025-12-06,KRT-031,4.06,KRT
2025-12-06,KRT-032,4.32,KRT
2025-12-06,KRT-033,5.59,KRT
2025-12-06,KRT-034,3.81,KRT
2025-12-06,KRT-035,22.86,KRT
2025-12-06,KRT-036,15.49,KRT
2025-12-06,KRT-037,24.64,KRT
2025-12-06,KRT-038,19.56,KRT
2025-12-06,KRT-039,11.68,KRT
2025-12-06,KRT-040,12.7,KRT
2025-12-06,KRT-041,23.25,KRT
2025-12-06,KRT-042,33.27,KRT
2025-12-06,KRT-043,27.43,KRT
2025-12-06,KRT-044,9.91,KRT
2025-12-06,KRT-045,6.86,KRT
2025-12-06,KRT-046,11.68,KRT
2025-12-06,KRT-047,16.76,KRT
2025-12-06,KRT-048,21.06,KRT
2025-12-06,KRT-049,19.05,KRT
2025-12-06,KRT-050,11.68,KRT
2025-12-06,KRT-051,6.35,KRT
2025-12-06,KRT-052,11.18,KRT
2025-12-06,KRT-053,10.09,KRT
2025-12-06,KRT-054,7.56,KRT
2025-12-06,KRT-055,11.18,KRT
2025-12-06,KRT-056,7.37,KRT
2025-12-06,KRT-057,8.14,KRT
2025-12-06,KRT-058,9.0,KRT
2025-12-06,KRT-059,10.41,KRT
2025-12-06,KRT-060,17.27,KRT
2025-12-06,KRT-061,13.97,KRT
2025-12-06,KRT-062,11.83,KRT
2025-12-06,KRT-063,10.5,KRT
2025-12-06,KRT-064,13.5,KRT
2025-12-06,KRT-065,11.1,KRT
2025-12-06,KRT-066,10.92,KRT
2025-12-06,KRT-067,13.72,KRT
2025-12-06,KRT-068,19.14,KRT
2025-12-06,KRT-069,13.1,KRT
2025-12-06,KRT-070,15.76,KRT
2025-12-06,KRT-071,14.1,KRT
2025-12-06,KRT-072,16.15,KRT
2025-12-06,KRT-073,6.86,KRT
2025-12-06,KRT-074,6.86,KRT
2025-12-06,RDM-101,7.25,RDM
2025-12-06,RDM-102,7.25,RDM
2025-12-06,RDM-103,7.62,RDM
2025-12-06,RDM-104,8.89,RDM
2025-12-06,RDM-105,15.49,RDM
2025-12-06,RDM-106,10.67,RDM
2025-12-06,RDM-107,17.1,RDM
2025-12-06,RDM-108,8.64,RDM
2025-12-06,RDM-109,6.6,RDM
2025-12-06,RDM-110,8.73,RDM
2025-12-06,RDM-112,9.14,RDM
2025-12-06,RDM-113,9.0,RDM
2025-12-06,RDM-114,10.5,RDM
2025-12-06,RDM-115,7.37,RDM
2025-12-06,RDM-116,10.92,RDM
2025-12-06,RDM-117,16.5,RDM
2025-12-06,RDM-118,16.76,RDM
2025-12-06,RDM-119,14.99,RDM
2025-12-06,RDM-120,24.38,RDM
2025-12-06,RDM-121,21.08,RDM
2025-12-06,RDM-122,30.23,RDM
2025-12-06,RDM-123,25.65,RDM
2025-12-06,RDM-124,23.1,RDM
2025-12-06,RDM-125,14.4,RDM
2025-12-06,RDM-126,16.2,RDM
2025-12-06,RDM-127,9.14,RDM
2025-12-06,RDM-128,12.19,RDM
2025-12-06,RDM-129,10.92,RDM
2025-12-06,RDM-130,8.38,RDM
2025-12-06,RDM-131,6.6,RDM
2025-12-06,RDM-132,6.0,RDM
2025-12-06,RDM-133,13.97,RDM
2025-12-07,KRT-001,5.33,KRT
2025-12-07,KRT-002,8.13,KRT
2025-12-07,KRT-003,8.38,KRT
2025-12-07,KRT-004,4.06,KRT
2025-12-07,KRT-005,4.5,KRT
2025-12-07,KRT-006,4.35,KRT
2025-12-07,KRT-007,4.83,KRT
2025-12-07,KRT-008,4.57,KRT
2025-12-07,KRT-009,6.1,KRT
2025-12-07,KRT-010,9.83,KRT
2025-12-07,KRT-011,5.59,KRT
2025-12-07,KRT-012,2.77,KRT
2025-12-07,KRT-013,3.56,KRT
2025-12-07,KRT-014,2.54,KRT
2025-12-07,KRT-015,3.81,KRT
2025-12-07,KRT-016,4.71,KRT
2025-12-07,KRT-017,4.32,KRT
2025-12-07,KRT-018,5.0,KRT
2025-12-07,KRT-019,4.06,KRT
2025-12-07,KRT-020,4.32,KRT
2025-12-07,KRT-021,2.54,KRT
2025-12-07,KRT-022,3.3,KRT
2025-12-07,KRT-023,2.29,KRT
2025-12-07,KRT-024,4.06,KRT
2025-12-07,KRT-025,2.79,KRT
2025-12-07,KRT-026,2.25,KRT
2025-12-07,KRT-027,2.36,KRT
2025-12-07,KRT-028,1.02,KRT
2025-12-07,KRT-029,2.03,KRT
2025-12-07,KRT-030,3.3,KRT
2025-12-07,KRT-031,1.78,KRT
2025-12-07,KRT-032,1.75,KRT
2025-12-07,KRT-033,3.3,KRT
2025-12-07,KRT-034,1.78,KRT
2025-12-07,KRT-035,5.33,KRT
2025-12-07,KRT-036,5.33,KRT
2025-12-07,KRT-037,6.35,KRT
2025-12-07,KRT-038,5.59,KRT
2025-12-07,KRT-039,4.83,KRT
2025-12-07,KRT-040,3.81,KRT
2025-12-07,KRT-041,6.98,KRT
2025-12-07,KRT-042,9.4,KRT
2025-12-07,KRT-043,9.14,KRT
2025-12-07,KRT-044,7.87,KRT
2025-12-07,KRT-045,4.25,KRT
2025-12-07,KRT-046,5.84,KRT
2025-12-07,KRT-047,5.84,KRT
2025-12-07,KRT-048,7.78,KRT
2025-12-07,KRT-049,8.38,KRT
2025-12-07,KRT-050,12.19,KRT
2025-12-07,KRT-051,8.64,KRT
2025-12-07,KRT-052,9.4,KRT
2025-12-07,KRT-053,9.28,KRT
2025-12-07,KRT-054,8.31,KRT
2025-12-07,KRT-055,11.68,KRT
2025-12-07,KRT-056,10.92,KRT
2025-12-07,KRT-057,11.07,KRT
2025-12-07,KRT-058,10.5,KRT
2025-12-07,KRT-059,11.43,KRT
2025-12-07,KRT-060,16.51,KRT
2025-12-07,KRT-061,16.51,KRT
2025-12-07,KRT-062,12.7,KRT
2025-12-07,KRT-063,11.1,KRT
2025-12-07,KRT-064,17.7,KRT
2025-12-07,KRT-065,11.7,KRT
2025-12-07,KRT-066,9.4,KRT
2025-12-07,KRT-067,14.73,KRT
2025-12-07,KRT-068,16.85,KRT
2025-12-07,KRT-069,11.25,KRT
2025-12-07,KRT-070,17.14,KRT
2025-12-07,KRT-071,12.0,KRT
2025-12-07,KRT-072,20.33,KRT
2025-12-07,KRT-073,5.08,KRT
2025-12-07,KRT-074,6.86,KRT
2025-12-07,RDM-101,7.75,RDM
2025-12-07,RDM-102,8.0,RDM
2025-12-07,RDM-103,6.86,RDM
2025-12-07,RDM-104,9.91,RDM
2025-12-07,RDM-105,8.38,RDM
2025-12-07,RDM-106,7.11,RDM
2025-12-07,RDM-107,29.1,RDM
2025-12-07,RDM-108,19.56,RDM
2025-12-07,RDM-109,10.41,RDM
2025-12-07,RDM-110,9.14,RDM
2025-12-07,RDM-112,9.4,RDM
2025-12-07,RDM-113,13.8,RDM
2025-12-07,RDM-114,11.75,RDM
2025-12-07,RDM-115,10.16,RDM
2025-12-07,RDM-116,9.65,RDM
2025-12-07,RDM-117,15.0,RDM
2025-12-07,RDM-118,8.21,RDM
2025-12-07,RDM-119,9.91,RDM
2025-12-07,RDM-120,5.08,RDM
2025-12-07,RDM-121,7.11,RDM
2025-12-07,RDM-122,5.08,RDM
2025-12-07,RDM-123,6.1,RDM
2025-12-07,RDM-124,9.3,RDM
2025-12-07,RDM-125,12.3,RDM
2025-12-07,RDM-126,12.3,RDM
2025-12-07,RDM-127,9.4,RDM
2025-12-07,RDM-128,16.26,RDM
2025-12-07,RDM-129,10.16,RDM
2025-12-07,RDM-130,10.41,RDM
2025-12-07,RDM-131,10.67,RDM
2025-12-07,RDM-132,14.4,RDM
2025-12-07,RDM-133,8.89,RDM
2025-12-08,KRT-001,11.68,KRT
2025-12-08,KRT-002,30.48,KRT
2025-12-08,KRT-003,35.56,KRT
2025-12-08,KRT-004,24.64,KRT
2025-12-08,KRT-005,43.25,KRT
2025-12-08,KRT-006,37.83,KRT
2025-12-08,KRT-007,33.02,KRT
2025-12-08,KRT-008,37.34,KRT
2025-12-08,KRT-009,38.1,KRT
2025-12-08,KRT-010,37.73,KRT
2025-12-08,KRT-011,31.75,KRT
2025-12-08,KRT-012,31.85,KRT
2025-12-08,KRT-013,32.77,KRT
2025-12-08,KRT-014,31.75,KRT
2025-12-08,KRT-015,36.07,KRT
2025-12-08,KRT-016,36.4,KRT
2025-12-08,KRT-017,36.07,KRT
2025-12-08,KRT-018,35.0,KRT
2025-12-08,KRT-019,36.07,KRT
2025-12-08,KRT-020,40.39,KRT
2025-12-08,KRT-021,31.75,KRT
2025-12-08,KRT-022,36.58,KRT
2025-12-08,KRT-023,42.16,KRT
2025-12-08,KRT-024,41.91,KRT
2025-12-08,KRT-025,38.86,KRT
2025-12-08,KRT-026,37.6,KRT
2025-12-08,KRT-027,40.56,KRT
2025-12-08,KRT-028,27.69,KRT
2025-12-08,KRT-029,45.21,KRT
2025-12-08,KRT-030,26.67,KRT
2025-12-08,KRT-031,25.65,KRT
2025-12-08,KRT-032,26.42,KRT
2025-12-08,KRT-033,38.1,KRT
2025-12-08,KRT-034,33.27,KRT
2025-12-08,KRT-035,45.72,KRT
2025-12-08,KRT-036,41.4,KRT
2025-12-08,KRT-037,51.31,KRT
2025-12-08,KRT-038,47.5,KRT
2025-12-08,KRT-039,38.1,KRT
2025-12-08,KRT-040,38.86,KRT
2025-12-08,KRT-041,51.37,KRT
2025-12-08,KRT-042,58.67,KRT
2025-12-08,KRT-043,60.45,KRT
2025-12-08,KRT-044,57.66,KRT
2025-12-08,KRT-045,40.6,KRT
2025-12-08,KRT-046,35.31,KRT
2025-12-08,KRT-047,40.13,KRT
2025-12-08,KRT-048,50.1,KRT
2025-12-08,KRT-049,49.78,KRT
2025-12-08,KRT-050,61.72,KRT
2025-12-08,KRT-051,43.43,KRT
2025-12-08,KRT-052,39.88,KRT
2025-12-08,KRT-053,59.37,KRT
2025-12-08,KRT-054,41.66,KRT
2025-12-08,KRT-055,62.74,KRT
2025-12-08,KRT-056,51.56,KRT
2025-12-08,KRT-057,50.17,KRT
2025-12-08,KRT-058,50.5,KRT
2025-12-08,KRT-059,46.99,KRT
2025-12-08,KRT-060,58.67,KRT
2025-12-08,KRT-061,28.19,KRT
2025-12-08,KRT-062,43.58,KRT
2025-12-08,KRT-063,50.4,KRT
2025-12-08,KRT-064,45.9,KRT
2025-12-08,KRT-065,48.3,KRT
2025-12-08,KRT-066,32.0,KRT
2025-12-08,KRT-067,41.66,KRT
2025-12-08,KRT-068,45.76,KRT
2025-12-08,KRT-069,49.25,KRT
2025-12-08,KRT-070,47.87,KRT
2025-12-08,KRT-071,50.56,KRT
2025-12-08,KRT-072,56.81,KRT
2025-12-08,KRT-073,45.72,KRT
2025-12-08,KRT-074,47.75,KRT
2025-12-08,RDM-101,15.5,RDM
2025-12-08,RDM-102,12.25,RDM
2025-12-08,RDM-103,15.24,RDM
2025-12-08,RDM-104,16.76,RDM
2025-12-08,RDM-105,19.81,RDM
2025-12-08,RDM-106,22.86,RDM
2025-12-08,RDM-107,26.7,RDM
2025-12-08,RDM-108,22.61,RDM
2025-12-08,RDM-109,23.62,RDM
2025-12-08,RDM-110,22.7,RDM
2025-12-08,RDM-112,15.24,RDM
2025-12-08,RDM-113,16.2,RDM
2025-12-08,RDM-114,15.75,RDM
2025-12-08,RDM-115,14.73,RDM
2025-12-08,RDM-116,16.26,RDM
2025-12-08,RDM-117,19.2,RDM
2025-12-08,RDM-118,13.9,RDM
2025-12-08,RDM-119,14.73,RDM
2025-12-08,RDM-120,10.67,RDM
2025-12-08,RDM-121,12.45,RDM
2025-12-08,RDM-122,13.21,RDM
2025-12-08,RDM-123,12.19,RDM
2025-12-08,RDM-124,18.0,RDM
2025-12-08,RDM-125,16.5,RDM
2025-12-08,RDM-126,13.8,RDM
2025-12-08,RDM-127,16.26,RDM
2025-12-08,RDM-128,17.02,RDM
2025-12-08,RDM-129,17.27,RDM
2025-12-08,RDM-130,18.54,RDM
2025-12-08,RDM-131,19.3,RDM
2025-12-08,RDM-132,21.3,RDM
2025-12-08,RDM-133,16.0,RDM
2025-12-09,KRT-001,2.03,KRT
2025-12-09,KRT-002,3.56,KRT
2025-12-09,KRT-003,2.53,KRT
2025-12-09,KRT-004,2.53,KRT
2025-12-09,KRT-005,2.0,KRT
2025-12-09,KRT-006,2.25,KRT
2025-12-09,KRT-007,2.29,KRT
2025-12-09,KRT-008,0.76,KRT
2025-12-09,KRT-009,5.59,KRT
2025-12-09,KRT-010,8.38,KRT
2025-12-09,KRT-011,5.59,KRT
2025-12-09,KRT-012,4.57,KRT
2025-12-09,KRT-013,6.1,KRT
2025-12-09,KRT-014,5.08,KRT
2025-12-09,KRT-015,0.76,KRT
2025-12-09,KRT-016,0.0,KRT
2025-12-09,KRT-017,1.27,KRT
2025-12-09,KRT-018,0.5,KRT
2025-12-09,KRT-019,0.51,KRT
2025-12-09,KRT-020,0.76,KRT
2025-12-09,KRT-021,0.76,KRT
2025-12-09,KRT-022,0.51,KRT
2025-12-09,KRT-023,3.3,KRT
2025-12-09,KRT-024,0.25,KRT
2025-12-09,KRT-025,1.78,KRT
2025-12-09,KRT-026,1.25,KRT
2025-12-09,KRT-027,1.0,KRT
2025-12-09,KRT-028,0.51,KRT
2025-12-09,KRT-029,1.27,KRT
2025-12-09,KRT-030,0.51,KRT
2025-12-09,KRT-031,0.51,KRT
2025-12-09,KRT-032,0.51,KRT
2025-12-09,KRT-033,0.51,KRT
2025-12-09,KRT-034,0.51,KRT
2025-12-09,KRT-035,1.02,KRT
2025-12-09,KRT-036,0.76,KRT
2025-12-09,KRT-037,1.52,KRT
2025-12-09,KRT-038,1.02,KRT
2025-12-09,KRT-039,1.02,KRT
2025-12-09,KRT-040,0.76,KRT
2025-12-09,KRT-041,0.0,KRT
2025-12-09,KRT-042,2.03,KRT
2025-12-09,KRT-043,1.02,KRT
2025-12-09,KRT-044,0.51,KRT
2025-12-09,KRT-045,0.0,KRT
2025-12-09,KRT-046,0.51,KRT
2025-12-09,KRT-047,0.76,KRT
2025-12-09,KRT-048,0.0,KRT
2025-12-09,KRT-049,0.51,KRT
2025-12-09,KRT-050,1.78,KRT
2025-12-09,KRT-051,1.52,KRT
2025-12-09,KRT-052,0.25,KRT
2025-12-09,KRT-053,7.62,KRT
2025-12-09,KRT-054,0.51,KRT
2025-12-09,KRT-055,1.78,KRT
2025-12-09,KRT-056,2.03,KRT
2025-12-09,KRT-057,0.68,KRT
2025-12-09,KRT-058,1.0,KRT
2025-12-09,KRT-059,0.51,KRT
2025-12-09,KRT-060,0.25,KRT
2025-12-09,KRT-061,1.78,KRT
2025-12-09,KRT-062,1.97,KRT
2025-12-09,KRT-063,1.5,KRT
2025-12-09,KRT-064,0.9,KRT
2025-12-09,KRT-065,0.9,KRT
2025-12-09,KRT-066,0.51,KRT
2025-12-09,KRT-067,3.3,KRT
2025-12-09,KRT-068,5.2,KRT
2025-12-09,KRT-069,0.0,KRT
2025-12-09,KRT-070,1.97,KRT
2025-12-09,KRT-071,0.0,KRT
2025-12-09,KRT-072,2.66,KRT
2025-12-09,KRT-073,0.25,KRT
2025-12-09,KRT-074,0.25,KRT
2025-12-09,RDM-101,14.25,RDM
2025-12-09,RDM-102,11.25,RDM
2025-12-09,RDM-103,10.41,RDM
2025-12-09,RDM-104,13.46,RDM
2025-12-09,RDM-105,7.11,RDM
2025-12-09,RDM-106,10.92,RDM
2025-12-09,RDM-107,9.3,RDM
2025-12-09,RDM-108,7.37,RDM
2025-12-09,RDM-109,11.94,RDM
2025-12-09,RDM-110,9.6,RDM
2025-12-09,RDM-112,17.78,RDM
2025-12-09,RDM-113,15.9,RDM
2025-12-09,RDM-114,26.0,RDM
2025-12-09,RDM-115,27.69,RDM
2025-12-09,RDM-116,21.84,RDM
2025-12-09,RDM-117,28.2,RDM
2025-12-09,RDM-118,36.13,RDM
2025-12-09,RDM-119,39.37,RDM
2025-12-09,RDM-120,47.24,RDM
2025-12-09,RDM-121,45.21,RDM
2025-12-09,RDM-122,35.81,RDM
2025-12-09,RDM-123,35.05,RDM
2025-12-09,RDM-124,39.9,RDM
2025-12-09,RDM-125,40.8,RDM
2025-12-09,RDM-126,33.9,RDM
2025-12-09,RDM-127,35.81,RDM
2025-12-09,RDM-128,37.85,RDM
2025-12-09,RDM-129,37.34,RDM
2025-12-09,RDM-130,20.57,RDM
2025-12-09,RDM-131,17.53,RDM
2025-12-09,RDM-132,28.2,RDM
2025-12-09,RDM-133,30.73,RDM
2025-12-10,KRT-001,0.0,KRT
2025-12-10,KRT-002,0.0,KRT
2025-12-10,KRT-003,0.0,KRT
2025-12-10,KRT-004,0.0,KRT
2025-12-10,KRT-005,0.0,KRT
2025-12-10,KRT-006,0.0,KRT
2025-12-10,KRT-007,0.0,KRT
2025-12-10,KRT-008,0.0,KRT
2025-12-10,KRT-009,0.0,KRT
2025-12-10,KRT-010,0.0,KRT
2025-12-10,KRT-011,0.25,KRT
2025-12-10,KRT-012,0.76,KRT
2025-12-10,KRT-013,0.0,KRT
2025-12-10,KRT-014,0.0,KRT
2025-12-10,KRT-015,0.0,KRT
2025-12-10,KRT-016,0.0,KRT
2025-12-10,KRT-017,0.0,KRT
2025-12-10,KRT-018,0.0,KRT
2025-12-10,KRT-019,0.0,KRT
2025-12-10,KRT-020,0.0,KRT
2025-12-10,KRT-021,0.0,KRT
2025-12-10,KRT-022,0.0,KRT
2025-12-10,KRT-023,0.0,KRT
2025-12-10,KRT-024,0.0,KRT
2025-12-10,KRT-025,0.0,KRT
2025-12-10,KRT-026,0.0,KRT
2025-12-10,KRT-027,0.0,KRT
2025-12-10,KRT-028,0.0,KRT
2025-12-10,KRT-029,0.0,KRT
2025-12-10,KRT-030,0.0,KRT
2025-12-10,KRT-031,0.0,KRT
2025-12-10,KRT-032,0.0,KRT
2025-12-10,KRT-033,0.0,KRT
2025-12-10,KRT-034,0.0,KRT
2025-12-10,KRT-035,0.0,KRT
2025-12-10,KRT-036,0.0,KRT
2025-12-10,KRT-037,0.0,KRT
2025-12-10,KRT-038,0.0,KRT
2025-12-10,KRT-039,0.0,KRT
2025-12-10,KRT-040,0.0,KRT
2025-12-10,KRT-041,0.0,KRT
2025-12-10,KRT-042,0.0,KRT
2025-12-10,KRT-043,0.0,KRT
2025-12-10,KRT-044,0.0,KRT
2025-12-10,KRT-045,0.0,KRT
2025-12-10,KRT-046,0.0,KRT
2025-12-10,KRT-047,0.0,KRT
2025-12-10,KRT-048,0.0,KRT
2025-12-10,KRT-049,0.0,KRT
2025-12-10,KRT-050,0.0,KRT
2025-12-10,KRT-051,0.0,KRT
2025-12-10,KRT-052,0.0,KRT
2025-12-10,KRT-053,3.05,KRT
2025-12-10,KRT-054,0.0,KRT
2025-12-10,KRT-055,0.0,KRT
2025-12-10,KRT-056,0.0,KRT
2025-12-10,KRT-057,0.0,KRT
2025-12-10,KRT-058,0.0,KRT
2025-12-10,KRT-059,0.0,KRT
2025-12-10,KRT-060,0.0,KRT
2025-12-10,KRT-061,0.0,KRT
2025-12-10,KRT-062,0.0,KRT
2025-12-10,KRT-063,0.0,KRT
2025-12-10,KRT-064,0.0,KRT
2025-12-10,KRT-065,0.0,KRT
2025-12-10,KRT-066,0.0,KRT
2025-12-10,KRT-067,0.0,KRT
2025-12-10,KRT-068,0.0,KRT
2025-12-10,KRT-069,0.0,KRT
2025-12-10,KRT-070,0.2,KRT
2025-12-10,KRT-071,0.0,KRT
2025-12-10,KRT-072,0.0,KRT
2025-12-10,KRT-073,0.0,KRT
2025-12-10,KRT-074,0.0,KRT
2025-12-10,RDM-101,0.75,RDM
2025-12-10,RDM-102,3.25,RDM
2025-12-10,RDM-103,1.27,RDM
2025-12-10,RDM-104,1.27,RDM
2025-12-10,RDM-105,0.0,RDM
2025-12-10,RDM-106,0.76,RDM
2025-12-10,RDM-107,0.0,RDM
2025-12-10,RDM-108,0.0,RDM
2025-12-10,RDM-109,5.08,RDM
2025-12-10,RDM-110,0.0,RDM
2025-12-10,RDM-112,3.56,RDM
2025-12-10,RDM-113,4.5,RDM
2025-12-10,RDM-114,3.5,RDM
2025-12-10,RDM-115,2.54,RDM
2025-12-10,RDM-116,2.03,RDM
2025-12-10,RDM-117,3.3,RDM
2025-12-10,RDM-118,3.81,RDM
2025-12-10,RDM-119,4.32,RDM
2025-12-10,RDM-120,5.08,RDM
2025-12-10,RDM-121,4.06,RDM
2025-12-10,RDM-122,4.06,RDM
2025-12-10,RDM-123,3.3,RDM
2025-12-10,RDM-124,1.5,RDM
2025-12-10,RDM-125,1.8,RDM
2025-12-10,RDM-126,3.9,RDM
2025-12-10,RDM-127,2.03,RDM
2025-12-10,RDM-128,5.08,RDM
2025-12-10,RDM-129,3.81,RDM
2025-12-10,RDM-130,3.81,RDM
2025-12-10,RDM-131,4.06,RDM
2025-12-10,RDM-132,4.5,RDM
2025-12-10,RDM-133,6.6,RDM
2025-12-11,KRT-001,0.0,KRT
2025-12-11,KRT-002,0.0,KRT
2025-12-11,KRT-003,0.0,KRT
2025-12-11,KRT-004,0.0,KRT
2025-12-11,KRT-005,0.0,KRT
2025-12-11,KRT-006,0.0,KRT
2025-12-11,KRT-007,0.0,KRT
2025-12-11,KRT-008,0.0,KRT
2025-12-11,KRT-009,0.25,KRT
2025-12-11,KRT-010,4.57,KRT
2025-12-11,KRT-011,4.57,KRT
2025-12-11,KRT-012,2.79,KRT
2025-12-11,KRT-013,2.03,KRT
2025-12-11,KRT-014,4.83,KRT
2025-12-11,KRT-015,0.0,KRT
2025-12-11,KRT-016,0.0,KRT
2025-12-11,KRT-017,0.0,KRT
2025-12-11,KRT-018,0.0,KRT
2025-12-11,KRT-019,4.57,KRT
2025-12-11,KRT-020,0.76,KRT
2025-12-11,KRT-021,3.75,KRT
2025-12-11,KRT-022,4.83,KRT
2025-12-11,KRT-023,3.56,KRT
2025-12-11,KRT-024,3.25,KRT
2025-12-11,KRT-025,2.03,KRT
2025-12-11,KRT-026,1.25,KRT
2025-12-11,KRT-027,1.75,KRT
2025-12-11,KRT-028,4.83,KRT
2025-12-11,KRT-029,2.54,KRT
2025-12-11,KRT-030,5.08,KRT
2025-12-11,KRT-031,1.78,KRT
2025-12-11,KRT-032,2.29,KRT
2025-12-11,KRT-033,0.0,KRT
2025-12-11,KRT-034,0.0,KRT
2025-12-11,KRT-035,0.0,KRT
2025-12-11,KRT-036,0.0,KRT
2025-12-11,KRT-037,0.0,KRT
2025-12-11,KRT-038,0.0,KRT
2025-12-11,KRT-039,0.0,KRT
2025-12-11,KRT-040,0.0,KRT
2025-12-11,KRT-041,0.0,KRT
2025-12-11,KRT-042,0.0,KRT
2025-12-11,KRT-043,0.0,KRT
2025-12-11,KRT-044,0.0,KRT
2025-12-11,KRT-045,0.25,KRT
2025-12-11,KRT-046,0.0,KRT
2025-12-11,KRT-047,0.0,KRT
2025-12-11,KRT-048,0.0,KRT
2025-12-11,KRT-049,0.0,KRT
2025-12-11,KRT-050,0.0,KRT
2025-12-11,KRT-051,1.78,KRT
2025-12-11,KRT-052,0.0,KRT
2025-12-11,KRT-053,1.52,KRT
2025-12-11,KRT-054,0.0,KRT
2025-12-11,KRT-055,0.25,KRT
2025-12-11,KRT-056,0.0,KRT
2025-12-11,KRT-057,0.0,KRT
2025-12-11,KRT-058,0.0,KRT
2025-12-11,KRT-059,1.02,KRT
2025-12-11,KRT-060,0.0,KRT
2025-12-11,KRT-061,0.0,KRT
2025-12-11,KRT-062,0.0,KRT
2025-12-11,KRT-063,1.5,KRT
2025-12-11,KRT-064,3.3,KRT
2025-12-11,KRT-065,0.3,KRT
2025-12-11,KRT-066,1.02,KRT
2025-12-11,KRT-067,0.0,KRT
2025-12-11,KRT-068,0.0,KRT
2025-12-11,KRT-069,0.0,KRT
2025-12-11,KRT-070,5.32,KRT
2025-12-11,KRT-071,0.0,KRT
2025-12-11,KRT-072,6.46,KRT
2025-12-11,KRT-073,2.03,KRT
2025-12-11,KRT-074,0.0,KRT
2025-12-11,RDM-101,0.0,RDM
2025-12-11,RDM-102,0.0,RDM
2025-12-11,RDM-103,0.0,RDM
2025-12-11,RDM-104,0.0,RDM
2025-12-11,RDM-105,0.0,RDM
2025-12-11,RDM-106,0.0,RDM
2025-12-11,RDM-107,0.0,RDM
2025-12-11,RDM-108,0.0,RDM
2025-12-11,RDM-109,0.0,RDM
2025-12-11,RDM-110,0.0,RDM
2025-12-11,RDM-112,0.0,RDM
2025-12-11,RDM-113,0.0,RDM
2025-12-11,RDM-114,0.0,RDM
2025-12-11,RDM-115,0.0,RDM
2025-12-11,RDM-116,0.0,RDM
2025-12-11,RDM-117,0.0,RDM
2025-12-11,RDM-118,0.0,RDM
2025-12-11,RDM-119,0.0,RDM
2025-12-11,RDM-120,0.0,RDM
2025-12-11,RDM-121,0.0,RDM
2025-12-11,RDM-122,0.0,RDM
2025-12-11,RDM-123,0.0,RDM
2025-12-11,RDM-124,0.0,RDM
2025-12-11,RDM-125,0.0,RDM
2025-12-11,RDM-126,0.0,RDM
2025-12-11,RDM-127,0.0,RDM
2025-12-11,RDM-128,0.0,RDM
2025-12-11,RDM-129,0.0,RDM
2025-12-11,RDM-130,0.0,RDM
2025-12-11,RDM-131,0.0,RDM
2025-12-11,RDM-132,0.0,RDM
2025-12-11,RDM-133,0.0,RDM
2025-12-12,KRT-001,5.33,KRT
2025-12-12,KRT-002,2.03,KRT
2025-12-12,KRT-003,5.33,KRT
2025-12-12,KRT-004,4.23,KRT
2025-12-12,KRT-005,7.0,KRT
2025-12-12,KRT-006,3.71,KRT
2025-12-12,KRT-007,2.29,KRT
2025-12-12,KRT-008,1.52,KRT
2025-12-12,KRT-009,2.54,KRT
2025-12-12,KRT-010,1.27,KRT
2025-12-12,KRT-011,1.02,KRT
2025-12-12,KRT-012,2.5,KRT
2025-12-12,KRT-013,1.02,KRT
2025-12-12,KRT-014,2.03,KRT
2025-12-12,KRT-015,4.06,KRT
2025-12-12,KRT-016,4.46,KRT
2025-12-12,KRT-017,1.02,KRT
2025-12-12,KRT-018,1.0,KRT
2025-12-12,KRT-019,0.51,KRT
2025-12-12,KRT-020,0.76,KRT
2025-12-12,KRT-021,1.02,KRT
2025-12-12,KRT-022,1.78,KRT
2025-12-12,KRT-023,2.03,KRT
2025-12-12,KRT-024,1.27,KRT
2025-12-12,KRT-025,3.05,KRT
2025-12-12,KRT-026,4.31,KRT
2025-12-12,KRT-027,5.07,KRT
2025-12-12,KRT-028,6.6,KRT
2025-12-12,KRT-029,7.87,KRT
2025-12-12,KRT-030,7.62,KRT
2025-12-12,KRT-031,12.7,KRT
2025-12-12,KRT-032,13.46,KRT
2025-12-12,KRT-033,19.05,KRT
2025-12-12,KRT-034,13.21,KRT
2025-12-12,KRT-035,25.91,KRT
2025-12-12,KRT-036,19.05,KRT
2025-12-12,KRT-037,21.34,KRT
2025-12-12,KRT-038,11.43,KRT
2025-12-12,KRT-039,8.38,KRT
2025-12-12,KRT-040,11.18,KRT
2025-12-12,KRT-041,8.44,KRT
2025-12-12,KRT-042,5.84,KRT
2025-12-12,KRT-043,5.33,KRT
2025-12-12,KRT-044,4.32,KRT
2025-12-12,KRT-045,1.75,KRT
2025-12-12,KRT-046,1.52,KRT
2025-12-12,KRT-047,3.56,KRT
2025-12-12,KRT-048,4.06,KRT
2025-12-12,KRT-049,3.3,KRT
2025-12-12,KRT-050,3.3,KRT
2025-12-12,KRT-051,2.29,KRT
2025-12-12,KRT-052,5.84,KRT
2025-12-12,KRT-053,5.76,KRT
2025-12-12,KRT-054,3.56,KRT
2025-12-12,KRT-055,8.64,KRT
2025-12-12,KRT-056,4.83,KRT
2025-12-12,KRT-057,6.55,KRT
2025-12-12,KRT-058,2.0,KRT
2025-12-12,KRT-059,5.08,KRT
2025-12-12,KRT-060,2.29,KRT
2025-12-12,KRT-061,5.84,KRT
2025-12-12,KRT-062,2.41,KRT
2025-12-12,KRT-063,3.3,KRT
2025-12-12,KRT-064,3.6,KRT
2025-12-12,KRT-065,2.4,KRT
2025-12-12,KRT-066,1.76,KRT
2025-12-12,KRT-067,1.52,KRT
2025-12-12,KRT-068,2.7,KRT
2025-12-12,KRT-069,5.45,KRT
2025-12-12,KRT-070,7.88,KRT
2025-12-12,KRT-071,6.0,KRT
2025-12-12,KRT-072,7.79,KRT
2025-12-12,KRT-073,4.06,KRT
2025-12-12,KRT-074,3.05,KRT
2025-12-12,RDM-101,10.5,RDM
2025-12-12,RDM-102,10.5,RDM
2025-12-12,RDM-103,8.64,RDM
2025-12-12,RDM-104,9.14,RDM
2025-12-12,RDM-105,4.83,RDM
2025-12-12,RDM-106,1.78,RDM
2025-12-12,RDM-107,2.4,RDM
2025-12-12,RDM-108,1.02,RDM
2025-12-12,RDM-109,2.03,RDM
2025-12-12,RDM-110,1.8,RDM
2025-12-12,RDM-112,5.33,RDM
2025-12-12,RDM-113,3.9,RDM
2025-12-12,RDM-114,1.75,RDM
2025-12-12,RDM-115,2.54,RDM
2025-12-12,RDM-116,3.3,RDM
2025-12-12,RDM-117,3.3,RDM
2025-12-12,RDM-118,7.54,RDM
2025-12-12,RDM-119,5.84,RDM
2025-12-12,RDM-120,13.46,RDM
2025-12-12,RDM-121,3.3,RDM
2025-12-12,RDM-122,4.83,RDM
2025-12-12,RDM-123,4.06,RDM
2025-12-12,RDM-124,2.1,RDM
2025-12-12,RDM-125,2.7,RDM
2025-12-12,RDM-126,7.8,RDM
2025-12-12,RDM-127,4.32,RDM
2025-12-12,RDM-128,4.32,RDM
2025-12-12,RDM-129,1.27,RDM
2025-12-12,RDM-130,1.52,RDM
2025-12-12,RDM-131,0.76,RDM
2025-12-12,RDM-132,4.8,RDM
2025-12-12,RDM-133,2.03,RDM
2025-12-13,KRT-001,0.76,KRT
2025-12-13,KRT-002,1.27,KRT
2025-12-13,KRT-003,1.02,KRT
2025-12-13,KRT-004,1.25,KRT
2025-12-13,KRT-005,25.5,KRT
2025-12-13,KRT-006,25.23,KRT
2025-12-13,KRT-007,23.11,KRT
2025-12-13,KRT-008,23.62,KRT
2025-12-13,KRT-009,7.87,KRT
2025-12-13,KRT-010,16.51,KRT
2025-12-13,KRT-011,1.78,KRT
2025-12-13,KRT-012,2.03,KRT
2025-12-13,KRT-013,1.02,KRT
2025-12-13,KRT-014,1.52,KRT
2025-12-13,KRT-015,14.48,KRT
2025-12-13,KRT-016,4.0,KRT
2025-12-13,KRT-017,4.57,KRT
2025-12-13,KRT-018,0.75,KRT
2025-12-13,KRT-019,3.3,KRT
2025-12-13,KRT-020,0.51,KRT
2025-12-13,KRT-021,9.65,KRT
2025-12-13,KRT-022,0.0,KRT
2025-12-13,KRT-023,0.0,KRT
2025-12-13,KRT-024,0.0,KRT
2025-12-13,KRT-025,0.0,KRT
2025-12-13,KRT-026,0.0,KRT
2025-12-13,KRT-027,0.0,KRT
2025-12-13,KRT-028,2.03,KRT
2025-12-13,KRT-029,2.03,KRT
2025-12-13,KRT-030,11.43,KRT
2025-12-13,KRT-031,7.37,KRT
2025-12-13,KRT-032,1.27,KRT
2025-12-13,KRT-033,6.6,KRT
2025-12-13,KRT-034,1.78,KRT
2025-12-13,KRT-035,25.4,KRT
2025-12-13,KRT-036,14.48,KRT
2025-12-13,KRT-037,10.67,KRT
2025-12-13,KRT-038,21.08,KRT
2025-12-13,KRT-039,26.92,KRT
2025-12-13,KRT-040,26.42,KRT
2025-12-13,KRT-041,17.7,KRT
2025-12-13,KRT-042,8.13,KRT
2025-12-13,KRT-043,15.24,KRT
2025-12-13,KRT-044,0.25,KRT
2025-12-13,KRT-045,7.92,KRT
2025-12-13,KRT-046,12.45,KRT
2025-12-13,KRT-047,13.97,KRT
2025-12-13,KRT-048,1.35,KRT
2025-12-13,KRT-049,1.02,KRT
2025-12-13,KRT-050,0.25,KRT
2025-12-13,KRT-051,0.25,KRT
2025-12-13,KRT-052,2.29,KRT
2025-12-13,KRT-053,0.0,KRT
2025-12-13,KRT-054,0.0,KRT
2025-12-13,KRT-055,0.25,KRT
2025-12-13,KRT-056,0.0,KRT
2025-12-13,KRT-057,0.0,KRT
2025-12-13,KRT-058,0.25,KRT
2025-12-13,KRT-059,0.25,KRT
2025-12-13,KRT-060,4.06,KRT
2025-12-13,KRT-061,0.0,KRT
2025-12-13,KRT-062,0.22,KRT
2025-12-13,KRT-063,0.3,KRT
2025-12-13,KRT-064,0.0,KRT
2025-12-13,KRT-065,0.0,KRT
2025-12-13,KRT-066,0.0,KRT
2025-12-13,KRT-067,0.25,KRT
2025-12-13,KRT-068,0.0,KRT
2025-12-13,KRT-069,0.0,KRT
2025-12-13,KRT-070,0.99,KRT
2025-12-13,KRT-071,0.0,KRT
2025-12-13,KRT-072,0.57,KRT
2025-12-13,KRT-073,0.25,KRT
2025-12-13,KRT-074,0.25,KRT
2025-12-13,RDM-101,8.0,RDM
2025-12-13,RDM-102,7.25,RDM
2025-12-13,RDM-103,3.3,RDM
2025-12-13,RDM-104,4.32,RDM
2025-12-13,RDM-105,3.81,RDM
2025-12-13,RDM-106,5.59,RDM
2025-12-13,RDM-107,17.7,RDM
2025-12-13,RDM-108,22.86,RDM
2025-12-13,RDM-109,5.08,RDM
2025-12-13,RDM-110,7.5,RDM
2025-12-13,RDM-112,20.57,RDM
2025-12-13,RDM-113,32.4,RDM
2025-12-13,RDM-114,22.25,RDM
2025-12-13,RDM-115,30.73,RDM
2025-12-13,RDM-116,34.8,RDM
2025-12-13,RDM-117,34.5,RDM
2025-12-13,RDM-118,33.33,RDM
2025-12-13,RDM-119,34.04,RDM
2025-12-13,RDM-120,31.24,RDM
2025-12-13,RDM-121,37.85,RDM
2025-12-13,RDM-122,23.37,RDM
2025-12-13,RDM-123,36.58,RDM
2025-12-13,RDM-124,46.8,RDM
2025-12-13,RDM-125,27.9,RDM
2025-12-13,RDM-126,46.5,RDM
2025-12-13,RDM-127,18.8,RDM
2025-12-13,RDM-128,32.51,RDM
2025-12-13,RDM-129,29.72,RDM
2025-12-13,RDM-130,38.1,RDM
2025-12-13,RDM-131,50.04,RDM
2025-12-13,RDM-132,40.5,RDM
2025-12-13,RDM-133,15.75,RDM
2025-12-14,KRT-001,4.06,KRT
2025-12-14,KRT-002,6.86,KRT
2025-12-14,KRT-003,6.8,KRT
2025-12-14,KRT-004,6.8,KRT
2025-12-14,KRT-005,9.5,KRT
2025-12-14,KRT-006,7.59,KRT
2025-12-14,KRT-007,7.62,KRT
2025-12-14,KRT-008,2.03,KRT
2025-12-14,KRT-009,5.08,KRT
2025-12-14,KRT-010,1.52,KRT
2025-12-14,KRT-011,1.02,KRT
2025-12-14,KRT-012,0.25,KRT
2025-12-14,KRT-013,0.76,KRT
2025-12-14,KRT-014,0.76,KRT
2025-12-14,KRT-015,6.6,KRT
2025-12-14,KRT-016,2.26,KRT
2025-12-14,KRT-017,0.51,KRT
2025-12-14,KRT-018,2.25,KRT
2025-12-14,KRT-019,2.79,KRT
2025-12-14,KRT-020,2.29,KRT
2025-12-14,KRT-021,1.78,KRT
2025-12-14,KRT-022,1.52,KRT
2025-12-14,KRT-023,1.02,KRT
2025-12-14,KRT-024,1.27,KRT
2025-12-14,KRT-025,1.27,KRT
2025-12-14,KRT-026,0.0,KRT
2025-12-14,KRT-027,0.0,KRT
2025-12-14,KRT-028,2.29,KRT
2025-12-14,KRT-029,4.57,KRT
2025-12-14,KRT-030,2.29,KRT
2025-12-14,KRT-031,3.81,KRT
2025-12-14,KRT-032,1.02,KRT
2025-12-14,KRT-033,3.81,KRT
2025-12-14,KRT-034,7.11,KRT
2025-12-14,KRT-035,20.83,KRT
2025-12-14,KRT-036,14.99,KRT
2025-12-14,KRT-037,33.02,KRT
2025-12-14,KRT-038,10.92,KRT
2025-12-14,KRT-039,5.08,KRT
2025-12-14,KRT-040,13.72,KRT
2025-12-14,KRT-041,14.85,KRT
2025-12-14,KRT-042,18.29,KRT
2025-12-14,KRT-043,16.51,KRT
2025-12-14,KRT-044,9.14,KRT
2025-12-14,KRT-045,1.52,KRT
2025-12-14,KRT-046,13.72,KRT
2025-12-14,KRT-047,20.83,KRT
2025-12-14,KRT-048,17.0,KRT
2025-12-14,KRT-049,22.35,KRT
2025-12-14,KRT-050,1.02,KRT
2025-12-14,KRT-051,1.78,KRT
2025-12-14,KRT-052,4.83,KRT
2025-12-14,KRT-053,3.25,KRT
2025-12-14,KRT-054,2.29,KRT
2025-12-14,KRT-055,2.79,KRT
2025-12-14,KRT-056,3.3,KRT
2025-12-14,KRT-057,13.11,KRT
2025-12-14,KRT-058,7.25,KRT
2025-12-14,KRT-059,6.6,KRT
2025-12-14,KRT-060,14.22,KRT
2025-12-14,KRT-061,4.32,KRT
2025-12-14,KRT-062,9.2,KRT
2025-12-14,KRT-063,2.1,KRT
2025-12-14,KRT-064,1.5,KRT
2025-12-14,KRT-065,4.5,KRT
2025-12-14,KRT-066,2.29,KRT
2025-12-14,KRT-067,1.27,KRT
2025-12-14,KRT-068,0.42,KRT
2025-12-14,KRT-069,6.25,KRT
2025-12-14,KRT-070,4.53,KRT
2025-12-14,KRT-071,5.0,KRT
2025-12-14,KRT-072,12.16,KRT
2025-12-14,KRT-073,2.03,KRT
2025-12-14,KRT-074,1.52,KRT
2025-12-14,RDM-101,0.0,RDM
2025-12-14,RDM-102,0.0,RDM
2025-12-14,RDM-103,0.0,RDM
2025-12-14,RDM-104,0.0,RDM
2025-12-14,RDM-105,0.0,RDM
2025-12-14,RDM-106,0.0,RDM
2025-12-14,RDM-107,0.0,RDM
2025-12-14,RDM-108,0.25,RDM
2025-12-14,RDM-109,0.0,RDM
2025-12-14,RDM-110,0.0,RDM
2025-12-14,RDM-112,0.0,RDM
2025-12-14,RDM-113,0.3,RDM
2025-12-14,RDM-114,0.0,RDM
2025-12-14,RDM-115,0.0,RDM
2025-12-14,RDM-116,0.0,RDM
2025-12-14,RDM-117,0.0,RDM
2025-12-14,RDM-118,0.9,RDM
2025-12-14,RDM-119,0.0,RDM
2025-12-14,RDM-120,0.25,RDM
2025-12-14,RDM-121,0.25,RDM
2025-12-14,RDM-122,0.25,RDM
2025-12-14,RDM-123,0.0,RDM
2025-12-14,RDM-124,0.0,RDM
2025-12-14,RDM-125,0.0,RDM
2025-12-14,RDM-126,0.0,RDM
2025-12-14,RDM-127,0.25,RDM
2025-12-14,RDM-128,0.0,RDM
2025-12-14,RDM-129,0.0,RDM
2025-12-14,RDM-130,0.0,RDM
2025-12-14,RDM-131,0.0,RDM
2025-12-14,RDM-132,0.0,RDM
2025-12-14,RDM-133,0.0,RDM
2025-12-15,KRT-001,24.13,KRT
2025-12-15,KRT-002,30.73,KRT
2025-12-15,KRT-003,27.83,KRT
2025-12-15,KRT-004,27.83,KRT
2025-12-15,KRT-005,28.75,KRT
2025-12-15,KRT-006,21.33,KRT
2025-12-15,KRT-007,18.29,KRT
2025-12-15,KRT-008,17.02,KRT
2025-12-15,KRT-009,23.62,KRT
2025-12-15,KRT-010,25.91,KRT
2025-12-15,KRT-011,21.08,KRT
2025-12-15,KRT-012,20.07,KRT
2025-12-15,KRT-013,19.3,KRT
2025-12-15,KRT-014,20.07,KRT
2025-12-15,KRT-015,14.73,KRT
2025-12-15,KRT-016,14.3,KRT
2025-12-15,KRT-017,17.27,KRT
2025-12-15,KRT-018,16.75,KRT
2025-12-15,KRT-019,13.72,KRT
2025-12-15,KRT-020,18.29,KRT
2025-12-15,KRT-021,23.37,KRT
2025-12-15,KRT-022,23.88,KRT
2025-12-15,KRT-023,21.59,KRT
2025-12-15,KRT-024,30.48,KRT
2025-12-15,KRT-025,41.4,KRT
2025-12-15,KRT-026,46.76,KRT
2025-12-15,KRT-027,55.6,KRT
2025-12-15,KRT-028,51.56,KRT
2025-12-15,KRT-029,78.74,KRT
2025-12-15,KRT-030,41.15,KRT
2025-12-15,KRT-031,70.1,KRT
2025-12-15,KRT-032,57.4,KRT
2025-12-15,KRT-033,76.71,KRT
2025-12-15,KRT-034,60.71,KRT
2025-12-15,KRT-035,20.07,KRT
2025-12-15,KRT-036,14.99,KRT
2025-12-15,KRT-037,13.72,KRT
2025-12-15,KRT-038,8.13,KRT
2025-12-15,KRT-039,14.22,KRT
2025-12-15,KRT-040,8.64,KRT
2025-12-15,KRT-041,7.7,KRT
2025-12-15,KRT-042,6.6,KRT
2025-12-15,KRT-043,6.35,KRT
2025-12-15,KRT-044,9.65,KRT
2025-12-15,KRT-045,8.25,KRT
2025-12-15,KRT-046,5.08,KRT
2025-12-15,KRT-047,5.08,KRT
2025-12-15,KRT-048,17.26,KRT
2025-12-15,KRT-049,4.32,KRT
2025-12-15,KRT-050,10.67,KRT
2025-12-15,KRT-051,17.53,KRT
2025-12-15,KRT-052,7.11,KRT
2025-12-15,KRT-053,13.75,KRT
2025-12-15,KRT-054,13.72,KRT
2025-12-15,KRT-055,24.13,KRT
2025-12-15,KRT-056,18.03,KRT
2025-12-15,KRT-057,10.85,KRT
2025-12-15,KRT-058,14.0,KRT
2025-12-15,KRT-059,11.18,KRT
2025-12-15,KRT-060,12.19,KRT
2025-12-15,KRT-061,7.62,KRT
2025-12-15,KRT-062,7.45,KRT
2025-12-15,KRT-063,21.3,KRT
2025-12-15,KRT-064,12.9,KRT
2025-12-15,KRT-065,14.1,KRT
2025-12-15,KRT-066,5.84,KRT
2025-12-15,KRT-067,8.38,KRT
2025-12-15,KRT-068,14.77,KRT
2025-12-15,KRT-069,6.89,KRT
2025-12-15,KRT-070,3.94,KRT
2025-12-15,KRT-071,6.18,KRT
2025-12-15,KRT-072,3.42,KRT
2025-12-15,KRT-073,17.02,KRT
2025-12-15,KRT-074,10.41,KRT
2025-12-15,RDM-101,4.5,RDM
2025-12-15,RDM-102,1.75,RDM
2025-12-15,RDM-103,2.29,RDM
2025-12-15,RDM-104,2.03,RDM
2025-12-15,RDM-105,2.29,RDM
2025-12-15,RDM-106,2.03,RDM
2025-12-15,RDM-107,2.7,RDM
2025-12-15,RDM-108,1.78,RDM
2025-12-15,RDM-109,1.78,RDM
2025-12-15,RDM-110,1.8,RDM
2025-12-15,RDM-112,8.38,RDM
2025-12-15,RDM-113,3.6,RDM
2025-12-15,RDM-114,7.5,RDM
2025-12-15,RDM-115,6.1,RDM
2025-12-15,RDM-116,6.86,RDM
2025-12-15,RDM-117,6.6,RDM
2025-12-15,RDM-118,6.68,RDM
2025-12-15,RDM-119,12.45,RDM
2025-12-15,RDM-120,2.29,RDM
2025-12-15,RDM-121,4.57,RDM
2025-12-15,RDM-122,2.03,RDM
2025-12-15,RDM-123,3.3,RDM
2025-12-15,RDM-124,3.3,RDM
2025-12-15,RDM-125,1.8,RDM
2025-12-15,RDM-126,5.4,RDM
2025-12-15,RDM-127,1.78,RDM
2025-12-15,RDM-128,4.02,RDM
2025-12-15,RDM-129,4.32,RDM
2025-12-15,RDM-130,5.84,RDM
2025-12-15,RDM-131,7.87,RDM
2025-12-15,RDM-132,4.5,RDM
2025-12-15,RDM-133,1.27,RDM
2025-12-16,KRT-001,0.25,KRT
2025-12-16,KRT-002,0.0,KRT
2025-12-16,KRT-003,0.0,KRT
2025-12-16,KRT-004,0.0,KRT
2025-12-16,KRT-005,0.0,KRT
2025-12-16,KRT-006,0.0,KRT
2025-12-16,KRT-007,0.76,KRT
2025-12-16,KRT-008,4.83,KRT
2025-12-16,KRT-009,0.0,KRT
2025-12-16,KRT-010,0.76,KRT
2025-12-16,KRT-011,0.76,KRT
2025-12-16,KRT-012,1.02,KRT
2025-12-16,KRT-013,0.0,KRT
2025-12-16,KRT-014,3.81,KRT
2025-12-16,KRT-015,0.76,KRT
2025-12-16,KRT-016,0.0,KRT
2025-12-16,KRT-017,4.83,KRT
2025-12-16,KRT-018,0.0,KRT
2025-12-16,KRT-019,0.76,KRT
2025-12-16,KRT-020,1.02,KRT
2025-12-16,KRT-021,1.78,KRT
2025-12-16,KRT-022,2.03,KRT
2025-12-16,KRT-023,1.27,KRT
2025-12-16,KRT-024,4.83,KRT
2025-12-16,KRT-025,0.0,KRT
2025-12-16,KRT-026,0.0,KRT
2025-12-16,KRT-027,0.0,KRT
2025-12-16,KRT-028,0.0,KRT
2025-12-16,KRT-029,2.03,KRT
2025-12-16,KRT-030,0.0,KRT
2025-12-16,KRT-031,0.0,KRT
2025-12-16,KRT-032,0.0,KRT
2025-12-16,KRT-033,0.0,KRT
2025-12-16,KRT-034,2.29,KRT
2025-12-16,KRT-035,0.0,KRT
2025-12-16,KRT-036,1.52,KRT
2025-12-16,KRT-037,0.51,KRT
2025-12-16,KRT-038,1.78,KRT
2025-12-16,KRT-039,2.03,KRT
2025-12-16,KRT-040,6.6,KRT
2025-12-16,KRT-041,7.18,KRT
2025-12-16,KRT-042,3.05,KRT
2025-12-16,KRT-043,17.27,KRT
2025-12-16,KRT-044,0.0,KRT
2025-12-16,KRT-045,0.0,KRT
2025-12-16,KRT-046,7.87,KRT
2025-12-16,KRT-047,22.1,KRT
2025-12-16,KRT-048,17.26,KRT
2025-12-16,KRT-049,12.45,KRT
2025-12-16,KRT-050,1.52,KRT
2025-12-16,KRT-051,0.0,KRT
2025-12-16,KRT-052,0.51,KRT
2025-12-16,KRT-053,0.0,KRT
2025-12-16,KRT-054,0.0,KRT
2025-12-16,KRT-055,0.0,KRT
2025-12-16,KRT-056,0.25,KRT
2025-12-16,KRT-057,0.0,KRT
2025-12-16,KRT-058,0.0,KRT
2025-12-16,KRT-059,1.27,KRT
2025-12-16,KRT-060,2.29,KRT
2025-12-16,KRT-061,6.35,KRT
2025-12-16,KRT-062,0.44,KRT
2025-12-16,KRT-063,0.0,KRT
2025-12-16,KRT-064,0.0,KRT
2025-12-16,KRT-065,0.0,KRT
2025-12-16,KRT-066,0.0,KRT
2025-12-16,KRT-067,0.0,KRT
2025-12-16,KRT-068,0.21,KRT
2025-12-16,KRT-069,0.0,KRT
2025-12-16,KRT-070,6.3,KRT
2025-12-16,KRT-071,0.0,KRT
2025-12-16,KRT-072,15.01,KRT
2025-12-16,KRT-073,0.76,KRT
2025-12-16,KRT-074,1.02,KRT
2025-12-16,RDM-101,0.0,RDM
2025-12-16,RDM-102,0.0,RDM
2025-12-16,RDM-103,0.0,RDM
2025-12-16,RDM-104,0.0,RDM
2025-12-16,RDM-105,0.0,RDM
2025-12-16,RDM-106,0.0,RDM
2025-12-16,RDM-107,0.0,RDM
2025-12-16,RDM-108,0.0,RDM
2025-12-16,RDM-109,0.0,RDM
2025-12-16,RDM-110,0.0,RDM
2025-12-16,RDM-112,0.0,RDM
2025-12-16,RDM-113,0.0,RDM
2025-12-16,RDM-114,0.0,RDM
2025-12-16,RDM-115,0.0,RDM
2025-12-16,RDM-116,0.0,RDM
2025-12-16,RDM-117,0.0,RDM
2025-12-16,RDM-118,0.9,RDM
2025-12-16,RDM-119,0.0,RDM
2025-12-16,RDM-120,0.0,RDM
2025-12-16,RDM-121,0.0,RDM
2025-12-16,RDM-122,0.0,RDM
2025-12-16,RDM-123,0.0,RDM
2025-12-16,RDM-124,0.0,RDM
2025-12-16,RDM-125,0.0,RDM
2025-12-16,RDM-126,0.0,RDM
2025-12-16,RDM-127,0.0,RDM
2025-12-16,RDM-128,0.0,RDM
2025-12-16,RDM-129,0.0,RDM
2025-12-16,RDM-130,0.0,RDM
2025-12-16,RDM-131,0.0,RDM
2025-12-16,RDM-132,0.0,RDM
2025-12-16,RDM-133,0.0,RDM
2025-12-17,KRT-001,0.0,KRT
2025-12-17,KRT-002,1.27,KRT
2025-12-17,KRT-003,0.0,KRT
2025-12-17,KRT-004,0.0,KRT
2025-12-17,KRT-005,6.5,KRT
2025-12-17,KRT-006,31.73,KRT
2025-12-17,KRT-007,25.15,KRT
2025-12-17,KRT-008,35.31,KRT
2025-12-17,KRT-009,7.87,KRT
2025-12-17,KRT-010,13.21,KRT
2025-12-17,KRT-011,3.56,KRT
2025-12-17,KRT-012,3.78,KRT
2025-12-17,KRT-013,2.54,KRT
2025-12-17,KRT-014,2.03,KRT
2025-12-17,KRT-015,34.8,KRT
2025-12-17,KRT-016,30.66,KRT
2025-12-17,KRT-017,29.46,KRT
2025-12-17,KRT-018,26.25,KRT
2025-12-17,KRT-019,14.99,KRT
2025-12-17,KRT-020,19.3,KRT
2025-12-17,KRT-021,12.1,KRT
2025-12-17,KRT-022,13.72,KRT
2025-12-17,KRT-023,3.56,KRT
2025-12-17,KRT-024,5.33,KRT
2025-12-17,KRT-025,3.56,KRT
2025-12-17,KRT-026,3.64,KRT
2025-12-17,KRT-027,4.17,KRT
2025-12-17,KRT-028,10.16,KRT
2025-12-17,KRT-029,5.33,KRT
2025-12-17,KRT-030,11.68,KRT
2025-12-17,KRT-031,7.17,KRT
2025-12-17,KRT-032,4.32,KRT
2025-12-17,KRT-033,5.84,KRT
2025-12-17,KRT-034,3.81,KRT
2025-12-17,KRT-035,20.07,KRT
2025-12-17,KRT-036,25.4,KRT
2025-12-17,KRT-037,20.32,KRT
2025-12-17,KRT-038,23.88,KRT
2025-12-17,KRT-039,30.99,KRT
2025-12-17,KRT-040,35.56,KRT
2025-12-17,KRT-041,37.75,KRT
2025-12-17,KRT-042,45.47,KRT
2025-12-17,KRT-043,45.97,KRT
2025-12-17,KRT-044,18.03,KRT
2025-12-17,KRT-045,26.2,KRT
2025-12-17,KRT-046,30.99,KRT
2025-12-17,KRT-047,29.97,KRT
2025-12-17,KRT-048,30.06,KRT
2025-12-17,KRT-049,14.22,KRT
2025-12-17,KRT-050,60.2,KRT
2025-12-17,KRT-051,46.48,KRT
2025-12-17,KRT-052,17.27,KRT
2025-12-17,KRT-053,5.33,KRT
2025-12-17,KRT-054,12.57,KRT
2025-12-17,KRT-055,6.35,KRT
2025-12-17,KRT-056,28.45,KRT
2025-12-17,KRT-057,0.9,KRT
2025-12-17,KRT-058,9.0,KRT
2025-12-17,KRT-059,0.76,KRT
2025-12-17,KRT-060,1.02,KRT
2025-12-17,KRT-061,2.29,KRT
2025-12-17,KRT-062,0.0,KRT
2025-12-17,KRT-063,54.0,KRT
2025-12-17,KRT-064,26.4,KRT
2025-12-17,KRT-065,34.5,KRT
2025-12-17,KRT-066,8.13,KRT
2025-12-17,KRT-067,0.76,KRT
2025-12-17,KRT-068,3.12,KRT
2025-12-17,KRT-069,0.0,KRT
2025-12-17,KRT-070,2.96,KRT
2025-12-17,KRT-071,0.0,KRT
2025-12-17,KRT-072,6.27,KRT
2025-12-17,KRT-073,62.74,KRT
2025-12-17,KRT-074,36.58,KRT
2025-12-17,RDM-101,55.0,RDM
2025-12-17,RDM-102,36.0,RDM
2025-12-17,RDM-103,36.83,RDM
2025-12-17,RDM-104,25.15,RDM
2025-12-17,RDM-105,9.4,RDM
2025-12-17,RDM-106,14.48,RDM
2025-12-17,RDM-107,6.3,RDM
2025-12-17,RDM-108,6.35,RDM
2025-12-17,RDM-109,25.91,RDM
2025-12-17,RDM-110,15.1,RDM
2025-12-17,RDM-112,54.1,RDM
2025-12-17,RDM-113,17.1,RDM
2025-12-17,RDM-114,44.0,RDM
2025-12-17,RDM-115,39.12,RDM
2025-12-17,RDM-116,37.59,RDM
2025-12-17,RDM-117,40.8,RDM
2025-12-17,RDM-118,27.5,RDM
2025-12-17,RDM-119,15.75,RDM
2025-12-17,RDM-120,27.94,RDM
2025-12-17,RDM-121,13.21,RDM
2025-12-17,RDM-122,25.91,RDM
2025-12-17,RDM-123,13.21,RDM
2025-12-17,RDM-124,10.2,RDM
2025-12-17,RDM-125,12.6,RDM
2025-12-17,RDM-126,10.2,RDM
2025-12-17,RDM-127,9.91,RDM
2025-12-17,RDM-128,11.68,RDM
2025-12-17,RDM-129,12.95,RDM
2025-12-17,RDM-130,13.97,RDM
2025-12-17,RDM-131,21.84,RDM
2025-12-17,RDM-132,22.5,RDM
2025-12-17,RDM-133,13.21,RDM
2025-12-18,KRT-001,7.87,KRT
2025-12-18,KRT-002,4.83,KRT
2025-12-18,KRT-003,5.06,KRT
2025-12-18,KRT-004,5.06,KRT
2025-12-18,KRT-005,2.5,KRT
2025-12-18,KRT-006,0.0,KRT
2025-12-18,KRT-007,1.78,KRT
2025-12-18,KRT-008,2.29,KRT
2025-12-18,KRT-009,14.73,KRT
2025-12-18,KRT-010,1.78,KRT
2025-12-18,KRT-011,3.81,KRT
2025-12-18,KRT-012,3.3,KRT
2025-12-18,KRT-013,2.29,KRT
2025-12-18,KRT-014,0.51,KRT
2025-12-18,KRT-015,2.54,KRT
2025-12-18,KRT-016,0.0,KRT
2025-12-18,KRT-017,1.52,KRT
2025-12-18,KRT-018,0.75,KRT
2025-12-18,KRT-019,0.51,KRT
2025-12-18,KRT-020,0.25,KRT
2025-12-18,KRT-021,0.0,KRT
2025-12-18,KRT-022,0.0,KRT
2025-12-18,KRT-023,0.0,KRT
2025-12-18,KRT-024,0.25,KRT
2025-12-18,KRT-025,0.25,KRT
2025-12-18,KRT-026,0.0,KRT
2025-12-18,KRT-027,0.0,KRT
2025-12-18,KRT-028,0.0,KRT
2025-12-18,KRT-029,0.25,KRT
2025-12-18,KRT-030,0.25,KRT
2025-12-18,KRT-031,0.0,KRT
2025-12-18,KRT-032,0.25,KRT
2025-12-18,KRT-033,0.51,KRT
2025-12-18,KRT-034,0.0,KRT
2025-12-18,KRT-035,2.54,KRT
2025-12-18,KRT-036,2.54,KRT
2025-12-18,KRT-037,3.56,KRT
2025-12-18,KRT-038,3.3,KRT
2025-12-18,KRT-039,1.52,KRT
2025-12-18,KRT-040,2.03,KRT
2025-12-18,KRT-041,0.0,KRT
2025-12-18,KRT-042,5.08,KRT
2025-12-18,KRT-043,5.33,KRT
2025-12-18,KRT-044,7.11,KRT
2025-12-18,KRT-045,0.0,KRT
2025-12-18,KRT-046,3.56,KRT
2025-12-18,KRT-047,4.32,KRT
2025-12-18,KRT-048,0.0,KRT
2025-12-18,KRT-049,5.84,KRT
2025-12-18,KRT-050,6.6,KRT
2025-12-18,KRT-051,6.6,KRT
2025-12-18,KRT-052,7.37,KRT
2025-12-18,KRT-053,22.35,KRT
2025-12-18,KRT-054,5.08,KRT
2025-12-18,KRT-055,11.68,KRT
2025-12-18,KRT-056,9.91,KRT
2025-12-18,KRT-057,11.75,KRT
2025-12-18,KRT-058,8.75,KRT
2025-12-18,KRT-059,16.26,KRT
2025-12-18,KRT-060,12.7,KRT
2025-12-18,KRT-061,9.14,KRT
2025-12-18,KRT-062,10.51,KRT
2025-12-18,KRT-063,6.0,KRT
2025-12-18,KRT-064,7.5,KRT
2025-12-18,KRT-065,8.4,KRT
2025-12-18,KRT-066,4.32,KRT
2025-12-18,KRT-067,8.13,KRT
2025-12-18,KRT-068,11.02,KRT
2025-12-18,KRT-069,0.0,KRT
2025-12-18,KRT-070,39.4,KRT
2025-12-18,KRT-071,0.0,KRT
2025-12-18,KRT-072,34.58,KRT
2025-12-18,KRT-073,3.3,KRT
2025-12-18,KRT-074,5.08,KRT
2025-12-18,RDM-101,21.5,RDM
2025-12-18,RDM-102,25.0,RDM
2025-12-18,RDM-103,21.34,RDM
2025-12-18,RDM-104,14.99,RDM
2025-12-18,RDM-105,16.51,RDM
2025-12-18,RDM-106,14.48,RDM
2025-12-18,RDM-107,17.4,RDM
2025-12-18,RDM-108,9.14,RDM
2025-12-18,RDM-109,16.0,RDM
2025-12-18,RDM-110,0.0,RDM
2025-12-18,RDM-112,11.43,RDM
2025-12-18,RDM-113,1.8,RDM
2025-12-18,RDM-114,0.75,RDM
2025-12-18,RDM-115,4.57,RDM
2025-12-18,RDM-116,1.52,RDM
2025-12-18,RDM-117,0.3,RDM
2025-12-18,RDM-118,2.1,RDM
2025-12-18,RDM-119,0.51,RDM
2025-12-18,RDM-120,1.27,RDM
2025-12-18,RDM-121,1.02,RDM
2025-12-18,RDM-122,6.35,RDM
2025-12-18,RDM-123,1.78,RDM
2025-12-18,RDM-124,1.5,RDM
2025-12-18,RDM-125,4.8,RDM
2025-12-18,RDM-126,0.6,RDM
2025-12-18,RDM-127,3.3,RDM
2025-12-18,RDM-128,1.52,RDM
2025-12-18,RDM-129,4.32,RDM
2025-12-18,RDM-130,2.29,RDM
2025-12-18,RDM-131,8.13,RDM
2025-12-18,RDM-132,23.1,RDM
2025-12-18,RDM-133,3.81,RDM
2025-12-19,KRT-001,0.0,KRT
2025-12-19,KRT-002,0.0,KRT
2025-12-19,KRT-003,0.0,KRT
2025-12-19,KRT-004,0.0,KRT
2025-12-19,KRT-005,0.0,KRT
2025-12-19,KRT-006,0.0,KRT
2025-12-19,KRT-007,0.0,KRT
2025-12-19,KRT-008,0.0,KRT
2025-12-19,KRT-009,0.0,KRT
2025-12-19,KRT-010,0.0,KRT
2025-12-19,KRT-011,0.0,KRT
2025-12-19,KRT-012,0.0,KRT
2025-12-19,KRT-013,0.51,KRT
2025-12-19,KRT-014,0.0,KRT
2025-12-19,KRT-015,0.0,KRT
2025-12-19,KRT-016,0.0,KRT
2025-12-19,KRT-017,0.0,KRT
2025-12-19,KRT-018,0.0,KRT
2025-12-19,KRT-019,0.0,KRT
2025-12-19,KRT-020,0.0,KRT
2025-12-19,KRT-021,0.0,KRT
2025-12-19,KRT-022,0.0,KRT
2025-12-19,KRT-023,0.0,KRT
2025-12-19,KRT-024,0.0,KRT
2025-12-19,KRT-025,0.25,KRT
2025-12-19,KRT-026,0.0,KRT
2025-12-19,KRT-027,0.0,KRT
2025-12-19,KRT-028,0.0,KRT
2025-12-19,KRT-029,0.0,KRT
2025-12-19,KRT-030,0.0,KRT
2025-12-19,KRT-031,0.0,KRT
2025-12-19,KRT-032,0.25,KRT
2025-12-19,KRT-033,0.0,KRT
2025-12-19,KRT-034,4.57,KRT
2025-12-19,KRT-035,0.0,KRT
2025-12-19,KRT-036,0.0,KRT
2025-12-19,KRT-037,0.0,KRT
2025-12-19,KRT-038,0.0,KRT
2025-12-19,KRT-039,0.0,KRT
2025-12-19,KRT-040,0.0,KRT
2025-12-19,KRT-041,0.0,KRT
2025-12-19,KRT-042,0.0,KRT
2025-12-19,KRT-043,0.0,KRT
2025-12-19,KRT-044,0.25,KRT
2025-12-19,KRT-045,0.0,KRT
2025-12-19,KRT-046,0.0,KRT
2025-12-19,KRT-047,0.25,KRT
2025-12-19,KRT-048,0.0,KRT
2025-12-19,KRT-049,0.0,KRT
2025-12-19,KRT-050,0.0,KRT
2025-12-19,KRT-051,0.0,KRT
2025-12-19,KRT-052,0.0,KRT
2025-12-19,KRT-053,0.0,KRT
2025-12-19,KRT-054,0.0,KRT
2025-12-19,KRT-055,0.0,KRT
2025-12-19,KRT-056,0.25,KRT
2025-12-19,KRT-057,0.0,KRT
2025-12-19,KRT-058,0.0,KRT
2025-12-19,KRT-059,0.0,KRT
2025-12-19,KRT-060,0.0,KRT
2025-12-19,KRT-061,0.0,KRT
2025-12-19,KRT-062,0.0,KRT
2025-12-19,KRT-063,0.0,KRT
2025-12-19,KRT-064,0.0,KRT
2025-12-19,KRT-065,0.0,KRT
2025-12-19,KRT-066,0.0,KRT
2025-12-19,KRT-067,0.0,KRT
2025-12-19,KRT-068,0.0,KRT
2025-12-19,KRT-069,0.0,KRT
2025-12-19,KRT-070,0.0,KRT
2025-12-19,KRT-071,0.0,KRT
2025-12-19,KRT-072,0.0,KRT
2025-12-19,KRT-073,0.0,KRT
2025-12-19,KRT-074,0.51,KRT
2025-12-19,RDM-101,0.0,RDM
2025-12-19,RDM-102,0.0,RDM
2025-12-19,RDM-103,0.0,RDM
2025-12-19,RDM-104,0.0,RDM
2025-12-19,RDM-105,0.0,RDM
2025-12-19,RDM-106,0.0,RDM
2025-12-19,RDM-107,0.0,RDM
2025-12-19,RDM-108,0.0,RDM
2025-12-19,RDM-109,0.0,RDM
2025-12-19,RDM-110,0.0,RDM
2025-12-19,RDM-112,0.0,RDM
2025-12-19,RDM-113,0.6,RDM
2025-12-19,RDM-114,0.0,RDM
2025-12-19,RDM-115,0.0,RDM
2025-12-19,RDM-116,0.0,RDM
2025-12-19,RDM-117,0.0,RDM
2025-12-19,RDM-118,0.0,RDM
2025-12-19,RDM-119,0.0,RDM
2025-12-19,RDM-120,0.0,RDM
2025-12-19,RDM-121,0.0,RDM
2025-12-19,RDM-122,0.0,RDM
2025-12-19,RDM-123,0.0,RDM
2025-12-19,RDM-124,0.0,RDM
2025-12-19,RDM-125,0.0,RDM
2025-12-19,RDM-126,0.0,RDM
2025-12-19,RDM-127,0.0,RDM
2025-12-19,RDM-128,0.0,RDM
2025-12-19,RDM-129,0.0,RDM
2025-12-19,RDM-130,0.0,RDM
2025-12-19,RDM-131,0.0,RDM
2025-12-19,RDM-132,0.0,RDM
2025-12-19,RDM-133,0.0,RDM
2025-12-20,KRT-001,0.0,KRT
2025-12-20,KRT-002,0.0,KRT
2025-12-20,KRT-003,0.0,KRT
2025-12-20,KRT-004,0.0,KRT
2025-12-20,KRT-005,0.0,KRT
2025-12-20,KRT-006,0.0,KRT
2025-12-20,KRT-007,0.0,KRT
2025-12-20,KRT-008,0.0,KRT
2025-12-20,KRT-009,0.0,KRT
2025-12-20,KRT-010,0.0,KRT
2025-12-20,KRT-011,0.0,KRT
2025-12-20,KRT-012,0.0,KRT
2025-12-20,KRT-013,0.0,KRT
2025-12-20,KRT-014,0.0,KRT
2025-12-20,KRT-015,0.0,KRT
2025-12-20,KRT-016,0.0,KRT
2025-12-20,KRT-017,0.0,KRT
2025-12-20,KRT-018,0.0,KRT
2025-12-20,KRT-019,0.0,KRT
2025-12-20,KRT-020,0.0,KRT
2025-12-20,KRT-021,0.0,KRT
2025-12-20,KRT-022,0.0,KRT
2025-12-20,KRT-023,0.0,KRT
2025-12-20,KRT-024,0.0,KRT
2025-12-20,KRT-025,0.0,KRT
2025-12-20,KRT-026,0.0,KRT
2025-12-20,KRT-027,0.0,KRT
2025-12-20,KRT-028,0.0,KRT
2025-12-20,KRT-029,0.0,KRT
2025-12-20,KRT-030,0.0,KRT
2025-12-20,KRT-031,0.0,KRT
2025-12-20,KRT-032,0.0,KRT
2025-12-20,KRT-033,0.0,KRT
2025-12-20,KRT-034,0.0,KRT
2025-12-20,KRT-035,0.0,KRT
2025-12-20,KRT-036,0.0,KRT
2025-12-20,KRT-037,0.0,KRT
2025-12-20,KRT-038,0.0,KRT
2025-12-20,KRT-039,0.0,KRT
2025-12-20,KRT-040,0.0,KRT
2025-12-20,KRT-041,0.0,KRT
2025-12-20,KRT-042,0.0,KRT
2025-12-20,KRT-043,0.0,KRT
2025-12-20,KRT-044,0.0,KRT
2025-12-20,KRT-045,0.0,KRT
2025-12-20,KRT-046,0.0,KRT
2025-12-20,KRT-047,0.0,KRT
2025-12-20,KRT-048,0.0,KRT
2025-12-20,KRT-049,0.0,KRT
2025-12-20,KRT-050,0.0,KRT
2025-12-20,KRT-051,0.0,KRT
2025-12-20,KRT-052,0.0,KRT
2025-12-20,KRT-053,0.0,KRT
2025-12-20,KRT-054,0.0,KRT
2025-12-20,KRT-055,0.0,KRT
2025-12-20,KRT-056,0.0,KRT
2025-12-20,KRT-057,0.0,KRT
2025-12-20,KRT-058,0.0,KRT
2025-12-20,KRT-059,0.0,KRT
2025-12-20,KRT-060,0.0,KRT
2025-12-20,KRT-061,0.0,KRT
2025-12-20,KRT-062,0.0,KRT
2025-12-20,KRT-063,0.0,KRT
2025-12-20,KRT-064,0.0,KRT
2025-12-20,KRT-065,0.0,KRT
2025-12-20,KRT-066,0.0,KRT
2025-12-20,KRT-067,0.0,KRT
2025-12-20,KRT-068,0.0,KRT
2025-12-20,KRT-069,0.0,KRT
2025-12-20,KRT-070,0.0,KRT
2025-12-20,KRT-071,0.0,KRT
2025-12-20,KRT-072,0.0,KRT
2025-12-20,KRT-073,0.0,KRT
2025-12-20,KRT-074,0.0,KRT
2025-12-20,RDM-101,0.0,RDM
2025-12-20,RDM-102,0.0,RDM
2025-12-20,RDM-103,0.0,RDM
2025-12-20,RDM-104,0.0,RDM
2025-12-20,RDM-105,0.0,RDM
2025-12-20,RDM-106,0.0,RDM
2025-12-20,RDM-107,0.0,RDM
2025-12-20,RDM-108,0.0,RDM
2025-12-20,RDM-109,0.0,RDM
2025-12-20,RDM-110,0.0,RDM
2025-12-20,RDM-112,0.0,RDM
2025-12-20,RDM-113,0.3,RDM
2025-12-20,RDM-114,0.0,RDM
2025-12-20,RDM-115,0.0,RDM
2025-12-20,RDM-116,0.0,RDM
2025-12-20,RDM-117,0.0,RDM
2025-12-20,RDM-118,0.0,RDM
2025-12-20,RDM-119,0.0,RDM
2025-12-20,RDM-120,0.0,RDM
2025-12-20,RDM-121,0.0,RDM
2025-12-20,RDM-122,0.51,RDM
2025-12-20,RDM-123,0.0,RDM
2025-12-20,RDM-124,0.0,RDM
2025-12-20,RDM-125,0.0,RDM
2025-12-20,RDM-126,0.0,RDM
2025-12-20,RDM-127,0.0,RDM
2025-12-20,RDM-128,0.0,RDM
2025-12-20,RDM-129,0.0,RDM
2025-12-20,RDM-130,0.0,RDM
2025-12-20,RDM-131,0.0,RDM
2025-12-20,RDM-132,0.0,RDM
2025-12-20,RDM-133,0.0,RDM
2025-12-21,KRT-001,6.1,KRT
2025-12-21,KRT-002,9.14,KRT
2025-12-21,KRT-003,8.91,KRT
2025-12-21,KRT-004,8.91,KRT
2025-12-21,KRT-005,11.5,KRT
2025-12-21,KRT-006,10.0,KRT
2025-12-21,KRT-007,20.57,KRT
2025-12-21,KRT-008,12.7,KRT
2025-12-21,KRT-009,32.51,KRT
2025-12-21,KRT-010,10.67,KRT
2025-12-21,KRT-011,13.97,KRT
2025-12-21,KRT-012,1.78,KRT
2025-12-21,KRT-013,11.43,KRT
2025-12-21,KRT-014,1.27,KRT
2025-12-21,KRT-015,1.78,KRT
2025-12-21,KRT-016,0.0,KRT
2025-12-21,KRT-017,3.56,KRT
2025-12-21,KRT-018,0.0,KRT
2025-12-21,KRT-019,3.3,KRT
2025-12-21,KRT-020,0.0,KRT
2025-12-21,KRT-021,2.03,KRT
2025-12-21,KRT-022,0.0,KRT
2025-12-21,KRT-023,0.0,KRT
2025-12-21,KRT-024,0.0,KRT
2025-12-21,KRT-025,0.25,KRT
2025-12-21,KRT-026,0.0,KRT
2025-12-21,KRT-027,0.0,KRT
2025-12-21,KRT-028,0.0,KRT
2025-12-21,KRT-029,0.25,KRT
2025-12-21,KRT-030,1.52,KRT
2025-12-21,KRT-031,0.0,KRT
2025-12-21,KRT-032,0.0,KRT
2025-12-21,KRT-033,4.32,KRT
2025-12-21,KRT-034,0.0,KRT
2025-12-21,KRT-035,4.32,KRT
2025-12-21,KRT-036,1.78,KRT
2025-12-21,KRT-037,2.03,KRT
2025-12-21,KRT-038,1.02,KRT
2025-12-21,KRT-039,0.0,KRT
2025-12-21,KRT-040,0.0,KRT
2025-12-21,KRT-041,0.0,KRT
2025-12-21,KRT-042,2.79,KRT
2025-12-21,KRT-043,2.03,KRT
2025-12-21,KRT-044,1.02,KRT
2025-12-21,KRT-045,0.0,KRT
2025-12-21,KRT-046,0.25,KRT
2025-12-21,KRT-047,0.0,KRT
2025-12-21,KRT-048,0.0,KRT
2025-12-21,KRT-049,0.0,KRT
2025-12-21,KRT-050,0.0,KRT
2025-12-21,KRT-051,0.0,KRT
2025-12-21,KRT-052,0.0,KRT
2025-12-21,KRT-053,1.02,KRT
2025-12-21,KRT-054,0.0,KRT
2025-12-21,KRT-055,0.0,KRT
2025-12-21,KRT-056,0.0,KRT
2025-12-21,KRT-057,0.0,KRT
2025-12-21,KRT-058,0.0,KRT
2025-12-21,KRT-059,0.0,KRT
2025-12-21,KRT-060,0.0,KRT
2025-12-21,KRT-061,0.0,KRT
2025-12-21,KRT-062,0.0,KRT
2025-12-21,KRT-063,0.0,KRT
2025-12-21,KRT-064,0.3,KRT
2025-12-21,KRT-065,0.0,KRT
2025-12-21,KRT-066,0.0,KRT
2025-12-21,KRT-067,0.0,KRT
2025-12-21,KRT-068,0.0,KRT
2025-12-21,KRT-069,0.0,KRT
2025-12-21,KRT-070,0.2,KRT
2025-12-21,KRT-071,0.0,KRT
2025-12-21,KRT-072,0.0,KRT
2025-12-21,KRT-073,0.0,KRT
2025-12-21,KRT-074,0.25,KRT
2025-12-21,RDM-101,0.0,RDM
2025-12-21,RDM-102,0.0,RDM
2025-12-21,RDM-103,0.0,RDM
2025-12-21,RDM-104,0.0,RDM
2025-12-21,RDM-105,0.0,RDM
2025-12-21,RDM-106,0.0,RDM
2025-12-21,RDM-107,0.0,RDM
2025-12-21,RDM-108,0.0,RDM
2025-12-21,RDM-109,0.0,RDM
2025-12-21,RDM-110,0.0,RDM
2025-12-21,RDM-112,0.0,RDM
2025-12-21,RDM-113,0.3,RDM
2025-12-21,RDM-114,0.0,RDM
2025-12-21,RDM-115,0.51,RDM
2025-12-21,RDM-116,0.0,RDM
2025-12-21,RDM-117,0.0,RDM
2025-12-21,RDM-118,0.6,RDM
2025-12-21,RDM-119,0.0,RDM
2025-12-21,RDM-120,0.0,RDM
2025-12-21,RDM-121,0.0,RDM
2025-12-21,RDM-122,0.0,RDM
2025-12-21,RDM-123,0.0,RDM
2025-12-21,RDM-124,0.0,RDM
2025-12-21,RDM-125,0.0,RDM
2025-12-21,RDM-126,0.6,RDM
2025-12-21,RDM-127,0.0,RDM
2025-12-21,RDM-128,0.0,RDM
2025-12-21,RDM-129,0.0,RDM
2025-12-21,RDM-130,0.0,RDM
2025-12-21,RDM-131,0.25,RDM
2025-12-21,RDM-132,0.3,RDM
2025-12-21,RDM-133,0.0,RDM
2025-12-22,KRT-001,0.0,KRT
2025-12-22,KRT-002,0.25,KRT
2025-12-22,KRT-003,0.0,KRT
2025-12-22,KRT-004,0.0,KRT
2025-12-22,KRT-005,0.0,KRT
2025-12-22,KRT-006,0.0,KRT
2025-12-22,KRT-007,0.0,KRT
2025-12-22,KRT-008,0.0,KRT
2025-12-22,KRT-009,0.0,KRT
2025-12-22,KRT-010,0.0,KRT
2025-12-22,KRT-011,0.0,KRT
2025-12-22,KRT-012,0.76,KRT
2025-12-22,KRT-013,0.0,KRT
2025-12-22,KRT-014,0.0,KRT
2025-12-22,KRT-015,0.51,KRT
2025-12-22,KRT-016,0.0,KRT
2025-12-22,KRT-017,0.0,KRT
2025-12-22,KRT-018,0.0,KRT
2025-12-22,KRT-019,0.25,KRT
2025-12-22,KRT-020,0.0,KRT
2025-12-22,KRT-021,0.51,KRT
2025-12-22,KRT-022,0.0,KRT
2025-12-22,KRT-023,0.0,KRT
2025-12-22,KRT-024,0.0,KRT
2025-12-22,KRT-025,0.0,KRT
2025-12-22,KRT-026,0.0,KRT
2025-12-22,KRT-027,0.0,KRT
2025-12-22,KRT-028,0.0,KRT
2025-12-22,KRT-029,0.0,KRT
2025-12-22,KRT-030,0.25,KRT
2025-12-22,KRT-031,0.0,KRT
2025-12-22,KRT-032,0.0,KRT
2025-12-22,KRT-033,0.0,KRT
2025-12-22,KRT-034,0.0,KRT
2025-12-22,KRT-035,0.25,KRT
2025-12-22,KRT-036,0.25,KRT
2025-12-22,KRT-037,0.0,KRT
2025-12-22,KRT-038,0.0,KRT
2025-12-22,KRT-039,0.25,KRT
2025-12-22,KRT-040,0.0,KRT
2025-12-22,KRT-041,0.0,KRT
2025-12-22,KRT-042,0.0,KRT
2025-12-22,KRT-043,0.25,KRT
2025-12-22,KRT-044,0.25,KRT
2025-12-22,KRT-045,0.0,KRT
2025-12-22,KRT-046,0.0,KRT
2025-12-22,KRT-047,0.0,KRT
2025-12-22,KRT-048,0.0,KRT
2025-12-22,KRT-049,0.0,KRT
2025-12-22,KRT-050,0.0,KRT
2025-12-22,KRT-051,0.0,KRT
2025-12-22,KRT-052,0.0,KRT
2025-12-22,KRT-053,0.0,KRT
2025-12-22,KRT-054,0.0,KRT
2025-12-22,KRT-055,0.25,KRT
2025-12-22,KRT-056,0.0,KRT
2025-12-22,KRT-057,0.0,KRT
2025-12-22,KRT-058,0.0,KRT
2025-12-22,KRT-059,0.0,KRT
2025-12-22,KRT-060,0.0,KRT
2025-12-22,KRT-061,0.0,KRT
2025-12-22,KRT-062,0.0,KRT
2025-12-22,KRT-063,0.0,KRT
2025-12-22,KRT-064,0.0,KRT
2025-12-22,KRT-065,0.0,KRT
2025-12-22,KRT-066,0.0,KRT
2025-12-22,KRT-067,0.0,KRT
2025-12-22,KRT-068,0.0,KRT
2025-12-22,KRT-069,0.0,KRT
2025-12-22,KRT-070,0.0,KRT
2025-12-22,KRT-071,0.0,KRT
2025-12-22,KRT-072,0.19,KRT
2025-12-22,KRT-073,0.0,KRT
2025-12-22,KRT-074,0.51,KRT
2025-12-22,RDM-101,0.0,RDM
2025-12-22,RDM-102,0.0,RDM
2025-12-22,RDM-103,0.0,RDM
2025-12-22,RDM-104,0.0,RDM
2025-12-22,RDM-105,0.0,RDM
2025-12-22,RDM-106,0.0,RDM
2025-12-22,RDM-107,0.0,RDM
2025-12-22,RDM-108,0.0,RDM
2025-12-22,RDM-109,0.0,RDM
2025-12-22,RDM-110,0.0,RDM
2025-12-22,RDM-112,0.25,RDM
2025-12-22,RDM-113,0.3,RDM
2025-12-22,RDM-114,0.0,RDM
2025-12-22,RDM-115,0.25,RDM
2025-12-22,RDM-116,0.0,RDM
2025-12-22,RDM-117,0.0,RDM
2025-12-22,RDM-118,0.0,RDM
2025-12-22,RDM-119,0.0,RDM
2025-12-22,RDM-120,0.0,RDM
2025-12-22,RDM-121,0.0,RDM
2025-12-22,RDM-122,0.0,RDM
2025-12-22,RDM-123,0.0,RDM
2025-12-22,RDM-124,0.0,RDM
2025-12-22,RDM-125,0.0,RDM
2025-12-22,RDM-126,0.0,RDM
2025-12-22,RDM-127,0.0,RDM
2025-12-22,RDM-128,0.0,RDM
2025-12-22,RDM-129,0.0,RDM
2025-12-22,RDM-130,0.0,RDM
2025-12-22,RDM-131,0.0,RDM
2025-12-22,RDM-132,0.0,RDM
2025-12-22,RDM-133,0.0,RDM
2025-12-23,KRT-001,0.0,KRT
2025-12-23,KRT-002,0.51,KRT
2025-12-23,KRT-003,0.0,KRT
2025-12-23,KRT-004,0.0,KRT
2025-12-23,KRT-005,0.0,KRT
2025-12-23,KRT-006,0.0,KRT
2025-12-23,KRT-007,0.0,KRT
2025-12-23,KRT-008,0.0,KRT
2025-12-23,KRT-009,0.0,KRT
2025-12-23,KRT-010,0.0,KRT
2025-12-23,KRT-011,0.0,KRT
2025-12-23,KRT-012,0.0,KRT
2025-12-23,KRT-013,0.0,KRT
2025-12-23,KRT-014,0.0,KRT
2025-12-23,KRT-015,0.0,KRT
2025-12-23,KRT-016,0.0,KRT
2025-12-23,KRT-017,0.51,KRT
2025-12-23,KRT-018,0.0,KRT
2025-12-23,KRT-019,0.51,KRT
2025-12-23,KRT-020,0.0,KRT
2025-12-23,KRT-021,0.25,KRT
2025-12-23,KRT-022,0.0,KRT
2025-12-23,KRT-023,0.0,KRT
2025-12-23,KRT-024,0.0,KRT
2025-12-23,KRT-025,0.0,KRT
2025-12-23,KRT-026,0.0,KRT
2025-12-23,KRT-027,0.0,KRT
2025-12-23,KRT-028,0.0,KRT
2025-12-23,KRT-029,1.02,KRT
2025-12-23,KRT-030,0.0,KRT
2025-12-23,KRT-031,0.0,KRT
2025-12-23,KRT-032,0.0,KRT
2025-12-23,KRT-033,0.0,KRT
2025-12-23,KRT-034,0.0,KRT
2025-12-23,KRT-035,0.0,KRT
2025-12-23,KRT-036,0.0,KRT
2025-12-23,KRT-037,0.0,KRT
2025-12-23,KRT-038,0.0,KRT
2025-12-23,KRT-039,0.0,KRT
2025-12-23,KRT-040,0.0,KRT
2025-12-23,KRT-041,0.0,KRT
2025-12-23,KRT-042,0.0,KRT
2025-12-23,KRT-043,0.0,KRT
2025-12-23,KRT-044,0.0,KRT
2025-12-23,KRT-045,0.0,KRT
2025-12-23,KRT-046,0.0,KRT
2025-12-23,KRT-047,0.0,KRT
2025-12-23,KRT-048,0.0,KRT
2025-12-23,KRT-049,0.0,KRT
2025-12-23,KRT-050,0.0,KRT
2025-12-23,KRT-051,0.0,KRT
2025-12-23,KRT-052,0.0,KRT
2025-12-23,KRT-053,0.0,KRT
2025-12-23,KRT-054,0.0,KRT
2025-12-23,KRT-055,0.0,KRT
2025-12-23,KRT-056,0.0,KRT
2025-12-23,KRT-057,0.23,KRT
2025-12-23,KRT-058,0.0,KRT
2025-12-23,KRT-059,0.0,KRT
2025-12-23,KRT-060,0.0,KRT
2025-12-23,KRT-061,0.0,KRT
2025-12-23,KRT-062,0.0,KRT
2025-12-23,KRT-063,0.0,KRT
2025-12-23,KRT-064,0.0,KRT
2025-12-23,KRT-065,0.0,KRT
2025-12-23,KRT-066,0.0,KRT
2025-12-23,KRT-067,0.0,KRT
2025-12-23,KRT-068,0.0,KRT
2025-12-23,KRT-069,0.0,KRT
2025-12-23,KRT-070,0.0,KRT
2025-12-23,KRT-071,0.0,KRT
2025-12-23,KRT-072,0.0,KRT
2025-12-23,KRT-073,0.0,KRT
2025-12-23,KRT-074,0.0,KRT
2025-12-23,RDM-101,0.0,RDM
2025-12-23,RDM-102,0.0,RDM
2025-12-23,RDM-103,0.0,RDM
2025-12-23,RDM-104,0.0,RDM
2025-12-23,RDM-105,0.0,RDM
2025-12-23,RDM-106,0.0,RDM
2025-12-23,RDM-107,0.0,RDM
2025-12-23,RDM-108,0.0,RDM
2025-12-23,RDM-109,0.0,RDM
2025-12-23,RDM-110,0.0,RDM
2025-12-23,RDM-112,0.0,RDM
2025-12-23,RDM-113,0.0,RDM
2025-12-23,RDM-114,0.0,RDM
2025-12-23,RDM-115,0.0,RDM
2025-12-23,RDM-116,0.25,RDM
2025-12-23,RDM-117,0.0,RDM
2025-12-23,RDM-118,0.6,RDM
2025-12-23,RDM-119,0.0,RDM
2025-12-23,RDM-120,0.0,RDM
2025-12-23,RDM-121,0.0,RDM
2025-12-23,RDM-122,0.0,RDM
2025-12-23,RDM-123,0.0,RDM
2025-12-23,RDM-124,0.0,RDM
2025-12-23,RDM-125,0.0,RDM
2025-12-23,RDM-126,0.0,RDM
2025-12-23,RDM-127,0.0,RDM
2025-12-23,RDM-128,0.0,RDM
2025-12-23,RDM-129,0.0,RDM
2025-12-23,RDM-130,0.0,RDM
2025-12-23,RDM-131,0.0,RDM
2025-12-23,RDM-132,0.0,RDM
2025-12-23,RDM-133,0.0,RDM
2025-12-24,KRT-001,0.0,KRT
2025-12-24,KRT-002,0.25,KRT
2025-12-24,KRT-003,0.0,KRT
2025-12-24,KRT-004,0.0,KRT
2025-12-24,KRT-005,0.0,KRT
2025-12-24,KRT-006,0.0,KRT
2025-12-24,KRT-007,0.0,KRT
2025-12-24,KRT-008,0.0,KRT
2025-12-24,KRT-009,0.0,KRT
2025-12-24,KRT-010,0.51,KRT
2025-12-24,KRT-011,0.0,KRT
2025-12-24,KRT-012,0.0,KRT
2025-12-24,KRT-013,0.25,KRT
2025-12-24,KRT-014,0.0,KRT
2025-12-24,KRT-015,0.0,KRT
2025-12-24,KRT-016,0.0,KRT
2025-12-24,KRT-017,0.0,KRT
2025-12-24,KRT-018,0.0,KRT
2025-12-24,KRT-019,0.25,KRT
2025-12-24,KRT-020,0.0,KRT
2025-12-24,KRT-021,0.0,KRT
2025-12-24,KRT-022,0.0,KRT
2025-12-24,KRT-023,0.0,KRT
2025-12-24,KRT-024,0.0,KRT
2025-12-24,KRT-025,0.51,KRT
2025-12-24,KRT-026,0.0,KRT
2025-12-24,KRT-027,0.0,KRT
2025-12-24,KRT-028,0.0,KRT
2025-12-24,KRT-029,1.02,KRT
2025-12-24,KRT-030,0.0,KRT
2025-12-24,KRT-031,0.0,KRT
2025-12-24,KRT-032,0.0,KRT
2025-12-24,KRT-033,0.0,KRT
2025-12-24,KRT-034,0.0,KRT
2025-12-24,KRT-035,0.0,KRT
2025-12-24,KRT-036,0.0,KRT
2025-12-24,KRT-037,0.0,KRT
2025-12-24,KRT-038,0.0,KRT
2025-12-24,KRT-039,0.0,KRT
2025-12-24,KRT-040,0.0,KRT
2025-12-24,KRT-041,0.0,KRT
2025-12-24,KRT-042,0.0,KRT
2025-12-24,KRT-043,0.0,KRT
2025-12-24,KRT-044,0.0,KRT
2025-12-24,KRT-045,0.0,KRT
2025-12-24,KRT-046,0.25,KRT
2025-12-24,KRT-047,0.0,KRT
2025-12-24,KRT-048,0.0,KRT
2025-12-24,KRT-049,0.0,KRT
2025-12-24,KRT-050,0.0,KRT
2025-12-24,KRT-051,0.0,KRT
2025-12-24,KRT-052,0.0,KRT
2025-12-24,KRT-053,0.0,KRT
2025-12-24,KRT-054,0.0,KRT
2025-12-24,KRT-055,0.0,KRT
2025-12-24,KRT-056,0.0,KRT
2025-12-24,KRT-057,0.0,KRT
2025-12-24,KRT-058,0.0,KRT
2025-12-24,KRT-059,0.0,KRT
2025-12-24,KRT-060,0.0,KRT
2025-12-24,KRT-061,0.0,KRT
2025-12-24,KRT-062,0.0,KRT
2025-12-24,KRT-063,0.0,KRT
2025-12-24,KRT-064,0.0,KRT
2025-12-24,KRT-065,0.0,KRT
2025-12-24,KRT-066,0.0,KRT
2025-12-24,KRT-067,0.0,KRT
2025-12-24,KRT-068,0.0,KRT
2025-12-24,KRT-069,0.0,KRT
2025-12-24,KRT-070,0.0,KRT
2025-12-24,KRT-071,0.0,KRT
2025-12-24,KRT-072,0.0,KRT
2025-12-24,KRT-073,0.0,KRT
2025-12-24,KRT-074,0.0,KRT
2025-12-24,RDM-101,0.0,RDM
2025-12-24,RDM-102,0.0,RDM
2025-12-24,RDM-103,0.0,RDM
2025-12-24,RDM-104,0.0,RDM
2025-12-24,RDM-105,0.0,RDM
2025-12-24,RDM-106,0.0,RDM
2025-12-24,RDM-107,0.0,RDM
2025-12-24,RDM-108,0.0,RDM
2025-12-24,RDM-109,0.0,RDM
2025-12-24,RDM-110,0.0,RDM
2025-12-24,RDM-112,0.0,RDM
2025-12-24,RDM-113,0.0,RDM
2025-12-24,RDM-114,0.0,RDM
2025-12-24,RDM-115,0.0,RDM
2025-12-24,RDM-116,0.51,RDM
2025-12-24,RDM-117,0.0,RDM
2025-12-24,RDM-118,0.6,RDM
2025-12-24,RDM-119,0.0,RDM
2025-12-24,RDM-120,0.0,RDM
2025-12-24,RDM-121,0.0,RDM
2025-12-24,RDM-122,0.0,RDM
2025-12-24,RDM-123,0.0,RDM
2025-12-24,RDM-124,0.0,RDM
2025-12-24,RDM-125,0.0,RDM
2025-12-24,RDM-126,0.0,RDM
2025-12-24,RDM-127,0.0,RDM
2025-12-24,RDM-128,0.0,RDM
2025-12-24,RDM-129,0.0,RDM
2025-12-24,RDM-130,0.0,RDM
2025-12-24,RDM-131,0.0,RDM
2025-12-24,RDM-132,0.0,RDM
2025-12-24,RDM-133,0.0,RDM
2025-12-25,KRT-001,0.0,KRT
2025-12-25,KRT-002,0.0,KRT
2025-12-25,KRT-003,0.0,KRT
2025-12-25,KRT-004,0.0,KRT
2025-12-25,KRT-005,0.0,KRT
2025-12-25,KRT-006,0.0,KRT
2025-12-25,KRT-007,0.0,KRT
2025-12-25,KRT-008,0.0,KRT
2025-12-25,KRT-009,0.0,KRT
2025-12-25,KRT-010,0.0,KRT
2025-12-25,KRT-011,0.76,KRT
2025-12-25,KRT-012,0.0,KRT
2025-12-25,KRT-013,0.0,KRT
2025-12-25,KRT-014,0.0,KRT
2025-12-25,KRT-015,0.0,KRT
2025-12-25,KRT-016,0.0,KRT
2025-12-25,KRT-017,0.0,KRT
2025-12-25,KRT-018,0.0,KRT
2025-12-25,KRT-019,0.0,KRT
2025-12-25,KRT-020,0.0,KRT
2025-12-25,KRT-021,0.0,KRT
2025-12-25,KRT-022,0.0,KRT
2025-12-25,KRT-023,0.0,KRT
2025-12-25,KRT-024,0.0,KRT
2025-12-25,KRT-025,0.0,KRT
2025-12-25,KRT-026,0.0,KRT
2025-12-25,KRT-027,0.0,KRT
2025-12-25,KRT-028,0.0,KRT
2025-12-25,KRT-029,0.0,KRT
2025-12-25,KRT-030,0.0,KRT
2025-12-25,KRT-031,0.0,KRT
2025-12-25,KRT-032,0.0,KRT
2025-12-25,KRT-033,0.0,KRT
2025-12-25,KRT-034,0.0,KRT
2025-12-25,KRT-035,0.0,KRT
2025-12-25,KRT-036,0.0,KRT
2025-12-25,KRT-037,0.0,KRT
2025-12-25,KRT-038,0.0,KRT
2025-12-25,KRT-039,0.0,KRT
2025-12-25,KRT-040,0.0,KRT
2025-12-25,KRT-041,0.0,KRT
2025-12-25,KRT-042,0.0,KRT
2025-12-25,KRT-043,0.0,KRT
2025-12-25,KRT-044,0.25,KRT
2025-12-25,KRT-045,0.0,KRT
2025-12-25,KRT-046,0.0,KRT
2025-12-25,KRT-047,0.0,KRT
2025-12-25,KRT-048,0.0,KRT
2025-12-25,KRT-049,0.0,KRT
2025-12-25,KRT-050,0.0,KRT
2025-12-25,KRT-051,0.0,KRT
2025-12-25,KRT-052,0.51,KRT
2025-12-25,KRT-053,0.0,KRT
2025-12-25,KRT-054,0.0,KRT
2025-12-25,KRT-055,0.0,KRT
2025-12-25,KRT-056,0.0,KRT
2025-12-25,KRT-057,0.0,KRT
2025-12-25,KRT-058,0.0,KRT
2025-12-25,KRT-059,0.0,KRT
2025-12-25,KRT-060,0.51,KRT
2025-12-25,KRT-061,0.0,KRT
2025-12-25,KRT-062,0.0,KRT
2025-12-25,KRT-063,0.0,KRT
2025-12-25,KRT-064,0.0,KRT
2025-12-25,KRT-065,0.0,KRT
2025-12-25,KRT-066,0.0,KRT
2025-12-25,KRT-067,0.0,KRT
2025-12-25,KRT-068,0.0,KRT
2025-12-25,KRT-069,0.0,KRT
2025-12-25,KRT-070,0.0,KRT
2025-12-25,KRT-071,0.0,KRT
2025-12-25,KRT-072,0.0,KRT
2025-12-25,KRT-073,0.0,KRT
2025-12-25,KRT-074,0.0,KRT
2025-12-25,RDM-101,0.0,RDM
2025-12-25,RDM-102,0.0,RDM
2025-12-25,RDM-103,0.0,RDM
2025-12-25,RDM-104,0.0,RDM
2025-12-25,RDM-105,0.0,RDM
2025-12-25,RDM-106,0.0,RDM
2025-12-25,RDM-107,0.0,RDM
2025-12-25,RDM-108,0.0,RDM
2025-12-25,RDM-109,0.0,RDM
2025-12-25,RDM-110,0.0,RDM
2025-12-25,RDM-112,0.0,RDM
2025-12-25,RDM-113,0.0,RDM
2025-12-25,RDM-114,0.0,RDM
2025-12-25,RDM-115,0.0,RDM
2025-12-25,RDM-116,0.0,RDM
2025-12-25,RDM-117,0.0,RDM
2025-12-25,RDM-118,0.9,RDM
2025-12-25,RDM-119,0.0,RDM
2025-12-25,RDM-120,0.0,RDM
2025-12-25,RDM-121,0.0,RDM
2025-12-25,RDM-122,0.0,RDM
2025-12-25,RDM-123,0.0,RDM
2025-12-25,RDM-124,0.0,RDM
2025-12-25,RDM-125,0.0,RDM
2025-12-25,RDM-126,0.0,RDM
2025-12-25,RDM-127,0.0,RDM
2025-12-25,RDM-128,0.0,RDM
2025-12-25,RDM-129,0.0,RDM
2025-12-25,RDM-130,0.0,RDM
2025-12-25,RDM-131,0.0,RDM
2025-12-25,RDM-132,0.0,RDM
2025-12-25,RDM-133,0.0,RDM
2025-12-26,KRT-001,0.0,KRT
2025-12-26,KRT-002,0.0,KRT
2025-12-26,KRT-003,0.0,KRT
2025-12-26,KRT-004,0.0,KRT
2025-12-26,KRT-005,0.0,KRT
2025-12-26,KRT-006,0.0,KRT
2025-12-26,KRT-007,0.0,KRT
2025-12-26,KRT-008,0.0,KRT
2025-12-26,KRT-009,0.0,KRT
2025-12-26,KRT-010,0.0,KRT
2025-12-26,KRT-011,0.0,KRT
2025-12-26,KRT-012,0.0,KRT
2025-12-26,KRT-013,0.0,KRT
2025-12-26,KRT-014,0.0,KRT
2025-12-26,KRT-015,0.0,KRT
2025-12-26,KRT-016,0.0,KRT
2025-12-26,KRT-017,0.0,KRT
2025-12-26,KRT-018,0.0,KRT
2025-12-26,KRT-019,0.0,KRT
2025-12-26,KRT-020,0.0,KRT
2025-12-26,KRT-021,0.0,KRT
2025-12-26,KRT-022,0.0,KRT
2025-12-26,KRT-023,0.0,KRT
2025-12-26,KRT-024,0.0,KRT
2025-12-26,KRT-025,0.0,KRT
2025-12-26,KRT-026,0.0,KRT
2025-12-26,KRT-027,0.0,KRT
2025-12-26,KRT-028,0.0,KRT
2025-12-26,KRT-029,0.25,KRT
2025-12-26,KRT-030,0.0,KRT
2025-12-26,KRT-031,0.0,KRT
2025-12-26,KRT-032,0.0,KRT
2025-12-26,KRT-033,0.0,KRT
2025-12-26,KRT-034,0.0,KRT
2025-12-26,KRT-035,0.25,KRT
2025-12-26,KRT-036,0.0,KRT
2025-12-26,KRT-037,0.0,KRT
2025-12-26,KRT-038,0.0,KRT
2025-12-26,KRT-039,0.0,KRT
2025-12-26,KRT-040,0.0,KRT
2025-12-26,KRT-041,0.0,KRT
2025-12-26,KRT-042,0.0,KRT
2025-12-26,KRT-043,0.0,KRT
2025-12-26,KRT-044,0.0,KRT
2025-12-26,KRT-045,0.0,KRT
2025-12-26,KRT-046,0.0,KRT
2025-12-26,KRT-047,0.0,KRT
2025-12-26,KRT-048,0.0,KRT
2025-12-26,KRT-049,0.0,KRT
2025-12-26,KRT-050,0.0,KRT
2025-12-26,KRT-051,0.0,KRT
2025-12-26,KRT-052,0.0,KRT
2025-12-26,KRT-053,0.0,KRT
2025-12-26,KRT-054,0.0,KRT
2025-12-26,KRT-055,0.0,KRT
2025-12-26,KRT-056,0.0,KRT
2025-12-26,KRT-057,0.0,KRT
2025-12-26,KRT-058,0.0,KRT
2025-12-26,KRT-059,0.0,KRT
2025-12-26,KRT-060,0.0,KRT
2025-12-26,KRT-061,0.0,KRT
2025-12-26,KRT-062,0.0,KRT
2025-12-26,KRT-063,0.0,KRT
2025-12-26,KRT-064,0.0,KRT
2025-12-26,KRT-065,0.0,KRT
2025-12-26,KRT-066,0.0,KRT
2025-12-26,KRT-067,0.0,KRT
2025-12-26,KRT-068,0.0,KRT
2025-12-26,KRT-069,0.0,KRT
2025-12-26,KRT-070,0.0,KRT
2025-12-26,KRT-071,0.0,KRT
2025-12-26,KRT-072,0.0,KRT
2025-12-26,KRT-073,0.0,KRT
2025-12-26,KRT-074,0.0,KRT
2025-12-26,RDM-101,0.0,RDM
2025-12-26,RDM-102,0.0,RDM
2025-12-26,RDM-103,0.0,RDM
2025-12-26,RDM-104,0.0,RDM
2025-12-26,RDM-105,0.0,RDM
2025-12-26,RDM-106,0.0,RDM
2025-12-26,RDM-107,0.0,RDM
2025-12-26,RDM-108,0.0,RDM
2025-12-26,RDM-109,0.0,RDM
2025-12-26,RDM-110,0.0,RDM
2025-12-26,RDM-112,0.0,RDM
2025-12-26,RDM-113,0.0,RDM
2025-12-26,RDM-114,0.0,RDM
2025-12-26,RDM-115,0.0,RDM
2025-12-26,RDM-116,0.76,RDM
2025-12-26,RDM-117,0.0,RDM
2025-12-26,RDM-118,0.6,RDM
2025-12-26,RDM-119,0.0,RDM
2025-12-26,RDM-120,0.0,RDM
2025-12-26,RDM-121,0.0,RDM
2025-12-26,RDM-122,0.0,RDM
2025-12-26,RDM-123,0.0,RDM
2025-12-26,RDM-124,0.0,RDM
2025-12-26,RDM-125,0.0,RDM
2025-12-26,RDM-126,0.0,RDM
2025-12-26,RDM-127,0.0,RDM
2025-12-26,RDM-128,0.0,RDM
2025-12-26,RDM-129,0.0,RDM
2025-12-26,RDM-130,0.76,RDM
2025-12-26,RDM-131,0.0,RDM
2025-12-26,RDM-132,0.0,RDM
2025-12-26,RDM-133,0.0,RDM
2025-12-27,KRT-001,0.0,KRT
2025-12-27,KRT-002,0.0,KRT
2025-12-27,KRT-003,0.0,KRT
2025-12-27,KRT-004,0.0,KRT
2025-12-27,KRT-005,0.0,KRT
2025-12-27,KRT-006,0.0,KRT
2025-12-27,KRT-007,0.0,KRT
2025-12-27,KRT-008,0.0,KRT
2025-12-27,KRT-009,0.0,KRT
2025-12-27,KRT-010,0.0,KRT
2025-12-27,KRT-011,0.0,KRT
2025-12-27,KRT-012,0.0,KRT
2025-12-27,KRT-013,0.0,KRT
2025-12-27,KRT-014,0.0,KRT
2025-12-27,KRT-015,0.0,KRT
2025-12-27,KRT-016,0.0,KRT
2025-12-27,KRT-017,0.76,KRT
2025-12-27,KRT-018,0.0,KRT
2025-12-27,KRT-019,0.0,KRT
2025-12-27,KRT-020,0.0,KRT
2025-12-27,KRT-021,0.0,KRT
2025-12-27,KRT-022,0.0,KRT
2025-12-27,KRT-023,0.0,KRT
2025-12-27,KRT-024,0.0,KRT
2025-12-27,KRT-025,0.51,KRT
2025-12-27,KRT-026,0.0,KRT
2025-12-27,KRT-027,0.0,KRT
2025-12-27,KRT-028,0.0,KRT
2025-12-27,KRT-029,0.25,KRT
2025-12-27,KRT-030,0.0,KRT
2025-12-27,KRT-031,0.0,KRT
2025-12-27,KRT-032,0.0,KRT
2025-12-27,KRT-033,0.0,KRT
2025-12-27,KRT-034,0.25,KRT
2025-12-27,KRT-035,0.0,KRT
2025-12-27,KRT-036,0.0,KRT
2025-12-27,KRT-037,0.0,KRT
2025-12-27,KRT-038,0.0,KRT
2025-12-27,KRT-039,0.0,KRT
2025-12-27,KRT-040,0.0,KRT
2025-12-27,KRT-041,0.0,KRT
2025-12-27,KRT-042,0.0,KRT
2025-12-27,KRT-043,0.0,KRT
2025-12-27,KRT-044,0.0,KRT
2025-12-27,KRT-045,0.0,KRT
2025-12-27,KRT-046,0.0,KRT
2025-12-27,KRT-047,0.0,KRT
2025-12-27,KRT-048,0.0,KRT
2025-12-27,KRT-049,0.0,KRT
2025-12-27,KRT-050,0.0,KRT
2025-12-27,KRT-051,0.0,KRT
2025-12-27,KRT-052,0.51,KRT
2025-12-27,KRT-053,0.0,KRT
2025-12-27,KRT-054,0.0,KRT
2025-12-27,KRT-055,0.0,KRT
2025-12-27,KRT-056,0.0,KRT
2025-12-27,KRT-057,0.0,KRT
2025-12-27,KRT-058,0.0,KRT
2025-12-27,KRT-059,0.0,KRT
2025-12-27,KRT-060,0.0,KRT
2025-12-27,KRT-061,0.0,KRT
2025-12-27,KRT-062,0.0,KRT
2025-12-27,KRT-063,0.0,KRT
2025-12-27,KRT-064,0.0,KRT
2025-12-27,KRT-065,0.0,KRT
2025-12-27,KRT-066,0.0,KRT
2025-12-27,KRT-067,0.0,KRT
2025-12-27,KRT-068,0.0,KRT
2025-12-27,KRT-069,0.0,KRT
2025-12-27,KRT-070,0.0,KRT
2025-12-27,KRT-071,0.0,KRT
2025-12-27,KRT-072,0.0,KRT
2025-12-27,KRT-073,0.0,KRT
2025-12-27,KRT-074,0.0,KRT
2025-12-27,RDM-101,0.0,RDM
2025-12-27,RDM-102,0.0,RDM
2025-12-27,RDM-103,0.51,RDM
2025-12-27,RDM-104,0.0,RDM
2025-12-27,RDM-105,1.52,RDM
2025-12-27,RDM-106,0.0,RDM
2025-12-27,RDM-107,1.8,RDM
2025-12-27,RDM-108,0.0,RDM
2025-12-27,RDM-109,0.0,RDM
2025-12-27,RDM-110,0.0,RDM
2025-12-27,RDM-112,0.0,RDM
2025-12-27,RDM-113,0.0,RDM
2025-12-27,RDM-114,0.0,RDM
2025-12-27,RDM-115,0.0,RDM
2025-12-27,RDM-116,3.56,RDM
2025-12-27,RDM-117,0.0,RDM
2025-12-27,RDM-118,0.9,RDM
2025-12-27,RDM-119,0.0,RDM
2025-12-27,RDM-120,0.0,RDM
2025-12-27,RDM-121,0.0,RDM
2025-12-27,RDM-122,0.0,RDM
2025-12-27,RDM-123,0.0,RDM
2025-12-27,RDM-124,0.0,RDM
2025-12-27,RDM-125,0.0,RDM
2025-12-27,RDM-126,0.0,RDM
2025-12-27,RDM-127,0.0,RDM
2025-12-27,RDM-128,0.0,RDM
2025-12-27,RDM-129,0.0,RDM
2025-12-27,RDM-130,0.0,RDM
2025-12-27,RDM-131,0.0,RDM
2025-12-27,RDM-132,3.0,RDM
2025-12-27,RDM-133,0.0,RDM
2025-12-28,KRT-001,0.25,KRT
2025-12-28,KRT-002,0.0,KRT
2025-12-28,KRT-003,0.0,KRT
2025-12-28,KRT-004,0.0,KRT
2025-12-28,KRT-005,2.5,KRT
2025-12-28,KRT-006,4.3,KRT
2025-12-28,KRT-007,1.78,KRT
2025-12-28,KRT-008,1.78,KRT
2025-12-28,KRT-009,0.51,KRT
2025-12-28,KRT-010,0.25,KRT
2025-12-28,KRT-011,0.0,KRT
2025-12-28,KRT-012,0.51,KRT
2025-12-28,KRT-013,3.81,KRT
2025-12-28,KRT-014,8.38,KRT
2025-12-28,KRT-015,8.64,KRT
2025-12-28,KRT-016,8.3,KRT
2025-12-28,KRT-017,3.56,KRT
2025-12-28,KRT-018,0.25,KRT
2025-12-28,KRT-019,0.51,KRT
2025-12-28,KRT-020,0.25,KRT
2025-12-28,KRT-021,3.75,KRT
2025-12-28,KRT-022,0.0,KRT
2025-12-28,KRT-023,24.89,KRT
2025-12-28,KRT-024,9.91,KRT
2025-12-28,KRT-025,13.97,KRT
2025-12-28,KRT-026,8.3,KRT
2025-12-28,KRT-027,8.3,KRT
2025-12-28,KRT-028,0.0,KRT
2025-12-28,KRT-029,2.54,KRT
2025-12-28,KRT-030,0.0,KRT
2025-12-28,KRT-031,0.0,KRT
2025-12-28,KRT-032,0.0,KRT
2025-12-28,KRT-033,0.0,KRT
2025-12-28,KRT-034,0.0,KRT
2025-12-28,KRT-035,5.84,KRT
2025-12-28,KRT-036,8.89,KRT
2025-12-28,KRT-037,5.08,KRT
2025-12-28,KRT-038,4.83,KRT
2025-12-28,KRT-039,12.7,KRT
2025-12-28,KRT-040,6.35,KRT
2025-12-28,KRT-041,0.0,KRT
2025-12-28,KRT-042,0.76,KRT
2025-12-28,KRT-043,1.02,KRT
2025-12-28,KRT-044,5.59,KRT
2025-12-28,KRT-045,8.46,KRT
2025-12-28,KRT-046,13.21,KRT
2025-12-28,KRT-047,3.56,KRT
2025-12-28,KRT-048,2.29,KRT
2025-12-28,KRT-049,0.25,KRT
2025-12-28,KRT-050,10.41,KRT
2025-12-28,KRT-051,11.18,KRT
2025-12-28,KRT-052,8.89,KRT
2025-12-28,KRT-053,5.05,KRT
2025-12-28,KRT-054,5.05,KRT
2025-12-28,KRT-055,6.6,KRT
2025-12-28,KRT-056,7.87,KRT
2025-12-28,KRT-057,5.42,KRT
2025-12-28,KRT-058,0.25,KRT
2025-12-28,KRT-059,0.25,KRT
2025-12-28,KRT-060,0.0,KRT
2025-12-28,KRT-061,0.0,KRT
2025-12-28,KRT-062,0.0,KRT
2025-12-28,KRT-063,2.4,KRT
2025-12-28,KRT-064,1.5,KRT
2025-12-28,KRT-065,2.4,KRT
2025-12-28,KRT-066,0.0,KRT
2025-12-28,KRT-067,0.0,KRT
2025-12-28,KRT-068,0.0,KRT
2025-12-28,KRT-069,0.0,KRT
2025-12-28,KRT-070,0.0,KRT
2025-12-28,KRT-071,0.0,KRT
2025-12-28,KRT-072,0.0,KRT
2025-12-28,KRT-073,1.02,KRT
2025-12-28,KRT-074,2.54,KRT
2025-12-28,RDM-101,0.5,RDM
2025-12-28,RDM-102,0.0,RDM
2025-12-28,RDM-103,0.25,RDM
2025-12-28,RDM-104,0.0,RDM
2025-12-28,RDM-105,0.0,RDM
2025-12-28,RDM-106,0.0,RDM
2025-12-28,RDM-107,0.6,RDM
2025-12-28,RDM-108,0.0,RDM
2025-12-28,RDM-109,0.0,RDM
2025-12-28,RDM-110,0.0,RDM
2025-12-28,RDM-112,0.51,RDM
2025-12-28,RDM-113,0.0,RDM
2025-12-28,RDM-114,0.0,RDM
2025-12-28,RDM-115,0.0,RDM
2025-12-28,RDM-116,0.0,RDM
2025-12-28,RDM-117,0.0,RDM
2025-12-28,RDM-118,0.0,RDM
2025-12-28,RDM-119,0.0,RDM
2025-12-28,RDM-120,0.0,RDM
2025-12-28,RDM-121,0.0,RDM
2025-12-28,RDM-122,0.0,RDM
2025-12-28,RDM-123,0.51,RDM
2025-12-28,RDM-124,0.3,RDM
2025-12-28,RDM-125,0.0,RDM
2025-12-28,RDM-126,0.0,RDM
2025-12-28,RDM-127,0.0,RDM
2025-12-28,RDM-128,0.0,RDM
2025-12-28,RDM-129,0.0,RDM
2025-12-28,RDM-130,0.0,RDM
2025-12-28,RDM-131,0.0,RDM
2025-12-28,RDM-132,0.0,RDM
2025-12-28,RDM-133,0.0,RDM
2025-12-29,KRT-001,4.83,KRT
2025-12-29,KRT-002,5.84,KRT
2025-12-29,KRT-003,4.72,KRT
2025-12-29,KRT-004,4.72,KRT
2025-12-29,KRT-005,3.5,KRT
2025-12-29,KRT-006,2.77,KRT
2025-12-29,KRT-007,2.54,KRT
2025-12-29,KRT-008,2.76,KRT
2025-12-29,KRT-009,3.05,KRT
2025-12-29,KRT-010,3.56,KRT
2025-12-29,KRT-011,0.51,KRT
2025-12-29,KRT-012,0.51,KRT
2025-12-29,KRT-013,0.25,KRT
2025-12-29,KRT-014,0.25,KRT
2025-12-29,KRT-015,1.52,KRT
2025-12-29,KRT-016,0.0,KRT
2025-12-29,KRT-017,3.56,KRT
2025-12-29,KRT-018,0.0,KRT
2025-12-29,KRT-019,4.06,KRT
2025-12-29,KRT-020,4.32,KRT
2025-12-29,KRT-021,8.05,KRT
2025-12-29,KRT-022,5.08,KRT
2025-12-29,KRT-023,0.76,KRT
2025-12-29,KRT-024,2.54,KRT
2025-12-29,KRT-025,1.52,KRT
2025-12-29,KRT-026,0.0,KRT
2025-12-29,KRT-027,0.0,KRT
2025-12-29,KRT-028,0.0,KRT
2025-12-29,KRT-029,0.51,KRT
2025-12-29,KRT-030,2.54,KRT
2025-12-29,KRT-031,0.0,KRT
2025-12-29,KRT-032,0.0,KRT
2025-12-29,KRT-033,0.0,KRT
2025-12-29,KRT-034,0.0,KRT
2025-12-29,KRT-035,0.25,KRT
2025-12-29,KRT-036,1.27,KRT
2025-12-29,KRT-037,0.76,KRT
2025-12-29,KRT-038,0.0,KRT
2025-12-29,KRT-039,0.0,KRT
2025-12-29,KRT-040,0.0,KRT
2025-12-29,KRT-041,0.0,KRT
2025-12-29,KRT-042,0.0,KRT
2025-12-29,KRT-043,0.0,KRT
2025-12-29,KRT-044,0.51,KRT
2025-12-29,KRT-045,0.51,KRT
2025-12-29,KRT-046,0.0,KRT
2025-12-29,KRT-047,0.0,KRT
2025-12-29,KRT-048,0.0,KRT
2025-12-29,KRT-049,0.0,KRT
2025-12-29,KRT-050,0.0,KRT
2025-12-29,KRT-051,0.25,KRT
2025-12-29,KRT-052,0.25,KRT
2025-12-29,KRT-053,0.25,KRT
2025-12-29,KRT-054,0.0,KRT
2025-12-29,KRT-055,0.0,KRT
2025-12-29,KRT-056,0.25,KRT
2025-12-29,KRT-057,0.0,KRT
2025-12-29,KRT-058,0.0,KRT
2025-12-29,KRT-059,0.0,KRT
2025-12-29,KRT-060,0.0,KRT
2025-12-29,KRT-061,0.0,KRT
2025-12-29,KRT-062,0.0,KRT
2025-12-29,KRT-063,0.0,KRT
2025-12-29,KRT-064,0.3,KRT
2025-12-29,KRT-065,0.9,KRT
2025-12-29,KRT-066,0.0,KRT
2025-12-29,KRT-067,0.0,KRT
2025-12-29,KRT-068,0.0,KRT
2025-12-29,KRT-069,0.0,KRT
2025-12-29,KRT-070,0.0,KRT
2025-12-29,KRT-071,0.0,KRT
2025-12-29,KRT-072,0.0,KRT
2025-12-29,KRT-073,0.0,KRT
2025-12-29,KRT-074,0.0,KRT
2025-12-29,RDM-101,0.0,RDM
2025-12-29,RDM-102,0.0,RDM
2025-12-29,RDM-103,0.0,RDM
2025-12-29,RDM-104,0.0,RDM
2025-12-29,RDM-105,0.0,RDM
2025-12-29,RDM-106,0.0,RDM
2025-12-29,RDM-107,0.0,RDM
2025-12-29,RDM-108,0.0,RDM
2025-12-29,RDM-109,0.0,RDM
2025-12-29,RDM-110,0.0,RDM
2025-12-29,RDM-112,0.0,RDM
2025-12-29,RDM-113,0.0,RDM
2025-12-29,RDM-114,0.0,RDM
2025-12-29,RDM-115,0.0,RDM
2025-12-29,RDM-116,0.51,RDM
2025-12-29,RDM-117,0.0,RDM
2025-12-29,RDM-118,0.9,RDM
2025-12-29,RDM-119,0.0,RDM
2025-12-29,RDM-120,0.0,RDM
2025-12-29,RDM-121,0.0,RDM
2025-12-29,RDM-122,0.0,RDM
2025-12-29,RDM-123,0.0,RDM
2025-12-29,RDM-124,0.0,RDM
2025-12-29,RDM-125,0.0,RDM
2025-12-29,RDM-126,0.0,RDM
2025-12-29,RDM-127,0.0,RDM
2025-12-29,RDM-128,0.0,RDM
2025-12-29,RDM-129,0.0,RDM
2025-12-29,RDM-130,0.0,RDM
2025-12-29,RDM-131,0.0,RDM
2025-12-29,RDM-132,1.8,RDM
2025-12-29,RDM-133,0.0,RDM
2025-12-30,KRT-001,25.65,KRT
2025-12-30,KRT-002,24.64,KRT
2025-12-30,KRT-003,10.06,KRT
2025-12-30,KRT-004,9.12,KRT
2025-12-30,KRT-005,15.0,KRT
2025-12-30,KRT-006,15.4,KRT
2025-12-30,KRT-007,20.57,KRT
2025-12-30,KRT-008,24.64,KRT
2025-12-30,KRT-009,41.4,KRT
2025-12-30,KRT-010,32.0,KRT
2025-12-30,KRT-011,34.54,KRT
2025-12-30,KRT-012,18.29,KRT
2025-12-30,KRT-013,24.89,KRT
2025-12-30,KRT-014,22.86,KRT
2025-12-30,KRT-015,18.8,KRT
2025-12-30,KRT-016,21.23,KRT
2025-12-30,KRT-017,30.99,KRT
2025-12-30,KRT-018,13.9,KRT
2025-12-30,KRT-019,35.05,KRT
2025-12-30,KRT-020,40.71,KRT
2025-12-30,KRT-021,25.4,KRT
2025-12-30,KRT-022,23.88,KRT
2025-12-30,KRT-023,20.07,KRT
2025-12-30,KRT-024,19.05,KRT
2025-12-30,KRT-025,4.57,KRT
2025-12-30,KRT-026,1.3,KRT
2025-12-30,KRT-027,2.0,KRT
2025-12-30,KRT-028,2.54,KRT
2025-12-30,KRT-029,3.05,KRT
2025-12-30,KRT-030,4.32,KRT
2025-12-30,KRT-031,1.25,KRT
2025-12-30,KRT-032,1.27,KRT
2025-12-30,KRT-033,0.51,KRT
2025-12-30,KRT-034,1.27,KRT
2025-12-30,KRT-035,6.6,KRT
2025-12-30,KRT-036,9.4,KRT
2025-12-30,KRT-037,7.11,KRT
2025-12-30,KRT-038,6.6,KRT
2025-12-30,KRT-039,12.7,KRT
2025-12-30,KRT-040,8.13,KRT
2025-12-30,KRT-041,8.31,KRT
2025-12-30,KRT-042,8.89,KRT
2025-12-30,KRT-043,9.65,KRT
2025-12-30,KRT-044,30.73,KRT
2025-12-30,KRT-045,23.3,KRT
2025-12-30,KRT-046,11.18,KRT
2025-12-30,KRT-047,16.51,KRT
2025-12-30,KRT-048,16.89,KRT
2025-12-30,KRT-049,28.7,KRT
2025-12-30,KRT-050,34.04,KRT
2025-12-30,KRT-051,16.26,KRT
2025-12-30,KRT-052,23.11,KRT
2025-12-30,KRT-053,30.66,KRT
2025-12-30,KRT-054,26.34,KRT
2025-12-30,KRT-055,30.73,KRT
2025-12-30,KRT-056,25.65,KRT
2025-12-30,KRT-057,24.63,KRT
2025-12-30,KRT-058,15.5,KRT
2025-12-30,KRT-059,35.05,KRT
2025-12-30,KRT-060,21.08,KRT
2025-12-30,KRT-061,9.65,KRT
2025-12-30,KRT-062,13.14,KRT
2025-12-30,KRT-063,9.6,KRT
2025-12-30,KRT-064,7.2,KRT
2025-12-30,KRT-065,10.8,KRT
2025-12-30,KRT-066,5.84,KRT
2025-12-30,KRT-067,8.13,KRT
2025-12-30,KRT-068,9.57,KRT
2025-12-30,KRT-069,37.55,KRT
2025-12-30,KRT-070,33.1,KRT
2025-12-30,KRT-071,37.53,KRT
2025-12-30,KRT-072,44.46,KRT
2025-12-30,KRT-073,44.96,KRT
2025-12-30,KRT-074,35.56,KRT
2025-12-30,RDM-101,14.0,RDM
2025-12-30,RDM-102,17.75,RDM
2025-12-30,RDM-103,11.43,RDM
2025-12-30,RDM-104,13.72,RDM
2025-12-30,RDM-105,12.7,RDM
2025-12-30,RDM-106,14.22,RDM
2025-12-30,RDM-107,10.2,RDM
2025-12-30,RDM-108,12.7,RDM
2025-12-30,RDM-109,29.72,RDM
2025-12-30,RDM-110,24.0,RDM
2025-12-30,RDM-112,24.89,RDM
2025-12-30,RDM-113,20.7,RDM
2025-12-30,RDM-114,28.75,RDM
2025-12-30,RDM-115,30.99,RDM
2025-12-30,RDM-116,24.89,RDM
2025-12-30,RDM-117,42.0,RDM
2025-12-30,RDM-118,24.73,RDM
2025-12-30,RDM-119,23.11,RDM
2025-12-30,RDM-120,25.65,RDM
2025-12-30,RDM-121,23.62,RDM
2025-12-30,RDM-122,26.16,RDM
2025-12-30,RDM-123,17.78,RDM
2025-12-30,RDM-124,25.2,RDM
2025-12-30,RDM-125,27.0,RDM
2025-12-30,RDM-126,22.5,RDM
2025-12-30,RDM-127,22.1,RDM
2025-12-30,RDM-128,23.11,RDM
2025-12-30,RDM-129,27.94,RDM
2025-12-30,RDM-130,38.86,RDM
2025-12-30,RDM-131,34.29,RDM
2025-12-30,RDM-132,41.7,RDM
2025-12-30,RDM-133,19.81,RDM
2025-12-31,KRT-001,4.83,KRT
2025-12-31,KRT-002,1.27,KRT
2025-12-31,KRT-003,0.0,KRT
2025-12-31,KRT-004,0.0,KRT
2025-12-31,KRT-005,0.25,KRT
2025-12-31,KRT-006,0.0,KRT
2025-12-31,KRT-007,0.51,KRT
2025-12-31,KRT-008,0.25,KRT
2025-12-31,KRT-009,3.05,KRT
2025-12-31,KRT-010,1.78,KRT
2025-12-31,KRT-011,5.84,KRT
2025-12-31,KRT-012,2.03,KRT
2025-12-31,KRT-013,10.16,KRT
2025-12-31,KRT-014,3.05,KRT
2025-12-31,KRT-015,0.0,KRT
2025-12-31,KRT-016,0.0,KRT
2025-12-31,KRT-017,0.51,KRT
2025-12-31,KRT-018,0.0,KRT
2025-12-31,KRT-019,0.25,KRT
2025-12-31,KRT-020,0.0,KRT
2025-12-31,KRT-021,0.25,KRT
2025-12-31,KRT-022,0.0,KRT
2025-12-31,KRT-023,0.25,KRT
2025-12-31,KRT-024,0.0,KRT
2025-12-31,KRT-025,0.0,KRT
2025-12-31,KRT-026,0.0,KRT
2025-12-31,KRT-027,0.0,KRT
2025-12-31,KRT-028,0.0,KRT
2025-12-31,KRT-029,0.0,KRT
2025-12-31,KRT-030,0.0,KRT
2025-12-31,KRT-031,0.0,KRT
2025-12-31,KRT-032,0.0,KRT
2025-12-31,KRT-033,0.0,KRT
2025-12-31,KRT-034,0.0,KRT
2025-12-31,KRT-035,0.25,KRT
2025-12-31,KRT-036,0.0,KRT
2025-12-31,KRT-037,1.27,KRT
2025-12-31,KRT-038,0.0,KRT
2025-12-31,KRT-039,0.25,KRT
2025-12-31,KRT-040,0.25,KRT
2025-12-31,KRT-041,0.0,KRT
2025-12-31,KRT-042,0.25,KRT
2025-12-31,KRT-043,0.0,KRT
2025-12-31,KRT-044,0.25,KRT
2025-12-31,KRT-045,0.0,KRT
2025-12-31,KRT-046,0.25,KRT
2025-12-31,KRT-047,0.25,KRT
2025-12-31,KRT-048,0.0,KRT
2025-12-31,KRT-049,0.0,KRT
2025-12-31,KRT-050,0.25,KRT
2025-12-31,KRT-051,0.25,KRT
2025-12-31,KRT-052,0.0,KRT
2025-12-31,KRT-053,0.0,KRT
2025-12-31,KRT-054,0.0,KRT
2025-12-31,KRT-055,0.0,KRT
2025-12-31,KRT-056,0.0,KRT
2025-12-31,KRT-057,0.0,KRT
2025-12-31,KRT-058,0.25,KRT
2025-12-31,KRT-059,0.0,KRT
2025-12-31,KRT-060,0.25,KRT
2025-12-31,KRT-061,0.0,KRT
2025-12-31,KRT-062,0.0,KRT
2025-12-31,KRT-063,0.0,KRT
2025-12-31,KRT-064,0.0,KRT
2025-12-31,KRT-065,0.0,KRT
2025-12-31,KRT-066,0.0,KRT
2025-12-31,KRT-067,0.0,KRT
2025-12-31,KRT-068,0.0,KRT
2025-12-31,KRT-069,0.0,KRT
2025-12-31,KRT-070,0.2,KRT
2025-12-31,KRT-071,0.0,KRT
2025-12-31,KRT-072,0.19,KRT
2025-12-31,KRT-073,0.0,KRT
2025-12-31,KRT-074,0.0,KRT
2025-12-31,RDM-101,0.0,RDM
2025-12-31,RDM-102,0.0,RDM
2025-12-31,RDM-103,0.0,RDM
2025-12-31,RDM-104,0.0,RDM
2025-12-31,RDM-105,0.0,RDM
2025-12-31,RDM-106,0.0,RDM
2025-12-31,RDM-107,0.0,RDM
2025-12-31,RDM-108,0.0,RDM
2025-12-31,RDM-109,0.0,RDM
2025-12-31,RDM-110,0.0,RDM
2025-12-31,RDM-112,0.0,RDM
2025-12-31,RDM-113,1.2,RDM
2025-12-31,RDM-114,0.0,RDM
2025-12-31,RDM-115,0.0,RDM
2025-12-31,RDM-116,0.25,RDM
2025-12-31,RDM-117,0.0,RDM
2025-12-31,RDM-118,1.5,RDM
2025-12-31,RDM-119,0.0,RDM
2025-12-31,RDM-120,0.0,RDM
2025-12-31,RDM-121,0.0,RDM
2025-12-31,RDM-122,0.0,RDM
2025-12-31,RDM-123,0.0,RDM
2025-12-31,RDM-124,0.0,RDM
2025-12-31,RDM-125,0.0,RDM
2025-12-31,RDM-126,0.0,RDM
2025-12-31,RDM-127,0.0,RDM
2025-12-31,RDM-128,0.0,RDM
2025-12-31,RDM-129,0.0,RDM
2025-12-31,RDM-130,0.0,RDM
2025-12-31,RDM-131,0.0,RDM
2025-12-31,RDM-132,0.0,RDM
2025-12-31,RDM-133,0.0,RDM
2026-01-01,KRT-001,0.0,KRT
2026-01-01,KRT-002,0.51,KRT
2026-01-01,KRT-003,0.0,KRT
2026-01-01,KRT-004,0.0,KRT
2026-01-01,KRT-005,0.0,KRT
2026-01-01,KRT-006,0.0,KRT
2026-01-01,KRT-007,1.02,KRT
2026-01-01,KRT-008,0.0,KRT
2026-01-01,KRT-009,0.51,KRT
2026-01-01,KRT-010,0.0,KRT
2026-01-01,KRT-011,0.0,KRT
2026-01-01,KRT-012,0.0,KRT
2026-01-01,KRT-013,0.0,KRT
2026-01-01,KRT-014,0.0,KRT
2026-01-01,KRT-015,0.0,KRT
2026-01-01,KRT-016,0.0,KRT
2026-01-01,KRT-017,0.25,KRT
2026-01-01,KRT-018,0.0,KRT
2026-01-01,KRT-019,0.0,KRT
2026-01-01,KRT-020,0.0,KRT
2026-01-01,KRT-021,0.0,KRT
2026-01-01,KRT-022,0.0,KRT
2026-01-01,KRT-023,0.0,KRT
2026-01-01,KRT-024,0.0,KRT
2026-01-01,KRT-025,0.25,KRT
2026-01-01,KRT-026,0.0,KRT
2026-01-01,KRT-027,0.0,KRT
2026-01-01,KRT-028,0.0,KRT
2026-01-01,KRT-029,0.51,KRT
2026-01-01,KRT-030,0.0,KRT
2026-01-01,KRT-031,0.0,KRT
2026-01-01,KRT-032,0.51,KRT
2026-01-01,KRT-033,1.52,KRT
2026-01-01,KRT-034,0.76,KRT
2026-01-01,KRT-035,0.25,KRT
2026-01-01,KRT-036,0.0,KRT
2026-01-01,KRT-037,0.0,KRT
2026-01-01,KRT-038,0.0,KRT
2026-01-01,KRT-039,0.0,KRT
2026-01-01,KRT-040,0.0,KRT
2026-01-01,KRT-041,0.0,KRT
2026-01-01,KRT-042,0.0,KRT
2026-01-01,KRT-043,0.76,KRT
2026-01-01,KRT-044,0.51,KRT
2026-01-01,KRT-045,0.0,KRT
2026-01-01,KRT-046,0.25,KRT
2026-01-01,KRT-047,0.0,KRT
2026-01-01,KRT-048,0.0,KRT
2026-01-01,KRT-049,0.0,KRT
2026-01-01,KRT-050,0.0,KRT
2026-01-01,KRT-051,0.0,KRT
2026-01-01,KRT-052,1.27,KRT
2026-01-01,KRT-053,0.25,KRT
2026-01-01,KRT-054,0.0,KRT
2026-01-01,KRT-055,0.51,KRT
2026-01-01,KRT-056,0.0,KRT
2026-01-01,KRT-057,0.0,KRT
2026-01-01,KRT-058,0.0,KRT
2026-01-01,KRT-059,0.25,KRT
2026-01-01,KRT-060,0.0,KRT
2026-01-01,KRT-061,0.25,KRT
2026-01-01,KRT-062,0.0,KRT
2026-01-01,KRT-063,4.8,KRT
2026-01-01,KRT-064,8.7,KRT
2026-01-01,KRT-065,0.6,KRT
2026-01-01,KRT-066,0.0,KRT
2026-01-01,KRT-067,3.3,KRT
2026-01-01,KRT-068,2.91,KRT
2026-01-01,KRT-069,0.0,KRT
2026-01-01,KRT-070,3.94,KRT
2026-01-01,KRT-071,0.0,KRT
2026-01-01,KRT-072,14.44,KRT
2026-01-01,KRT-073,0.0,KRT
2026-01-01,KRT-074,0.0,KRT
2026-01-01,RDM-101,2.0,RDM
2026-01-01,RDM-102,0.75,RDM
2026-01-01,RDM-103,2.29,RDM
2026-01-01,RDM-104,1.02,RDM
2026-01-01,RDM-105,3.3,RDM
2026-01-01,RDM-106,1.78,RDM
2026-01-01,RDM-107,2.1,RDM
2026-01-01,RDM-108,2.29,RDM
2026-01-01,RDM-109,1.27,RDM
2026-01-01,RDM-110,0.9,RDM
2026-01-01,RDM-112,1.78,RDM
2026-01-01,RDM-113,0.3,RDM
2026-01-01,RDM-114,4.0,RDM
2026-01-01,RDM-115,5.33,RDM
2026-01-01,RDM-116,1.78,RDM
2026-01-01,RDM-117,1.5,RDM
2026-01-01,RDM-118,5.4,RDM
2026-01-01,RDM-119,0.25,RDM
2026-01-01,RDM-120,2.03,RDM
2026-01-01,RDM-121,0.0,RDM
2026-01-01,RDM-122,1.78,RDM
2026-01-01,RDM-123,1.02,RDM
2026-01-01,RDM-124,0.0,RDM
2026-01-01,RDM-125,0.0,RDM
2026-01-01,RDM-126,0.6,RDM
2026-01-01,RDM-127,0.0,RDM
2026-01-01,RDM-128,0.0,RDM
2026-01-01,RDM-129,0.0,RDM
2026-01-01,RDM-130,0.51,RDM
2026-01-01,RDM-131,3.3,RDM
2026-01-01,RDM-132,9.6,RDM
2026-01-01,RDM-133,0.0,RDM
2026-01-02,KRT-001,54.61,KRT
2026-01-02,KRT-002,38.1,KRT
2026-01-02,KRT-003,25.4,KRT
2026-01-02,KRT-004,39.3,KRT
2026-01-02,KRT-005,32.75,KRT
2026-01-02,KRT-006,17.57,KRT
2026-01-02,KRT-007,12.45,KRT
2026-01-02,KRT-008,7.62,KRT
2026-01-02,KRT-009,4.57,KRT
2026-01-02,KRT-010,2.03,KRT
2026-01-02,KRT-011,2.29,KRT
2026-01-02,KRT-012,4.83,KRT
2026-01-02,KRT-013,7.37,KRT
2026-01-02,KRT-014,3.81,KRT
2026-01-02,KRT-015,25.91,KRT
2026-01-02,KRT-016,32.1,KRT
2026-01-02,KRT-017,7.87,KRT
2026-01-02,KRT-018,13.96,KRT
2026-01-02,KRT-019,5.3,KRT
2026-01-02,KRT-020,2.03,KRT
2026-01-02,KRT-021,3.05,KRT
2026-01-02,KRT-022,1.27,KRT
2026-01-02,KRT-023,3.81,KRT
2026-01-02,KRT-024,2.79,KRT
2026-01-02,KRT-025,3.3,KRT
2026-01-02,KRT-026,3.16,KRT
2026-01-02,KRT-027,3.83,KRT
2026-01-02,KRT-028,1.52,KRT
2026-01-02,KRT-029,11.68,KRT
2026-01-02,KRT-030,0.76,KRT
2026-01-02,KRT-031,3.6,KRT
2026-01-02,KRT-032,10.16,KRT
2026-01-02,KRT-033,3.56,KRT
2026-01-02,KRT-034,10.16,KRT
2026-01-02,KRT-035,23.11,KRT
2026-01-02,KRT-036,21.34,KRT
2026-01-02,KRT-037,23.11,KRT
2026-01-02,KRT-038,23.37,KRT
2026-01-02,KRT-039,41.91,KRT
2026-01-02,KRT-040,32.0,KRT
2026-01-02,KRT-041,35.75,KRT
2026-01-02,KRT-042,46.48,KRT
2026-01-02,KRT-043,41.15,KRT
2026-01-02,KRT-044,40.39,KRT
2026-01-02,KRT-045,42.97,KRT
2026-01-02,KRT-046,39.88,KRT
2026-01-02,KRT-047,49.28,KRT
2026-01-02,KRT-048,32.5,KRT
2026-01-02,KRT-049,32.0,KRT
2026-01-02,KRT-050,43.94,KRT
2026-01-02,KRT-051,35.05,KRT
2026-01-02,KRT-052,42.93,KRT
2026-01-02,KRT-053,33.36,KRT
2026-01-02,KRT-054,33.36,KRT
2026-01-02,KRT-055,19.56,KRT
2026-01-02,KRT-056,25.65,KRT
2026-01-02,KRT-057,19.44,KRT
2026-01-02,KRT-058,20.25,KRT
2026-01-02,KRT-059,38.1,KRT
2026-01-02,KRT-060,49.28,KRT
2026-01-02,KRT-061,38.96,KRT
2026-01-02,KRT-062,37.01,KRT
2026-01-02,KRT-063,33.3,KRT
2026-01-02,KRT-064,33.6,KRT
2026-01-02,KRT-065,23.7,KRT
2026-01-02,KRT-066,25.65,KRT
2026-01-02,KRT-067,29.72,KRT
2026-01-02,KRT-068,27.4,KRT
2026-01-02,KRT-069,24.1,KRT
2026-01-02,KRT-070,23.84,KRT
2026-01-02,KRT-071,24.2,KRT
2026-01-02,KRT-072,29.83,KRT
2026-01-02,KRT-073,40.13,KRT
2026-01-02,KRT-074,49.02,KRT
2026-01-02,RDM-101,0.25,RDM
2026-01-02,RDM-102,0.0,RDM
2026-01-02,RDM-103,0.25,RDM
2026-01-02,RDM-104,0.25,RDM
2026-01-02,RDM-105,0.51,RDM
2026-01-02,RDM-106,0.51,RDM
2026-01-02,RDM-107,0.9,RDM
2026-01-02,RDM-108,1.52,RDM
2026-01-02,RDM-109,0.0,RDM
2026-01-02,RDM-110,0.3,RDM
2026-01-02,RDM-112,0.0,RDM
2026-01-02,RDM-113,0.0,RDM
2026-01-02,RDM-114,0.25,RDM
2026-01-02,RDM-115,0.0,RDM
2026-01-02,RDM-116,0.0,RDM
2026-01-02,RDM-117,0.0,RDM
2026-01-02,RDM-118,0.6,RDM
2026-01-02,RDM-119,0.0,RDM
2026-01-02,RDM-120,0.0,RDM
2026-01-02,RDM-121,0.0,RDM
2026-01-02,RDM-122,0.0,RDM
2026-01-02,RDM-123,1.02,RDM
2026-01-02,RDM-124,0.0,RDM
2026-01-02,RDM-125,0.0,RDM
2026-01-02,RDM-126,0.0,RDM
2026-01-02,RDM-127,0.0,RDM
2026-01-02,RDM-128,0.0,RDM
2026-01-02,RDM-129,0.0,RDM
2026-01-02,RDM-130,0.0,RDM
2026-01-02,RDM-131,0.51,RDM
2026-01-02,RDM-132,0.3,RDM
2026-01-02,RDM-133,3.3,RDM
2026-01-03,KRT-001,35.31,KRT
2026-01-03,KRT-002,38.6,KRT
2026-01-03,KRT-003,53.09,KRT
2026-01-03,KRT-004,27.43,KRT
2026-01-03,KRT-005,64.0,KRT
2026-01-03,KRT-006,46.3,KRT
2026-01-03,KRT-007,42.67,KRT
2026-01-03,KRT-008,45.97,KRT
2026-01-03,KRT-009,48.26,KRT
2026-01-03,KRT-010,42.16,KRT
2026-01-03,KRT-011,38.61,KRT
2026-01-03,KRT-012,39.83,KRT
2026-01-03,KRT-013,37.08,KRT
2026-01-03,KRT-014,33.78,KRT
2026-01-03,KRT-015,43.18,KRT
2026-01-03,KRT-016,46.85,KRT
2026-01-03,KRT-017,40.13,KRT
2026-01-03,KRT-018,46.85,KRT
2026-01-03,KRT-019,46.23,KRT
2026-01-03,KRT-020,53.85,KRT
2026-01-03,KRT-021,40.39,KRT
2026-01-03,KRT-022,55.88,KRT
2026-01-03,KRT-023,42.93,KRT
2026-01-03,KRT-024,56.13,KRT
2026-01-03,KRT-025,40.89,KRT
2026-01-03,KRT-026,38.16,KRT
2026-01-03,KRT-027,38.17,KRT
2026-01-03,KRT-028,33.02,KRT
2026-01-03,KRT-029,44.7,KRT
2026-01-03,KRT-030,44.96,KRT
2026-01-03,KRT-031,40.22,KRT
2026-01-03,KRT-032,38.61,KRT
2026-01-03,KRT-033,45.21,KRT
2026-01-03,KRT-034,39.37,KRT
2026-01-03,KRT-035,32.51,KRT
2026-01-03,KRT-036,33.27,KRT
2026-01-03,KRT-037,28.96,KRT
2026-01-03,KRT-038,33.78,KRT
2026-01-03,KRT-039,50.29,KRT
2026-01-03,KRT-040,36.32,KRT
2026-01-03,KRT-041,34.35,KRT
2026-01-03,KRT-042,34.8,KRT
2026-01-03,KRT-043,32.51,KRT
2026-01-03,KRT-044,32.51,KRT
2026-01-03,KRT-045,26.25,KRT
2026-01-03,KRT-046,22.61,KRT
2026-01-03,KRT-047,28.96,KRT
2026-01-03,KRT-048,33.05,KRT
2026-01-03,KRT-049,37.08,KRT
2026-01-03,KRT-050,41.66,KRT
2026-01-03,KRT-051,30.99,KRT
2026-01-03,KRT-052,38.1,KRT
2026-01-03,KRT-053,37.98,KRT
2026-01-03,KRT-054,33.24,KRT
2026-01-03,KRT-055,37.08,KRT
2026-01-03,KRT-056,39.88,KRT
2026-01-03,KRT-057,33.67,KRT
2026-01-03,KRT-058,31.25,KRT
2026-01-03,KRT-059,21.08,KRT
2026-01-03,KRT-060,24.38,KRT
2026-01-03,KRT-061,16.85,KRT
2026-01-03,KRT-062,23.43,KRT
2026-01-03,KRT-063,31.2,KRT
2026-01-03,KRT-064,33.6,KRT
2026-01-03,KRT-065,33.3,KRT
2026-01-03,KRT-066,20.32,KRT
2026-01-03,KRT-067,19.3,KRT
2026-01-03,KRT-068,19.8,KRT
2026-01-03,KRT-069,15.68,KRT
2026-01-03,KRT-070,22.85,KRT
2026-01-03,KRT-071,15.68,KRT
2026-01-03,KRT-072,13.11,KRT
2026-01-03,KRT-073,51.82,KRT
2026-01-03,KRT-074,30.23,KRT
2026-01-03,RDM-101,4.75,RDM
2026-01-03,RDM-102,5.5,RDM
2026-01-03,RDM-103,8.13,RDM
2026-01-03,RDM-104,7.62,RDM
2026-01-03,RDM-105,12.7,RDM
2026-01-03,RDM-106,10.92,RDM
2026-01-03,RDM-107,19.2,RDM
2026-01-03,RDM-108,12.7,RDM
2026-01-03,RDM-109,8.89,RDM
2026-01-03,RDM-110,13.8,RDM
2026-01-03,RDM-112,3.56,RDM
2026-01-03,RDM-113,3.3,RDM
2026-01-03,RDM-114,2.75,RDM
2026-01-03,RDM-115,2.29,RDM
2026-01-03,RDM-116,4.06,RDM
2026-01-03,RDM-117,3.3,RDM
2026-01-03,RDM-118,4.31,RDM
2026-01-03,RDM-119,4.06,RDM
2026-01-03,RDM-120,4.83,RDM
2026-01-03,RDM-121,4.06,RDM
2026-01-03,RDM-122,4.32,RDM
2026-01-03,RDM-123,3.56,RDM
2026-01-03,RDM-124,3.6,RDM
2026-01-03,RDM-125,4.2,RDM
2026-01-03,RDM-126,3.7,RDM
2026-01-03,RDM-127,2.79,RDM
2026-01-03,RDM-128,3.3,RDM
2026-01-03,RDM-129,3.05,RDM
2026-01-03,RDM-130,2.29,RDM
2026-01-03,RDM-131,4.53,RDM
2026-01-03,RDM-132,3.3,RDM
2026-01-03,RDM-133,3.05,RDM
2026-01-04,KRT-001,0.0,KRT
2026-01-04,KRT-002,0.0,KRT
2026-01-04,KRT-003,0.0,KRT
2026-01-04,KRT-004,0.25,KRT
2026-01-04,KRT-005,0.0,KRT
2026-01-04,KRT-006,0.0,KRT
2026-01-04,KRT-007,0.0,KRT
2026-01-04,KRT-008,0.0,KRT
2026-01-04,KRT-009,0.0,KRT
2026-01-04,KRT-010,0.0,KRT
2026-01-04,KRT-011,0.0,KRT
2026-01-04,KRT-012,0.0,KRT
2026-01-04,KRT-013,0.0,KRT
2026-01-04,KRT-014,0.0,KRT
2026-01-04,KRT-015,0.0,KRT
2026-01-04,KRT-016,0.0,KRT
2026-01-04,KRT-017,0.0,KRT
2026-01-04,KRT-018,0.0,KRT
2026-01-04,KRT-019,0.0,KRT
2026-01-04,KRT-020,0.0,KRT
2026-01-04,KRT-021,0.0,KRT
2026-01-04,KRT-022,0.25,KRT
2026-01-04,KRT-023,0.25,KRT
2026-01-04,KRT-024,0.0,KRT
2026-01-04,KRT-025,0.0,KRT
2026-01-04,KRT-026,0.0,KRT
2026-01-04,KRT-027,0.0,KRT
2026-01-04,KRT-028,0.0,KRT
2026-01-04,KRT-029,0.25,KRT
2026-01-04,KRT-030,0.0,KRT
2026-01-04,KRT-031,0.0,KRT
2026-01-04,KRT-032,0.0,KRT
2026-01-04,KRT-033,0.0,KRT
2026-01-04,KRT-034,0.0,KRT
2026-01-04,KRT-035,0.0,KRT
2026-01-04,KRT-036,0.0,KRT
2026-01-04,KRT-037,0.25,KRT
2026-01-04,KRT-038,0.0,KRT
2026-01-04,KRT-039,0.0,KRT
2026-01-04,KRT-040,0.0,KRT
2026-01-04,KRT-041,0.0,KRT
2026-01-04,KRT-042,0.25,KRT
2026-01-04,KRT-043,0.0,KRT
2026-01-04,KRT-044,0.51,KRT
2026-01-04,KRT-045,0.0,KRT
2026-01-04,KRT-046,0.0,KRT
2026-01-04,KRT-047,0.0,KRT
2026-01-04,KRT-048,0.0,KRT
2026-01-04,KRT-049,0.0,KRT
2026-01-04,KRT-050,2.79,KRT
2026-01-04,KRT-051,2.54,KRT
2026-01-04,KRT-052,0.25,KRT
2026-01-04,KRT-053,4.83,KRT
2026-01-04,KRT-054,3.3,KRT
2026-01-04,KRT-055,0.76,KRT
2026-01-04,KRT-056,1.78,KRT
2026-01-04,KRT-057,2.26,KRT
2026-01-04,KRT-058,3.5,KRT
2026-01-04,KRT-059,7.37,KRT
2026-01-04,KRT-060,7.62,KRT
2026-01-04,KRT-061,3.3,KRT
2026-01-04,KRT-062,8.32,KRT
2026-01-04,KRT-063,2.7,KRT
2026-01-04,KRT-064,6.3,KRT
2026-01-04,KRT-065,4.2,KRT
2026-01-04,KRT-066,6.6,KRT
2026-01-04,KRT-067,5.59,KRT
2026-01-04,KRT-068,6.25,KRT
2026-01-04,KRT-069,5.32,KRT
2026-01-04,KRT-070,4.53,KRT
2026-01-04,KRT-071,5.32,KRT
2026-01-04,KRT-072,6.08,KRT
2026-01-04,KRT-073,0.51,KRT
2026-01-04,KRT-074,0.51,KRT
2026-01-04,RDM-101,0.25,RDM
2026-01-04,RDM-102,0.25,RDM
2026-01-04,RDM-103,0.51,RDM
2026-01-04,RDM-104,0.76,RDM
2026-01-04,RDM-105,0.0,RDM
2026-01-04,RDM-106,0.51,RDM
2026-01-04,RDM-107,0.0,RDM
2026-01-04,RDM-108,0.0,RDM
2026-01-04,RDM-109,0.76,RDM
2026-01-04,RDM-110,0.0,RDM
2026-01-04,RDM-112,0.25,RDM
2026-01-04,RDM-113,0.0,RDM
2026-01-04,RDM-114,0.75,RDM
2026-01-04,RDM-115,0.51,RDM
2026-01-04,RDM-116,0.0,RDM
2026-01-04,RDM-117,0.3,RDM
2026-01-04,RDM-118,0.0,RDM
2026-01-04,RDM-119,0.0,RDM
2026-01-04,RDM-120,0.25,RDM
2026-01-04,RDM-121,0.25,RDM
2026-01-04,RDM-122,0.76,RDM
2026-01-04,RDM-123,0.51,RDM
2026-01-04,RDM-124,1.2,RDM
2026-01-04,RDM-125,0.0,RDM
2026-01-04,RDM-126,0.0,RDM
2026-01-04,RDM-127,0.25,RDM
2026-01-04,RDM-128,0.0,RDM
2026-01-04,RDM-129,0.0,RDM
2026-01-04,RDM-130,0.25,RDM
2026-01-04,RDM-131,0.51,RDM
2026-01-04,RDM-132,0.3,RDM
2026-01-04,RDM-133,1.02,RDM
2026-01-05,KRT-001,0.0,KRT
2026-01-05,KRT-002,0.0,KRT
2026-01-05,KRT-003,0.0,KRT
2026-01-05,KRT-004,0.51,KRT
2026-01-05,KRT-005,1.0,KRT
2026-01-05,KRT-006,0.0,KRT
2026-01-05,KRT-007,1.27,KRT
2026-01-05,KRT-008,0.25,KRT
2026-01-05,KRT-009,0.76,KRT
2026-01-05,KRT-010,0.0,KRT
2026-01-05,KRT-011,0.0,KRT
2026-01-05,KRT-012,0.0,KRT
2026-01-05,KRT-013,0.0,KRT
2026-01-05,KRT-014,0.0,KRT
2026-01-05,KRT-015,0.0,KRT
2026-01-05,KRT-016,0.0,KRT
2026-01-05,KRT-017,0.0,KRT
2026-01-05,KRT-018,0.0,KRT
2026-01-05,KRT-019,0.0,KRT
2026-01-05,KRT-020,0.0,KRT
2026-01-05,KRT-021,0.0,KRT
2026-01-05,KRT-022,0.0,KRT
2026-01-05,KRT-023,0.0,KRT
2026-01-05,KRT-024,0.0,KRT
2026-01-05,KRT-025,0.0,KRT
2026-01-05,KRT-026,0.0,KRT
2026-01-05,KRT-027,0.0,KRT
2026-01-05,KRT-028,0.0,KRT
2026-01-05,KRT-029,0.25,KRT
2026-01-05,KRT-030,0.0,KRT
2026-01-05,KRT-031,0.0,KRT
2026-01-05,KRT-032,0.0,KRT
2026-01-05,KRT-033,0.0,KRT
2026-01-05,KRT-034,0.51,KRT
2026-01-05,KRT-035,0.25,KRT
2026-01-05,KRT-036,0.25,KRT
2026-01-05,KRT-037,0.51,KRT
2026-01-05,KRT-038,0.51,KRT
2026-01-05,KRT-039,0.51,KRT
2026-01-05,KRT-040,0.25,KRT
2026-01-05,KRT-041,0.0,KRT
2026-01-05,KRT-042,0.51,KRT
2026-01-05,KRT-043,0.76,KRT
2026-01-05,KRT-044,3.05,KRT
2026-01-05,KRT-045,0.0,KRT
2026-01-05,KRT-046,0.25,KRT
2026-01-05,KRT-047,0.25,KRT
2026-01-05,KRT-048,0.0,KRT
2026-01-05,KRT-049,0.76,KRT
2026-01-05,KRT-050,2.03,KRT
2026-01-05,KRT-051,1.52,KRT
2026-01-05,KRT-052,1.27,KRT
2026-01-05,KRT-053,5.33,KRT
2026-01-05,KRT-054,3.47,KRT
2026-01-05,KRT-055,0.0,KRT
2026-01-05,KRT-056,0.51,KRT
2026-01-05,KRT-057,0.0,KRT
2026-01-05,KRT-058,0.0,KRT
2026-01-05,KRT-059,0.0,KRT
2026-01-05,KRT-060,0.0,KRT
2026-01-05,KRT-061,0.0,KRT
2026-01-05,KRT-062,0.0,KRT
2026-01-05,KRT-063,0.6,KRT
2026-01-05,KRT-064,0.0,KRT
2026-01-05,KRT-065,0.0,KRT
2026-01-05,KRT-066,0.0,KRT
2026-01-05,KRT-067,0.0,KRT
2026-01-05,KRT-068,0.0,KRT
2026-01-05,KRT-069,0.0,KRT
2026-01-05,KRT-070,0.0,KRT
2026-01-05,KRT-071,0.0,KRT
2026-01-05,KRT-072,0.0,KRT
2026-01-05,KRT-073,0.0,KRT
2026-01-05,KRT-074,0.76,KRT
2026-01-05,RDM-101,0.0,RDM
2026-01-05,RDM-102,0.0,RDM
2026-01-05,RDM-103,0.0,RDM
2026-01-05,RDM-104,0.0,RDM
2026-01-05,RDM-105,0.0,RDM
2026-01-05,RDM-106,0.0,RDM
2026-01-05,RDM-107,0.0,RDM
2026-01-05,RDM-108,0.0,RDM
2026-01-05,RDM-109,0.0,RDM
2026-01-05,RDM-110,0.0,RDM
2026-01-05,RDM-112,0.0,RDM
2026-01-05,RDM-113,0.0,RDM
2026-01-05,RDM-114,0.0,RDM
2026-01-05,RDM-115,0.0,RDM
2026-01-05,RDM-116,0.0,RDM
2026-01-05,RDM-117,0.0,RDM
2026-01-05,RDM-118,0.6,RDM
2026-01-05,RDM-119,0.25,RDM
2026-01-05,RDM-120,0.51,RDM
2026-01-05,RDM-121,0.0,RDM
2026-01-05,RDM-122,0.0,RDM
2026-01-05,RDM-123,0.0,RDM
2026-01-05,RDM-124,0.0,RDM
2026-01-05,RDM-125,0.0,RDM
2026-01-05,RDM-126,0.0,RDM
2026-01-05,RDM-127,0.0,RDM
2026-01-05,RDM-128,0.0,RDM
2026-01-05,RDM-129,0.0,RDM
2026-01-05,RDM-130,0.0,RDM
2026-01-05,RDM-131,0.25,RDM
2026-01-05,RDM-132,0.0,RDM
2026-01-05,RDM-133,0.0,RDM
2026-01-06,KRT-001,21.59,KRT
2026-01-06,KRT-002,19.9,KRT
2026-01-06,KRT-003,17.53,KRT
2026-01-06,KRT-004,20.83,KRT
2026-01-06,KRT-005,30.5,KRT
2026-01-06,KRT-006,26.56,KRT
2026-01-06,KRT-007,24.64,KRT
2026-01-06,KRT-008,24.64,KRT
2026-01-06,KRT-009,25.15,KRT
2026-01-06,KRT-010,24.89,KRT
2026-01-06,KRT-011,26.42,KRT
2026-01-06,KRT-012,18.03,KRT
2026-01-06,KRT-013,30.73,KRT
2026-01-06,KRT-014,27.69,KRT
2026-01-06,KRT-015,30.73,KRT
2026-01-06,KRT-016,27.86,KRT
2026-01-06,KRT-017,26.16,KRT
2026-01-06,KRT-018,27.86,KRT
2026-01-06,KRT-019,23.88,KRT
2026-01-06,KRT-020,26.67,KRT
2026-01-06,KRT-021,24.38,KRT
2026-01-06,KRT-022,24.89,KRT
2026-01-06,KRT-023,34.29,KRT
2026-01-06,KRT-024,26.16,KRT
2026-01-06,KRT-025,28.45,KRT
2026-01-06,KRT-026,30.74,KRT
2026-01-06,KRT-027,30.74,KRT
2026-01-06,KRT-028,19.05,KRT
2026-01-06,KRT-029,36.07,KRT
2026-01-06,KRT-030,17.27,KRT
2026-01-06,KRT-031,17.44,KRT
2026-01-06,KRT-032,19.81,KRT
2026-01-06,KRT-033,17.02,KRT
2026-01-06,KRT-034,13.97,KRT
2026-01-06,KRT-035,24.89,KRT
2026-01-06,KRT-036,23.11,KRT
2026-01-06,KRT-037,25.15,KRT
2026-01-06,KRT-038,20.32,KRT
2026-01-06,KRT-039,21.84,KRT
2026-01-06,KRT-040,21.59,KRT
2026-01-06,KRT-041,18.83,KRT
2026-01-06,KRT-042,26.92,KRT
2026-01-06,KRT-043,23.88,KRT
2026-01-06,KRT-044,23.11,KRT
2026-01-06,KRT-045,19.7,KRT
2026-01-06,KRT-046,17.02,KRT
2026-01-06,KRT-047,25.65,KRT
2026-01-06,KRT-048,24.85,KRT
2026-01-06,KRT-049,26.42,KRT
2026-01-06,KRT-050,15.75,KRT
2026-01-06,KRT-051,19.56,KRT
2026-01-06,KRT-052,25.15,KRT
2026-01-06,KRT-053,18.1,KRT
2026-01-06,KRT-054,17.1,KRT
2026-01-06,KRT-055,16.26,KRT
2026-01-06,KRT-056,19.3,KRT
2026-01-06,KRT-057,17.18,KRT
2026-01-06,KRT-058,18.0,KRT
2026-01-06,KRT-059,21.08,KRT
2026-01-06,KRT-060,21.59,KRT
2026-01-06,KRT-061,17.17,KRT
2026-01-06,KRT-062,20.02,KRT
2026-01-06,KRT-063,18.9,KRT
2026-01-06,KRT-064,17.7,KRT
2026-01-06,KRT-065,18.9,KRT
2026-01-06,KRT-066,14.22,KRT
2026-01-06,KRT-067,22.1,KRT
2026-01-06,KRT-068,21.01,KRT
2026-01-06,KRT-069,28.03,KRT
2026-01-06,KRT-070,28.96,KRT
2026-01-06,KRT-071,26.06,KRT
2026-01-06,KRT-072,28.12,KRT
2026-01-06,KRT-073,16.26,KRT
2026-01-06,KRT-074,17.02,KRT
2026-01-06,RDM-101,24.0,RDM
2026-01-06,RDM-102,18.25,RDM
2026-01-06,RDM-103,22.86,RDM
2026-01-06,RDM-104,19.81,RDM
2026-01-06,RDM-105,25.4,RDM
2026-01-06,RDM-106,20.32,RDM
2026-01-06,RDM-107,25.8,RDM
2026-01-06,RDM-108,24.82,RDM
2026-01-06,RDM-109,17.53,RDM
2026-01-06,RDM-110,17.7,RDM
2026-01-06,RDM-112,23.11,RDM
2026-01-06,RDM-113,21.6,RDM
2026-01-06,RDM-114,20.25,RDM
2026-01-06,RDM-115,19.56,RDM
2026-01-06,RDM-116,22.35,RDM
2026-01-06,RDM-117,18.6,RDM
2026-01-06,RDM-118,14.3,RDM
2026-01-06,RDM-119,13.21,RDM
2026-01-06,RDM-120,11.68,RDM
2026-01-06,RDM-121,11.94,RDM
2026-01-06,RDM-122,12.45,RDM
2026-01-06,RDM-123,11.94,RDM
2026-01-06,RDM-124,12.0,RDM
2026-01-06,RDM-125,12.9,RDM
2026-01-06,RDM-126,13.5,RDM
2026-01-06,RDM-127,11.18,RDM
2026-01-06,RDM-128,15.49,RDM
2026-01-06,RDM-129,14.22,RDM
2026-01-06,RDM-130,12.45,RDM
2026-01-06,RDM-131,14.73,RDM
2026-01-06,RDM-132,17.7,RDM
2026-01-06,RDM-133,9.65,RDM
2026-01-07,KRT-001,3.3,KRT
2026-01-07,KRT-002,0.0,KRT
2026-01-07,KRT-003,1.52,KRT
2026-01-07,KRT-004,0.25,KRT
2026-01-07,KRT-005,0.5,KRT
2026-01-07,KRT-006,0.0,KRT
2026-01-07,KRT-007,0.25,KRT
2026-01-07,KRT-008,0.25,KRT
2026-01-07,KRT-009,0.25,KRT
2026-01-07,KRT-010,0.51,KRT
2026-01-07,KRT-011,0.51,KRT
2026-01-07,KRT-012,0.25,KRT
2026-01-07,KRT-013,0.51,KRT
2026-01-07,KRT-014,0.51,KRT
2026-01-07,KRT-015,0.76,KRT
2026-01-07,KRT-016,0.0,KRT
2026-01-07,KRT-017,0.76,KRT
2026-01-07,KRT-018,0.0,KRT
2026-01-07,KRT-019,0.76,KRT
2026-01-07,KRT-020,0.0,KRT
2026-01-07,KRT-021,0.25,KRT
2026-01-07,KRT-022,0.0,KRT
2026-01-07,KRT-023,0.0,KRT
2026-01-07,KRT-024,0.0,KRT
2026-01-07,KRT-025,0.25,KRT
2026-01-07,KRT-026,0.0,KRT
2026-01-07,KRT-027,0.0,KRT
2026-01-07,KRT-028,0.25,KRT
2026-01-07,KRT-029,0.0,KRT
2026-01-07,KRT-030,0.25,KRT
2026-01-07,KRT-031,0.0,KRT
2026-01-07,KRT-032,0.0,KRT
2026-01-07,KRT-033,0.0,KRT
2026-01-07,KRT-034,0.0,KRT
2026-01-07,KRT-035,1.52,KRT
2026-01-07,KRT-036,0.25,KRT
2026-01-07,KRT-037,4.57,KRT
2026-01-07,KRT-038,1.02,KRT
2026-01-07,KRT-039,0.76,KRT
2026-01-07,KRT-040,0.51,KRT
2026-01-07,KRT-041,0.0,KRT
2026-01-07,KRT-042,0.25,KRT
2026-01-07,KRT-043,1.52,KRT
2026-01-07,KRT-044,0.25,KRT
2026-01-07,KRT-045,0.0,KRT
2026-01-07,KRT-046,0.51,KRT
2026-01-07,KRT-047,0.25,KRT
2026-01-07,KRT-048,0.0,KRT
2026-01-07,KRT-049,0.25,KRT
2026-01-07,KRT-050,0.25,KRT
2026-01-07,KRT-051,0.25,KRT
2026-01-07,KRT-052,0.25,KRT
2026-01-07,KRT-053,0.76,KRT
2026-01-07,KRT-054,0.0,KRT
2026-01-07,KRT-055,0.0,KRT
2026-01-07,KRT-056,0.25,KRT
2026-01-07,KRT-057,0.0,KRT
2026-01-07,KRT-058,0.25,KRT
2026-01-07,KRT-059,0.25,KRT
2026-01-07,KRT-060,0.51,KRT
2026-01-07,KRT-061,0.51,KRT
2026-01-07,KRT-062,0.0,KRT
2026-01-07,KRT-063,0.6,KRT
2026-01-07,KRT-064,0.6,KRT
2026-01-07,KRT-065,0.6,KRT
2026-01-07,KRT-066,0.0,KRT
2026-01-07,KRT-067,0.25,KRT
2026-01-07,KRT-068,0.0,KRT
2026-01-07,KRT-069,0.0,KRT
2026-01-07,KRT-070,0.59,KRT
2026-01-07,KRT-071,0.0,KRT
2026-01-07,KRT-072,0.57,KRT
2026-01-07,KRT-073,0.0,KRT
2026-01-07,KRT-074,0.0,KRT
2026-01-07,RDM-101,0.25,RDM
2026-01-07,RDM-102,0.0,RDM
2026-01-07,RDM-103,0.0,RDM
2026-01-07,RDM-104,0.25,RDM
2026-01-07,RDM-105,0.25,RDM
2026-01-07,RDM-106,0.25,RDM
2026-01-07,RDM-107,0.3,RDM
2026-01-07,RDM-108,0.25,RDM
2026-01-07,RDM-109,0.0,RDM
2026-01-07,RDM-110,0.0,RDM
2026-01-07,RDM-112,0.0,RDM
2026-01-07,RDM-113,0.6,RDM
2026-01-07,RDM-114,0.0,RDM
2026-01-07,RDM-115,0.0,RDM
2026-01-07,RDM-116,0.0,RDM
2026-01-07,RDM-117,0.0,RDM
2026-01-07,RDM-118,0.9,RDM
2026-01-07,RDM-119,0.0,RDM
2026-01-07,RDM-120,0.0,RDM
2026-01-07,RDM-121,0.0,RDM
2026-01-07,RDM-122,0.25,RDM
2026-01-07,RDM-123,0.76,RDM
2026-01-07,RDM-124,0.0,RDM
2026-01-07,RDM-125,0.0,RDM
2026-01-07,RDM-126,0.0,RDM
2026-01-07,RDM-127,0.0,RDM
2026-01-07,RDM-128,0.0,RDM
2026-01-07,RDM-129,0.0,RDM
2026-01-07,RDM-130,0.0,RDM
2026-01-07,RDM-131,0.0,RDM
2026-01-07,RDM-132,0.0,RDM
2026-01-07,RDM-133,0.0,RDM
2026-01-08,KRT-001,0.0,KRT
2026-01-08,KRT-002,0.0,KRT
2026-01-08,KRT-003,0.0,KRT
2026-01-08,KRT-004,0.0,KRT
2026-01-08,KRT-005,0.0,KRT
2026-01-08,KRT-006,0.0,KRT
2026-01-08,KRT-007,0.0,KRT
2026-01-08,KRT-008,0.0,KRT
2026-01-08,KRT-009,0.0,KRT
2026-01-08,KRT-010,0.0,KRT
2026-01-08,KRT-011,0.0,KRT
2026-01-08,KRT-012,0.0,KRT
2026-01-08,KRT-013,0.0,KRT
2026-01-08,KRT-014,0.25,KRT
2026-01-08,KRT-015,0.0,KRT
2026-01-08,KRT-016,0.0,KRT
2026-01-08,KRT-017,0.0,KRT
2026-01-08,KRT-018,0.0,KRT
2026-01-08,KRT-019,0.0,KRT
2026-01-08,KRT-020,0.0,KRT
2026-01-08,KRT-021,0.0,KRT
2026-01-08,KRT-022,0.0,KRT
2026-01-08,KRT-023,0.0,KRT
2026-01-08,KRT-024,0.0,KRT
2026-01-08,KRT-025,0.0,KRT
2026-01-08,KRT-026,0.0,KRT
2026-01-08,KRT-027,0.0,KRT
2026-01-08,KRT-028,0.0,KRT
2026-01-08,KRT-029,0.0,KRT
2026-01-08,KRT-030,0.0,KRT
2026-01-08,KRT-031,0.0,KRT
2026-01-08,KRT-032,0.0,KRT
2026-01-08,KRT-033,0.0,KRT
2026-01-08,KRT-034,0.0,KRT
2026-01-08,KRT-035,0.0,KRT
2026-01-08,KRT-036,0.0,KRT
2026-01-08,KRT-037,0.0,KRT
2026-01-08,KRT-038,0.0,KRT
2026-01-08,KRT-039,0.0,KRT
2026-01-08,KRT-040,0.0,KRT
2026-01-08,KRT-041,0.0,KRT
2026-01-08,KRT-042,0.0,KRT
2026-01-08,KRT-043,0.0,KRT
2026-01-08,KRT-044,0.0,KRT
2026-01-08,KRT-045,0.0,KRT
2026-01-08,KRT-046,0.0,KRT
2026-01-08,KRT-047,0.0,KRT
2026-01-08,KRT-048,0.0,KRT
2026-01-08,KRT-049,0.0,KRT
2026-01-08,KRT-050,0.0,KRT
2026-01-08,KRT-051,0.0,KRT
2026-01-08,KRT-052,0.0,KRT
2026-01-08,KRT-053,0.25,KRT
2026-01-08,KRT-054,0.0,KRT
2026-01-08,KRT-055,0.0,KRT
2026-01-08,KRT-056,0.0,KRT
2026-01-08,KRT-057,0.0,KRT
2026-01-08,KRT-058,0.0,KRT
2026-01-08,KRT-059,0.0,KRT
2026-01-08,KRT-060,0.51,KRT
2026-01-08,KRT-061,0.0,KRT
2026-01-08,KRT-062,0.0,KRT
2026-01-08,KRT-063,0.0,KRT
2026-01-08,KRT-064,0.0,KRT
2026-01-08,KRT-065,0.0,KRT
2026-01-08,KRT-066,0.0,KRT
2026-01-08,KRT-067,0.0,KRT
2026-01-08,KRT-068,0.0,KRT
2026-01-08,KRT-069,0.0,KRT
2026-01-08,KRT-070,0.0,KRT
2026-01-08,KRT-071,0.0,KRT
2026-01-08,KRT-072,0.0,KRT
2026-01-08,KRT-073,0.0,KRT
2026-01-08,KRT-074,0.0,KRT
2026-01-08,RDM-101,0.0,RDM
2026-01-08,RDM-102,0.0,RDM
2026-01-08,RDM-103,0.0,RDM
2026-01-08,RDM-104,0.0,RDM
2026-01-08,RDM-105,0.0,RDM
2026-01-08,RDM-106,0.0,RDM
2026-01-08,RDM-107,0.0,RDM
2026-01-08,RDM-108,0.0,RDM
2026-01-08,RDM-109,0.0,RDM
2026-01-08,RDM-110,0.0,RDM
2026-01-08,RDM-112,0.0,RDM
2026-01-08,RDM-113,0.3,RDM
2026-01-08,RDM-114,0.0,RDM
2026-01-08,RDM-115,0.25,RDM
2026-01-08,RDM-116,0.0,RDM
2026-01-08,RDM-117,0.0,RDM
2026-01-08,RDM-118,0.0,RDM
2026-01-08,RDM-119,0.0,RDM
2026-01-08,RDM-120,0.0,RDM
2026-01-08,RDM-121,0.0,RDM
2026-01-08,RDM-122,0.0,RDM
2026-01-08,RDM-123,0.25,RDM
2026-01-08,RDM-124,0.0,RDM
2026-01-08,RDM-125,0.0,RDM
2026-01-08,RDM-126,0.0,RDM
2026-01-08,RDM-127,0.0,RDM
2026-01-08,RDM-128,0.0,RDM
2026-01-08,RDM-129,0.0,RDM
2026-01-08,RDM-130,0.0,RDM
2026-01-08,RDM-131,0.76,RDM
2026-01-08,RDM-132,0.0,RDM
2026-01-08,RDM-133,0.25,RDM
2026-01-09,KRT-001,3.3,KRT
2026-01-09,KRT-002,0.0,KRT
2026-01-09,KRT-003,1.52,KRT
2026-01-09,KRT-004,3.81,KRT
2026-01-09,KRT-005,2.28,KRT
2026-01-09,KRT-006,2.48,KRT
2026-01-09,KRT-007,3.81,KRT
2026-01-09,KRT-008,2.03,KRT
2026-01-09,KRT-009,3.3,KRT
2026-01-09,KRT-010,3.05,KRT
2026-01-09,KRT-011,7.11,KRT
2026-01-09,KRT-012,9.4,KRT
2026-01-09,KRT-013,12.95,KRT
2026-01-09,KRT-014,11.18,KRT
2026-01-09,KRT-015,2.54,KRT
2026-01-09,KRT-016,5.4,KRT
2026-01-09,KRT-017,3.05,KRT
2026-01-09,KRT-018,4.68,KRT
2026-01-09,KRT-019,9.4,KRT
2026-01-09,KRT-020,5.59,KRT
2026-01-09,KRT-021,11.43,KRT
2026-01-09,KRT-022,8.29,KRT
2026-01-09,KRT-023,11.68,KRT
2026-01-09,KRT-024,6.35,KRT
2026-01-09,KRT-025,5.59,KRT
2026-01-09,KRT-026,8.16,KRT
2026-01-09,KRT-027,9.49,KRT
2026-01-09,KRT-028,0.51,KRT
2026-01-09,KRT-029,0.76,KRT
2026-01-09,KRT-030,0.0,KRT
2026-01-09,KRT-031,0.0,KRT
2026-01-09,KRT-032,0.0,KRT
2026-01-09,KRT-033,0.0,KRT
2026-01-09,KRT-034,0.0,KRT
2026-01-09,KRT-035,1.52,KRT
2026-01-09,KRT-036,3.81,KRT
2026-01-09,KRT-037,1.78,KRT
2026-01-09,KRT-038,3.05,KRT
2026-01-09,KRT-039,7.87,KRT
2026-01-09,KRT-040,0.0,KRT
2026-01-09,KRT-041,0.0,KRT
2026-01-09,KRT-042,2.79,KRT
2026-01-09,KRT-043,1.52,KRT
2026-01-09,KRT-044,0.0,KRT
2026-01-09,KRT-045,5.9,KRT
2026-01-09,KRT-046,1.27,KRT
2026-01-09,KRT-047,0.0,KRT
2026-01-09,KRT-048,0.0,KRT
2026-01-09,KRT-049,0.0,KRT
2026-01-09,KRT-050,0.0,KRT
2026-01-09,KRT-051,0.0,KRT
2026-01-09,KRT-052,0.76,KRT
2026-01-09,KRT-053,0.0,KRT
2026-01-09,KRT-054,0.0,KRT
2026-01-09,KRT-055,0.0,KRT
2026-01-09,KRT-056,0.0,KRT
2026-01-09,KRT-057,0.0,KRT
2026-01-09,KRT-058,0.0,KRT
2026-01-09,KRT-059,0.0,KRT
2026-01-09,KRT-060,0.0,KRT
2026-01-09,KRT-061,0.0,KRT
2026-01-09,KRT-062,0.0,KRT
2026-01-09,KRT-063,0.9,KRT
2026-01-09,KRT-064,0.9,KRT
2026-01-09,KRT-065,0.0,KRT
2026-01-09,KRT-066,0.0,KRT
2026-01-09,KRT-067,0.0,KRT
2026-01-09,KRT-068,0.0,KRT
2026-01-09,KRT-069,0.0,KRT
2026-01-09,KRT-070,0.0,KRT
2026-01-09,KRT-071,0.0,KRT
2026-01-09,KRT-072,0.0,KRT
2026-01-09,KRT-073,8.13,KRT
2026-01-09,KRT-074,4.06,KRT
2026-01-09,RDM-101,0.0,RDM
2026-01-09,RDM-102,0.0,RDM
2026-01-09,RDM-103,0.0,RDM
2026-01-09,RDM-104,0.0,RDM
2026-01-09,RDM-105,0.0,RDM
2026-01-09,RDM-106,0.0,RDM
2026-01-09,RDM-107,0.0,RDM
2026-01-09,RDM-108,0.0,RDM
2026-01-09,RDM-109,0.0,RDM
2026-01-09,RDM-110,0.0,RDM
2026-01-09,RDM-112,0.0,RDM
2026-01-09,RDM-113,0.0,RDM
2026-01-09,RDM-114,0.0,RDM
2026-01-09,RDM-115,0.0,RDM
2026-01-09,RDM-116,0.0,RDM
2026-01-09,RDM-117,0.0,RDM
2026-01-09,RDM-118,0.6,RDM
2026-01-09,RDM-119,0.0,RDM
2026-01-09,RDM-120,0.0,RDM
2026-01-09,RDM-121,0.0,RDM
2026-01-09,RDM-122,0.0,RDM
2026-01-09,RDM-123,0.0,RDM
2026-01-09,RDM-124,0.0,RDM
2026-01-09,RDM-125,0.0,RDM
2026-01-09,RDM-126,0.9,RDM
2026-01-09,RDM-127,0.25,RDM
2026-01-09,RDM-128,0.0,RDM
2026-01-09,RDM-129,0.0,RDM
2026-01-09,RDM-130,0.0,RDM
2026-01-09,RDM-131,0.0,RDM
2026-01-09,RDM-132,0.0,RDM
2026-01-09,RDM-133,0.0,RDM
2026-01-10,KRT-001,0.0,KRT
2026-01-10,KRT-002,0.0,KRT
2026-01-10,KRT-003,0.0,KRT
2026-01-10,KRT-004,0.0,KRT
2026-01-10,KRT-005,0.0,KRT
2026-01-10,KRT-006,0.0,KRT
2026-01-10,KRT-007,0.0,KRT
2026-01-10,KRT-008,0.0,KRT
2026-01-10,KRT-009,0.0,KRT
2026-01-10,KRT-010,0.0,KRT
2026-01-10,KRT-011,0.0,KRT
2026-01-10,KRT-012,0.0,KRT
2026-01-10,KRT-013,0.25,KRT
2026-01-10,KRT-014,0.0,KRT
2026-01-10,KRT-015,0.25,KRT
2026-01-10,KRT-016,0.0,KRT
2026-01-10,KRT-017,0.0,KRT
2026-01-10,KRT-018,0.0,KRT
2026-01-10,KRT-019,0.0,KRT
2026-01-10,KRT-020,0.0,KRT
2026-01-10,KRT-021,0.0,KRT
2026-01-10,KRT-022,0.0,KRT
2026-01-10,KRT-023,0.0,KRT
2026-01-10,KRT-024,0.0,KRT
2026-01-10,KRT-025,0.0,KRT
2026-01-10,KRT-026,0.0,KRT
2026-01-10,KRT-027,0.0,KRT
2026-01-10,KRT-028,0.0,KRT
2026-01-10,KRT-029,0.0,KRT
2026-01-10,KRT-030,0.0,KRT
2026-01-10,KRT-031,0.0,KRT
2026-01-10,KRT-032,0.0,KRT
2026-01-10,KRT-033,0.0,KRT
2026-01-10,KRT-034,0.0,KRT
2026-01-10,KRT-035,0.0,KRT
2026-01-10,KRT-036,0.0,KRT
2026-01-10,KRT-037,0.0,KRT
2026-01-10,KRT-038,0.0,KRT
2026-01-10,KRT-039,0.0,KRT
2026-01-10,KRT-040,0.0,KRT
2026-01-10,KRT-041,0.0,KRT
2026-01-10,KRT-042,0.0,KRT
2026-01-10,KRT-043,0.0,KRT
2026-01-10,KRT-044,0.0,KRT
2026-01-10,KRT-045,0.0,KRT
2026-01-10,KRT-046,0.0,KRT
2026-01-10,KRT-047,0.0,KRT
2026-01-10,KRT-048,0.0,KRT
2026-01-10,KRT-049,0.0,KRT
2026-01-10,KRT-050,0.0,KRT
2026-01-10,KRT-051,0.0,KRT
2026-01-10,KRT-052,0.0,KRT
2026-01-10,KRT-053,0.0,KRT
2026-01-10,KRT-054,0.0,KRT
2026-01-10,KRT-055,0.0,KRT
2026-01-10,KRT-056,0.0,KRT
2026-01-10,KRT-057,0.0,KRT
2026-01-10,KRT-058,0.0,KRT
2026-01-10,KRT-059,0.0,KRT
2026-01-10,KRT-060,0.0,KRT
2026-01-10,KRT-061,0.0,KRT
2026-01-10,KRT-062,0.0,KRT
2026-01-10,KRT-063,0.0,KRT
2026-01-10,KRT-064,0.0,KRT
2026-01-10,KRT-065,0.0,KRT
2026-01-10,KRT-066,0.0,KRT
2026-01-10,KRT-067,0.0,KRT
2026-01-10,KRT-068,0.0,KRT
2026-01-10,KRT-069,0.0,KRT
2026-01-10,KRT-070,0.0,KRT
2026-01-10,KRT-071,0.0,KRT
2026-01-10,KRT-072,0.0,KRT
2026-01-10,KRT-073,0.0,KRT
2026-01-10,KRT-074,0.0,KRT
2026-01-10,RDM-101,0.0,RDM
2026-01-10,RDM-102,0.0,RDM
2026-01-10,RDM-103,0.0,RDM
2026-01-10,RDM-104,0.0,RDM
2026-01-10,RDM-105,0.0,RDM
2026-01-10,RDM-106,0.0,RDM
2026-01-10,RDM-107,0.0,RDM
2026-01-10,RDM-108,0.0,RDM
2026-01-10,RDM-109,0.0,RDM
2026-01-10,RDM-110,0.0,RDM
2026-01-10,RDM-112,0.0,RDM
2026-01-10,RDM-113,0.3,RDM
2026-01-10,RDM-114,0.0,RDM
2026-01-10,RDM-115,0.0,RDM
2026-01-10,RDM-116,0.0,RDM
2026-01-10,RDM-117,0.0,RDM
2026-01-10,RDM-118,0.9,RDM
2026-01-10,RDM-119,0.0,RDM
2026-01-10,RDM-120,0.0,RDM
2026-01-10,RDM-121,0.0,RDM
2026-01-10,RDM-122,0.0,RDM
2026-01-10,RDM-123,0.0,RDM
2026-01-10,RDM-124,0.0,RDM
2026-01-10,RDM-125,0.0,RDM
2026-01-10,RDM-126,0.0,RDM
2026-01-10,RDM-127,0.0,RDM
2026-01-10,RDM-128,0.0,RDM
2026-01-10,RDM-129,0.0,RDM
2026-01-10,RDM-130,0.0,RDM
2026-01-10,RDM-131,0.0,RDM
2026-01-10,RDM-132,0.0,RDM
2026-01-10,RDM-133,0.0,RDM
2026-01-11,KRT-001,0.0,KRT
2026-01-11,KRT-002,0.25,KRT
2026-01-11,KRT-003,0.0,KRT
2026-01-11,KRT-004,0.0,KRT
2026-01-11,KRT-005,0.0,KRT
2026-01-11,KRT-006,0.0,KRT
2026-01-11,KRT-007,0.0,KRT
2026-01-11,KRT-008,0.0,KRT
2026-01-11,KRT-009,0.0,KRT
2026-01-11,KRT-010,0.0,KRT
2026-01-11,KRT-011,0.25,KRT
2026-01-11,KRT-012,0.0,KRT
2026-01-11,KRT-013,0.0,KRT
2026-01-11,KRT-014,0.0,KRT
2026-01-11,KRT-015,0.0,KRT
2026-01-11,KRT-016,0.0,KRT
2026-01-11,KRT-017,0.0,KRT
2026-01-11,KRT-018,0.0,KRT
2026-01-11,KRT-019,0.0,KRT
2026-01-11,KRT-020,0.0,KRT
2026-01-11,KRT-021,0.0,KRT
2026-01-11,KRT-022,0.0,KRT
2026-01-11,KRT-023,0.0,KRT
2026-01-11,KRT-024,0.0,KRT
2026-01-11,KRT-025,0.0,KRT
2026-01-11,KRT-026,0.0,KRT
2026-01-11,KRT-027,0.0,KRT
2026-01-11,KRT-028,0.0,KRT
2026-01-11,KRT-029,0.76,KRT
2026-01-11,KRT-030,0.0,KRT
2026-01-11,KRT-031,0.0,KRT
2026-01-11,KRT-032,0.0,KRT
2026-01-11,KRT-033,0.0,KRT
2026-01-11,KRT-034,0.0,KRT
2026-01-11,KRT-035,0.0,KRT
2026-01-11,KRT-036,0.0,KRT
2026-01-11,KRT-037,0.0,KRT
2026-01-11,KRT-038,0.0,KRT
2026-01-11,KRT-039,0.0,KRT
2026-01-11,KRT-040,0.25,KRT
2026-01-11,KRT-041,0.0,KRT
2026-01-11,KRT-042,0.0,KRT
2026-01-11,KRT-043,0.0,KRT
2026-01-11,KRT-044,0.0,KRT
2026-01-11,KRT-045,0.0,KRT
2026-01-11,KRT-046,0.0,KRT
2026-01-11,KRT-047,0.0,KRT
2026-01-11,KRT-048,0.0,KRT
2026-01-11,KRT-049,0.0,KRT
2026-01-11,KRT-050,0.0,KRT
2026-01-11,KRT-051,0.0,KRT
2026-01-11,KRT-052,0.51,KRT
2026-01-11,KRT-053,0.51,KRT
2026-01-11,KRT-054,0.0,KRT
2026-01-11,KRT-055,0.0,KRT
2026-01-11,KRT-056,0.0,KRT
2026-01-11,KRT-057,0.0,KRT
2026-01-11,KRT-058,0.0,KRT
2026-01-11,KRT-059,0.0,KRT
2026-01-11,KRT-060,0.0,KRT
2026-01-11,KRT-061,0.0,KRT
2026-01-11,KRT-062,0.0,KRT
2026-01-11,KRT-063,0.0,KRT
2026-01-11,KRT-064,0.0,KRT
2026-01-11,KRT-065,0.0,KRT
2026-01-11,KRT-066,0.0,KRT
2026-01-11,KRT-067,0.0,KRT
2026-01-11,KRT-068,0.0,KRT
2026-01-11,KRT-069,0.0,KRT
2026-01-11,KRT-070,0.0,KRT
2026-01-11,KRT-071,0.0,KRT
2026-01-11,KRT-072,0.0,KRT
2026-01-11,KRT-073,0.0,KRT
2026-01-11,KRT-074,0.0,KRT
2026-01-11,RDM-101,0.0,RDM
2026-01-11,RDM-102,0.0,RDM
2026-01-11,RDM-103,0.0,RDM
2026-01-11,RDM-104,0.0,RDM
2026-01-11,RDM-105,0.0,RDM
2026-01-11,RDM-106,0.0,RDM
2026-01-11,RDM-107,0.0,RDM
2026-01-11,RDM-108,0.0,RDM
2026-01-11,RDM-109,0.0,RDM
2026-01-11,RDM-110,0.0,RDM
2026-01-11,RDM-112,0.0,RDM
2026-01-11,RDM-113,0.0,RDM
2026-01-11,RDM-114,0.0,RDM
2026-01-11,RDM-115,0.0,RDM
2026-01-11,RDM-116,0.0,RDM
2026-01-11,RDM-117,0.0,RDM
2026-01-11,RDM-118,0.9,RDM
2026-01-11,RDM-119,0.0,RDM
2026-01-11,RDM-120,0.0,RDM
2026-01-11,RDM-121,0.0,RDM
2026-01-11,RDM-122,0.0,RDM
2026-01-11,RDM-123,0.0,RDM
2026-01-11,RDM-124,0.0,RDM
2026-01-11,RDM-125,0.0,RDM
2026-01-11,RDM-126,0.0,RDM
2026-01-11,RDM-127,0.0,RDM
2026-01-11,RDM-128,0.0,RDM
2026-01-11,RDM-129,0.0,RDM
2026-01-11,RDM-130,0.0,RDM
2026-01-11,RDM-131,0.0,RDM
2026-01-11,RDM-132,0.0,RDM
2026-01-11,RDM-133,0.0,RDM
2026-01-12,KRT-001,44.2,KRT
2026-01-12,KRT-002,37.83,KRT
2026-01-12,KRT-003,38.61,KRT
2026-01-12,KRT-004,30.73,KRT
2026-01-12,KRT-005,42.0,KRT
2026-01-12,KRT-006,45.0,KRT
2026-01-12,KRT-007,44.96,KRT
2026-01-12,KRT-008,48.01,KRT
2026-01-12,KRT-009,34.54,KRT
2026-01-12,KRT-010,40.64,KRT
2026-01-12,KRT-011,33.27,KRT
2026-01-12,KRT-012,34.34,KRT
2026-01-12,KRT-013,30.99,KRT
2026-01-12,KRT-014,34.04,KRT
2026-01-12,KRT-015,41.66,KRT
2026-01-12,KRT-016,43.43,KRT
2026-01-12,KRT-017,53.09,KRT
2026-01-12,KRT-018,48.25,KRT
2026-01-12,KRT-019,41.91,KRT
2026-01-12,KRT-020,50.55,KRT
2026-01-12,KRT-021,41.66,KRT
2026-01-12,KRT-022,52.07,KRT
2026-01-12,KRT-023,38.86,KRT
2026-01-12,KRT-024,44.7,KRT
2026-01-12,KRT-025,37.08,KRT
2026-01-12,KRT-026,49.49,KRT
2026-01-12,KRT-027,49.43,KRT
2026-01-12,KRT-028,44.45,KRT
2026-01-12,KRT-029,77.22,KRT
2026-01-12,KRT-030,40.64,KRT
2026-01-12,KRT-031,52.12,KRT
2026-01-12,KRT-032,52.32,KRT
2026-01-12,KRT-033,63.5,KRT
2026-01-12,KRT-034,59.69,KRT
2026-01-12,KRT-035,40.39,KRT
2026-01-12,KRT-036,32.26,KRT
2026-01-12,KRT-037,41.66,KRT
2026-01-12,KRT-038,29.21,KRT
2026-01-12,KRT-039,31.24,KRT
2026-01-12,KRT-040,23.11,KRT
2026-01-12,KRT-041,42.53,KRT
2026-01-12,KRT-042,44.7,KRT
2026-01-12,KRT-043,39.62,KRT
2026-01-12,KRT-044,43.43,KRT
2026-01-12,KRT-045,35.2,KRT
2026-01-12,KRT-046,28.7,KRT
2026-01-12,KRT-047,31.5,KRT
2026-01-12,KRT-048,34.39,KRT
2026-01-12,KRT-049,37.08,KRT
2026-01-12,KRT-050,34.8,KRT
2026-01-12,KRT-051,35.05,KRT
2026-01-12,KRT-052,42.93,KRT
2026-01-12,KRT-053,40.99,KRT
2026-01-12,KRT-054,31.06,KRT
2026-01-12,KRT-055,36.07,KRT
2026-01-12,KRT-056,23.88,KRT
2026-01-12,KRT-057,18.98,KRT
2026-01-12,KRT-058,31.05,KRT
2026-01-12,KRT-059,19.05,KRT
2026-01-12,KRT-060,17.66,KRT
2026-01-12,KRT-061,14.48,KRT
2026-01-12,KRT-062,17.88,KRT
2026-01-12,KRT-063,48.3,KRT
2026-01-12,KRT-064,40.5,KRT
2026-01-12,KRT-065,37.2,KRT
2026-01-12,KRT-066,22.86,KRT
2026-01-12,KRT-067,29.46,KRT
2026-01-12,KRT-068,26.02,KRT
2026-01-12,KRT-069,31.6,KRT
2026-01-12,KRT-070,26.0,KRT
2026-01-12,KRT-071,27.03,KRT
2026-01-12,KRT-072,29.83,KRT
2026-01-12,KRT-073,36.07,KRT
2026-01-12,KRT-074,34.04,KRT
2026-01-12,RDM-101,31.75,RDM
2026-01-12,RDM-102,36.0,RDM
2026-01-12,RDM-103,40.64,RDM
2026-01-12,RDM-104,40.89,RDM
2026-01-12,RDM-105,34.54,RDM
2026-01-12,RDM-106,36.58,RDM
2026-01-12,RDM-107,33.3,RDM
2026-01-12,RDM-108,35.31,RDM
2026-01-12,RDM-109,39.62,RDM
2026-01-12,RDM-110,43.5,RDM
2026-01-12,RDM-112,31.75,RDM
2026-01-12,RDM-113,34.1,RDM
2026-01-12,RDM-114,27.5,RDM
2026-01-12,RDM-115,25.15,RDM
2026-01-12,RDM-116,38.86,RDM
2026-01-12,RDM-117,38.1,RDM
2026-01-12,RDM-118,42.15,RDM
2026-01-12,RDM-119,39.12,RDM
2026-01-12,RDM-120,54.33,RDM
2026-01-12,RDM-121,49.53,RDM
2026-01-12,RDM-122,71.12,RDM
2026-01-12,RDM-123,57.4,RDM
2026-01-12,RDM-124,45.9,RDM
2026-01-12,RDM-125,29.7,RDM
2026-01-12,RDM-126,40.5,RDM
2026-01-12,RDM-127,26.42,RDM
2026-01-12,RDM-128,27.69,RDM
2026-01-12,RDM-129,28.96,RDM
2026-01-12,RDM-130,25.65,RDM
2026-01-12,RDM-131,32.0,RDM
2026-01-12,RDM-132,40.5,RDM
2026-01-12,RDM-133,32.24,RDM
2026-01-13,KRT-001,5.84,KRT
2026-01-13,KRT-002,0.0,KRT
2026-01-13,KRT-003,13.72,KRT
2026-01-13,KRT-004,7.37,KRT
2026-01-13,KRT-005,9.0,KRT
2026-01-13,KRT-006,12.13,KRT
2026-01-13,KRT-007,8.89,KRT
2026-01-13,KRT-008,18.54,KRT
2026-01-13,KRT-009,7.11,KRT
2026-01-13,KRT-010,5.08,KRT
2026-01-13,KRT-011,1.52,KRT
2026-01-13,KRT-012,0.25,KRT
2026-01-13,KRT-013,0.25,KRT
2026-01-13,KRT-014,0.51,KRT
2026-01-13,KRT-015,9.14,KRT
2026-01-13,KRT-016,12.88,KRT
2026-01-13,KRT-017,13.97,KRT
2026-01-13,KRT-018,15.5,KRT
2026-01-13,KRT-019,3.81,KRT
2026-01-13,KRT-020,4.06,KRT
2026-01-13,KRT-021,0.76,KRT
2026-01-13,KRT-022,1.27,KRT
2026-01-13,KRT-023,0.0,KRT
2026-01-13,KRT-024,0.0,KRT
2026-01-13,KRT-025,0.0,KRT
2026-01-13,KRT-026,0.0,KRT
2026-01-13,KRT-027,0.0,KRT
2026-01-13,KRT-028,0.0,KRT
2026-01-13,KRT-029,0.0,KRT
2026-01-13,KRT-030,0.0,KRT
2026-01-13,KRT-031,0.0,KRT
2026-01-13,KRT-032,0.0,KRT
2026-01-13,KRT-033,0.0,KRT
2026-01-13,KRT-034,0.0,KRT
2026-01-13,KRT-035,10.67,KRT
2026-01-13,KRT-036,0.0,KRT
2026-01-13,KRT-037,0.0,KRT
2026-01-13,KRT-038,0.0,KRT
2026-01-13,KRT-039,0.0,KRT
2026-01-13,KRT-040,0.0,KRT
2026-01-13,KRT-041,0.0,KRT
2026-01-13,KRT-042,0.0,KRT
2026-01-13,KRT-043,0.0,KRT
2026-01-13,KRT-044,0.0,KRT
2026-01-13,KRT-045,0.0,KRT
2026-01-13,KRT-046,0.25,KRT
2026-01-13,KRT-047,0.0,KRT
2026-01-13,KRT-048,0.0,KRT
2026-01-13,KRT-049,0.0,KRT
2026-01-13,KRT-050,0.0,KRT
2026-01-13,KRT-051,0.25,KRT
2026-01-13,KRT-052,0.0,KRT
2026-01-13,KRT-053,0.0,KRT
2026-01-13,KRT-054,0.0,KRT
2026-01-13,KRT-055,0.0,KRT
2026-01-13,KRT-056,0.0,KRT
2026-01-13,KRT-057,0.0,KRT
2026-01-13,KRT-058,0.0,KRT
2026-01-13,KRT-059,0.0,KRT
2026-01-13,KRT-060,0.0,KRT
2026-01-13,KRT-061,0.0,KRT
2026-01-13,KRT-062,0.0,KRT
2026-01-13,KRT-063,0.0,KRT
2026-01-13,KRT-064,0.0,KRT
2026-01-13,KRT-065,0.0,KRT
2026-01-13,KRT-066,0.0,KRT
2026-01-13,KRT-067,0.0,KRT
2026-01-13,KRT-068,0.0,KRT
2026-01-13,KRT-069,0.0,KRT
2026-01-13,KRT-070,0.0,KRT
2026-01-13,KRT-071,0.0,KRT
2026-01-13,KRT-072,0.19,KRT
2026-01-13,KRT-073,1.02,KRT
2026-01-13,KRT-074,0.25,KRT
2026-01-13,RDM-101,0.0,RDM
2026-01-13,RDM-102,0.0,RDM
2026-01-13,RDM-103,0.0,RDM
2026-01-13,RDM-104,0.0,RDM
2026-01-13,RDM-105,0.0,RDM
2026-01-13,RDM-106,0.0,RDM
2026-01-13,RDM-107,0.0,RDM
2026-01-13,RDM-108,0.0,RDM
2026-01-13,RDM-109,0.0,RDM
2026-01-13,RDM-110,0.0,RDM
2026-01-13,RDM-112,0.0,RDM
2026-01-13,RDM-113,0.0,RDM
2026-01-13,RDM-114,0.0,RDM
2026-01-13,RDM-115,0.0,RDM
2026-01-13,RDM-116,0.0,RDM
2026-01-13,RDM-117,0.3,RDM
2026-01-13,RDM-118,0.6,RDM
2026-01-13,RDM-119,0.0,RDM
2026-01-13,RDM-120,0.76,RDM
2026-01-13,RDM-121,0.0,RDM
2026-01-13,RDM-122,0.0,RDM
2026-01-13,RDM-123,0.0,RDM
2026-01-13,RDM-124,0.0,RDM
2026-01-13,RDM-125,0.0,RDM
2026-01-13,RDM-126,0.0,RDM
2026-01-13,RDM-127,0.0,RDM
2026-01-13,RDM-128,0.0,RDM
2026-01-13,RDM-129,0.0,RDM
2026-01-13,RDM-130,0.0,RDM
2026-01-13,RDM-131,0.0,RDM
2026-01-13,RDM-132,0.0,RDM
2026-01-13,RDM-133,0.76,RDM
2026-01-14,KRT-001,0.0,KRT
2026-01-14,KRT-002,0.0,KRT
2026-01-14,KRT-003,0.0,KRT
2026-01-14,KRT-004,0.0,KRT
2026-01-14,KRT-005,0.0,KRT
2026-01-14,KRT-006,0.0,KRT
2026-01-14,KRT-007,0.0,KRT
2026-01-14,KRT-008,0.0,KRT
2026-01-14,KRT-009,0.0,KRT
2026-01-14,KRT-010,0.25,KRT
2026-01-14,KRT-011,0.0,KRT
2026-01-14,KRT-012,0.0,KRT
2026-01-14,KRT-013,0.25,KRT
2026-01-14,KRT-014,0.0,KRT
2026-01-14,KRT-015,0.25,KRT
2026-01-14,KRT-016,0.0,KRT
2026-01-14,KRT-017,0.0,KRT
2026-01-14,KRT-018,0.0,KRT
2026-01-14,KRT-019,0.0,KRT
2026-01-14,KRT-020,0.0,KRT
2026-01-14,KRT-021,0.0,KRT
2026-01-14,KRT-022,0.0,KRT
2026-01-14,KRT-023,0.0,KRT
2026-01-14,KRT-024,0.0,KRT
2026-01-14,KRT-025,0.0,KRT
2026-01-14,KRT-026,0.0,KRT
2026-01-14,KRT-027,0.0,KRT
2026-01-14,KRT-028,0.0,KRT
2026-01-14,KRT-029,1.02,KRT
2026-01-14,KRT-030,0.0,KRT
2026-01-14,KRT-031,0.0,KRT
2026-01-14,KRT-032,0.0,KRT
2026-01-14,KRT-033,0.0,KRT
2026-01-14,KRT-034,0.0,KRT
2026-01-14,KRT-035,0.0,KRT
2026-01-14,KRT-036,0.0,KRT
2026-01-14,KRT-037,0.0,KRT
2026-01-14,KRT-038,0.0,KRT
2026-01-14,KRT-039,0.0,KRT
2026-01-14,KRT-040,0.0,KRT
2026-01-14,KRT-041,0.0,KRT
2026-01-14,KRT-042,0.0,KRT
2026-01-14,KRT-043,0.0,KRT
2026-01-14,KRT-044,0.0,KRT
2026-01-14,KRT-045,0.0,KRT
2026-01-14,KRT-046,0.0,KRT
2026-01-14,KRT-047,0.0,KRT
2026-01-14,KRT-048,0.0,KRT
2026-01-14,KRT-049,0.0,KRT
2026-01-14,KRT-050,0.0,KRT
2026-01-14,KRT-051,0.0,KRT
2026-01-14,KRT-052,0.25,KRT
2026-01-14,KRT-053,0.0,KRT
2026-01-14,KRT-054,0.0,KRT
2026-01-14,KRT-055,0.0,KRT
2026-01-14,KRT-056,0.0,KRT
2026-01-14,KRT-057,0.0,KRT
2026-01-14,KRT-058,0.0,KRT
2026-01-14,KRT-059,0.0,KRT
2026-01-14,KRT-060,0.0,KRT
2026-01-14,KRT-061,0.0,KRT
2026-01-14,KRT-062,0.0,KRT
2026-01-14,KRT-063,0.0,KRT
2026-01-14,KRT-064,0.0,KRT
2026-01-14,KRT-065,0.0,KRT
2026-01-14,KRT-066,0.0,KRT
2026-01-14,KRT-067,0.0,KRT
2026-01-14,KRT-068,0.0,KRT
2026-01-14,KRT-069,0.0,KRT
2026-01-14,KRT-070,0.0,KRT
2026-01-14,KRT-071,0.0,KRT
2026-01-14,KRT-072,0.0,KRT
2026-01-14,KRT-073,0.0,KRT
2026-01-14,KRT-074,0.0,KRT
2026-01-14,RDM-101,0.0,RDM
2026-01-14,RDM-102,0.0,RDM
2026-01-14,RDM-103,0.0,RDM
2026-01-14,RDM-104,0.0,RDM
2026-01-14,RDM-105,0.0,RDM
2026-01-14,RDM-106,0.0,RDM
2026-01-14,RDM-107,0.0,RDM
2026-01-14,RDM-108,0.0,RDM
2026-01-14,RDM-109,0.0,RDM
2026-01-14,RDM-110,0.0,RDM
2026-01-14,RDM-112,0.0,RDM
2026-01-14,RDM-113,0.0,RDM
2026-01-14,RDM-114,0.0,RDM
2026-01-14,RDM-115,0.0,RDM
2026-01-14,RDM-116,0.0,RDM
2026-01-14,RDM-117,0.0,RDM
2026-01-14,RDM-118,0.0,RDM
2026-01-14,RDM-119,0.0,RDM
2026-01-14,RDM-120,0.0,RDM
2026-01-14,RDM-121,0.0,RDM
2026-01-14,RDM-122,0.0,RDM
2026-01-14,RDM-123,0.0,RDM
2026-01-14,RDM-124,0.0,RDM
2026-01-14,RDM-125,0.0,RDM
2026-01-14,RDM-126,0.0,RDM
2026-01-14,RDM-127,0.0,RDM
2026-01-14,RDM-128,0.0,RDM
2026-01-14,RDM-129,0.0,RDM
2026-01-14,RDM-130,0.0,RDM
2026-01-14,RDM-131,0.0,RDM
2026-01-14,RDM-132,0.0,RDM
2026-01-14,RDM-133,0.0,RDM
2026-01-15,KRT-001,0.0,KRT
2026-01-15,KRT-002,0.0,KRT
2026-01-15,KRT-003,0.0,KRT
2026-01-15,KRT-004,0.0,KRT
2026-01-15,KRT-005,0.0,KRT
2026-01-15,KRT-006,0.0,KRT
2026-01-15,KRT-007,0.0,KRT
2026-01-15,KRT-008,0.0,KRT
2026-01-15,KRT-009,0.0,KRT
2026-01-15,KRT-010,0.0,KRT
2026-01-15,KRT-011,0.0,KRT
2026-01-15,KRT-012,0.0,KRT
2026-01-15,KRT-013,0.0,KRT
2026-01-15,KRT-014,0.0,KRT
2026-01-15,KRT-015,0.0,KRT
2026-01-15,KRT-016,0.0,KRT
2026-01-15,KRT-017,0.0,KRT
2026-01-15,KRT-018,0.0,KRT
2026-01-15,KRT-019,0.0,KRT
2026-01-15,KRT-020,0.0,KRT
2026-01-15,KRT-021,0.0,KRT
2026-01-15,KRT-022,0.0,KRT
2026-01-15,KRT-023,0.0,KRT
2026-01-15,KRT-024,0.0,KRT
2026-01-15,KRT-025,0.0,KRT
2026-01-15,KRT-026,0.0,KRT
2026-01-15,KRT-027,0.0,KRT
2026-01-15,KRT-028,0.0,KRT
2026-01-15,KRT-029,0.0,KRT
2026-01-15,KRT-030,0.0,KRT
2026-01-15,KRT-031,0.0,KRT
2026-01-15,KRT-032,0.0,KRT
2026-01-15,KRT-033,0.0,KRT
2026-01-15,KRT-034,0.0,KRT
2026-01-15,KRT-035,0.0,KRT
2026-01-15,KRT-036,0.0,KRT
2026-01-15,KRT-037,0.0,KRT
2026-01-15,KRT-038,0.0,KRT
2026-01-15,KRT-039,0.0,KRT
2026-01-15,KRT-040,0.0,KRT
2026-01-15,KRT-041,0.0,KRT
2026-01-15,KRT-042,0.0,KRT
2026-01-15,KRT-043,0.0,KRT
2026-01-15,KRT-044,0.0,KRT
2026-01-15,KRT-045,0.0,KRT
2026-01-15,KRT-046,0.0,KRT
2026-01-15,KRT-047,0.0,KRT
2026-01-15,KRT-048,0.0,KRT
2026-01-15,KRT-049,0.0,KRT
2026-01-15,KRT-050,0.0,KRT
2026-01-15,KRT-051,0.0,KRT
2026-01-15,KRT-052,0.51,KRT
2026-01-15,KRT-053,0.0,KRT
2026-01-15,KRT-054,0.0,KRT
2026-01-15,KRT-055,0.0,KRT
2026-01-15,KRT-056,0.0,KRT
2026-01-15,KRT-057,0.0,KRT
2026-01-15,KRT-058,0.0,KRT
2026-01-15,KRT-059,0.0,KRT
2026-01-15,KRT-060,0.0,KRT
2026-01-15,KRT-061,0.0,KRT
2026-01-15,KRT-062,0.0,KRT
2026-01-15,KRT-063,0.0,KRT
2026-01-15,KRT-064,0.0,KRT
2026-01-15,KRT-065,0.0,KRT
2026-01-15,KRT-066,0.0,KRT
2026-01-15,KRT-067,0.0,KRT
2026-01-15,KRT-068,0.0,KRT
2026-01-15,KRT-069,0.0,KRT
2026-01-15,KRT-070,0.0,KRT
2026-01-15,KRT-071,0.0,KRT
2026-01-15,KRT-072,0.0,KRT
2026-01-15,KRT-073,0.0,KRT
2026-01-15,KRT-074,0.0,KRT
2026-01-15,RDM-101,0.0,RDM
2026-01-15,RDM-102,0.0,RDM
2026-01-15,RDM-103,0.0,RDM
2026-01-15,RDM-104,0.0,RDM
2026-01-15,RDM-105,0.0,RDM
2026-01-15,RDM-106,0.0,RDM
2026-01-15,RDM-107,0.0,RDM
2026-01-15,RDM-108,0.0,RDM
2026-01-15,RDM-109,0.0,RDM
2026-01-15,RDM-110,0.0,RDM
2026-01-15,RDM-112,0.0,RDM
2026-01-15,RDM-113,0.0,RDM
2026-01-15,RDM-114,0.0,RDM
2026-01-15,RDM-115,0.0,RDM
2026-01-15,RDM-116,0.51,RDM
2026-01-15,RDM-117,0.0,RDM
2026-01-15,RDM-118,0.0,RDM
2026-01-15,RDM-119,0.0,RDM
2026-01-15,RDM-120,0.0,RDM
2026-01-15,RDM-121,0.0,RDM
2026-01-15,RDM-122,0.0,RDM
2026-01-15,RDM-123,0.0,RDM
2026-01-15,RDM-124,0.0,RDM
2026-01-15,RDM-125,0.0,RDM
2026-01-15,RDM-126,0.0,RDM
2026-01-15,RDM-127,0.0,RDM
2026-01-15,RDM-128,0.0,RDM
2026-01-15,RDM-129,0.0,RDM
2026-01-15,RDM-130,0.0,RDM
2026-01-15,RDM-131,0.0,RDM
2026-01-15,RDM-132,0.0,RDM
2026-01-15,RDM-133,0.0,RDM
2026-01-16,KRT-001,0.0,KRT
2026-01-16,KRT-002,0.25,KRT
2026-01-16,KRT-003,0.25,KRT
2026-01-16,KRT-004,0.0,KRT
2026-01-16,KRT-005,0.0,KRT
2026-01-16,KRT-006,0.0,KRT
2026-01-16,KRT-007,0.0,KRT
2026-01-16,KRT-008,0.0,KRT
2026-01-16,KRT-009,0.0,KRT
2026-01-16,KRT-010,0.0,KRT
2026-01-16,KRT-011,0.51,KRT
2026-01-16,KRT-012,0.51,KRT
2026-01-16,KRT-013,0.0,KRT
2026-01-16,KRT-014,1.02,KRT
2026-01-16,KRT-015,0.0,KRT
2026-01-16,KRT-016,0.0,KRT
2026-01-16,KRT-017,0.0,KRT
2026-01-16,KRT-018,0.0,KRT
2026-01-16,KRT-019,0.0,KRT
2026-01-16,KRT-020,0.0,KRT
2026-01-16,KRT-021,0.0,KRT
2026-01-16,KRT-022,0.0,KRT
2026-01-16,KRT-023,0.0,KRT
2026-01-16,KRT-024,0.0,KRT
2026-01-16,KRT-025,0.0,KRT
2026-01-16,KRT-026,0.0,KRT
2026-01-16,KRT-027,0.0,KRT
2026-01-16,KRT-028,0.0,KRT
2026-01-16,KRT-029,1.78,KRT
2026-01-16,KRT-030,0.0,KRT
2026-01-16,KRT-031,0.0,KRT
2026-01-16,KRT-032,0.0,KRT
2026-01-16,KRT-033,0.0,KRT
2026-01-16,KRT-034,0.0,KRT
2026-01-16,KRT-035,0.0,KRT
2026-01-16,KRT-036,0.0,KRT
2026-01-16,KRT-037,0.0,KRT
2026-01-16,KRT-038,0.0,KRT
2026-01-16,KRT-039,0.0,KRT
2026-01-16,KRT-040,0.0,KRT
2026-01-16,KRT-041,0.0,KRT
2026-01-16,KRT-042,0.0,KRT
2026-01-16,KRT-043,0.0,KRT
2026-01-16,KRT-044,0.0,KRT
2026-01-16,KRT-045,0.0,KRT
2026-01-16,KRT-046,0.0,KRT
2026-01-16,KRT-047,0.0,KRT
2026-01-16,KRT-048,0.0,KRT
2026-01-16,KRT-049,0.0,KRT
2026-01-16,KRT-050,0.0,KRT
2026-01-16,KRT-051,1.02,KRT
2026-01-16,KRT-052,0.0,KRT
2026-01-16,KRT-053,0.0,KRT
2026-01-16,KRT-054,0.0,KRT
2026-01-16,KRT-055,0.0,KRT
2026-01-16,KRT-056,0.0,KRT
2026-01-16,KRT-057,0.0,KRT
2026-01-16,KRT-058,0.0,KRT
2026-01-16,KRT-059,0.0,KRT
2026-01-16,KRT-060,0.0,KRT
2026-01-16,KRT-061,0.0,KRT
2026-01-16,KRT-062,0.0,KRT
2026-01-16,KRT-063,0.0,KRT
2026-01-16,KRT-064,0.0,KRT
2026-01-16,KRT-065,0.0,KRT
2026-01-16,KRT-066,0.0,KRT
2026-01-16,KRT-067,0.0,KRT
2026-01-16,KRT-068,0.0,KRT
2026-01-16,KRT-069,0.0,KRT
2026-01-16,KRT-070,0.0,KRT
2026-01-16,KRT-071,0.0,KRT
2026-01-16,KRT-072,0.0,KRT
2026-01-16,KRT-073,0.0,KRT
2026-01-16,KRT-074,0.0,KRT
2026-01-16,RDM-101,0.0,RDM
2026-01-16,RDM-102,0.0,RDM
2026-01-16,RDM-103,0.0,RDM
2026-01-16,RDM-104,0.0,RDM
2026-01-16,RDM-105,0.0,RDM
2026-01-16,RDM-106,0.0,RDM
2026-01-16,RDM-107,0.0,RDM
2026-01-16,RDM-108,0.0,RDM
2026-01-16,RDM-109,0.0,RDM
2026-01-16,RDM-110,0.0,RDM
2026-01-16,RDM-112,0.0,RDM
2026-01-16,RDM-113,0.0,RDM
2026-01-16,RDM-114,0.0,RDM
2026-01-16,RDM-115,0.0,RDM
2026-01-16,RDM-116,0.0,RDM
2026-01-16,RDM-117,0.0,RDM
2026-01-16,RDM-118,0.0,RDM
2026-01-16,RDM-119,0.0,RDM
2026-01-16,RDM-120,0.0,RDM
2026-01-16,RDM-121,0.0,RDM
2026-01-16,RDM-122,0.0,RDM
2026-01-16,RDM-123,0.0,RDM
2026-01-16,RDM-124,0.0,RDM
2026-01-16,RDM-125,0.0,RDM
2026-01-16,RDM-126,0.0,RDM
2026-01-16,RDM-127,0.0,RDM
2026-01-16,RDM-128,0.0,RDM
2026-01-16,RDM-129,0.0,RDM
2026-01-16,RDM-130,0.0,RDM
2026-01-16,RDM-131,0.0,RDM
2026-01-16,RDM-132,0.0,RDM
2026-01-16,RDM-133,0.0,RDM
2026-01-17,KRT-001,0.0,KRT
2026-01-17,KRT-002,0.0,KRT
2026-01-17,KRT-003,0.0,KRT
2026-01-17,KRT-004,0.0,KRT
2026-01-17,KRT-005,0.0,KRT
2026-01-17,KRT-006,0.0,KRT
2026-01-17,KRT-007,0.0,KRT
2026-01-17,KRT-008,0.0,KRT
2026-01-17,KRT-009,0.0,KRT
2026-01-17,KRT-010,0.0,KRT
2026-01-17,KRT-011,0.0,KRT
2026-01-17,KRT-012,0.0,KRT
2026-01-17,KRT-013,0.0,KRT
2026-01-17,KRT-014,0.0,KRT
2026-01-17,KRT-015,0.0,KRT
2026-01-17,KRT-016,0.0,KRT
2026-01-17,KRT-017,0.0,KRT
2026-01-17,KRT-018,0.25,KRT
2026-01-17,KRT-019,0.0,KRT
2026-01-17,KRT-020,0.0,KRT
2026-01-17,KRT-021,0.0,KRT
2026-01-17,KRT-022,0.0,KRT
2026-01-17,KRT-023,0.0,KRT
2026-01-17,KRT-024,0.0,KRT
2026-01-17,KRT-025,0.25,KRT
2026-01-17,KRT-026,0.0,KRT
2026-01-17,KRT-027,0.0,KRT
2026-01-17,KRT-028,0.51,KRT
2026-01-17,KRT-029,0.76,KRT
2026-01-17,KRT-030,0.0,KRT
2026-01-17,KRT-031,0.0,KRT
2026-01-17,KRT-032,0.25,KRT
2026-01-17,KRT-033,0.0,KRT
2026-01-17,KRT-034,0.0,KRT
2026-01-17,KRT-035,0.0,KRT
2026-01-17,KRT-036,0.0,KRT
2026-01-17,KRT-037,0.0,KRT
2026-01-17,KRT-038,0.0,KRT
2026-01-17,KRT-039,0.0,KRT
2026-01-17,KRT-040,0.0,KRT
2026-01-17,KRT-041,0.0,KRT
2026-01-17,KRT-042,0.0,KRT
2026-01-17,KRT-043,0.0,KRT
2026-01-17,KRT-044,0.0,KRT
2026-01-17,KRT-045,0.0,KRT
2026-01-17,KRT-046,0.0,KRT
2026-01-17,KRT-047,0.0,KRT
2026-01-17,KRT-048,0.0,KRT
2026-01-17,KRT-049,0.0,KRT
2026-01-17,KRT-050,0.0,KRT
2026-01-17,KRT-051,0.0,KRT
2026-01-17,KRT-052,0.0,KRT
2026-01-17,KRT-053,0.0,KRT
2026-01-17,KRT-054,0.0,KRT
2026-01-17,KRT-055,0.0,KRT
2026-01-17,KRT-056,0.0,KRT
2026-01-17,KRT-057,0.0,KRT
2026-01-17,KRT-058,0.0,KRT
2026-01-17,KRT-059,0.0,KRT
2026-01-17,KRT-060,0.0,KRT
2026-01-17,KRT-061,0.0,KRT
2026-01-17,KRT-062,0.0,KRT
2026-01-17,KRT-063,0.0,KRT
2026-01-17,KRT-064,0.0,KRT
2026-01-17,KRT-065,0.0,KRT
2026-01-17,KRT-066,0.0,KRT
2026-01-17,KRT-067,0.0,KRT
2026-01-17,KRT-068,0.0,KRT
2026-01-17,KRT-069,0.0,KRT
2026-01-17,KRT-070,0.0,KRT
2026-01-17,KRT-071,0.0,KRT
2026-01-17,KRT-072,0.0,KRT
2026-01-17,KRT-073,0.0,KRT
2026-01-17,KRT-074,0.0,KRT
2026-01-17,RDM-101,0.0,RDM
2026-01-17,RDM-102,0.0,RDM
2026-01-17,RDM-103,0.0,RDM
2026-01-17,RDM-104,0.0,RDM
2026-01-17,RDM-105,0.0,RDM
2026-01-17,RDM-106,0.0,RDM
2026-01-17,RDM-107,0.0,RDM
2026-01-17,RDM-108,0.0,RDM
2026-01-17,RDM-109,0.0,RDM
2026-01-17,RDM-110,0.0,RDM
2026-01-17,RDM-112,0.0,RDM
2026-01-17,RDM-113,0.0,RDM
2026-01-17,RDM-114,0.0,RDM
2026-01-17,RDM-115,0.25,RDM
2026-01-17,RDM-116,0.25,RDM
2026-01-17,RDM-117,0.0,RDM
2026-01-17,RDM-118,0.0,RDM
2026-01-17,RDM-119,0.0,RDM
2026-01-17,RDM-120,0.0,RDM
2026-01-17,RDM-121,0.0,RDM
2026-01-17,RDM-122,0.0,RDM
2026-01-17,RDM-123,0.0,RDM
2026-01-17,RDM-124,0.0,RDM
2026-01-17,RDM-125,0.0,RDM
2026-01-17,RDM-126,0.0,RDM
2026-01-17,RDM-127,0.0,RDM
2026-01-17,RDM-128,0.0,RDM
2026-01-17,RDM-129,0.0,RDM
2026-01-17,RDM-130,0.0,RDM
2026-01-17,RDM-131,0.0,RDM
2026-01-17,RDM-132,0.0,RDM
2026-01-17,RDM-133,0.0,RDM
2026-01-18,KRT-001,0.51,KRT
2026-01-18,KRT-002,0.0,KRT
2026-01-18,KRT-003,0.0,KRT
2026-01-18,KRT-004,0.0,KRT
2026-01-18,KRT-005,0.0,KRT
2026-01-18,KRT-006,0.0,KRT
2026-01-18,KRT-007,0.0,KRT
2026-01-18,KRT-008,0.0,KRT
2026-01-18,KRT-009,0.0,KRT
2026-01-18,KRT-010,0.0,KRT
2026-01-18,KRT-011,0.51,KRT
2026-01-18,KRT-012,0.0,KRT
2026-01-18,KRT-013,0.51,KRT
2026-01-18,KRT-014,0.0,KRT
2026-01-18,KRT-015,0.0,KRT
2026-01-18,KRT-016,0.0,KRT
2026-01-18,KRT-017,0.0,KRT
2026-01-18,KRT-018,0.0,KRT
2026-01-18,KRT-019,0.25,KRT
2026-01-18,KRT-020,0.0,KRT
2026-01-18,KRT-021,0.0,KRT
2026-01-18,KRT-022,0.0,KRT
2026-01-18,KRT-023,0.0,KRT
2026-01-18,KRT-024,0.0,KRT
2026-01-18,KRT-025,0.51,KRT
2026-01-18,KRT-026,0.0,KRT
2026-01-18,KRT-027,0.0,KRT
2026-01-18,KRT-028,0.0,KRT
2026-01-18,KRT-029,0.25,KRT
2026-01-18,KRT-030,0.0,KRT
2026-01-18,KRT-031,0.0,KRT
2026-01-18,KRT-032,0.0,KRT
2026-01-18,KRT-033,0.25,KRT
2026-01-18,KRT-034,0.0,KRT
2026-01-18,KRT-035,0.0,KRT
2026-01-18,KRT-036,0.0,KRT
2026-01-18,KRT-037,0.0,KRT
2026-01-18,KRT-038,0.0,KRT
2026-01-18,KRT-039,0.0,KRT
2026-01-18,KRT-040,0.0,KRT
2026-01-18,KRT-041,0.0,KRT
2026-01-18,KRT-042,0.0,KRT
2026-01-18,KRT-043,0.0,KRT
2026-01-18,KRT-044,0.25,KRT
2026-01-18,KRT-045,0.0,KRT
2026-01-18,KRT-046,0.0,KRT
2026-01-18,KRT-047,0.0,KRT
2026-01-18,KRT-048,0.0,KRT
2026-01-18,KRT-049,0.0,KRT
2026-01-18,KRT-050,1.27,KRT
2026-01-18,KRT-051,4.06,KRT
2026-01-18,KRT-052,0.0,KRT
2026-01-18,KRT-053,0.0,KRT
2026-01-18,KRT-054,0.0,KRT
2026-01-18,KRT-055,0.25,KRT
2026-01-18,KRT-056,2.29,KRT
2026-01-18,KRT-057,0.23,KRT
2026-01-18,KRT-058,2.5,KRT
2026-01-18,KRT-059,3.05,KRT
2026-01-18,KRT-060,2.79,KRT
2026-01-18,KRT-061,2.79,KRT
2026-01-18,KRT-062,1.93,KRT
2026-01-18,KRT-063,2.9,KRT
2026-01-18,KRT-064,2.4,KRT
2026-01-18,KRT-065,2.4,KRT
2026-01-18,KRT-066,1.52,KRT
2026-01-18,KRT-067,1.27,KRT
2026-01-18,KRT-068,1.08,KRT
2026-01-18,KRT-069,2.84,KRT
2026-01-18,KRT-070,2.95,KRT
2026-01-18,KRT-071,2.65,KRT
2026-01-18,KRT-072,2.03,KRT
2026-01-18,KRT-073,0.0,KRT
2026-01-18,KRT-074,0.0,KRT
2026-01-18,RDM-101,1.25,RDM
2026-01-18,RDM-102,2.75,RDM
2026-01-18,RDM-103,2.02,RDM
2026-01-18,RDM-104,3.3,RDM
2026-01-18,RDM-105,2.29,RDM
2026-01-18,RDM-106,4.32,RDM
2026-01-18,RDM-107,3.3,RDM
2026-01-18,RDM-108,6.35,RDM
2026-01-18,RDM-109,5.08,RDM
2026-01-18,RDM-110,4.23,RDM
2026-01-18,RDM-112,0.25,RDM
2026-01-18,RDM-113,1.8,RDM
2026-01-18,RDM-114,0.25,RDM
2026-01-18,RDM-115,0.25,RDM
2026-01-18,RDM-116,2.54,RDM
2026-01-18,RDM-117,0.6,RDM
2026-01-18,RDM-118,4.2,RDM
2026-01-18,RDM-119,0.51,RDM
2026-01-18,RDM-120,3.81,RDM
2026-01-18,RDM-121,0.51,RDM
2026-01-18,RDM-122,4.31,RDM
2026-01-18,RDM-123,2.05,RDM
2026-01-18,RDM-124,3.2,RDM
2026-01-18,RDM-125,1.8,RDM
2026-01-18,RDM-126,0.9,RDM
2026-01-18,RDM-127,3.05,RDM
2026-01-18,RDM-128,1.52,RDM
2026-01-18,RDM-129,3.56,RDM
2026-01-18,RDM-130,1.52,RDM
2026-01-18,RDM-131,1.52,RDM
2026-01-18,RDM-132,4.8,RDM
2026-01-18,RDM-133,3.87,RDM
2026-01-19,KRT-001,5.33,KRT
2026-01-19,KRT-002,7.87,KRT
2026-01-19,KRT-003,8.89,KRT
2026-01-19,KRT-004,9.4,KRT
2026-01-19,KRT-005,13.5,KRT
2026-01-19,KRT-006,12.29,KRT
2026-01-19,KRT-007,10.41,KRT
2026-01-19,KRT-008,7.87,KRT
2026-01-19,KRT-009,5.07,KRT
2026-01-19,KRT-010,7.11,KRT
2026-01-19,KRT-011,2.79,KRT
2026-01-19,KRT-012,6.1,KRT
2026-01-19,KRT-013,2.53,KRT
2026-01-19,KRT-014,4.01,KRT
2026-01-19,KRT-015,12.45,KRT
2026-01-19,KRT-016,13.46,KRT
2026-01-19,KRT-017,10.16,KRT
2026-01-19,KRT-018,10.25,KRT
2026-01-19,KRT-019,7.11,KRT
2026-01-19,KRT-020,6.35,KRT
2026-01-19,KRT-021,3.81,KRT
2026-01-19,KRT-022,6.1,KRT
2026-01-19,KRT-023,2.03,KRT
2026-01-19,KRT-024,3.81,KRT
2026-01-19,KRT-025,6.6,KRT
2026-01-19,KRT-026,8.9,KRT
2026-01-19,KRT-027,8.9,KRT
2026-01-19,KRT-028,4.06,KRT
2026-01-19,KRT-029,11.18,KRT
2026-01-19,KRT-030,4.57,KRT
2026-01-19,KRT-031,4.57,KRT
2026-01-19,KRT-032,4.57,KRT
2026-01-19,KRT-033,5.84,KRT
2026-01-19,KRT-034,6.86,KRT
2026-01-19,KRT-035,15.49,KRT
2026-01-19,KRT-036,20.07,KRT
2026-01-19,KRT-037,10.16,KRT
2026-01-19,KRT-038,10.67,KRT
2026-01-19,KRT-039,17.78,KRT
2026-01-19,KRT-040,20.32,KRT
2026-01-19,KRT-041,11.77,KRT
2026-01-19,KRT-042,3.3,KRT
2026-01-19,KRT-043,4.32,KRT
2026-01-19,KRT-044,14.22,KRT
2026-01-19,KRT-045,7.37,KRT
2026-01-19,KRT-046,17.53,KRT
2026-01-19,KRT-047,5.08,KRT
2026-01-19,KRT-048,2.02,KRT
2026-01-19,KRT-049,3.56,KRT
2026-01-19,KRT-050,6.35,KRT
2026-01-19,KRT-051,10.16,KRT
2026-01-19,KRT-052,19.56,KRT
2026-01-19,KRT-053,13.7,KRT
2026-01-19,KRT-054,9.31,KRT
2026-01-19,KRT-055,11.43,KRT
2026-01-19,KRT-056,10.16,KRT
2026-01-19,KRT-057,6.78,KRT
2026-01-19,KRT-058,7.75,KRT
2026-01-19,KRT-059,10.67,KRT
2026-01-19,KRT-060,6.28,KRT
2026-01-19,KRT-061,9.65,KRT
2026-01-19,KRT-062,8.71,KRT
2026-01-19,KRT-063,7.2,KRT
2026-01-19,KRT-064,8.4,KRT
2026-01-19,KRT-065,10.8,KRT
2026-01-19,KRT-066,8.64,KRT
2026-01-19,KRT-067,14.22,KRT
2026-01-19,KRT-068,10.42,KRT
2026-01-19,KRT-069,12.65,KRT
2026-01-19,KRT-070,16.55,KRT
2026-01-19,KRT-071,12.65,KRT
2026-01-19,KRT-072,23.37,KRT
2026-01-19,KRT-073,7.62,KRT
2026-01-19,KRT-074,14.99,KRT
2026-01-19,RDM-101,6.5,RDM
2026-01-19,RDM-102,6.5,RDM
2026-01-19,RDM-103,8.64,RDM
2026-01-19,RDM-104,8.89,RDM
2026-01-19,RDM-105,10.41,RDM
2026-01-19,RDM-106,10.67,RDM
2026-01-19,RDM-107,15.0,RDM
2026-01-19,RDM-108,8.38,RDM
2026-01-19,RDM-109,8.64,RDM
2026-01-19,RDM-110,10.5,RDM
2026-01-19,RDM-112,5.08,RDM
2026-01-19,RDM-113,6.0,RDM
2026-01-19,RDM-114,5.0,RDM
2026-01-19,RDM-115,5.08,RDM
2026-01-19,RDM-116,5.33,RDM
2026-01-19,RDM-117,5.4,RDM
2026-01-19,RDM-118,5.8,RDM
2026-01-19,RDM-119,4.32,RDM
2026-01-19,RDM-120,4.06,RDM
2026-01-19,RDM-121,4.06,RDM
2026-01-19,RDM-122,8.13,RDM
2026-01-19,RDM-123,3.56,RDM
2026-01-19,RDM-124,3.3,RDM
2026-01-19,RDM-125,5.1,RDM
2026-01-19,RDM-126,3.9,RDM
2026-01-19,RDM-127,2.79,RDM
2026-01-19,RDM-128,3.56,RDM
2026-01-19,RDM-129,3.3,RDM
2026-01-19,RDM-130,3.56,RDM
2026-01-19,RDM-131,4.06,RDM
2026-01-19,RDM-132,5.7,RDM
2026-01-19,RDM-133,2.79,RDM
2026-01-20,KRT-001,9.65,KRT
2026-01-20,KRT-002,8.8,KRT
2026-01-20,KRT-003,10.41,KRT
2026-01-20,KRT-004,6.35,KRT
2026-01-20,KRT-005,8.75,KRT
2026-01-20,KRT-006,11.8,KRT
2026-01-20,KRT-007,7.61,KRT
2026-01-20,KRT-008,17.02,KRT
2026-01-20,KRT-009,15.24,KRT
2026-01-20,KRT-010,20.57,KRT
2026-01-20,KRT-011,10.41,KRT
2026-01-20,KRT-012,15.02,KRT
2026-01-20,KRT-013,19.05,KRT
2026-01-20,KRT-014,14.73,KRT
2026-01-20,KRT-015,14.48,KRT
2026-01-20,KRT-016,13.06,KRT
2026-01-20,KRT-017,15.24,KRT
2026-01-20,KRT-018,10.0,KRT
2026-01-20,KRT-019,25.4,KRT
2026-01-20,KRT-020,10.67,KRT
2026-01-20,KRT-021,20.32,KRT
2026-01-20,KRT-022,19.56,KRT
2026-01-20,KRT-023,15.24,KRT
2026-01-20,KRT-024,17.53,KRT
2026-01-20,KRT-025,17.02,KRT
2026-01-20,KRT-026,20.04,KRT
2026-01-20,KRT-027,15.02,KRT
2026-01-20,KRT-028,25.4,KRT
2026-01-20,KRT-029,28.45,KRT
2026-01-20,KRT-030,33.53,KRT
2026-01-20,KRT-031,21.81,KRT
2026-01-20,KRT-032,29.97,KRT
2026-01-20,KRT-033,22.86,KRT
2026-01-20,KRT-034,28.96,KRT
2026-01-20,KRT-035,11.43,KRT
2026-01-20,KRT-036,11.18,KRT
2026-01-20,KRT-037,11.18,KRT
2026-01-20,KRT-038,10.41,KRT
2026-01-20,KRT-039,14.73,KRT
2026-01-20,KRT-040,18.8,KRT
2026-01-20,KRT-041,24.3,KRT
2026-01-20,KRT-042,22.86,KRT
2026-01-20,KRT-043,43.69,KRT
2026-01-20,KRT-044,21.08,KRT
2026-01-20,KRT-045,26.76,KRT
2026-01-20,KRT-046,29.21,KRT
2026-01-20,KRT-047,32.51,KRT
2026-01-20,KRT-048,30.73,KRT
2026-01-20,KRT-049,61.72,KRT
2026-01-20,KRT-050,19.3,KRT
2026-01-20,KRT-051,17.78,KRT
2026-01-20,KRT-052,33.02,KRT
2026-01-20,KRT-053,27.6,KRT
2026-01-20,KRT-054,22.75,KRT
2026-01-20,KRT-055,23.62,KRT
2026-01-20,KRT-056,20.57,KRT
2026-01-20,KRT-057,31.87,KRT
2026-01-20,KRT-058,26.75,KRT
2026-01-20,KRT-059,58.42,KRT
2026-01-20,KRT-060,18.85,KRT
2026-01-20,KRT-061,55.1,KRT
2026-01-20,KRT-062,26.84,KRT
2026-01-20,KRT-063,18.9,KRT
2026-01-20,KRT-064,21.3,KRT
2026-01-20,KRT-065,23.4,KRT
2026-01-20,KRT-066,21.34,KRT
2026-01-20,KRT-067,36.32,KRT
2026-01-20,KRT-068,28.8,KRT
2026-01-20,KRT-069,88.36,KRT
2026-01-20,KRT-070,110.32,KRT
2026-01-20,KRT-071,88.36,KRT
2026-01-20,KRT-072,96.71,KRT
2026-01-20,KRT-073,22.54,KRT
2026-01-20,KRT-074,18.54,KRT
2026-01-20,RDM-101,32.75,RDM
2026-01-20,RDM-102,35.5,RDM
2026-01-20,RDM-103,28.7,RDM
2026-01-20,RDM-104,34.54,RDM
2026-01-20,RDM-105,24.13,RDM
2026-01-20,RDM-106,26.16,RDM
2026-01-20,RDM-107,21.9,RDM
2026-01-20,RDM-108,21.59,RDM
2026-01-20,RDM-109,34.29,RDM
2026-01-20,RDM-110,27.0,RDM
2026-01-20,RDM-112,52.83,RDM
2026-01-20,RDM-113,57.3,RDM
2026-01-20,RDM-114,65.0,RDM
2026-01-20,RDM-115,77.72,RDM
2026-01-20,RDM-116,75.44,RDM
2026-01-20,RDM-117,86.1,RDM
2026-01-20,RDM-118,67.06,RDM
2026-01-20,RDM-119,54.86,RDM
2026-01-20,RDM-120,70.87,RDM
2026-01-20,RDM-121,63.75,RDM
2026-01-20,RDM-122,61.47,RDM
2026-01-20,RDM-123,58.67,RDM
2026-01-20,RDM-124,61.8,RDM
2026-01-20,RDM-125,58.2,RDM
2026-01-20,RDM-126,53.7,RDM
2026-01-20,RDM-127,44.45,RDM
2026-01-20,RDM-128,51.31,RDM
2026-01-20,RDM-129,49.28,RDM
2026-01-20,RDM-130,54.86,RDM
2026-01-20,RDM-131,61.21,RDM
2026-01-20,RDM-132,73.2,RDM
2026-01-20,RDM-133,56.64,RDM
2026-01-21,KRT-001,1.27,KRT
2026-01-21,KRT-002,1.29,KRT
2026-01-21,KRT-003,1.52,KRT
2026-01-21,KRT-004,2.03,KRT
2026-01-21,KRT-005,3.0,KRT
2026-01-21,KRT-006,6.23,KRT
2026-01-21,KRT-007,4.32,KRT
2026-01-21,KRT-008,10.67,KRT
2026-01-21,KRT-009,2.54,KRT
2026-01-21,KRT-010,3.56,KRT
2026-01-21,KRT-011,1.78,KRT
2026-01-21,KRT-012,1.02,KRT
2026-01-21,KRT-013,3.05,KRT
2026-01-21,KRT-014,3.05,KRT
2026-01-21,KRT-015,18.54,KRT
2026-01-21,KRT-016,20.93,KRT
2026-01-21,KRT-017,13.72,KRT
2026-01-21,KRT-018,23.0,KRT
2026-01-21,KRT-019,16.26,KRT
2026-01-21,KRT-020,21.59,KRT
2026-01-21,KRT-021,10.67,KRT
2026-01-21,KRT-022,20.32,KRT
2026-01-21,KRT-023,12.19,KRT
2026-01-21,KRT-024,17.78,KRT
2026-01-21,KRT-025,5.84,KRT
2026-01-21,KRT-026,4.36,KRT
2026-01-21,KRT-027,8.67,KRT
2026-01-21,KRT-028,10.67,KRT
2026-01-21,KRT-029,7.11,KRT
2026-01-21,KRT-030,31.75,KRT
2026-01-21,KRT-031,14.22,KRT
2026-01-21,KRT-032,7.62,KRT
2026-01-21,KRT-033,22.86,KRT
2026-01-21,KRT-034,9.14,KRT
2026-01-21,KRT-035,5.84,KRT
2026-01-21,KRT-036,17.27,KRT
2026-01-21,KRT-037,9.91,KRT
2026-01-21,KRT-038,11.94,KRT
2026-01-21,KRT-039,21.34,KRT
2026-01-21,KRT-040,24.13,KRT
2026-01-21,KRT-041,17.35,KRT
2026-01-21,KRT-042,24.89,KRT
2026-01-21,KRT-043,31.75,KRT
2026-01-21,KRT-044,12.45,KRT
2026-01-21,KRT-045,18.58,KRT
2026-01-21,KRT-046,25.91,KRT
2026-01-21,KRT-047,28.19,KRT
2026-01-21,KRT-048,29.21,KRT
2026-01-21,KRT-049,19.3,KRT
2026-01-21,KRT-050,10.92,KRT
2026-01-21,KRT-051,16.76,KRT
2026-01-21,KRT-052,19.81,KRT
2026-01-21,KRT-053,6.04,KRT
2026-01-21,KRT-054,5.89,KRT
2026-01-21,KRT-055,5.59,KRT
2026-01-21,KRT-056,7.62,KRT
2026-01-21,KRT-057,5.42,KRT
2026-01-21,KRT-058,4.25,KRT
2026-01-21,KRT-059,9.4,KRT
2026-01-21,KRT-060,9.26,KRT
2026-01-21,KRT-061,8.51,KRT
2026-01-21,KRT-062,10.56,KRT
2026-01-21,KRT-063,16.5,KRT
2026-01-21,KRT-064,8.7,KRT
2026-01-21,KRT-065,6.3,KRT
2026-01-21,KRT-066,10.41,KRT
2026-01-21,KRT-067,15.24,KRT
2026-01-21,KRT-068,11.9,KRT
2026-01-21,KRT-069,8.56,KRT
2026-01-21,KRT-070,14.97,KRT
2026-01-21,KRT-071,8.35,KRT
2026-01-21,KRT-072,6.27,KRT
2026-01-21,KRT-073,25.14,KRT
2026-01-21,KRT-074,18.03,KRT
2026-01-21,RDM-101,0.5,RDM
2026-01-21,RDM-102,0.5,RDM
2026-01-21,RDM-103,0.51,RDM
2026-01-21,RDM-104,0.51,RDM
2026-01-21,RDM-105,0.51,RDM
2026-01-21,RDM-106,0.51,RDM
2026-01-21,RDM-107,0.6,RDM
2026-01-21,RDM-108,0.51,RDM
2026-01-21,RDM-109,0.51,RDM
2026-01-21,RDM-110,0.3,RDM
2026-01-21,RDM-112,3.05,RDM
2026-01-21,RDM-113,3.3,RDM
2026-01-21,RDM-114,5.5,RDM
2026-01-21,RDM-115,6.1,RDM
2026-01-21,RDM-116,8.89,RDM
2026-01-21,RDM-117,5.7,RDM
2026-01-21,RDM-118,9.6,RDM
2026-01-21,RDM-119,1.27,RDM
2026-01-21,RDM-120,5.59,RDM
2026-01-21,RDM-121,5.08,RDM
2026-01-21,RDM-122,1.78,RDM
2026-01-21,RDM-123,1.52,RDM
2026-01-21,RDM-124,1.2,RDM
2026-01-21,RDM-125,4.5,RDM
2026-01-21,RDM-126,2.4,RDM
2026-01-21,RDM-127,1.27,RDM
2026-01-21,RDM-128,0.51,RDM
2026-01-21,RDM-129,0.51,RDM
2026-01-21,RDM-130,3.3,RDM
2026-01-21,RDM-131,5.59,RDM
2026-01-21,RDM-132,10.8,RDM
2026-01-21,RDM-133,1.52,RDM
2026-01-22,KRT-001,8.13,KRT
2026-01-22,KRT-002,6.86,KRT
2026-01-22,KRT-003,7.11,KRT
2026-01-22,KRT-004,6.35,KRT
2026-01-22,KRT-005,7.5,KRT
2026-01-22,KRT-006,6.31,KRT
2026-01-22,KRT-007,5.84,KRT
2026-01-22,KRT-008,5.59,KRT
2026-01-22,KRT-009,7.66,KRT
2026-01-22,KRT-010,4.57,KRT
2026-01-22,KRT-011,7.62,KRT
2026-01-22,KRT-012,6.0,KRT
2026-01-22,KRT-013,8.38,KRT
2026-01-22,KRT-014,8.89,KRT
2026-01-22,KRT-015,5.33,KRT
2026-01-22,KRT-016,5.11,KRT
2026-01-22,KRT-017,5.59,KRT
2026-01-22,KRT-018,4.75,KRT
2026-01-22,KRT-019,6.1,KRT
2026-01-22,KRT-020,5.08,KRT
2026-01-22,KRT-021,5.08,KRT
2026-01-22,KRT-022,5.84,KRT
2026-01-22,KRT-023,7.11,KRT
2026-01-22,KRT-024,6.6,KRT
2026-01-22,KRT-025,5.33,KRT
2026-01-22,KRT-026,6.86,KRT
2026-01-22,KRT-027,7.36,KRT
2026-01-22,KRT-028,5.08,KRT
2026-01-22,KRT-029,9.65,KRT
2026-01-22,KRT-030,7.37,KRT
2026-01-22,KRT-031,7.11,KRT
2026-01-22,KRT-032,9.65,KRT
2026-01-22,KRT-033,8.38,KRT
2026-01-22,KRT-034,8.13,KRT
2026-01-22,KRT-035,5.84,KRT
2026-01-22,KRT-036,5.33,KRT
2026-01-22,KRT-037,5.59,KRT
2026-01-22,KRT-038,5.84,KRT
2026-01-22,KRT-039,4.06,KRT
2026-01-22,KRT-040,5.76,KRT
2026-01-22,KRT-041,5.63,KRT
2026-01-22,KRT-042,5.59,KRT
2026-01-22,KRT-043,3.81,KRT
2026-01-22,KRT-044,5.84,KRT
2026-01-22,KRT-045,4.25,KRT
2026-01-22,KRT-046,4.32,KRT
2026-01-22,KRT-047,5.08,KRT
2026-01-22,KRT-048,4.32,KRT
2026-01-22,KRT-049,8.38,KRT
2026-01-22,KRT-050,4.57,KRT
2026-01-22,KRT-051,4.57,KRT
2026-01-22,KRT-052,4.83,KRT
2026-01-22,KRT-053,5.14,KRT
2026-01-22,KRT-054,6.3,KRT
2026-01-22,KRT-055,4.57,KRT
2026-01-22,KRT-056,5.59,KRT
2026-01-22,KRT-057,10.4,KRT
2026-01-22,KRT-058,9.5,KRT
2026-01-22,KRT-059,12.45,KRT
2026-01-22,KRT-060,7.04,KRT
2026-01-22,KRT-061,9.65,KRT
2026-01-22,KRT-062,12.07,KRT
2026-01-22,KRT-063,6.0,KRT
2026-01-22,KRT-064,8.4,KRT
2026-01-22,KRT-065,8.4,KRT
2026-01-22,KRT-066,10.41,KRT
2026-01-22,KRT-067,14.48,KRT
2026-01-22,KRT-068,12.45,KRT
2026-01-22,KRT-069,18.7,KRT
2026-01-22,KRT-070,19.31,KRT
2026-01-22,KRT-071,18.7,KRT
2026-01-22,KRT-072,24.13,KRT
2026-01-22,KRT-073,5.84,KRT
2026-01-22,KRT-074,6.86,KRT
2026-01-22,RDM-101,23.75,RDM
2026-01-22,RDM-102,21.0,RDM
2026-01-22,RDM-103,25.91,RDM
2026-01-22,RDM-104,26.16,RDM
2026-01-22,RDM-105,18.29,RDM
2026-01-22,RDM-106,21.08,RDM
2026-01-22,RDM-107,27.0,RDM
2026-01-22,RDM-108,23.11,RDM
2026-01-22,RDM-109,23.88,RDM
2026-01-22,RDM-110,17.2,RDM
2026-01-22,RDM-112,21.34,RDM
2026-01-22,RDM-113,17.1,RDM
2026-01-22,RDM-114,22.0,RDM
2026-01-22,RDM-115,21.08,RDM
2026-01-22,RDM-116,17.78,RDM
2026-01-22,RDM-117,20.4,RDM
2026-01-22,RDM-118,15.4,RDM
2026-01-22,RDM-119,15.24,RDM
2026-01-22,RDM-120,13.72,RDM
2026-01-22,RDM-121,14.22,RDM
2026-01-22,RDM-122,16.26,RDM
2026-01-22,RDM-123,17.27,RDM
2026-01-22,RDM-124,16.8,RDM
2026-01-22,RDM-125,19.8,RDM
2026-01-22,RDM-126,17.1,RDM
2026-01-22,RDM-127,18.03,RDM
2026-01-22,RDM-128,17.02,RDM
2026-01-22,RDM-129,18.03,RDM
2026-01-22,RDM-130,16.0,RDM
2026-01-22,RDM-131,16.51,RDM
2026-01-22,RDM-132,22.2,RDM
2026-01-22,RDM-133,15.24,RDM
2026-01-23,KRT-001,33.27,KRT
2026-01-23,KRT-002,15.23,KRT
2026-01-23,KRT-003,12.19,KRT
2026-01-23,KRT-004,14.22,KRT
2026-01-23,KRT-005,15.5,KRT
2026-01-23,KRT-006,14.5,KRT
2026-01-23,KRT-007,16.0,KRT
2026-01-23,KRT-008,15.75,KRT
2026-01-23,KRT-009,71.12,KRT
2026-01-23,KRT-010,21.59,KRT
2026-01-23,KRT-011,22.86,KRT
2026-01-23,KRT-012,21.8,KRT
2026-01-23,KRT-013,21.84,KRT
2026-01-23,KRT-014,17.78,KRT
2026-01-23,KRT-015,12.7,KRT
2026-01-23,KRT-016,10.23,KRT
2026-01-23,KRT-017,12.45,KRT
2026-01-23,KRT-018,9.25,KRT
2026-01-23,KRT-019,17.02,KRT
2026-01-23,KRT-020,10.41,KRT
2026-01-23,KRT-021,11.94,KRT
2026-01-23,KRT-022,9.91,KRT
2026-01-23,KRT-023,16.0,KRT
2026-01-23,KRT-024,8.89,KRT
2026-01-23,KRT-025,11.94,KRT
2026-01-23,KRT-026,11.4,KRT
2026-01-23,KRT-027,11.45,KRT
2026-01-23,KRT-028,9.91,KRT
2026-01-23,KRT-029,15.24,KRT
2026-01-23,KRT-030,8.38,KRT
2026-01-23,KRT-031,9.91,KRT
2026-01-23,KRT-032,10.67,KRT
2026-01-23,KRT-033,10.92,KRT
2026-01-23,KRT-034,10.16,KRT
2026-01-23,KRT-035,11.68,KRT
2026-01-23,KRT-036,12.45,KRT
2026-01-23,KRT-037,9.91,KRT
2026-01-23,KRT-038,9.4,KRT
2026-01-23,KRT-039,9.4,KRT
2026-01-23,KRT-040,7.11,KRT
2026-01-23,KRT-041,10.65,KRT
2026-01-23,KRT-042,9.14,KRT
2026-01-23,KRT-043,8.89,KRT
2026-01-23,KRT-044,9.14,KRT
2026-01-23,KRT-045,8.56,KRT
2026-01-23,KRT-046,7.62,KRT
2026-01-23,KRT-047,8.38,KRT
2026-01-23,KRT-048,7.11,KRT
2026-01-23,KRT-049,8.64,KRT
2026-01-23,KRT-050,4.57,KRT
2026-01-23,KRT-051,7.37,KRT
2026-01-23,KRT-052,9.91,KRT
2026-01-23,KRT-053,8.96,KRT
2026-01-23,KRT-054,8.24,KRT
2026-01-23,KRT-055,7.62,KRT
2026-01-23,KRT-056,6.1,KRT
2026-01-23,KRT-057,4.29,KRT
2026-01-23,KRT-058,4.5,KRT
2026-01-23,KRT-059,4.83,KRT
2026-01-23,KRT-060,3.0,KRT
2026-01-23,KRT-061,1.78,KRT
2026-01-23,KRT-062,3.89,KRT
2026-01-23,KRT-063,6.3,KRT
2026-01-23,KRT-064,5.4,KRT
2026-01-23,KRT-065,5.7,KRT
2026-01-23,KRT-066,3.3,KRT
2026-01-23,KRT-067,4.32,KRT
2026-01-23,KRT-068,3.56,KRT
2026-01-23,KRT-069,4.0,KRT
2026-01-23,KRT-070,3.74,KRT
2026-01-23,KRT-071,4.0,KRT
2026-01-23,KRT-072,4.75,KRT
2026-01-23,KRT-073,6.86,KRT
2026-01-23,KRT-074,8.13,KRT
2026-01-23,RDM-101,2.0,RDM
2026-01-23,RDM-102,2.25,RDM
2026-01-23,RDM-103,2.03,RDM
2026-01-23,RDM-104,2.54,RDM
2026-01-23,RDM-105,2.03,RDM
2026-01-23,RDM-106,2.29,RDM
2026-01-23,RDM-107,3.3,RDM
2026-01-23,RDM-108,2.79,RDM
2026-01-23,RDM-109,2.29,RDM
2026-01-23,RDM-110,2.37,RDM
2026-01-23,RDM-112,2.54,RDM
2026-01-23,RDM-113,2.4,RDM
2026-01-23,RDM-114,2.25,RDM
2026-01-23,RDM-115,2.79,RDM
2026-01-23,RDM-116,2.29,RDM
2026-01-23,RDM-117,3.6,RDM
2026-01-23,RDM-118,3.3,RDM
2026-01-23,RDM-119,2.54,RDM
2026-01-23,RDM-120,2.79,RDM
2026-01-23,RDM-121,3.05,RDM
2026-01-23,RDM-122,3.04,RDM
2026-01-23,RDM-123,3.3,RDM
2026-01-23,RDM-124,4.8,RDM
2026-01-23,RDM-125,4.8,RDM
2026-01-23,RDM-126,3.6,RDM
2026-01-23,RDM-127,4.06,RDM
2026-01-23,RDM-128,3.3,RDM
2026-01-23,RDM-129,3.3,RDM
2026-01-23,RDM-130,3.05,RDM
2026-01-23,RDM-131,3.3,RDM
2026-01-23,RDM-132,3.6,RDM
2026-01-23,RDM-133,4.57,RDM
2026-01-24,KRT-001,11.94,KRT
2026-01-24,KRT-002,9.03,KRT
2026-01-24,KRT-003,9.65,KRT
2026-01-24,KRT-004,8.64,KRT
2026-01-24,KRT-005,9.0,KRT
2026-01-24,KRT-006,10.3,KRT
2026-01-24,KRT-007,6.6,KRT
2026-01-24,KRT-008,6.86,KRT
2026-01-24,KRT-009,13.97,KRT
2026-01-24,KRT-010,7.62,KRT
2026-01-24,KRT-011,7.62,KRT
2026-01-24,KRT-012,5.76,KRT
2026-01-24,KRT-013,10.41,KRT
2026-01-24,KRT-014,10.41,KRT
2026-01-24,KRT-015,9.14,KRT
2026-01-24,KRT-016,15.08,KRT
2026-01-24,KRT-017,8.89,KRT
2026-01-24,KRT-018,14.75,KRT
2026-01-24,KRT-019,9.65,KRT
2026-01-24,KRT-020,10.67,KRT
2026-01-24,KRT-021,13.72,KRT
2026-01-24,KRT-022,18.03,KRT
2026-01-24,KRT-023,12.19,KRT
2026-01-24,KRT-024,8.89,KRT
2026-01-24,KRT-025,14.73,KRT
2026-01-24,KRT-026,13.02,KRT
2026-01-24,KRT-027,14.69,KRT
2026-01-24,KRT-028,18.54,KRT
2026-01-24,KRT-029,15.7,KRT
2026-01-24,KRT-030,14.48,KRT
2026-01-24,KRT-031,16.94,KRT
2026-01-24,KRT-032,18.29,KRT
2026-01-24,KRT-033,17.78,KRT
2026-01-24,KRT-034,13.72,KRT
2026-01-24,KRT-035,7.62,KRT
2026-01-24,KRT-036,10.16,KRT
2026-01-24,KRT-037,5.84,KRT
2026-01-24,KRT-038,13.46,KRT
2026-01-24,KRT-039,14.73,KRT
2026-01-24,KRT-040,11.43,KRT
2026-01-24,KRT-041,12.3,KRT
2026-01-24,KRT-042,9.83,KRT
2026-01-24,KRT-043,10.41,KRT
2026-01-24,KRT-044,12.19,KRT
2026-01-24,KRT-045,10.23,KRT
2026-01-24,KRT-046,11.94,KRT
2026-01-24,KRT-047,12.45,KRT
2026-01-24,KRT-048,12.7,KRT
2026-01-24,KRT-049,13.46,KRT
2026-01-24,KRT-050,11.43,KRT
2026-01-24,KRT-051,11.43,KRT
2026-01-24,KRT-052,9.91,KRT
2026-01-24,KRT-053,10.7,KRT
2026-01-24,KRT-054,10.23,KRT
2026-01-24,KRT-055,11.68,KRT
2026-01-24,KRT-056,10.67,KRT
2026-01-24,KRT-057,8.36,KRT
2026-01-24,KRT-058,7.75,KRT
2026-01-24,KRT-059,8.38,KRT
2026-01-24,KRT-060,10.68,KRT
2026-01-24,KRT-061,11.04,KRT
2026-01-24,KRT-062,10.3,KRT
2026-01-24,KRT-063,10.8,KRT
2026-01-24,KRT-064,10.8,KRT
2026-01-24,KRT-065,11.1,KRT
2026-01-24,KRT-066,7.37,KRT
2026-01-24,KRT-067,9.91,KRT
2026-01-24,KRT-068,8.01,KRT
2026-01-24,KRT-069,10.62,KRT
2026-01-24,KRT-070,11.23,KRT
2026-01-24,KRT-071,10.56,KRT
2026-01-24,KRT-072,11.21,KRT
2026-01-24,KRT-073,11.18,KRT
2026-01-24,KRT-074,11.43,KRT
2026-01-24,RDM-101,15.5,RDM
2026-01-24,RDM-102,16.25,RDM
2026-01-24,RDM-103,10.67,RDM
2026-01-24,RDM-104,11.68,RDM
2026-01-24,RDM-105,11.18,RDM
2026-01-24,RDM-106,10.41,RDM
2026-01-24,RDM-107,13.8,RDM
2026-01-24,RDM-108,9.91,RDM
2026-01-24,RDM-109,9.91,RDM
2026-01-24,RDM-110,10.92,RDM
2026-01-24,RDM-112,17.27,RDM
2026-01-24,RDM-113,16.8,RDM
2026-01-24,RDM-114,24.75,RDM
2026-01-24,RDM-115,22.1,RDM
2026-01-24,RDM-116,30.73,RDM
2026-01-24,RDM-117,33.9,RDM
2026-01-24,RDM-118,22.2,RDM
2026-01-24,RDM-119,15.75,RDM
2026-01-24,RDM-120,21.59,RDM
2026-01-24,RDM-121,17.53,RDM
2026-01-24,RDM-122,20.32,RDM
2026-01-24,RDM-123,24.13,RDM
2026-01-24,RDM-124,23.7,RDM
2026-01-24,RDM-125,20.1,RDM
2026-01-24,RDM-126,15.3,RDM
2026-01-24,RDM-127,22.1,RDM
2026-01-24,RDM-128,22.61,RDM
2026-01-24,RDM-129,23.62,RDM
2026-01-24,RDM-130,23.37,RDM
2026-01-24,RDM-131,16.51,RDM
2026-01-24,RDM-132,18.3,RDM
2026-01-24,RDM-133,18.8,RDM
2026-01-25,KRT-001,0.0,KRT
2026-01-25,KRT-002,0.0,KRT
2026-01-25,KRT-003,0.0,KRT
2026-01-25,KRT-004,0.0,KRT
2026-01-25,KRT-005,0.0,KRT
2026-01-25,KRT-006,0.0,KRT
2026-01-25,KRT-007,0.0,KRT
2026-01-25,KRT-008,0.0,KRT
2026-01-25,KRT-009,0.0,KRT
2026-01-25,KRT-010,0.0,KRT
2026-01-25,KRT-011,0.0,KRT
2026-01-25,KRT-012,0.0,KRT
2026-01-25,KRT-013,0.25,KRT
2026-01-25,KRT-014,0.0,KRT
2026-01-25,KRT-015,0.0,KRT
2026-01-25,KRT-016,0.0,KRT
2026-01-25,KRT-017,0.0,KRT
2026-01-25,KRT-018,0.0,KRT
2026-01-25,KRT-019,0.0,KRT
2026-01-25,KRT-020,0.25,KRT
2026-01-25,KRT-021,0.0,KRT
2026-01-25,KRT-022,0.0,KRT
2026-01-25,KRT-023,0.0,KRT
2026-01-25,KRT-024,0.0,KRT
2026-01-25,KRT-025,0.51,KRT
2026-01-25,KRT-026,0.0,KRT
2026-01-25,KRT-027,0.0,KRT
2026-01-25,KRT-028,0.0,KRT
2026-01-25,KRT-029,0.0,KRT
2026-01-25,KRT-030,0.0,KRT
2026-01-25,KRT-031,0.0,KRT
2026-01-25,KRT-032,0.0,KRT
2026-01-25,KRT-033,0.0,KRT
2026-01-25,KRT-034,0.0,KRT
2026-01-25,KRT-035,0.0,KRT
2026-01-25,KRT-036,0.0,KRT
2026-01-25,KRT-037,0.0,KRT
2026-01-25,KRT-038,0.0,KRT
2026-01-25,KRT-039,0.0,KRT
2026-01-25,KRT-040,0.0,KRT
2026-01-25,KRT-041,0.0,KRT
2026-01-25,KRT-042,0.0,KRT
2026-01-25,KRT-043,0.0,KRT
2026-01-25,KRT-044,0.0,KRT
2026-01-25,KRT-045,0.0,KRT
2026-01-25,KRT-046,0.0,KRT
2026-01-25,KRT-047,0.0,KRT
2026-01-25,KRT-048,0.0,KRT
2026-01-25,KRT-049,0.0,KRT
2026-01-25,KRT-050,0.0,KRT
2026-01-25,KRT-051,0.0,KRT
2026-01-25,KRT-052,0.0,KRT
2026-01-25,KRT-053,0.0,KRT
2026-01-25,KRT-054,0.25,KRT
2026-01-25,KRT-055,0.0,KRT
2026-01-25,KRT-056,0.0,KRT
2026-01-25,KRT-057,0.0,KRT
2026-01-25,KRT-058,0.0,KRT
2026-01-25,KRT-059,0.0,KRT
2026-01-25,KRT-060,0.0,KRT
2026-01-25,KRT-061,0.0,KRT
2026-01-25,KRT-062,0.0,KRT
2026-01-25,KRT-063,0.0,KRT
2026-01-25,KRT-064,0.0,KRT
2026-01-25,KRT-065,0.0,KRT
2026-01-25,KRT-066,0.0,KRT
2026-01-25,KRT-067,0.0,KRT
2026-01-25,KRT-068,0.0,KRT
2026-01-25,KRT-069,0.0,KRT
2026-01-25,KRT-070,0.0,KRT
2026-01-25,KRT-071,0.0,KRT
2026-01-25,KRT-072,0.0,KRT
2026-01-25,KRT-073,0.0,KRT
2026-01-25,KRT-074,0.0,KRT
2026-01-25,RDM-101,0.0,RDM
2026-01-25,RDM-102,0.0,RDM
2026-01-25,RDM-103,0.0,RDM
2026-01-25,RDM-104,0.0,RDM
2026-01-25,RDM-105,0.0,RDM
2026-01-25,RDM-106,0.0,RDM
2026-01-25,RDM-107,0.0,RDM
2026-01-25,RDM-108,0.0,RDM
2026-01-25,RDM-109,0.0,RDM
2026-01-25,RDM-110,0.0,RDM
2026-01-25,RDM-112,0.0,RDM
2026-01-25,RDM-113,0.0,RDM
2026-01-25,RDM-114,0.25,RDM
2026-01-25,RDM-115,0.0,RDM
2026-01-25,RDM-116,0.0,RDM
2026-01-25,RDM-117,0.0,RDM
2026-01-25,RDM-118,0.0,RDM
2026-01-25,RDM-119,0.0,RDM
2026-01-25,RDM-120,0.0,RDM
2026-01-25,RDM-121,0.0,RDM
2026-01-25,RDM-122,0.0,RDM
2026-01-25,RDM-123,0.0,RDM
2026-01-25,RDM-124,0.3,RDM
2026-01-25,RDM-125,0.0,RDM
2026-01-25,RDM-126,0.0,RDM
2026-01-25,RDM-127,0.0,RDM
2026-01-25,RDM-128,0.0,RDM
2026-01-25,RDM-129,0.0,RDM
2026-01-25,RDM-130,0.0,RDM
2026-01-25,RDM-131,0.0,RDM
2026-01-25,RDM-132,0.0,RDM
2026-01-25,RDM-133,0.0,RDM
2026-01-26,KRT-001,0.0,KRT
2026-01-26,KRT-002,0.0,KRT
2026-01-26,KRT-003,0.0,KRT
2026-01-26,KRT-004,0.0,KRT
2026-01-26,KRT-005,0.25,KRT
2026-01-26,KRT-006,0.0,KRT
2026-01-26,KRT-007,0.0,KRT
2026-01-26,KRT-008,0.25,KRT
2026-01-26,KRT-009,0.0,KRT
2026-01-26,KRT-010,0.0,KRT
2026-01-26,KRT-011,0.0,KRT
2026-01-26,KRT-012,0.0,KRT
2026-01-26,KRT-013,0.0,KRT
2026-01-26,KRT-014,0.0,KRT
2026-01-26,KRT-015,0.0,KRT
2026-01-26,KRT-016,0.0,KRT
2026-01-26,KRT-017,0.0,KRT
2026-01-26,KRT-018,0.0,KRT
2026-01-26,KRT-019,0.0,KRT
2026-01-26,KRT-020,0.0,KRT
2026-01-26,KRT-021,0.0,KRT
2026-01-26,KRT-022,0.0,KRT
2026-01-26,KRT-023,0.0,KRT
2026-01-26,KRT-024,0.0,KRT
2026-01-26,KRT-025,0.51,KRT
2026-01-26,KRT-026,0.0,KRT
2026-01-26,KRT-027,0.0,KRT
2026-01-26,KRT-028,0.0,KRT
2026-01-26,KRT-029,0.0,KRT
2026-01-26,KRT-030,0.0,KRT
2026-01-26,KRT-031,0.25,KRT
2026-01-26,KRT-032,0.0,KRT
2026-01-26,KRT-033,0.0,KRT
2026-01-26,KRT-034,0.0,KRT
2026-01-26,KRT-035,0.25,KRT
2026-01-26,KRT-036,0.25,KRT
2026-01-26,KRT-037,0.0,KRT
2026-01-26,KRT-038,0.25,KRT
2026-01-26,KRT-039,0.0,KRT
2026-01-26,KRT-040,0.0,KRT
2026-01-26,KRT-041,0.0,KRT
2026-01-26,KRT-042,0.0,KRT
2026-01-26,KRT-043,0.0,KRT
2026-01-26,KRT-044,0.0,KRT
2026-01-26,KRT-045,0.0,KRT
2026-01-26,KRT-046,0.0,KRT
2026-01-26,KRT-047,0.0,KRT
2026-01-26,KRT-048,0.0,KRT
2026-01-26,KRT-049,0.0,KRT
2026-01-26,KRT-050,0.0,KRT
2026-01-26,KRT-051,0.25,KRT
2026-01-26,KRT-052,0.25,KRT
2026-01-26,KRT-053,0.0,KRT
2026-01-26,KRT-054,0.0,KRT
2026-01-26,KRT-055,0.0,KRT
2026-01-26,KRT-056,0.0,KRT
2026-01-26,KRT-057,0.0,KRT
2026-01-26,KRT-058,0.0,KRT
2026-01-26,KRT-059,0.0,KRT
2026-01-26,KRT-060,0.0,KRT
2026-01-26,KRT-061,0.0,KRT
2026-01-26,KRT-062,0.0,KRT
2026-01-26,KRT-063,0.0,KRT
2026-01-26,KRT-064,0.0,KRT
2026-01-26,KRT-065,0.0,KRT
2026-01-26,KRT-066,0.0,KRT
2026-01-26,KRT-067,0.0,KRT
2026-01-26,KRT-068,0.0,KRT
2026-01-26,KRT-069,0.0,KRT
2026-01-26,KRT-070,0.0,KRT
2026-01-26,KRT-071,0.0,KRT
2026-01-26,KRT-072,0.0,KRT
2026-01-26,KRT-073,0.0,KRT
2026-01-26,KRT-074,0.25,KRT
2026-01-26,RDM-101,0.0,RDM
2026-01-26,RDM-102,0.0,RDM
2026-01-26,RDM-103,0.0,RDM
2026-01-26,RDM-104,0.25,RDM
2026-01-26,RDM-105,0.0,RDM
2026-01-26,RDM-106,0.0,RDM
2026-01-26,RDM-107,0.0,RDM
2026-01-26,RDM-108,0.25,RDM
2026-01-26,RDM-109,0.0,RDM
2026-01-26,RDM-110,0.0,RDM
2026-01-26,RDM-112,0.0,RDM
2026-01-26,RDM-113,0.0,RDM
2026-01-26,RDM-114,0.0,RDM
2026-01-26,RDM-115,0.0,RDM
2026-01-26,RDM-116,0.0,RDM
2026-01-26,RDM-117,0.0,RDM
2026-01-26,RDM-118,0.0,RDM
2026-01-26,RDM-119,0.0,RDM
2026-01-26,RDM-120,0.0,RDM
2026-01-26,RDM-121,0.0,RDM
2026-01-26,RDM-122,0.0,RDM
2026-01-26,RDM-123,0.0,RDM
2026-01-26,RDM-124,0.0,RDM
2026-01-26,RDM-125,0.0,RDM
2026-01-26,RDM-126,0.0,RDM
2026-01-26,RDM-127,0.0,RDM
2026-01-26,RDM-128,0.0,RDM
2026-01-26,RDM-129,0.0,RDM
2026-01-26,RDM-130,0.0,RDM
2026-01-26,RDM-131,0.0,RDM
2026-01-26,RDM-132,0.0,RDM
2026-01-26,RDM-133,0.0,RDM
2026-01-27,KRT-001,0.0,KRT
2026-01-27,KRT-002,0.0,KRT
2026-01-27,KRT-003,0.0,KRT
2026-01-27,KRT-004,0.0,KRT
2026-01-27,KRT-005,0.0,KRT
2026-01-27,KRT-006,0.0,KRT
2026-01-27,KRT-007,0.0,KRT
2026-01-27,KRT-008,0.0,KRT
2026-01-27,KRT-009,0.0,KRT
2026-01-27,KRT-010,0.0,KRT
2026-01-27,KRT-011,0.0,KRT
2026-01-27,KRT-012,0.0,KRT
2026-01-27,KRT-013,0.0,KRT
2026-01-27,KRT-014,0.0,KRT
2026-01-27,KRT-015,0.0,KRT
2026-01-27,KRT-016,0.0,KRT
2026-01-27,KRT-017,0.0,KRT
2026-01-27,KRT-018,0.25,KRT
2026-01-27,KRT-019,0.0,KRT
2026-01-27,KRT-020,0.0,KRT
2026-01-27,KRT-021,0.25,KRT
2026-01-27,KRT-022,0.0,KRT
2026-01-27,KRT-023,0.0,KRT
2026-01-27,KRT-024,0.0,KRT
2026-01-27,KRT-025,0.0,KRT
2026-01-27,KRT-026,0.0,KRT
2026-01-27,KRT-027,0.0,KRT
2026-01-27,KRT-028,0.0,KRT
2026-01-27,KRT-029,0.25,KRT
2026-01-27,KRT-030,0.0,KRT
2026-01-27,KRT-031,0.0,KRT
2026-01-27,KRT-032,0.0,KRT
2026-01-27,KRT-033,0.0,KRT
2026-01-27,KRT-034,0.0,KRT
2026-01-27,KRT-035,0.0,KRT
2026-01-27,KRT-036,0.0,KRT
2026-01-27,KRT-037,0.0,KRT
2026-01-27,KRT-038,0.0,KRT
2026-01-27,KRT-039,0.0,KRT
2026-01-27,KRT-040,0.0,KRT
2026-01-27,KRT-041,0.0,KRT
2026-01-27,KRT-042,0.0,KRT
2026-01-27,KRT-043,0.0,KRT
2026-01-27,KRT-044,0.0,KRT
2026-01-27,KRT-045,0.0,KRT
2026-01-27,KRT-046,0.0,KRT
2026-01-27,KRT-047,0.0,KRT
2026-01-27,KRT-048,0.25,KRT
2026-01-27,KRT-049,0.0,KRT
2026-01-27,KRT-050,0.0,KRT
2026-01-27,KRT-051,0.0,KRT
2026-01-27,KRT-052,0.0,KRT
2026-01-27,KRT-053,0.0,KRT
2026-01-27,KRT-054,0.0,KRT
2026-01-27,KRT-055,0.0,KRT
2026-01-27,KRT-056,0.0,KRT
2026-01-27,KRT-057,0.0,KRT
2026-01-27,KRT-058,0.0,KRT
2026-01-27,KRT-059,0.0,KRT
2026-01-27,KRT-060,0.0,KRT
2026-01-27,KRT-061,0.0,KRT
2026-01-27,KRT-062,0.0,KRT
2026-01-27,KRT-063,0.0,KRT
2026-01-27,KRT-064,0.0,KRT
2026-01-27,KRT-065,0.0,KRT
2026-01-27,KRT-066,0.0,KRT
2026-01-27,KRT-067,0.0,KRT
2026-01-27,KRT-068,0.0,KRT
2026-01-27,KRT-069,0.0,KRT
2026-01-27,KRT-070,0.0,KRT
2026-01-27,KRT-071,0.0,KRT
2026-01-27,KRT-072,0.0,KRT
2026-01-27,KRT-073,0.0,KRT
2026-01-27,KRT-074,0.0,KRT
2026-01-27,RDM-101,0.0,RDM
2026-01-27,RDM-102,0.0,RDM
2026-01-27,RDM-103,0.0,RDM
2026-01-27,RDM-104,0.0,RDM
2026-01-27,RDM-105,0.0,RDM
2026-01-27,RDM-106,0.0,RDM
2026-01-27,RDM-107,0.0,RDM
2026-01-27,RDM-108,0.0,RDM
2026-01-27,RDM-109,0.0,RDM
2026-01-27,RDM-110,0.0,RDM
2026-01-27,RDM-112,0.0,RDM
2026-01-27,RDM-113,0.0,RDM
2026-01-27,RDM-114,0.0,RDM
2026-01-27,RDM-115,0.0,RDM
2026-01-27,RDM-116,0.0,RDM
2026-01-27,RDM-117,0.0,RDM
2026-01-27,RDM-118,0.0,RDM
2026-01-27,RDM-119,0.0,RDM
2026-01-27,RDM-120,0.0,RDM
2026-01-27,RDM-121,0.0,RDM
2026-01-27,RDM-122,0.0,RDM
2026-01-27,RDM-123,0.0,RDM
2026-01-27,RDM-124,0.0,RDM
2026-01-27,RDM-125,0.0,RDM
2026-01-27,RDM-126,0.0,RDM
2026-01-27,RDM-127,0.0,RDM
2026-01-27,RDM-128,0.0,RDM
2026-01-27,RDM-129,0.0,RDM
2026-01-27,RDM-130,0.0,RDM
2026-01-27,RDM-131,0.0,RDM
2026-01-27,RDM-132,0.0,RDM
2026-01-27,RDM-133,0.0,RDM
2026-01-28,KRT-001,0.0,KRT
2026-01-28,KRT-002,0.0,KRT
2026-01-28,KRT-003,0.0,KRT
2026-01-28,KRT-004,0.0,KRT
2026-01-28,KRT-005,0.0,KRT
2026-01-28,KRT-006,0.0,KRT
2026-01-28,KRT-007,0.0,KRT
2026-01-28,KRT-008,0.0,KRT
2026-01-28,KRT-009,0.0,KRT
2026-01-28,KRT-010,0.0,KRT
2026-01-28,KRT-011,0.76,KRT
2026-01-28,KRT-012,0.0,KRT
2026-01-28,KRT-013,0.0,KRT
2026-01-28,KRT-014,0.0,KRT
2026-01-28,KRT-015,0.0,KRT
2026-01-28,KRT-016,0.0,KRT
2026-01-28,KRT-017,0.25,KRT
2026-01-28,KRT-018,0.5,KRT
2026-01-28,KRT-019,0.0,KRT
2026-01-28,KRT-020,0.0,KRT
2026-01-28,KRT-021,0.0,KRT
2026-01-28,KRT-022,0.0,KRT
2026-01-28,KRT-023,0.0,KRT
2026-01-28,KRT-024,0.0,KRT
2026-01-28,KRT-025,0.0,KRT
2026-01-28,KRT-026,0.0,KRT
2026-01-28,KRT-027,0.0,KRT
2026-01-28,KRT-028,0.0,KRT
2026-01-28,KRT-029,0.25,KRT
2026-01-28,KRT-030,0.0,KRT
2026-01-28,KRT-031,0.0,KRT
2026-01-28,KRT-032,0.0,KRT
2026-01-28,KRT-033,0.0,KRT
2026-01-28,KRT-034,0.0,KRT
2026-01-28,KRT-035,0.0,KRT
2026-01-28,KRT-036,0.0,KRT
2026-01-28,KRT-037,0.0,KRT
2026-01-28,KRT-038,0.0,KRT
2026-01-28,KRT-039,0.0,KRT
2026-01-28,KRT-040,0.0,KRT
2026-01-28,KRT-041,0.0,KRT
2026-01-28,KRT-042,0.0,KRT
2026-01-28,KRT-043,0.0,KRT
2026-01-28,KRT-044,0.0,KRT
2026-01-28,KRT-045,0.0,KRT
2026-01-28,KRT-046,0.0,KRT
2026-01-28,KRT-047,0.0,KRT
2026-01-28,KRT-048,0.0,KRT
2026-01-28,KRT-049,0.51,KRT
2026-01-28,KRT-050,0.0,KRT
2026-01-28,KRT-051,0.51,KRT
2026-01-28,KRT-052,0.0,KRT
2026-01-28,KRT-053,0.0,KRT
2026-01-28,KRT-054,0.0,KRT
2026-01-28,KRT-055,0.0,KRT
2026-01-28,KRT-056,0.0,KRT
2026-01-28,KRT-057,0.0,KRT
2026-01-28,KRT-058,0.0,KRT
2026-01-28,KRT-059,0.0,KRT
2026-01-28,KRT-060,0.0,KRT
2026-01-28,KRT-061,0.0,KRT
2026-01-28,KRT-062,0.0,KRT
2026-01-28,KRT-063,0.3,KRT
2026-01-28,KRT-064,0.0,KRT
2026-01-28,KRT-065,0.3,KRT
2026-01-28,KRT-066,0.25,KRT
2026-01-28,KRT-067,0.0,KRT
2026-01-28,KRT-068,0.0,KRT
2026-01-28,KRT-069,0.0,KRT
2026-01-28,KRT-070,0.0,KRT
2026-01-28,KRT-071,0.0,KRT
2026-01-28,KRT-072,0.0,KRT
2026-01-28,KRT-073,0.0,KRT
2026-01-28,KRT-074,0.0,KRT
2026-01-28,RDM-101,3.75,RDM
2026-01-28,RDM-102,4.75,RDM
2026-01-28,RDM-103,3.3,RDM
2026-01-28,RDM-104,2.03,RDM
2026-01-28,RDM-105,1.52,RDM
2026-01-28,RDM-106,0.0,RDM
2026-01-28,RDM-107,0.0,RDM
2026-01-28,RDM-108,0.0,RDM
2026-01-28,RDM-109,0.51,RDM
2026-01-28,RDM-110,0.0,RDM
2026-01-28,RDM-112,0.0,RDM
2026-01-28,RDM-113,0.0,RDM
2026-01-28,RDM-114,0.0,RDM
2026-01-28,RDM-115,0.25,RDM
2026-01-28,RDM-116,0.0,RDM
2026-01-28,RDM-117,0.0,RDM
2026-01-28,RDM-118,0.0,RDM
2026-01-28,RDM-119,0.0,RDM
2026-01-28,RDM-120,0.0,RDM
2026-01-28,RDM-121,0.0,RDM
2026-01-28,RDM-122,0.0,RDM
2026-01-28,RDM-123,0.0,RDM
2026-01-28,RDM-124,0.0,RDM
2026-01-28,RDM-125,0.0,RDM
2026-01-28,RDM-126,0.0,RDM
2026-01-28,RDM-127,0.25,RDM
2026-01-28,RDM-128,0.0,RDM
2026-01-28,RDM-129,0.0,RDM
2026-01-28,RDM-130,0.25,RDM
2026-01-28,RDM-131,0.0,RDM
2026-01-28,RDM-132,0.0,RDM
2026-01-28,RDM-133,0.0,RDM
2026-01-29,KRT-001,0.0,KRT
2026-01-29,KRT-002,0.0,KRT
2026-01-29,KRT-003,0.51,KRT
2026-01-29,KRT-004,0.0,KRT
2026-01-29,KRT-005,0.0,KRT
2026-01-29,KRT-006,0.0,KRT
2026-01-29,KRT-007,0.0,KRT
2026-01-29,KRT-008,0.0,KRT
2026-01-29,KRT-009,0.0,KRT
2026-01-29,KRT-010,0.0,KRT
2026-01-29,KRT-011,0.0,KRT
2026-01-29,KRT-012,0.25,KRT
2026-01-29,KRT-013,0.0,KRT
2026-01-29,KRT-014,0.0,KRT
2026-01-29,KRT-015,0.0,KRT
2026-01-29,KRT-016,0.0,KRT
2026-01-29,KRT-017,0.0,KRT
2026-01-29,KRT-018,0.0,KRT
2026-01-29,KRT-019,0.0,KRT
2026-01-29,KRT-020,0.0,KRT
2026-01-29,KRT-021,0.0,KRT
2026-01-29,KRT-022,0.0,KRT
2026-01-29,KRT-023,0.0,KRT
2026-01-29,KRT-024,0.0,KRT
2026-01-29,KRT-025,0.51,KRT
2026-01-29,KRT-026,0.0,KRT
2026-01-29,KRT-027,0.0,KRT
2026-01-29,KRT-028,0.51,KRT
2026-01-29,KRT-029,0.0,KRT
2026-01-29,KRT-030,0.0,KRT
2026-01-29,KRT-031,0.0,KRT
2026-01-29,KRT-032,0.0,KRT
2026-01-29,KRT-033,0.0,KRT
2026-01-29,KRT-034,0.0,KRT
2026-01-29,KRT-035,0.0,KRT
2026-01-29,KRT-036,0.0,KRT
2026-01-29,KRT-037,0.0,KRT
2026-01-29,KRT-038,0.0,KRT
2026-01-29,KRT-039,0.0,KRT
2026-01-29,KRT-040,0.0,KRT
2026-01-29,KRT-041,0.0,KRT
2026-01-29,KRT-042,0.0,KRT
2026-01-29,KRT-043,0.0,KRT
2026-01-29,KRT-044,0.0,KRT
2026-01-29,KRT-045,0.0,KRT
2026-01-29,KRT-046,0.0,KRT
2026-01-29,KRT-047,0.0,KRT
2026-01-29,KRT-048,0.0,KRT
2026-01-29,KRT-049,0.0,KRT
2026-01-29,KRT-050,0.0,KRT
2026-01-29,KRT-051,0.0,KRT
2026-01-29,KRT-052,0.0,KRT
2026-01-29,KRT-053,0.0,KRT
2026-01-29,KRT-054,0.0,KRT
2026-01-29,KRT-055,0.0,KRT
2026-01-29,KRT-056,0.0,KRT
2026-01-29,KRT-057,0.0,KRT
2026-01-29,KRT-058,0.0,KRT
2026-01-29,KRT-059,0.0,KRT
2026-01-29,KRT-060,0.51,KRT
2026-01-29,KRT-061,0.0,KRT
2026-01-29,KRT-062,0.0,KRT
2026-01-29,KRT-063,0.6,KRT
2026-01-29,KRT-064,0.0,KRT
2026-01-29,KRT-065,0.0,KRT
2026-01-29,KRT-066,0.0,KRT
2026-01-29,KRT-067,0.0,KRT
2026-01-29,KRT-068,0.0,KRT
2026-01-29,KRT-069,0.0,KRT
2026-01-29,KRT-070,0.39,KRT
2026-01-29,KRT-071,0.0,KRT
2026-01-29,KRT-072,1.52,KRT
2026-01-29,KRT-073,0.0,KRT
2026-01-29,KRT-074,0.0,KRT
2026-01-29,RDM-101,0.5,RDM
2026-01-29,RDM-102,0.5,RDM
2026-01-29,RDM-103,0.51,RDM
2026-01-29,RDM-104,0.51,RDM
2026-01-29,RDM-105,0.0,RDM
2026-01-29,RDM-106,0.0,RDM
2026-01-29,RDM-107,0.0,RDM
2026-01-29,RDM-108,0.0,RDM
2026-01-29,RDM-109,0.25,RDM
2026-01-29,RDM-110,0.3,RDM
2026-01-29,RDM-112,0.51,RDM
2026-01-29,RDM-113,0.3,RDM
2026-01-29,RDM-114,0.0,RDM
2026-01-29,RDM-115,1.02,RDM
2026-01-29,RDM-116,0.25,RDM
2026-01-29,RDM-117,0.9,RDM
2026-01-29,RDM-118,0.0,RDM
2026-01-29,RDM-119,0.25,RDM
2026-01-29,RDM-120,0.0,RDM
2026-01-29,RDM-121,0.0,RDM
2026-01-29,RDM-122,0.0,RDM
2026-01-29,RDM-123,0.0,RDM
2026-01-29,RDM-124,0.0,RDM
2026-01-29,RDM-125,0.0,RDM
2026-01-29,RDM-126,0.0,RDM
2026-01-29,RDM-127,0.0,RDM
2026-01-29,RDM-128,0.0,RDM
2026-01-29,RDM-129,0.0,RDM
2026-01-29,RDM-130,0.51,RDM
2026-01-29,RDM-131,1.02,RDM
2026-01-29,RDM-132,2.4,RDM
2026-01-29,RDM-133,0.51,RDM
2026-01-30,KRT-001,1.27,KRT
2026-01-30,KRT-002,1.01,KRT
2026-01-30,KRT-003,1.52,KRT
2026-01-30,KRT-004,0.76,KRT
2026-01-30,KRT-005,0.5,KRT
2026-01-30,KRT-006,0.0,KRT
2026-01-30,KRT-007,0.76,KRT
2026-01-30,KRT-008,0.51,KRT
2026-01-30,KRT-009,0.51,KRT
2026-01-30,KRT-010,0.51,KRT
2026-01-30,KRT-011,1.27,KRT
2026-01-30,KRT-012,0.9,KRT
2026-01-30,KRT-013,1.78,KRT
2026-01-30,KRT-014,2.03,KRT
2026-01-30,KRT-015,0.0,KRT
2026-01-30,KRT-016,0.0,KRT
2026-01-30,KRT-017,0.0,KRT
2026-01-30,KRT-018,0.25,KRT
2026-01-30,KRT-019,0.0,KRT
2026-01-30,KRT-020,0.0,KRT
2026-01-30,KRT-021,0.0,KRT
2026-01-30,KRT-022,0.51,KRT
2026-01-30,KRT-023,0.25,KRT
2026-01-30,KRT-024,0.0,KRT
2026-01-30,KRT-025,0.25,KRT
2026-01-30,KRT-026,1.06,KRT
2026-01-30,KRT-027,1.05,KRT
2026-01-30,KRT-028,3.05,KRT
2026-01-30,KRT-029,2.46,KRT
2026-01-30,KRT-030,1.07,KRT
2026-01-30,KRT-031,1.02,KRT
2026-01-30,KRT-032,1.52,KRT
2026-01-30,KRT-033,1.25,KRT
2026-01-30,KRT-034,2.54,KRT
2026-01-30,KRT-035,0.0,KRT
2026-01-30,KRT-036,0.0,KRT
2026-01-30,KRT-037,0.0,KRT
2026-01-30,KRT-038,0.0,KRT
2026-01-30,KRT-039,0.0,KRT
2026-01-30,KRT-040,0.0,KRT
2026-01-30,KRT-041,0.0,KRT
2026-01-30,KRT-042,0.0,KRT
2026-01-30,KRT-043,0.0,KRT
2026-01-30,KRT-044,0.0,KRT
2026-01-30,KRT-045,0.0,KRT
2026-01-30,KRT-046,0.0,KRT
2026-01-30,KRT-047,0.0,KRT
2026-01-30,KRT-048,0.0,KRT
2026-01-30,KRT-049,0.0,KRT
2026-01-30,KRT-050,0.0,KRT
2026-01-30,KRT-051,0.0,KRT
2026-01-30,KRT-052,0.25,KRT
2026-01-30,KRT-053,0.0,KRT
2026-01-30,KRT-054,0.0,KRT
2026-01-30,KRT-055,0.0,KRT
2026-01-30,KRT-056,0.0,KRT
2026-01-30,KRT-057,0.0,KRT
2026-01-30,KRT-058,0.5,KRT
2026-01-30,KRT-059,0.25,KRT
2026-01-30,KRT-060,0.25,KRT
2026-01-30,KRT-061,0.76,KRT
2026-01-30,KRT-062,0.0,KRT
2026-01-30,KRT-063,0.0,KRT
2026-01-30,KRT-064,0.0,KRT
2026-01-30,KRT-065,0.0,KRT
2026-01-30,KRT-066,0.25,KRT
2026-01-30,KRT-067,0.51,KRT
2026-01-30,KRT-068,0.0,KRT
2026-01-30,KRT-069,0.0,KRT
2026-01-30,KRT-070,0.59,KRT
2026-01-30,KRT-071,0.0,KRT
2026-01-30,KRT-072,0.57,KRT
2026-01-30,KRT-073,0.0,KRT
2026-01-30,KRT-074,0.0,KRT
2026-01-30,RDM-101,2.25,RDM
2026-01-30,RDM-102,7.0,RDM
2026-01-30,RDM-103,0.25,RDM
2026-01-30,RDM-104,2.54,RDM
2026-01-30,RDM-105,0.76,RDM
2026-01-30,RDM-106,0.76,RDM
2026-01-30,RDM-107,2.4,RDM
2026-01-30,RDM-108,0.76,RDM
2026-01-30,RDM-109,6.35,RDM
2026-01-30,RDM-110,3.0,RDM
2026-01-30,RDM-112,8.64,RDM
2026-01-30,RDM-113,10.8,RDM
2026-01-30,RDM-114,11.0,RDM
2026-01-30,RDM-115,10.92,RDM
2026-01-30,RDM-116,14.99,RDM
2026-01-30,RDM-117,15.3,RDM
2026-01-30,RDM-118,15.7,RDM
2026-01-30,RDM-119,14.99,RDM
2026-01-30,RDM-120,17.78,RDM
2026-01-30,RDM-121,18.29,RDM
2026-01-30,RDM-122,18.03,RDM
2026-01-30,RDM-123,15.49,RDM
2026-01-30,RDM-124,12.9,RDM
2026-01-30,RDM-125,19.5,RDM
2026-01-30,RDM-126,18.3,RDM
2026-01-30,RDM-127,18.8,RDM
2026-01-30,RDM-128,16.26,RDM
2026-01-30,RDM-129,21.08,RDM
2026-01-30,RDM-130,9.14,RDM
2026-01-30,RDM-131,10.67,RDM
2026-01-30,RDM-132,16.8,RDM
2026-01-30,RDM-133,18.03,RDM
2026-01-31,KRT-001,12.45,KRT
2026-01-31,KRT-002,9.98,KRT
2026-01-31,KRT-003,11.18,KRT
2026-01-31,KRT-004,11.43,KRT
2026-01-31,KRT-005,9.25,KRT
2026-01-31,KRT-006,9.02,KRT
2026-01-31,KRT-007,6.1,KRT
2026-01-31,KRT-008,9.14,KRT
2026-01-31,KRT-009,10.92,KRT
2026-01-31,KRT-010,10.67,KRT
2026-01-31,KRT-011,9.91,KRT
2026-01-31,KRT-012,8.55,KRT
2026-01-31,KRT-013,11.68,KRT
2026-01-31,KRT-014,16.26,KRT
2026-01-31,KRT-015,8.38,KRT
2026-01-31,KRT-016,6.3,KRT
2026-01-31,KRT-017,4.83,KRT
2026-01-31,KRT-018,4.75,KRT
2026-01-31,KRT-019,9.65,KRT
2026-01-31,KRT-020,5.33,KRT
2026-01-31,KRT-021,8.38,KRT
2026-01-31,KRT-022,17.02,KRT
2026-01-31,KRT-023,14.22,KRT
2026-01-31,KRT-024,11.12,KRT
2026-01-31,KRT-025,16.38,KRT
2026-01-31,KRT-026,18.0,KRT
2026-01-31,KRT-027,17.96,KRT
2026-01-31,KRT-028,18.1,KRT
2026-01-31,KRT-029,20.71,KRT
2026-01-31,KRT-030,17.64,KRT
2026-01-31,KRT-031,19.85,KRT
2026-01-31,KRT-032,24.38,KRT
2026-01-31,KRT-033,15.49,KRT
2026-01-31,KRT-034,18.8,KRT
2026-01-31,KRT-035,14.99,KRT
2026-01-31,KRT-036,16.76,KRT
2026-01-31,KRT-037,16.0,KRT
2026-01-31,KRT-038,17.53,KRT
2026-01-31,KRT-039,17.53,KRT
2026-01-31,KRT-040,21.34,KRT
2026-01-31,KRT-041,17.92,KRT
2026-01-31,KRT-042,17.02,KRT
2026-01-31,KRT-043,16.0,KRT
2026-01-31,KRT-044,26.16,KRT
2026-01-31,KRT-045,17.23,KRT
2026-01-31,KRT-046,15.24,KRT
2026-01-31,KRT-047,13.46,KRT
2026-01-31,KRT-048,8.38,KRT
2026-01-31,KRT-049,6.86,KRT
2026-01-31,KRT-050,18.8,KRT
2026-01-31,KRT-051,21.08,KRT
2026-01-31,KRT-052,16.51,KRT
2026-01-31,KRT-053,23.0,KRT
2026-01-31,KRT-054,22.61,KRT
2026-01-31,KRT-055,13.72,KRT
2026-01-31,KRT-056,21.84,KRT
2026-01-31,KRT-057,4.75,KRT
2026-01-31,KRT-058,11.75,KRT
2026-01-31,KRT-059,6.35,KRT
2026-01-31,KRT-060,11.54,KRT
2026-01-31,KRT-061,8.02,KRT
2026-01-31,KRT-062,12.26,KRT
2026-01-31,KRT-063,24.3,KRT
2026-01-31,KRT-064,23.1,KRT
2026-01-31,KRT-065,18.9,KRT
2026-01-31,KRT-066,11.18,KRT
2026-01-31,KRT-067,14.99,KRT
2026-01-31,KRT-068,12.3,KRT
2026-01-31,KRT-069,2.6,KRT
2026-01-31,KRT-070,2.59,KRT
2026-01-31,KRT-071,2.86,KRT
2026-01-31,KRT-072,3.57,KRT
2026-01-31,KRT-073,24.89,KRT
2026-01-31,KRT-074,28.96,KRT
2026-01-31,RDM-101,0.25,RDM
2026-01-31,RDM-102,0.25,RDM
2026-01-31,RDM-103,0.25,RDM
2026-01-31,RDM-104,0.51,RDM
2026-01-31,RDM-105,0.76,RDM
2026-01-31,RDM-106,0.76,RDM
2026-01-31,RDM-107,0.6,RDM
2026-01-31,RDM-108,0.76,RDM
2026-01-31,RDM-109,0.51,RDM
2026-01-31,RDM-110,1.2,RDM
2026-01-31,RDM-112,0.25,RDM
2026-01-31,RDM-113,0.3,RDM
2026-01-31,RDM-114,0.25,RDM
2026-01-31,RDM-115,0.25,RDM
2026-01-31,RDM-116,0.25,RDM
2026-01-31,RDM-117,0.3,RDM
2026-01-31,RDM-118,0.9,RDM
2026-01-31,RDM-119,0.25,RDM
2026-01-31,RDM-120,0.25,RDM
2026-01-31,RDM-121,0.25,RDM
2026-01-31,RDM-122,0.51,RDM
2026-01-31,RDM-123,0.51,RDM
2026-01-31,RDM-124,1.2,RDM
2026-01-31,RDM-125,1.2,RDM
2026-01-31,RDM-126,0.6,RDM
2026-01-31,RDM-127,0.76,RDM
2026-01-31,RDM-128,0.51,RDM
2026-01-31,RDM-129,0.51,RDM
2026-01-31,RDM-130,0.51,RDM
2026-01-31,RDM-131,0.51,RDM
2026-01-31,RDM-132,0.3,RDM
2026-01-31,RDM-133,1.02,RDM
2026-02-01,KRT-001,0.0,KRT
2026-02-01,KRT-002,0.0,KRT
2026-02-01,KRT-003,0.0,KRT
2026-02-01,KRT-004,0.0,KRT
2026-02-01,KRT-005,0.0,KRT
2026-02-01,KRT-006,0.0,KRT
2026-02-01,KRT-007,0.0,KRT
2026-02-01,KRT-008,0.0,KRT
2026-02-01,KRT-009,0.0,KRT
2026-02-01,KRT-010,0.0,KRT
2026-02-01,KRT-011,2.29,KRT
2026-02-01,KRT-012,0.25,KRT
2026-02-01,KRT-013,2.79,KRT
2026-02-01,KRT-014,4.32,KRT
2026-02-01,KRT-015,2.03,KRT
2026-02-01,KRT-016,0.0,KRT
2026-02-01,KRT-017,0.0,KRT
2026-02-01,KRT-018,0.75,KRT
2026-02-01,KRT-019,0.0,KRT
2026-02-01,KRT-020,0.0,KRT
2026-02-01,KRT-021,0.0,KRT
2026-02-01,KRT-022,0.0,KRT
2026-02-01,KRT-023,2.79,KRT
2026-02-01,KRT-024,1.52,KRT
2026-02-01,KRT-025,1.78,KRT
2026-02-01,KRT-026,0.0,KRT
2026-02-01,KRT-027,0.0,KRT
2026-02-01,KRT-028,1.02,KRT
2026-02-01,KRT-029,0.51,KRT
2026-02-01,KRT-030,1.52,KRT
2026-02-01,KRT-031,0.0,KRT
2026-02-01,KRT-032,0.0,KRT
2026-02-01,KRT-033,0.25,KRT
2026-02-01,KRT-034,0.76,KRT
2026-02-01,KRT-035,0.25,KRT
2026-02-01,KRT-036,4.06,KRT
2026-02-01,KRT-037,0.51,KRT
2026-02-01,KRT-038,0.25,KRT
2026-02-01,KRT-039,3.81,KRT
2026-02-01,KRT-040,1.02,KRT
2026-02-01,KRT-041,0.0,KRT
2026-02-01,KRT-042,2.03,KRT
2026-02-01,KRT-043,5.59,KRT
2026-02-01,KRT-044,4.83,KRT
2026-02-01,KRT-045,3.5,KRT
2026-02-01,KRT-046,3.56,KRT
2026-02-01,KRT-047,1.78,KRT
2026-02-01,KRT-048,1.02,KRT
2026-02-01,KRT-049,0.76,KRT
2026-02-01,KRT-050,4.32,KRT
2026-02-01,KRT-051,5.59,KRT
2026-02-01,KRT-052,6.35,KRT
2026-02-01,KRT-053,5.03,KRT
2026-02-01,KRT-054,5.33,KRT
2026-02-01,KRT-055,5.59,KRT
2026-02-01,KRT-056,5.33,KRT
2026-02-01,KRT-057,4.85,KRT
2026-02-01,KRT-058,4.75,KRT
2026-02-01,KRT-059,9.91,KRT
2026-02-01,KRT-060,8.76,KRT
2026-02-01,KRT-061,7.78,KRT
2026-02-01,KRT-062,10.73,KRT
2026-02-01,KRT-063,9.0,KRT
2026-02-01,KRT-064,9.6,KRT
2026-02-01,KRT-065,10.5,KRT
2026-02-01,KRT-066,8.38,KRT
2026-02-01,KRT-067,12.19,KRT
2026-02-01,KRT-068,9.6,KRT
2026-02-01,KRT-069,8.3,KRT
2026-02-01,KRT-070,7.09,KRT
2026-02-01,KRT-071,7.89,KRT
2026-02-01,KRT-072,8.76,KRT
2026-02-01,KRT-073,3.05,KRT
2026-02-01,KRT-074,6.6,KRT
2026-02-01,RDM-101,36.0,RDM
2026-02-01,RDM-102,28.0,RDM
2026-02-01,RDM-103,40.64,RDM
2026-02-01,RDM-104,37.59,RDM
2026-02-01,RDM-105,35.05,RDM
2026-02-01,RDM-106,36.83,RDM
2026-02-01,RDM-107,48.6,RDM
2026-02-01,RDM-108,51.31,RDM
2026-02-01,RDM-109,20.32,RDM
2026-02-01,RDM-110,33.0,RDM
2026-02-01,RDM-112,19.81,RDM
2026-02-01,RDM-113,12.7,RDM
2026-02-01,RDM-114,23.25,RDM
2026-02-01,RDM-115,12.45,RDM
2026-02-01,RDM-116,13.21,RDM
2026-02-01,RDM-117,12.9,RDM
2026-02-01,RDM-118,12.56,RDM
2026-02-01,RDM-119,13.88,RDM
2026-02-01,RDM-120,10.92,RDM
2026-02-01,RDM-121,14.48,RDM
2026-02-01,RDM-122,12.45,RDM
2026-02-01,RDM-123,18.8,RDM
2026-02-01,RDM-124,27.3,RDM
2026-02-01,RDM-125,32.7,RDM
2026-02-01,RDM-126,22.2,RDM
2026-02-01,RDM-127,28.96,RDM
2026-02-01,RDM-128,14.99,RDM
2026-02-01,RDM-129,28.45,RDM
2026-02-01,RDM-130,12.45,RDM
2026-02-01,RDM-131,14.22,RDM
2026-02-01,RDM-132,18.6,RDM
2026-02-01,RDM-133,24.13,RDM
2026-02-02,KRT-001,11.27,KRT
2026-02-02,KRT-002,10.8,KRT
2026-02-02,KRT-003,13.72,KRT
2026-02-02,KRT-004,7.87,KRT
2026-02-02,KRT-005,21.25,KRT
2026-02-02,KRT-006,17.0,KRT
2026-02-02,KRT-007,8.64,KRT
2026-02-02,KRT-008,2.79,KRT
2026-02-02,KRT-009,6.6,KRT
2026-02-02,KRT-010,4.57,KRT
2026-02-02,KRT-011,3.05,KRT
2026-02-02,KRT-012,0.51,KRT
2026-02-02,KRT-013,1.27,KRT
2026-02-02,KRT-014,0.51,KRT
2026-02-02,KRT-015,1.02,KRT
2026-02-02,KRT-016,0.0,KRT
2026-02-02,KRT-017,0.76,KRT
2026-02-02,KRT-018,0.25,KRT
2026-02-02,KRT-019,5.27,KRT
2026-02-02,KRT-020,5.84,KRT
2026-02-02,KRT-021,3.52,KRT
2026-02-02,KRT-022,4.06,KRT
2026-02-02,KRT-023,1.27,KRT
2026-02-02,KRT-024,0.25,KRT
2026-02-02,KRT-025,0.51,KRT
2026-02-02,KRT-026,0.0,KRT
2026-02-02,KRT-027,0.0,KRT
2026-02-02,KRT-028,0.25,KRT
2026-02-02,KRT-029,0.0,KRT
2026-02-02,KRT-030,0.25,KRT
2026-02-02,KRT-031,0.0,KRT
2026-02-02,KRT-032,0.0,KRT
2026-02-02,KRT-033,0.0,KRT
2026-02-02,KRT-034,0.25,KRT
2026-02-02,KRT-035,5.33,KRT
2026-02-02,KRT-036,2.03,KRT
2026-02-02,KRT-037,3.05,KRT
2026-02-02,KRT-038,1.52,KRT
2026-02-02,KRT-039,1.52,KRT
2026-02-02,KRT-040,1.27,KRT
2026-02-02,KRT-041,0.0,KRT
2026-02-02,KRT-042,0.51,KRT
2026-02-02,KRT-043,2.79,KRT
2026-02-02,KRT-044,3.56,KRT
2026-02-02,KRT-045,0.0,KRT
2026-02-02,KRT-046,3.81,KRT
2026-02-02,KRT-047,5.59,KRT
2026-02-02,KRT-048,3.56,KRT
2026-02-02,KRT-049,11.18,KRT
2026-02-02,KRT-050,1.78,KRT
2026-02-02,KRT-051,2.54,KRT
2026-02-02,KRT-052,8.64,KRT
2026-02-02,KRT-053,4.65,KRT
2026-02-02,KRT-054,2.79,KRT
2026-02-02,KRT-055,9.65,KRT
2026-02-02,KRT-056,7.11,KRT
2026-02-02,KRT-057,7.01,KRT
2026-02-02,KRT-058,11.75,KRT
2026-02-02,KRT-059,12.7,KRT
2026-02-02,KRT-060,5.26,KRT
2026-02-02,KRT-061,9.31,KRT
2026-02-02,KRT-062,8.76,KRT
2026-02-02,KRT-063,1.8,KRT
2026-02-02,KRT-064,3.6,KRT
2026-02-02,KRT-065,13.8,KRT
2026-02-02,KRT-066,4.06,KRT
2026-02-02,KRT-067,6.6,KRT
2026-02-02,KRT-068,4.33,KRT
2026-02-02,KRT-069,11.6,KRT
2026-02-02,KRT-070,10.84,KRT
2026-02-02,KRT-071,10.3,KRT
2026-02-02,KRT-072,7.98,KRT
2026-02-02,KRT-073,0.76,KRT
2026-02-02,KRT-074,2.54,KRT
2026-02-02,RDM-101,51.0,RDM
2026-02-02,RDM-102,48.25,RDM
2026-02-02,RDM-103,42.93,RDM
2026-02-02,RDM-104,41.91,RDM
2026-02-02,RDM-105,40.64,RDM
2026-02-02,RDM-106,34.04,RDM
2026-02-02,RDM-107,30.0,RDM
2026-02-02,RDM-108,25.91,RDM
2026-02-02,RDM-109,41.66,RDM
2026-02-02,RDM-110,55.5,RDM
2026-02-02,RDM-112,42.93,RDM
2026-02-02,RDM-113,59.0,RDM
2026-02-02,RDM-114,33.0,RDM
2026-02-02,RDM-115,52.83,RDM
2026-02-02,RDM-116,30.48,RDM
2026-02-02,RDM-117,44.4,RDM
2026-02-02,RDM-118,43.36,RDM
2026-02-02,RDM-119,44.96,RDM
2026-02-02,RDM-120,54.86,RDM
2026-02-02,RDM-121,60.71,RDM
2026-02-02,RDM-122,44.7,RDM
2026-02-02,RDM-123,61.98,RDM
2026-02-02,RDM-124,63.9,RDM
2026-02-02,RDM-125,54.0,RDM
2026-02-02,RDM-126,55.2,RDM
2026-02-02,RDM-127,47.24,RDM
2026-02-02,RDM-128,51.05,RDM
2026-02-02,RDM-129,53.85,RDM
2026-02-02,RDM-130,45.21,RDM
2026-02-02,RDM-131,57.66,RDM
2026-02-02,RDM-132,89.4,RDM
2026-02-02,RDM-133,54.86,RDM
2026-02-03,KRT-001,22.61,KRT
2026-02-03,KRT-002,21.05,KRT
2026-02-03,KRT-003,14.99,KRT
2026-02-03,KRT-004,26.42,KRT
2026-02-03,KRT-005,19.25,KRT
2026-02-03,KRT-006,22.5,KRT
2026-02-03,KRT-007,20.32,KRT
2026-02-03,KRT-008,27.94,KRT
2026-02-03,KRT-009,19.56,KRT
2026-02-03,KRT-010,17.53,KRT
2026-02-03,KRT-011,18.29,KRT
2026-02-03,KRT-012,15.52,KRT
2026-02-03,KRT-013,17.53,KRT
2026-02-03,KRT-014,15.24,KRT
2026-02-03,KRT-015,20.83,KRT
2026-02-03,KRT-016,10.36,KRT
2026-02-03,KRT-017,13.46,KRT
2026-02-03,KRT-018,10.75,KRT
2026-02-03,KRT-019,12.45,KRT
2026-02-03,KRT-020,11.43,KRT
2026-02-03,KRT-021,8.64,KRT
2026-02-03,KRT-022,9.14,KRT
2026-02-03,KRT-023,10.41,KRT
2026-02-03,KRT-024,9.91,KRT
2026-02-03,KRT-025,8.64,KRT
2026-02-03,KRT-026,11.56,KRT
2026-02-03,KRT-027,11.23,KRT
2026-02-03,KRT-028,10.92,KRT
2026-02-03,KRT-029,10.67,KRT
2026-02-03,KRT-030,12.7,KRT
2026-02-03,KRT-031,11.68,KRT
2026-02-03,KRT-032,9.62,KRT
2026-02-03,KRT-033,11.68,KRT
2026-02-03,KRT-034,14.73,KRT
2026-02-03,KRT-035,23.37,KRT
2026-02-03,KRT-036,21.34,KRT
2026-02-03,KRT-037,16.0,KRT
2026-02-03,KRT-038,17.27,KRT
2026-02-03,KRT-039,11.68,KRT
2026-02-03,KRT-040,9.4,KRT
2026-02-03,KRT-041,9.68,KRT
2026-02-03,KRT-042,10.16,KRT
2026-02-03,KRT-043,8.89,KRT
2026-02-03,KRT-044,2.29,KRT
2026-02-03,KRT-045,4.03,KRT
2026-02-03,KRT-046,4.06,KRT
2026-02-03,KRT-047,8.13,KRT
2026-02-03,KRT-048,5.84,KRT
2026-02-03,KRT-049,3.3,KRT
2026-02-03,KRT-050,3.56,KRT
2026-02-03,KRT-051,6.35,KRT
2026-02-03,KRT-052,3.3,KRT
2026-02-03,KRT-053,1.59,KRT
2026-02-03,KRT-054,2.03,KRT
2026-02-03,KRT-055,1.78,KRT
2026-02-03,KRT-056,3.05,KRT
2026-02-03,KRT-057,3.16,KRT
2026-02-03,KRT-058,2.5,KRT
2026-02-03,KRT-059,2.29,KRT
2026-02-03,KRT-060,1.14,KRT
2026-02-03,KRT-061,2.03,KRT
2026-02-03,KRT-062,1.53,KRT
2026-02-03,KRT-063,4.5,KRT
2026-02-03,KRT-064,3.3,KRT
2026-02-03,KRT-065,3.9,KRT
2026-02-03,KRT-066,1.27,KRT
2026-02-03,KRT-067,1.78,KRT
2026-02-03,KRT-068,1.3,KRT
2026-02-03,KRT-069,1.25,KRT
2026-02-03,KRT-070,1.77,KRT
2026-02-03,KRT-071,1.2,KRT
2026-02-03,KRT-072,1.14,KRT
2026-02-03,KRT-073,6.1,KRT
2026-02-03,KRT-074,3.81,KRT
2026-02-03,RDM-101,0.75,RDM
2026-02-03,RDM-102,0.75,RDM
2026-02-03,RDM-103,1.02,RDM
2026-02-03,RDM-104,1.02,RDM
2026-02-03,RDM-105,1.02,RDM
2026-02-03,RDM-106,1.27,RDM
2026-02-03,RDM-107,1.5,RDM
2026-02-03,RDM-108,1.27,RDM
2026-02-03,RDM-109,0.76,RDM
2026-02-03,RDM-110,0.9,RDM
2026-02-03,RDM-112,1.02,RDM
2026-02-03,RDM-113,0.6,RDM
2026-02-03,RDM-114,0.75,RDM
2026-02-03,RDM-115,0.76,RDM
2026-02-03,RDM-116,0.76,RDM
2026-02-03,RDM-117,0.9,RDM
2026-02-03,RDM-118,0.6,RDM
2026-02-03,RDM-119,0.51,RDM
2026-02-03,RDM-120,0.76,RDM
2026-02-03,RDM-121,0.76,RDM
2026-02-03,RDM-122,0.76,RDM
2026-02-03,RDM-123,0.76,RDM
2026-02-03,RDM-124,0.9,RDM
2026-02-03,RDM-125,0.9,RDM
2026-02-03,RDM-126,0.9,RDM
2026-02-03,RDM-127,0.76,RDM
2026-02-03,RDM-128,1.02,RDM
2026-02-03,RDM-129,1.02,RDM
2026-02-03,RDM-130,0.76,RDM
2026-02-03,RDM-131,0.76,RDM
2026-02-03,RDM-132,0.9,RDM
2026-02-03,RDM-133,0.76,RDM
2026-02-04,KRT-001,0.0,KRT
2026-02-04,KRT-002,0.0,KRT
2026-02-04,KRT-003,0.0,KRT
2026-02-04,KRT-004,0.0,KRT
2026-02-04,KRT-005,0.5,KRT
2026-02-04,KRT-006,0.0,KRT
2026-02-04,KRT-007,0.25,KRT
2026-02-04,KRT-008,0.25,KRT
2026-02-04,KRT-009,0.51,KRT
2026-02-04,KRT-010,0.51,KRT
2026-02-04,KRT-011,0.51,KRT
2026-02-04,KRT-012,0.0,KRT
2026-02-04,KRT-013,0.51,KRT
2026-02-04,KRT-014,0.51,KRT
2026-02-04,KRT-015,0.0,KRT
2026-02-04,KRT-016,0.0,KRT
2026-02-04,KRT-017,0.51,KRT
2026-02-04,KRT-018,0.25,KRT
2026-02-04,KRT-019,0.25,KRT
2026-02-04,KRT-020,0.0,KRT
2026-02-04,KRT-021,0.51,KRT
2026-02-04,KRT-022,0.25,KRT
2026-02-04,KRT-023,0.25,KRT
2026-02-04,KRT-024,0.25,KRT
2026-02-04,KRT-025,0.76,KRT
2026-02-04,KRT-026,0.0,KRT
2026-02-04,KRT-027,0.0,KRT
2026-02-04,KRT-028,0.76,KRT
2026-02-04,KRT-029,1.02,KRT
2026-02-04,KRT-030,0.25,KRT
2026-02-04,KRT-031,0.0,KRT
2026-02-04,KRT-032,0.76,KRT
2026-02-04,KRT-033,1.02,KRT
2026-02-04,KRT-034,0.51,KRT
2026-02-04,KRT-035,0.25,KRT
2026-02-04,KRT-036,0.25,KRT
2026-02-04,KRT-037,0.0,KRT
2026-02-04,KRT-038,0.0,KRT
2026-02-04,KRT-039,0.51,KRT
2026-02-04,KRT-040,0.0,KRT
2026-02-04,KRT-041,0.0,KRT
2026-02-04,KRT-042,0.0,KRT
2026-02-04,KRT-043,0.76,KRT
2026-02-04,KRT-044,6.1,KRT
2026-02-04,KRT-045,1.03,KRT
2026-02-04,KRT-046,2.54,KRT
2026-02-04,KRT-047,2.03,KRT
2026-02-04,KRT-048,2.59,KRT
2026-02-04,KRT-049,2.79,KRT
2026-02-04,KRT-050,3.81,KRT
2026-02-04,KRT-051,4.06,KRT
2026-02-04,KRT-052,10.41,KRT
2026-02-04,KRT-053,8.59,KRT
2026-02-04,KRT-054,5.84,KRT
2026-02-04,KRT-055,17.02,KRT
2026-02-04,KRT-056,3.81,KRT
2026-02-04,KRT-057,12.43,KRT
2026-02-04,KRT-058,4.75,KRT
2026-02-04,KRT-059,5.84,KRT
2026-02-04,KRT-060,1.76,KRT
2026-02-04,KRT-061,1.75,KRT
2026-02-04,KRT-062,1.97,KRT
2026-02-04,KRT-063,2.1,KRT
2026-02-04,KRT-064,1.5,KRT
2026-02-04,KRT-065,2.7,KRT
2026-02-04,KRT-066,1.78,KRT
2026-02-04,KRT-067,1.52,KRT
2026-02-04,KRT-068,1.23,KRT
2026-02-04,KRT-069,0.0,KRT
2026-02-04,KRT-070,0.79,KRT
2026-02-04,KRT-071,0.0,KRT
2026-02-04,KRT-072,0.38,KRT
2026-02-04,KRT-073,6.6,KRT
2026-02-04,KRT-074,8.13,KRT
2026-02-04,RDM-101,2.75,RDM
2026-02-04,RDM-102,1.25,RDM
2026-02-04,RDM-103,4.32,RDM
2026-02-04,RDM-104,2.29,RDM
2026-02-04,RDM-105,7.87,RDM
2026-02-04,RDM-106,2.79,RDM
2026-02-04,RDM-107,0.3,RDM
2026-02-04,RDM-108,6.6,RDM
2026-02-04,RDM-109,1.52,RDM
2026-02-04,RDM-110,0.0,RDM
2026-02-04,RDM-112,2.29,RDM
2026-02-04,RDM-113,0.0,RDM
2026-02-04,RDM-114,3.75,RDM
2026-02-04,RDM-115,0.0,RDM
2026-02-04,RDM-116,0.51,RDM
2026-02-04,RDM-117,1.2,RDM
2026-02-04,RDM-118,6.3,RDM
2026-02-04,RDM-119,4.06,RDM
2026-02-04,RDM-120,3.81,RDM
2026-02-04,RDM-121,2.03,RDM
2026-02-04,RDM-122,2.03,RDM
2026-02-04,RDM-123,1.02,RDM
2026-02-04,RDM-124,0.0,RDM
2026-02-04,RDM-125,0.0,RDM
2026-02-04,RDM-126,0.6,RDM
2026-02-04,RDM-127,0.25,RDM
2026-02-04,RDM-128,0.25,RDM
2026-02-04,RDM-129,0.0,RDM
2026-02-04,RDM-130,1.78,RDM
2026-02-04,RDM-131,1.02,RDM
2026-02-04,RDM-132,0.0,RDM
2026-02-04,RDM-133,0.0,RDM
2026-02-05,KRT-001,1.78,KRT
2026-02-05,KRT-002,0.0,KRT
2026-02-05,KRT-003,0.51,KRT
2026-02-05,KRT-004,0.0,KRT
2026-02-05,KRT-005,0.25,KRT
2026-02-05,KRT-006,0.0,KRT
2026-02-05,KRT-007,0.25,KRT
2026-02-05,KRT-008,0.25,KRT
2026-02-05,KRT-009,0.25,KRT
2026-02-05,KRT-010,0.25,KRT
2026-02-05,KRT-011,0.25,KRT
2026-02-05,KRT-012,0.0,KRT
2026-02-05,KRT-013,0.76,KRT
2026-02-05,KRT-014,3.3,KRT
2026-02-05,KRT-015,0.25,KRT
2026-02-05,KRT-016,0.0,KRT
2026-02-05,KRT-017,0.25,KRT
2026-02-05,KRT-018,0.25,KRT
2026-02-05,KRT-019,0.51,KRT
2026-02-05,KRT-020,0.25,KRT
2026-02-05,KRT-021,0.25,KRT
2026-02-05,KRT-022,0.51,KRT
2026-02-05,KRT-023,0.51,KRT
2026-02-05,KRT-024,1.27,KRT
2026-02-05,KRT-025,2.03,KRT
2026-02-05,KRT-026,0.0,KRT
2026-02-05,KRT-027,0.0,KRT
2026-02-05,KRT-028,3.56,KRT
2026-02-05,KRT-029,0.25,KRT
2026-02-05,KRT-030,2.03,KRT
2026-02-05,KRT-031,0.25,KRT
2026-02-05,KRT-032,0.0,KRT
2026-02-05,KRT-033,0.25,KRT
2026-02-05,KRT-034,0.25,KRT
2026-02-05,KRT-035,0.25,KRT
2026-02-05,KRT-036,0.25,KRT
2026-02-05,KRT-037,0.25,KRT
2026-02-05,KRT-038,0.25,KRT
2026-02-05,KRT-039,0.76,KRT
2026-02-05,KRT-040,3.81,KRT
2026-02-05,KRT-041,3.19,KRT
2026-02-05,KRT-042,1.02,KRT
2026-02-05,KRT-043,3.05,KRT
2026-02-05,KRT-044,9.65,KRT
2026-02-05,KRT-045,9.57,KRT
2026-02-05,KRT-046,10.67,KRT
2026-02-05,KRT-047,11.94,KRT
2026-02-05,KRT-048,10.92,KRT
2026-02-05,KRT-049,24.13,KRT
2026-02-05,KRT-050,4.57,KRT
2026-02-05,KRT-051,2.03,KRT
2026-02-05,KRT-052,10.92,KRT
2026-02-05,KRT-053,6.89,KRT
2026-02-05,KRT-054,4.76,KRT
2026-02-05,KRT-055,3.05,KRT
2026-02-05,KRT-056,1.0,KRT
2026-02-05,KRT-057,3.16,KRT
2026-02-05,KRT-058,0.75,KRT
2026-02-05,KRT-059,2.54,KRT
2026-02-05,KRT-060,0.25,KRT
2026-02-05,KRT-061,1.75,KRT
2026-02-05,KRT-062,0.0,KRT
2026-02-05,KRT-063,0.3,KRT
2026-02-05,KRT-064,0.3,KRT
2026-02-05,KRT-065,0.3,KRT
2026-02-05,KRT-066,0.0,KRT
2026-02-05,KRT-067,0.0,KRT
2026-02-05,KRT-068,0.0,KRT
2026-02-05,KRT-069,3.06,KRT
2026-02-05,KRT-070,5.12,KRT
2026-02-05,KRT-071,5.03,KRT
2026-02-05,KRT-072,6.08,KRT
2026-02-05,KRT-073,2.29,KRT
2026-02-05,KRT-074,7.11,KRT
2026-02-05,RDM-101,0.5,RDM
2026-02-05,RDM-102,0.25,RDM
2026-02-05,RDM-103,0.0,RDM
2026-02-05,RDM-104,0.51,RDM
2026-02-05,RDM-105,1.02,RDM
2026-02-05,RDM-106,0.25,RDM
2026-02-05,RDM-107,3.9,RDM
2026-02-05,RDM-108,3.05,RDM
2026-02-05,RDM-109,0.0,RDM
2026-02-05,RDM-110,0.0,RDM
2026-02-05,RDM-112,0.25,RDM
2026-02-05,RDM-113,0.3,RDM
2026-02-05,RDM-114,0.0,RDM
2026-02-05,RDM-115,0.0,RDM
2026-02-05,RDM-116,0.0,RDM
2026-02-05,RDM-117,0.3,RDM
2026-02-05,RDM-118,0.0,RDM
2026-02-05,RDM-119,0.0,RDM
2026-02-05,RDM-120,0.0,RDM
2026-02-05,RDM-121,0.0,RDM
2026-02-05,RDM-122,0.0,RDM
2026-02-05,RDM-123,0.0,RDM
2026-02-05,RDM-124,0.0,RDM
2026-02-05,RDM-125,0.0,RDM
2026-02-05,RDM-126,0.0,RDM
2026-02-05,RDM-127,0.0,RDM
2026-02-05,RDM-128,0.0,RDM
2026-02-05,RDM-129,0.0,RDM
2026-02-05,RDM-130,0.25,RDM
2026-02-05,RDM-131,1.78,RDM
2026-02-05,RDM-132,1.5,RDM
2026-02-05,RDM-133,0.0,RDM
2026-02-06,KRT-001,0.0,KRT
2026-02-06,KRT-002,0.0,KRT
2026-02-06,KRT-003,0.51,KRT
2026-02-06,KRT-004,0.0,KRT
2026-02-06,KRT-005,0.0,KRT
2026-02-06,KRT-006,0.0,KRT
2026-02-06,KRT-007,0.0,KRT
2026-02-06,KRT-008,0.0,KRT
2026-02-06,KRT-009,0.0,KRT
2026-02-06,KRT-010,0.0,KRT
2026-02-06,KRT-011,0.0,KRT
2026-02-06,KRT-012,0.0,KRT
2026-02-06,KRT-013,0.25,KRT
2026-02-06,KRT-014,0.0,KRT
2026-02-06,KRT-015,0.0,KRT
2026-02-06,KRT-016,0.0,KRT
2026-02-06,KRT-017,0.0,KRT
2026-02-06,KRT-018,0.0,KRT
2026-02-06,KRT-019,0.0,KRT
2026-02-06,KRT-020,0.0,KRT
2026-02-06,KRT-021,0.0,KRT
2026-02-06,KRT-022,0.0,KRT
2026-02-06,KRT-023,0.0,KRT
2026-02-06,KRT-024,0.0,KRT
2026-02-06,KRT-025,0.51,KRT
2026-02-06,KRT-026,0.0,KRT
2026-02-06,KRT-027,0.0,KRT
2026-02-06,KRT-028,0.0,KRT
2026-02-06,KRT-029,0.51,KRT
2026-02-06,KRT-030,0.0,KRT
2026-02-06,KRT-031,0.0,KRT
2026-02-06,KRT-032,0.25,KRT
2026-02-06,KRT-033,0.0,KRT
2026-02-06,KRT-034,0.0,KRT
2026-02-06,KRT-035,0.51,KRT
2026-02-06,KRT-036,0.0,KRT
2026-02-06,KRT-037,0.0,KRT
2026-02-06,KRT-038,0.0,KRT
2026-02-06,KRT-039,0.0,KRT
2026-02-06,KRT-040,0.0,KRT
2026-02-06,KRT-041,0.0,KRT
2026-02-06,KRT-042,0.0,KRT
2026-02-06,KRT-043,0.0,KRT
2026-02-06,KRT-044,0.25,KRT
2026-02-06,KRT-045,0.0,KRT
2026-02-06,KRT-046,0.0,KRT
2026-02-06,KRT-047,0.0,KRT
2026-02-06,KRT-048,0.0,KRT
2026-02-06,KRT-049,0.0,KRT
2026-02-06,KRT-050,0.0,KRT
2026-02-06,KRT-051,0.0,KRT
2026-02-06,KRT-052,0.0,KRT
2026-02-06,KRT-053,0.0,KRT
2026-02-06,KRT-054,0.0,KRT
2026-02-06,KRT-055,0.0,KRT
2026-02-06,KRT-056,0.0,KRT
2026-02-06,KRT-057,0.0,KRT
2026-02-06,KRT-058,0.25,KRT
2026-02-06,KRT-059,0.0,KRT
2026-02-06,KRT-060,0.0,KRT
2026-02-06,KRT-061,0.25,KRT
2026-02-06,KRT-062,0.0,KRT
2026-02-06,KRT-063,0.0,KRT
2026-02-06,KRT-064,0.0,KRT
2026-02-06,KRT-065,0.0,KRT
2026-02-06,KRT-066,0.0,KRT
2026-02-06,KRT-067,0.0,KRT
2026-02-06,KRT-068,0.0,KRT
2026-02-06,KRT-069,0.0,KRT
2026-02-06,KRT-070,0.0,KRT
2026-02-06,KRT-071,0.0,KRT
2026-02-06,KRT-072,0.0,KRT
2026-02-06,KRT-073,0.0,KRT
2026-02-06,KRT-074,0.0,KRT
2026-02-06,RDM-101,2.0,RDM
2026-02-06,RDM-102,5.5,RDM
2026-02-06,RDM-103,1.27,RDM
2026-02-06,RDM-104,3.3,RDM
2026-02-06,RDM-105,0.51,RDM
2026-02-06,RDM-106,3.3,RDM
2026-02-06,RDM-107,0.6,RDM
2026-02-06,RDM-108,3.81,RDM
2026-02-06,RDM-109,8.38,RDM
2026-02-06,RDM-110,0.0,RDM
2026-02-06,RDM-112,2.79,RDM
2026-02-06,RDM-113,11.7,RDM
2026-02-06,RDM-114,4.0,RDM
2026-02-06,RDM-115,8.38,RDM
2026-02-06,RDM-116,7.11,RDM
2026-02-06,RDM-117,12.6,RDM
2026-02-06,RDM-118,1.2,RDM
2026-02-06,RDM-119,6.6,RDM
2026-02-06,RDM-120,4.32,RDM
2026-02-06,RDM-121,7.87,RDM
2026-02-06,RDM-122,2.03,RDM
2026-02-06,RDM-123,0.76,RDM
2026-02-06,RDM-124,5.1,RDM
2026-02-06,RDM-125,7.5,RDM
2026-02-06,RDM-126,5.7,RDM
2026-02-06,RDM-127,7.87,RDM
2026-02-06,RDM-128,7.87,RDM
2026-02-06,RDM-129,9.4,RDM
2026-02-06,RDM-130,8.89,RDM
2026-02-06,RDM-131,9.14,RDM
2026-02-06,RDM-132,12.0,RDM
2026-02-06,RDM-133,5.84,RDM
2026-02-07,KRT-001,2.54,KRT
2026-02-07,KRT-002,3.48,KRT
2026-02-07,KRT-003,4.83,KRT
2026-02-07,KRT-004,4.32,KRT
2026-02-07,KRT-005,8.25,KRT
2026-02-07,KRT-006,5.18,KRT
2026-02-07,KRT-007,7.62,KRT
2026-02-07,KRT-008,4.32,KRT
2026-02-07,KRT-009,4.83,KRT
2026-02-07,KRT-010,3.56,KRT
2026-02-07,KRT-011,5.33,KRT
2026-02-07,KRT-012,3.04,KRT
2026-02-07,KRT-013,5.08,KRT
2026-02-07,KRT-014,1.78,KRT
2026-02-07,KRT-015,1.02,KRT
2026-02-07,KRT-016,0.0,KRT
2026-02-07,KRT-017,1.52,KRT
2026-02-07,KRT-018,0.75,KRT
2026-02-07,KRT-019,0.25,KRT
2026-02-07,KRT-020,0.25,KRT
2026-02-07,KRT-021,2.03,KRT
2026-02-07,KRT-022,11.43,KRT
2026-02-07,KRT-023,2.79,KRT
2026-02-07,KRT-024,9.14,KRT
2026-02-07,KRT-025,4.57,KRT
2026-02-07,KRT-026,4.59,KRT
2026-02-07,KRT-027,7.56,KRT
2026-02-07,KRT-028,4.83,KRT
2026-02-07,KRT-029,11.43,KRT
2026-02-07,KRT-030,4.77,KRT
2026-02-07,KRT-031,8.64,KRT
2026-02-07,KRT-032,14.48,KRT
2026-02-07,KRT-033,11.43,KRT
2026-02-07,KRT-034,20.32,KRT
2026-02-07,KRT-035,2.29,KRT
2026-02-07,KRT-036,3.05,KRT
2026-02-07,KRT-037,2.54,KRT
2026-02-07,KRT-038,3.05,KRT
2026-02-07,KRT-039,3.3,KRT
2026-02-07,KRT-040,7.11,KRT
2026-02-07,KRT-041,1.56,KRT
2026-02-07,KRT-042,0.0,KRT
2026-02-07,KRT-043,1.02,KRT
2026-02-07,KRT-044,0.76,KRT
2026-02-07,KRT-045,5.36,KRT
2026-02-07,KRT-046,5.33,KRT
2026-02-07,KRT-047,2.03,KRT
2026-02-07,KRT-048,0.25,KRT
2026-02-07,KRT-049,0.51,KRT
2026-02-07,KRT-050,0.25,KRT
2026-02-07,KRT-051,1.27,KRT
2026-02-07,KRT-052,5.08,KRT
2026-02-07,KRT-053,0.0,KRT
2026-02-07,KRT-054,0.0,KRT
2026-02-07,KRT-055,0.25,KRT
2026-02-07,KRT-056,1.02,KRT
2026-02-07,KRT-057,2.26,KRT
2026-02-07,KRT-058,0.25,KRT
2026-02-07,KRT-059,1.27,KRT
2026-02-07,KRT-060,0.25,KRT
2026-02-07,KRT-061,1.2,KRT
2026-02-07,KRT-062,1.1,KRT
2026-02-07,KRT-063,0.0,KRT
2026-02-07,KRT-064,0.0,KRT
2026-02-07,KRT-065,0.0,KRT
2026-02-07,KRT-066,0.51,KRT
2026-02-07,KRT-067,0.76,KRT
2026-02-07,KRT-068,0.0,KRT
2026-02-07,KRT-069,2.35,KRT
2026-02-07,KRT-070,5.71,KRT
2026-02-07,KRT-071,2.59,KRT
2026-02-07,KRT-072,1.9,KRT
2026-02-07,KRT-073,4.06,KRT
2026-02-07,KRT-074,6.35,KRT
2026-02-07,RDM-101,0.0,RDM
2026-02-07,RDM-102,0.0,RDM
2026-02-07,RDM-103,0.0,RDM
2026-02-07,RDM-104,0.0,RDM
2026-02-07,RDM-105,0.0,RDM
2026-02-07,RDM-106,0.0,RDM
2026-02-07,RDM-107,0.0,RDM
2026-02-07,RDM-108,0.0,RDM
2026-02-07,RDM-109,0.0,RDM
2026-02-07,RDM-110,0.0,RDM
2026-02-07,RDM-112,0.51,RDM
2026-02-07,RDM-113,0.3,RDM
2026-02-07,RDM-114,1.25,RDM
2026-02-07,RDM-115,5.59,RDM
2026-02-07,RDM-116,0.25,RDM
2026-02-07,RDM-117,8.1,RDM
2026-02-07,RDM-118,6.0,RDM
2026-02-07,RDM-119,2.03,RDM
2026-02-07,RDM-120,0.0,RDM
2026-02-07,RDM-121,0.0,RDM
2026-02-07,RDM-122,1.27,RDM
2026-02-07,RDM-123,0.0,RDM
2026-02-07,RDM-124,0.0,RDM
2026-02-07,RDM-125,0.0,RDM
2026-02-07,RDM-126,0.0,RDM
2026-02-07,RDM-127,1.02,RDM
2026-02-07,RDM-128,2.54,RDM
2026-02-07,RDM-129,3.81,RDM
2026-02-07,RDM-130,8.64,RDM
2026-02-07,RDM-131,7.11,RDM
2026-02-07,RDM-132,9.0,RDM
2026-02-07,RDM-133,0.0,RDM
2026-02-08,KRT-001,0.25,KRT
2026-02-08,KRT-002,0.0,KRT
2026-02-08,KRT-003,0.25,KRT
2026-02-08,KRT-004,0.0,KRT
2026-02-08,KRT-005,0.0,KRT
2026-02-08,KRT-006,0.0,KRT
2026-02-08,KRT-007,0.76,KRT
2026-02-08,KRT-008,0.76,KRT
2026-02-08,KRT-009,0.51,KRT
2026-02-08,KRT-010,0.0,KRT
2026-02-08,KRT-011,0.25,KRT
2026-02-08,KRT-012,0.76,KRT
2026-02-08,KRT-013,0.25,KRT
2026-02-08,KRT-014,0.0,KRT
2026-02-08,KRT-015,0.0,KRT
2026-02-08,KRT-016,0.0,KRT
2026-02-08,KRT-017,0.0,KRT
2026-02-08,KRT-018,0.75,KRT
2026-02-08,KRT-019,0.0,KRT
2026-02-08,KRT-020,0.76,KRT
2026-02-08,KRT-021,0.51,KRT
2026-02-08,KRT-022,0.0,KRT
2026-02-08,KRT-023,0.0,KRT
2026-02-08,KRT-024,0.0,KRT
2026-02-08,KRT-025,0.0,KRT
2026-02-08,KRT-026,0.0,KRT
2026-02-08,KRT-027,0.0,KRT
2026-02-08,KRT-028,0.25,KRT
2026-02-08,KRT-029,0.0,KRT
2026-02-08,KRT-030,0.0,KRT
2026-02-08,KRT-031,0.0,KRT
2026-02-08,KRT-032,0.25,KRT
2026-02-08,KRT-033,0.0,KRT
2026-02-08,KRT-034,0.0,KRT
2026-02-08,KRT-035,0.0,KRT
2026-02-08,KRT-036,0.0,KRT
2026-02-08,KRT-037,0.0,KRT
2026-02-08,KRT-038,0.25,KRT
2026-02-08,KRT-039,0.0,KRT
2026-02-08,KRT-040,0.25,KRT
2026-02-08,KRT-041,0.0,KRT
2026-02-08,KRT-042,0.25,KRT
2026-02-08,KRT-043,0.0,KRT
2026-02-08,KRT-044,0.0,KRT
2026-02-08,KRT-045,0.0,KRT
2026-02-08,KRT-046,0.0,KRT
2026-02-08,KRT-047,0.76,KRT
2026-02-08,KRT-048,0.0,KRT
2026-02-08,KRT-049,0.0,KRT
2026-02-08,KRT-050,0.0,KRT
2026-02-08,KRT-051,0.0,KRT
2026-02-08,KRT-052,0.0,KRT
2026-02-08,KRT-053,0.0,KRT
2026-02-08,KRT-054,0.0,KRT
2026-02-08,KRT-055,0.51,KRT
2026-02-08,KRT-056,0.0,KRT
2026-02-08,KRT-057,0.0,KRT
2026-02-08,KRT-058,0.25,KRT
2026-02-08,KRT-059,0.0,KRT
2026-02-08,KRT-060,0.0,KRT
2026-02-08,KRT-061,0.51,KRT
2026-02-08,KRT-062,0.0,KRT
2026-02-08,KRT-063,0.3,KRT
2026-02-08,KRT-064,0.9,KRT
2026-02-08,KRT-065,1.2,KRT
2026-02-08,KRT-066,0.0,KRT
2026-02-08,KRT-067,0.0,KRT
2026-02-08,KRT-068,0.0,KRT
2026-02-08,KRT-069,0.0,KRT
2026-02-08,KRT-070,0.2,KRT
2026-02-08,KRT-071,0.0,KRT
2026-02-08,KRT-072,0.0,KRT
2026-02-08,KRT-073,0.25,KRT
2026-02-08,KRT-074,0.0,KRT
2026-02-08,RDM-101,10.25,RDM
2026-02-08,RDM-102,6.5,RDM
2026-02-08,RDM-103,7.11,RDM
2026-02-08,RDM-104,3.81,RDM
2026-02-08,RDM-105,2.79,RDM
2026-02-08,RDM-106,0.51,RDM
2026-02-08,RDM-107,3.6,RDM
2026-02-08,RDM-108,0.25,RDM
2026-02-08,RDM-109,2.03,RDM
2026-02-08,RDM-110,0.0,RDM
2026-02-08,RDM-112,0.0,RDM
2026-02-08,RDM-113,0.0,RDM
2026-02-08,RDM-114,0.5,RDM
2026-02-08,RDM-115,0.0,RDM
2026-02-08,RDM-116,0.51,RDM
2026-02-08,RDM-117,0.3,RDM
2026-02-08,RDM-118,2.1,RDM
2026-02-08,RDM-119,0.51,RDM
2026-02-08,RDM-120,1.78,RDM
2026-02-08,RDM-121,0.0,RDM
2026-02-08,RDM-122,22.35,RDM
2026-02-08,RDM-123,0.25,RDM
2026-02-08,RDM-124,0.3,RDM
2026-02-08,RDM-125,0.0,RDM
2026-02-08,RDM-126,0.0,RDM
2026-02-08,RDM-127,0.0,RDM
2026-02-08,RDM-128,0.0,RDM
2026-02-08,RDM-129,0.0,RDM
2026-02-08,RDM-130,0.0,RDM
2026-02-08,RDM-131,0.51,RDM
2026-02-08,RDM-132,0.6,RDM
2026-02-08,RDM-133,0.0,RDM
2026-02-09,KRT-001,0.0,KRT
2026-02-09,KRT-002,0.0,KRT
2026-02-09,KRT-003,0.0,KRT
2026-02-09,KRT-004,0.0,KRT
2026-02-09,KRT-005,0.0,KRT
2026-02-09,KRT-006,0.0,KRT
2026-02-09,KRT-007,0.0,KRT
2026-02-09,KRT-008,0.0,KRT
2026-02-09,KRT-009,0.0,KRT
2026-02-09,KRT-010,0.0,KRT
2026-02-09,KRT-011,0.0,KRT
2026-02-09,KRT-012,0.0,KRT
2026-02-09,KRT-013,0.25,KRT
2026-02-09,KRT-014,0.0,KRT
2026-02-09,KRT-015,0.25,KRT
2026-02-09,KRT-016,0.0,KRT
2026-02-09,KRT-017,0.0,KRT
2026-02-09,KRT-018,0.0,KRT
2026-02-09,KRT-019,0.25,KRT
2026-02-09,KRT-020,0.0,KRT
2026-02-09,KRT-021,0.0,KRT
2026-02-09,KRT-022,0.0,KRT
2026-02-09,KRT-023,0.0,KRT
2026-02-09,KRT-024,0.0,KRT
2026-02-09,KRT-025,0.0,KRT
2026-02-09,KRT-026,0.0,KRT
2026-02-09,KRT-027,0.0,KRT
2026-02-09,KRT-028,0.0,KRT
2026-02-09,KRT-029,0.0,KRT
2026-02-09,KRT-030,0.0,KRT
2026-02-09,KRT-031,0.0,KRT
2026-02-09,KRT-032,0.0,KRT
2026-02-09,KRT-033,0.0,KRT
2026-02-09,KRT-034,0.0,KRT
2026-02-09,KRT-035,0.0,KRT
2026-02-09,KRT-036,0.0,KRT
2026-02-09,KRT-037,0.0,KRT
2026-02-09,KRT-038,0.0,KRT
2026-02-09,KRT-039,0.0,KRT
2026-02-09,KRT-040,0.0,KRT
2026-02-09,KRT-041,0.0,KRT
2026-02-09,KRT-042,0.0,KRT
2026-02-09,KRT-043,0.0,KRT
2026-02-09,KRT-044,0.0,KRT
2026-02-09,KRT-045,0.0,KRT
2026-02-09,KRT-046,0.0,KRT
2026-02-09,KRT-047,0.0,KRT
2026-02-09,KRT-048,0.0,KRT
2026-02-09,KRT-049,0.0,KRT
2026-02-09,KRT-050,0.0,KRT
2026-02-09,KRT-051,0.25,KRT
2026-02-09,KRT-052,0.51,KRT
2026-02-09,KRT-053,0.0,KRT
2026-02-09,KRT-054,0.0,KRT
2026-02-09,KRT-055,0.51,KRT
2026-02-09,KRT-056,0.0,KRT
2026-02-09,KRT-057,0.0,KRT
2026-02-09,KRT-058,0.0,KRT
2026-02-09,KRT-059,0.0,KRT
2026-02-09,KRT-060,0.0,KRT
2026-02-09,KRT-061,0.0,KRT
2026-02-09,KRT-062,0.0,KRT
2026-02-09,KRT-063,0.0,KRT
2026-02-09,KRT-064,0.0,KRT
2026-02-09,KRT-065,0.0,KRT
2026-02-09,KRT-066,0.0,KRT
2026-02-09,KRT-067,0.25,KRT
2026-02-09,KRT-068,0.0,KRT
2026-02-09,KRT-069,0.0,KRT
2026-02-09,KRT-070,0.0,KRT
2026-02-09,KRT-071,0.0,KRT
2026-02-09,KRT-072,0.0,KRT
2026-02-09,KRT-073,0.0,KRT
2026-02-09,KRT-074,0.0,KRT
2026-02-09,RDM-101,0.0,RDM
2026-02-09,RDM-102,0.0,RDM
2026-02-09,RDM-103,0.0,RDM
2026-02-09,RDM-104,0.0,RDM
2026-02-09,RDM-105,0.25,RDM
2026-02-09,RDM-106,0.51,RDM
2026-02-09,RDM-107,0.9,RDM
2026-02-09,RDM-108,0.25,RDM
2026-02-09,RDM-109,0.0,RDM
2026-02-09,RDM-110,0.0,RDM
2026-02-09,RDM-112,0.76,RDM
2026-02-09,RDM-113,0.6,RDM
2026-02-09,RDM-114,0.5,RDM
2026-02-09,RDM-115,1.52,RDM
2026-02-09,RDM-116,0.51,RDM
2026-02-09,RDM-117,0.6,RDM
2026-02-09,RDM-118,0.3,RDM
2026-02-09,RDM-119,0.25,RDM
2026-02-09,RDM-120,2.03,RDM
2026-02-09,RDM-121,0.25,RDM
2026-02-09,RDM-122,3.05,RDM
2026-02-09,RDM-123,2.79,RDM
2026-02-09,RDM-124,1.2,RDM
2026-02-09,RDM-125,1.2,RDM
2026-02-09,RDM-126,0.3,RDM
2026-02-09,RDM-127,0.25,RDM
2026-02-09,RDM-128,0.25,RDM
2026-02-09,RDM-129,2.54,RDM
2026-02-09,RDM-130,2.29,RDM
2026-02-09,RDM-131,1.02,RDM
2026-02-09,RDM-132,0.0,RDM
2026-02-09,RDM-133,1.78,RDM
2026-02-10,KRT-001,9.65,KRT
2026-02-10,KRT-002,10.23,KRT
2026-02-10,KRT-003,22.1,KRT
2026-02-10,KRT-004,21.34,KRT
2026-02-10,KRT-005,23.75,KRT
2026-02-10,KRT-006,20.46,KRT
2026-02-10,KRT-007,18.03,KRT
2026-02-10,KRT-008,9.14,KRT
2026-02-10,KRT-009,24.89,KRT
2026-02-10,KRT-010,7.11,KRT
2026-02-10,KRT-011,8.13,KRT
2026-02-10,KRT-012,8.77,KRT
2026-02-10,KRT-013,7.87,KRT
2026-02-10,KRT-014,4.06,KRT
2026-02-10,KRT-015,6.86,KRT
2026-02-10,KRT-016,7.35,KRT
2026-02-10,KRT-017,5.84,KRT
2026-02-10,KRT-018,8.25,KRT
2026-02-10,KRT-019,3.3,KRT
2026-02-10,KRT-020,6.35,KRT
2026-02-10,KRT-021,4.57,KRT
2026-02-10,KRT-022,4.32,KRT
2026-02-10,KRT-023,4.32,KRT
2026-02-10,KRT-024,4.57,KRT
2026-02-10,KRT-025,5.84,KRT
2026-02-10,KRT-026,6.07,KRT
2026-02-10,KRT-027,6.44,KRT
2026-02-10,KRT-028,4.83,KRT
2026-02-10,KRT-029,9.65,KRT
2026-02-10,KRT-030,2.79,KRT
2026-02-10,KRT-031,4.27,KRT
2026-02-10,KRT-032,6.86,KRT
2026-02-10,KRT-033,4.57,KRT
2026-02-10,KRT-034,10.41,KRT
2026-02-10,KRT-035,15.49,KRT
2026-02-10,KRT-036,10.41,KRT
2026-02-10,KRT-037,18.54,KRT
2026-02-10,KRT-038,11.94,KRT
2026-02-10,KRT-039,6.6,KRT
2026-02-10,KRT-040,4.83,KRT
2026-02-10,KRT-041,6.89,KRT
2026-02-10,KRT-042,9.14,KRT
2026-02-10,KRT-043,5.01,KRT
2026-02-10,KRT-044,27.43,KRT
2026-02-10,KRT-045,6.31,KRT
2026-02-10,KRT-046,5.08,KRT
2026-02-10,KRT-047,5.33,KRT
2026-02-10,KRT-048,2.78,KRT
2026-02-10,KRT-049,11.18,KRT
2026-02-10,KRT-050,22.86,KRT
2026-02-10,KRT-051,6.1,KRT
2026-02-10,KRT-052,9.65,KRT
2026-02-10,KRT-053,23.12,KRT
2026-02-10,KRT-054,14.22,KRT
2026-02-10,KRT-055,14.48,KRT
2026-02-10,KRT-056,12.19,KRT
2026-02-10,KRT-057,7.46,KRT
2026-02-10,KRT-058,4.25,KRT
2026-02-10,KRT-059,15.24,KRT
2026-02-10,KRT-060,4.5,KRT
2026-02-10,KRT-061,17.75,KRT
2026-02-10,KRT-062,4.38,KRT
2026-02-10,KRT-063,3.9,KRT
2026-02-10,KRT-064,1.2,KRT
2026-02-10,KRT-065,4.8,KRT
2026-02-10,KRT-066,2.54,KRT
2026-02-10,KRT-067,2.03,KRT
2026-02-10,KRT-068,2.04,KRT
2026-02-10,KRT-069,18.69,KRT
2026-02-10,KRT-070,27.19,KRT
2026-02-10,KRT-071,17.1,KRT
2026-02-10,KRT-072,19.57,KRT
2026-02-10,KRT-073,29.97,KRT
2026-02-10,KRT-074,24.13,KRT
2026-02-10,RDM-101,2.75,RDM
2026-02-10,RDM-102,2.0,RDM
2026-02-10,RDM-103,0.51,RDM
2026-02-10,RDM-104,0.0,RDM
2026-02-10,RDM-105,0.0,RDM
2026-02-10,RDM-106,0.0,RDM
2026-02-10,RDM-107,0.0,RDM
2026-02-10,RDM-108,0.25,RDM
2026-02-10,RDM-109,0.25,RDM
2026-02-10,RDM-110,0.0,RDM
2026-02-10,RDM-112,0.0,RDM
2026-02-10,RDM-113,0.0,RDM
2026-02-10,RDM-114,0.0,RDM
2026-02-10,RDM-115,0.0,RDM
2026-02-10,RDM-116,0.0,RDM
2026-02-10,RDM-117,0.3,RDM
2026-02-10,RDM-118,1.5,RDM
2026-02-10,RDM-119,0.0,RDM
2026-02-10,RDM-120,0.25,RDM
2026-02-10,RDM-121,0.0,RDM
2026-02-10,RDM-122,0.0,RDM
2026-02-10,RDM-123,0.0,RDM
2026-02-10,RDM-124,0.3,RDM
2026-02-10,RDM-125,0.0,RDM
2026-02-10,RDM-126,0.0,RDM
2026-02-10,RDM-127,0.0,RDM
2026-02-10,RDM-128,0.25,RDM
2026-02-10,RDM-129,0.0,RDM
2026-02-10,RDM-130,0.0,RDM
2026-02-10,RDM-131,0.0,RDM
2026-02-10,RDM-132,0.0,RDM
2026-02-10,RDM-133,0.25,RDM
2026-02-11,KRT-001,54.1,KRT
2026-02-11,KRT-002,45.58,KRT
2026-02-11,KRT-003,48.77,KRT
2026-02-11,KRT-004,43.94,KRT
2026-02-11,KRT-005,59.75,KRT
2026-02-11,KRT-006,58.04,KRT
2026-02-11,KRT-007,58.42,KRT
2026-02-11,KRT-008,59.94,KRT
2026-02-11,KRT-009,63.3,KRT
2026-02-11,KRT-010,51.82,KRT
2026-02-11,KRT-011,52.58,KRT
2026-02-11,KRT-012,53.34,KRT
2026-02-11,KRT-013,54.1,KRT
2026-02-11,KRT-014,58.67,KRT
2026-02-11,KRT-015,55.37,KRT
2026-02-11,KRT-016,53.06,KRT
2026-02-11,KRT-017,47.75,KRT
2026-02-11,KRT-018,52.16,KRT
2026-02-11,KRT-019,48.51,KRT
2026-02-11,KRT-020,50.8,KRT
2026-02-11,KRT-021,39.37,KRT
2026-02-11,KRT-022,54.36,KRT
2026-02-11,KRT-023,45.97,KRT
2026-02-11,KRT-024,48.01,KRT
2026-02-11,KRT-025,52.83,KRT
2026-02-11,KRT-026,55.32,KRT
2026-02-11,KRT-027,55.23,KRT
2026-02-11,KRT-028,71.88,KRT
2026-02-11,KRT-029,86.11,KRT
2026-02-11,KRT-030,59.69,KRT
2026-02-11,KRT-031,65.02,KRT
2026-02-11,KRT-032,57.66,KRT
2026-02-11,KRT-033,70.36,KRT
2026-02-11,KRT-034,75.18,KRT
2026-02-11,KRT-035,48.26,KRT
2026-02-11,KRT-036,50.55,KRT
2026-02-11,KRT-037,45.47,KRT
2026-02-11,KRT-038,58.17,KRT
2026-02-11,KRT-039,51.05,KRT
2026-02-11,KRT-040,52.58,KRT
2026-02-11,KRT-041,49.3,KRT
2026-02-11,KRT-042,46.48,KRT
2026-02-11,KRT-043,64.26,KRT
2026-02-11,KRT-044,64.01,KRT
2026-02-11,KRT-045,52.4,KRT
2026-02-11,KRT-046,49.53,KRT
2026-02-11,KRT-047,54.1,KRT
2026-02-11,KRT-048,52.07,KRT
2026-02-11,KRT-049,66.55,KRT
2026-02-11,KRT-050,57.91,KRT
2026-02-11,KRT-051,66.29,KRT
2026-02-11,KRT-052,55.63,KRT
2026-02-11,KRT-053,62.52,KRT
2026-02-11,KRT-054,55.12,KRT
2026-02-11,KRT-055,78.23,KRT
2026-02-11,KRT-056,66.04,KRT
2026-02-11,KRT-057,58.53,KRT
2026-02-11,KRT-058,65.75,KRT
2026-02-11,KRT-059,60.2,KRT
2026-02-11,KRT-060,64.75,KRT
2026-02-11,KRT-061,58.75,KRT
2026-02-11,KRT-062,81.25,KRT
2026-02-11,KRT-063,81.9,KRT
2026-02-11,KRT-064,84.9,KRT
2026-02-11,KRT-065,76.5,KRT
2026-02-11,KRT-066,57.4,KRT
2026-02-11,KRT-067,76.45,KRT
2026-02-11,KRT-068,71.66,KRT
2026-02-11,KRT-069,60.57,KRT
2026-02-11,KRT-070,59.49,KRT
2026-02-11,KRT-071,62.03,KRT
2026-02-11,KRT-072,71.44,KRT
2026-02-11,KRT-073,59.94,KRT
2026-02-11,KRT-074,48.77,KRT
2026-02-11,RDM-101,26.25,RDM
2026-02-11,RDM-102,24.25,RDM
2026-02-11,RDM-103,26.16,RDM
2026-02-11,RDM-104,25.91,RDM
2026-02-11,RDM-105,27.43,RDM
2026-02-11,RDM-106,25.4,RDM
2026-02-11,RDM-107,36.9,RDM
2026-02-11,RDM-108,31.24,RDM
2026-02-11,RDM-109,24.89,RDM
2026-02-11,RDM-110,25.0,RDM
2026-02-11,RDM-112,23.88,RDM
2026-02-11,RDM-113,20.1,RDM
2026-02-11,RDM-114,26.5,RDM
2026-02-11,RDM-115,23.37,RDM
2026-02-11,RDM-116,30.99,RDM
2026-02-11,RDM-117,30.6,RDM
2026-02-11,RDM-118,30.7,RDM
2026-02-11,RDM-119,25.91,RDM
2026-02-11,RDM-120,30.73,RDM
2026-02-11,RDM-121,26.92,RDM
2026-02-11,RDM-122,26.42,RDM
2026-02-11,RDM-123,28.96,RDM
2026-02-11,RDM-124,30.0,RDM
2026-02-11,RDM-125,30.3,RDM
2026-02-11,RDM-126,30.0,RDM
2026-02-11,RDM-127,24.13,RDM
2026-02-11,RDM-128,24.64,RDM
2026-02-11,RDM-129,27.69,RDM
2026-02-11,RDM-130,23.37,RDM
2026-02-11,RDM-131,24.13,RDM
2026-02-11,RDM-132,33.3,RDM
2026-02-11,RDM-133,26.67,RDM
2026-02-12,KRT-001,0.25,KRT
2026-02-12,KRT-002,0.0,KRT
2026-02-12,KRT-003,0.25,KRT
2026-02-12,KRT-004,0.0,KRT
2026-02-12,KRT-005,0.25,KRT
2026-02-12,KRT-006,0.0,KRT
2026-02-12,KRT-007,0.0,KRT
2026-02-12,KRT-008,0.25,KRT
2026-02-12,KRT-009,0.25,KRT
2026-02-12,KRT-010,3.05,KRT
2026-02-12,KRT-011,0.25,KRT
2026-02-12,KRT-012,7.62,KRT
2026-02-12,KRT-013,0.25,KRT
2026-02-12,KRT-014,0.25,KRT
2026-02-12,KRT-015,0.0,KRT
2026-02-12,KRT-016,0.0,KRT
2026-02-12,KRT-017,0.0,KRT
2026-02-12,KRT-018,0.0,KRT
2026-02-12,KRT-019,0.0,KRT
2026-02-12,KRT-020,0.0,KRT
2026-02-12,KRT-021,0.0,KRT
2026-02-12,KRT-022,0.0,KRT
2026-02-12,KRT-023,0.0,KRT
2026-02-12,KRT-024,0.0,KRT
2026-02-12,KRT-025,0.0,KRT
2026-02-12,KRT-026,0.0,KRT
2026-02-12,KRT-027,0.0,KRT
2026-02-12,KRT-028,0.0,KRT
2026-02-12,KRT-029,0.0,KRT
2026-02-12,KRT-030,0.0,KRT
2026-02-12,KRT-031,0.0,KRT
2026-02-12,KRT-032,0.25,KRT
2026-02-12,KRT-033,0.25,KRT
2026-02-12,KRT-034,0.25,KRT
2026-02-12,KRT-035,0.0,KRT
2026-02-12,KRT-036,0.0,KRT
2026-02-12,KRT-037,0.0,KRT
2026-02-12,KRT-038,0.0,KRT
2026-02-12,KRT-039,0.0,KRT
2026-02-12,KRT-040,0.0,KRT
2026-02-12,KRT-041,0.0,KRT
2026-02-12,KRT-042,0.0,KRT
2026-02-12,KRT-043,0.0,KRT
2026-02-12,KRT-044,0.0,KRT
2026-02-12,KRT-045,0.0,KRT
2026-02-12,KRT-046,0.0,KRT
2026-02-12,KRT-047,0.0,KRT
2026-02-12,KRT-048,0.0,KRT
2026-02-12,KRT-049,0.0,KRT
2026-02-12,KRT-050,0.0,KRT
2026-02-12,KRT-051,0.25,KRT
2026-02-12,KRT-052,0.25,KRT
2026-02-12,KRT-053,0.0,KRT
2026-02-12,KRT-054,0.0,KRT
2026-02-12,KRT-055,0.0,KRT
2026-02-12,KRT-056,0.25,KRT
2026-02-12,KRT-057,0.0,KRT
2026-02-12,KRT-058,0.0,KRT
2026-02-12,KRT-059,0.0,KRT
2026-02-12,KRT-060,0.0,KRT
2026-02-12,KRT-061,0.25,KRT
2026-02-12,KRT-062,0.0,KRT
2026-02-12,KRT-063,0.0,KRT
2026-02-12,KRT-064,0.0,KRT
2026-02-12,KRT-065,0.0,KRT
2026-02-12,KRT-066,0.0,KRT
2026-02-12,KRT-067,0.0,KRT
2026-02-12,KRT-068,0.0,KRT
2026-02-12,KRT-069,0.0,KRT
2026-02-12,KRT-070,0.0,KRT
2026-02-12,KRT-071,0.0,KRT
2026-02-12,KRT-072,0.0,KRT
2026-02-12,KRT-073,0.0,KRT
2026-02-12,KRT-074,0.0,KRT
2026-02-12,RDM-101,0.0,RDM
2026-02-12,RDM-102,0.0,RDM
2026-02-12,RDM-103,0.0,RDM
2026-02-12,RDM-104,0.0,RDM
2026-02-12,RDM-105,0.0,RDM
2026-02-12,RDM-106,0.0,RDM
2026-02-12,RDM-107,0.0,RDM
2026-02-12,RDM-108,0.0,RDM
2026-02-12,RDM-109,0.0,RDM
2026-02-12,RDM-110,0.0,RDM
2026-02-12,RDM-112,0.0,RDM
2026-02-12,RDM-113,0.0,RDM
2026-02-12,RDM-114,0.0,RDM
2026-02-12,RDM-115,0.0,RDM
2026-02-12,RDM-116,0.0,RDM
2026-02-12,RDM-117,0.0,RDM
2026-02-12,RDM-118,0.3,RDM
2026-02-12,RDM-119,0.0,RDM
2026-02-12,RDM-120,0.0,RDM
2026-02-12,RDM-121,0.0,RDM
2026-02-12,RDM-122,0.0,RDM
2026-02-12,RDM-123,0.0,RDM
2026-02-12,RDM-124,0.0,RDM
2026-02-12,RDM-125,0.0,RDM
2026-02-12,RDM-126,0.0,RDM
2026-02-12,RDM-127,0.0,RDM
2026-02-12,RDM-128,0.0,RDM
2026-02-12,RDM-129,0.0,RDM
2026-02-12,RDM-130,0.0,RDM
2026-02-12,RDM-131,0.0,RDM
2026-02-12,RDM-132,0.0,RDM
2026-02-12,RDM-133,0.0,RDM
2026-02-13,KRT-001,0.76,KRT
2026-02-13,KRT-002,0.0,KRT
2026-02-13,KRT-003,0.0,KRT
2026-02-13,KRT-004,0.51,KRT
2026-02-13,KRT-005,0.75,KRT
2026-02-13,KRT-006,0.0,KRT
2026-02-13,KRT-007,0.0,KRT
2026-02-13,KRT-008,0.0,KRT
2026-02-13,KRT-009,0.0,KRT
2026-02-13,KRT-010,0.0,KRT
2026-02-13,KRT-011,0.0,KRT
2026-02-13,KRT-012,0.0,KRT
2026-02-13,KRT-013,0.25,KRT
2026-02-13,KRT-014,0.0,KRT
2026-02-13,KRT-015,3.05,KRT
2026-02-13,KRT-016,0.0,KRT
2026-02-13,KRT-017,0.25,KRT
2026-02-13,KRT-018,0.0,KRT
2026-02-13,KRT-019,0.51,KRT
2026-02-13,KRT-020,0.0,KRT
2026-02-13,KRT-021,0.25,KRT
2026-02-13,KRT-022,0.51,KRT
2026-02-13,KRT-023,0.0,KRT
2026-02-13,KRT-024,0.0,KRT
2026-02-13,KRT-025,0.0,KRT
2026-02-13,KRT-026,0.0,KRT
2026-02-13,KRT-027,0.0,KRT
2026-02-13,KRT-028,0.0,KRT
2026-02-13,KRT-029,0.51,KRT
2026-02-13,KRT-030,0.51,KRT
2026-02-13,KRT-031,0.51,KRT
2026-02-13,KRT-032,0.51,KRT
2026-02-13,KRT-033,0.25,KRT
2026-02-13,KRT-034,0.76,KRT
2026-02-13,KRT-035,2.03,KRT
2026-02-13,KRT-036,0.51,KRT
2026-02-13,KRT-037,0.0,KRT
2026-02-13,KRT-038,0.0,KRT
2026-02-13,KRT-039,1.27,KRT
2026-02-13,KRT-040,0.25,KRT
2026-02-13,KRT-041,0.0,KRT
2026-02-13,KRT-042,0.0,KRT
2026-02-13,KRT-043,0.0,KRT
2026-02-13,KRT-044,0.0,KRT
2026-02-13,KRT-045,0.0,KRT
2026-02-13,KRT-046,0.0,KRT
2026-02-13,KRT-047,0.0,KRT
2026-02-13,KRT-048,0.0,KRT
2026-02-13,KRT-049,0.0,KRT
2026-02-13,KRT-050,0.0,KRT
2026-02-13,KRT-051,0.0,KRT
2026-02-13,KRT-052,0.0,KRT
2026-02-13,KRT-053,0.0,KRT
2026-02-13,KRT-054,0.0,KRT
2026-02-13,KRT-055,0.0,KRT
2026-02-13,KRT-056,0.0,KRT
2026-02-13,KRT-057,0.0,KRT
2026-02-13,KRT-058,0.0,KRT
2026-02-13,KRT-059,0.25,KRT
2026-02-13,KRT-060,0.0,KRT
2026-02-13,KRT-061,0.0,KRT
2026-02-13,KRT-062,0.0,KRT
2026-02-13,KRT-063,0.0,KRT
2026-02-13,KRT-064,0.0,KRT
2026-02-13,KRT-065,0.0,KRT
2026-02-13,KRT-066,0.0,KRT
2026-02-13,KRT-067,0.0,KRT
2026-02-13,KRT-068,0.0,KRT
2026-02-13,KRT-069,0.0,KRT
2026-02-13,KRT-070,0.59,KRT
2026-02-13,KRT-071,0.0,KRT
2026-02-13,KRT-072,0.57,KRT
2026-02-13,KRT-073,0.0,KRT
2026-02-13,KRT-074,0.25,KRT
2026-02-13,RDM-101,0.0,RDM
2026-02-13,RDM-102,0.0,RDM
2026-02-13,RDM-103,0.0,RDM
2026-02-13,RDM-104,0.0,RDM
2026-02-13,RDM-105,0.0,RDM
2026-02-13,RDM-106,0.0,RDM
2026-02-13,RDM-107,0.6,RDM
2026-02-13,RDM-108,0.0,RDM
2026-02-13,RDM-109,0.0,RDM
2026-02-13,RDM-110,0.0,RDM
2026-02-13,RDM-112,0.0,RDM
2026-02-13,RDM-113,0.0,RDM
2026-02-13,RDM-114,0.0,RDM
2026-02-13,RDM-115,0.0,RDM
2026-02-13,RDM-116,0.0,RDM
2026-02-13,RDM-117,0.0,RDM
2026-02-13,RDM-118,0.9,RDM
2026-02-13,RDM-119,0.0,RDM
2026-02-13,RDM-120,0.0,RDM
2026-02-13,RDM-121,0.0,RDM
2026-02-13,RDM-122,0.0,RDM
2026-02-13,RDM-123,0.0,RDM
2026-02-13,RDM-124,0.6,RDM
2026-02-13,RDM-125,1.2,RDM
2026-02-13,RDM-126,0.0,RDM
2026-02-13,RDM-127,1.02,RDM
2026-02-13,RDM-128,0.51,RDM
2026-02-13,RDM-129,0.76,RDM
2026-02-13,RDM-130,1.27,RDM
2026-02-13,RDM-131,0.25,RDM
2026-02-13,RDM-132,0.0,RDM
2026-02-13,RDM-133,0.51,RDM
2026-02-14,KRT-001,0.0,KRT
2026-02-14,KRT-002,0.0,KRT
2026-02-14,KRT-003,0.0,KRT
2026-02-14,KRT-004,0.0,KRT
2026-02-14,KRT-005,0.0,KRT
2026-02-14,KRT-006,0.0,KRT
2026-02-14,KRT-007,0.0,KRT
2026-02-14,KRT-008,0.0,KRT
2026-02-14,KRT-009,0.0,KRT
2026-02-14,KRT-010,0.0,KRT
2026-02-14,KRT-011,0.25,KRT
2026-02-14,KRT-012,0.0,KRT
2026-02-14,KRT-013,0.0,KRT
2026-02-14,KRT-014,0.0,KRT
2026-02-14,KRT-015,0.0,KRT
2026-02-14,KRT-016,0.0,KRT
2026-02-14,KRT-017,0.0,KRT
2026-02-14,KRT-018,0.0,KRT
2026-02-14,KRT-019,0.0,KRT
2026-02-14,KRT-020,0.0,KRT
2026-02-14,KRT-021,0.0,KRT
2026-02-14,KRT-022,0.0,KRT
2026-02-14,KRT-023,0.0,KRT
2026-02-14,KRT-024,0.0,KRT
2026-02-14,KRT-025,0.0,KRT
2026-02-14,KRT-026,0.0,KRT
2026-02-14,KRT-027,0.0,KRT
2026-02-14,KRT-028,0.0,KRT
2026-02-14,KRT-029,0.0,KRT
2026-02-14,KRT-030,0.0,KRT
2026-02-14,KRT-031,0.0,KRT
2026-02-14,KRT-032,0.51,KRT
2026-02-14,KRT-033,0.0,KRT
2026-02-14,KRT-034,0.0,KRT
2026-02-14,KRT-035,0.25,KRT
2026-02-14,KRT-036,0.0,KRT
2026-02-14,KRT-037,0.0,KRT
2026-02-14,KRT-038,0.0,KRT
2026-02-14,KRT-039,0.0,KRT
2026-02-14,KRT-040,0.0,KRT
2026-02-14,KRT-041,0.0,KRT
2026-02-14,KRT-042,0.0,KRT
2026-02-14,KRT-043,0.0,KRT
2026-02-14,KRT-044,0.0,KRT
2026-02-14,KRT-045,0.0,KRT
2026-02-14,KRT-046,0.0,KRT
2026-02-14,KRT-047,0.0,KRT
2026-02-14,KRT-048,0.0,KRT
2026-02-14,KRT-049,0.0,KRT
2026-02-14,KRT-050,0.0,KRT
2026-02-14,KRT-051,0.0,KRT
2026-02-14,KRT-052,0.0,KRT
2026-02-14,KRT-053,0.0,KRT
2026-02-14,KRT-054,0.0,KRT
2026-02-14,KRT-055,0.0,KRT
2026-02-14,KRT-056,0.0,KRT
2026-02-14,KRT-057,1.81,KRT
2026-02-14,KRT-058,0.0,KRT
2026-02-14,KRT-059,0.0,KRT
2026-02-14,KRT-060,0.0,KRT
2026-02-14,KRT-061,0.0,KRT
2026-02-14,KRT-062,0.0,KRT
2026-02-14,KRT-063,0.0,KRT
2026-02-14,KRT-064,0.0,KRT
2026-02-14,KRT-065,0.0,KRT
2026-02-14,KRT-066,0.0,KRT
2026-02-14,KRT-067,0.0,KRT
2026-02-14,KRT-068,0.0,KRT
2026-02-14,KRT-069,0.0,KRT
2026-02-14,KRT-070,0.0,KRT
2026-02-14,KRT-071,0.0,KRT
2026-02-14,KRT-072,0.0,KRT
2026-02-14,KRT-073,0.0,KRT
2026-02-14,KRT-074,0.0,KRT
2026-02-14,RDM-101,0.0,RDM
2026-02-14,RDM-102,0.0,RDM
2026-02-14,RDM-103,0.0,RDM
2026-02-14,RDM-104,0.0,RDM
2026-02-14,RDM-105,0.0,RDM
2026-02-14,RDM-106,0.0,RDM
2026-02-14,RDM-107,0.0,RDM
2026-02-14,RDM-108,0.0,RDM
2026-02-14,RDM-109,0.0,RDM
2026-02-14,RDM-110,0.0,RDM
2026-02-14,RDM-112,0.0,RDM
2026-02-14,RDM-113,0.0,RDM
2026-02-14,RDM-114,0.0,RDM
2026-02-14,RDM-115,0.0,RDM
2026-02-14,RDM-116,6.6,RDM
2026-02-14,RDM-117,0.0,RDM
2026-02-14,RDM-118,10.8,RDM
2026-02-14,RDM-119,0.0,RDM
2026-02-14,RDM-120,0.0,RDM
2026-02-14,RDM-121,0.0,RDM
2026-02-14,RDM-122,0.0,RDM
2026-02-14,RDM-123,0.0,RDM
2026-02-14,RDM-124,0.9,RDM
2026-02-14,RDM-125,0.0,RDM
2026-02-14,RDM-126,0.0,RDM
2026-02-14,RDM-127,0.0,RDM
2026-02-14,RDM-128,0.0,RDM
2026-02-14,RDM-129,0.0,RDM
2026-02-14,RDM-130,23.37,RDM
2026-02-14,RDM-131,0.0,RDM
2026-02-14,RDM-132,0.0,RDM
2026-02-14,RDM-133,2.29,RDM
2026-02-15,KRT-001,1.27,KRT
2026-02-15,KRT-002,0.0,KRT
2026-02-15,KRT-003,0.0,KRT
2026-02-15,KRT-004,0.0,KRT
2026-02-15,KRT-005,0.0,KRT
2026-02-15,KRT-006,0.0,KRT
2026-02-15,KRT-007,0.0,KRT
2026-02-15,KRT-008,0.0,KRT
2026-02-15,KRT-009,0.0,KRT
2026-02-15,KRT-010,42.67,KRT
2026-02-15,KRT-011,0.0,KRT
2026-02-15,KRT-012,8.38,KRT
2026-02-15,KRT-013,0.0,KRT
2026-02-15,KRT-014,2.79,KRT
2026-02-15,KRT-015,0.0,KRT
2026-02-15,KRT-016,0.0,KRT
2026-02-15,KRT-017,0.0,KRT
2026-02-15,KRT-018,0.0,KRT
2026-02-15,KRT-019,0.0,KRT
2026-02-15,KRT-020,0.0,KRT
2026-02-15,KRT-021,0.0,KRT
2026-02-15,KRT-022,0.0,KRT
2026-02-15,KRT-023,0.0,KRT
2026-02-15,KRT-024,0.0,KRT
2026-02-15,KRT-025,0.0,KRT
2026-02-15,KRT-026,0.0,KRT
2026-02-15,KRT-027,0.0,KRT
2026-02-15,KRT-028,0.0,KRT
2026-02-15,KRT-029,0.0,KRT
2026-02-15,KRT-030,0.0,KRT
2026-02-15,KRT-031,0.0,KRT
2026-02-15,KRT-032,0.0,KRT
2026-02-15,KRT-033,0.0,KRT
2026-02-15,KRT-034,0.0,KRT
2026-02-15,KRT-035,0.0,KRT
2026-02-15,KRT-036,0.0,KRT
2026-02-15,KRT-037,0.0,KRT
2026-02-15,KRT-038,0.0,KRT
2026-02-15,KRT-039,0.0,KRT
2026-02-15,KRT-040,0.0,KRT
2026-02-15,KRT-041,0.0,KRT
2026-02-15,KRT-042,0.0,KRT
2026-02-15,KRT-043,0.51,KRT
2026-02-15,KRT-044,0.0,KRT
2026-02-15,KRT-045,0.0,KRT
2026-02-15,KRT-046,0.0,KRT
2026-02-15,KRT-047,0.0,KRT
2026-02-15,KRT-048,0.0,KRT
2026-02-15,KRT-049,0.0,KRT
2026-02-15,KRT-050,0.0,KRT
2026-02-15,KRT-051,0.0,KRT
2026-02-15,KRT-052,0.25,KRT
2026-02-15,KRT-053,0.0,KRT
2026-02-15,KRT-054,0.0,KRT
2026-02-15,KRT-055,0.0,KRT
2026-02-15,KRT-056,0.0,KRT
2026-02-15,KRT-057,0.23,KRT
2026-02-15,KRT-058,0.0,KRT
2026-02-15,KRT-059,0.0,KRT
2026-02-15,KRT-060,1.02,KRT
2026-02-15,KRT-061,0.0,KRT
2026-02-15,KRT-062,0.0,KRT
2026-02-15,KRT-063,0.0,KRT
2026-02-15,KRT-064,0.0,KRT
2026-02-15,KRT-065,0.0,KRT
2026-02-15,KRT-066,0.0,KRT
2026-02-15,KRT-067,0.0,KRT
2026-02-15,KRT-068,0.0,KRT
2026-02-15,KRT-069,0.0,KRT
2026-02-15,KRT-070,0.0,KRT
2026-02-15,KRT-071,0.0,KRT
2026-02-15,KRT-072,0.0,KRT
2026-02-15,KRT-073,0.0,KRT
2026-02-15,KRT-074,0.0,KRT
2026-02-15,RDM-101,0.0,RDM
2026-02-15,RDM-102,0.0,RDM
2026-02-15,RDM-103,0.0,RDM
2026-02-15,RDM-104,0.0,RDM
2026-02-15,RDM-105,0.0,RDM
2026-02-15,RDM-106,0.0,RDM
2026-02-15,RDM-107,0.0,RDM
2026-02-15,RDM-108,0.0,RDM
2026-02-15,RDM-109,0.0,RDM
2026-02-15,RDM-110,0.0,RDM
2026-02-15,RDM-112,0.0,RDM
2026-02-15,RDM-113,0.0,RDM
2026-02-15,RDM-114,0.0,RDM
2026-02-15,RDM-115,0.51,RDM
2026-02-15,RDM-116,0.25,RDM
2026-02-15,RDM-117,1.2,RDM
2026-02-15,RDM-118,4.8,RDM
2026-02-15,RDM-119,0.0,RDM
2026-02-15,RDM-120,0.51,RDM
2026-02-15,RDM-121,0.0,RDM
2026-02-15,RDM-122,0.51,RDM
2026-02-15,RDM-123,0.0,RDM
2026-02-15,RDM-124,0.9,RDM
2026-02-15,RDM-125,1.5,RDM
2026-02-15,RDM-126,0.3,RDM
2026-02-15,RDM-127,0.0,RDM
2026-02-15,RDM-128,0.25,RDM
2026-02-15,RDM-129,0.0,RDM
2026-02-15,RDM-130,0.25,RDM
2026-02-15,RDM-131,0.0,RDM
2026-02-15,RDM-132,0.0,RDM
2026-02-15,RDM-133,4.32,RDM
2026-02-16,KRT-001,0.0,KRT
2026-02-16,KRT-002,0.0,KRT
2026-02-16,KRT-003,0.0,KRT
2026-02-16,KRT-004,0.0,KRT
2026-02-16,KRT-005,0.0,KRT
2026-02-16,KRT-006,0.0,KRT
2026-02-16,KRT-007,0.0,KRT
2026-02-16,KRT-008,0.0,KRT
2026-02-16,KRT-009,0.0,KRT
2026-02-16,KRT-010,31.5,KRT
2026-02-16,KRT-011,0.0,KRT
2026-02-16,KRT-012,1.02,KRT
2026-02-16,KRT-013,0.0,KRT
2026-02-16,KRT-014,0.0,KRT
2026-02-16,KRT-015,0.0,KRT
2026-02-16,KRT-016,0.0,KRT
2026-02-16,KRT-017,0.0,KRT
2026-02-16,KRT-018,0.0,KRT
2026-02-16,KRT-019,0.0,KRT
2026-02-16,KRT-020,0.0,KRT
2026-02-16,KRT-021,0.0,KRT
2026-02-16,KRT-022,0.0,KRT
2026-02-16,KRT-023,0.0,KRT
2026-02-16,KRT-024,0.0,KRT
2026-02-16,KRT-025,0.0,KRT
2026-02-16,KRT-026,0.0,KRT
2026-02-16,KRT-027,0.0,KRT
2026-02-16,KRT-028,0.0,KRT
2026-02-16,KRT-029,0.0,KRT
2026-02-16,KRT-030,0.0,KRT
2026-02-16,KRT-031,0.0,KRT
2026-02-16,KRT-032,0.0,KRT
2026-02-16,KRT-033,0.0,KRT
2026-02-16,KRT-034,0.0,KRT
2026-02-16,KRT-035,0.0,KRT
2026-02-16,KRT-036,0.0,KRT
2026-02-16,KRT-037,0.0,KRT
2026-02-16,KRT-038,0.0,KRT
2026-02-16,KRT-039,0.0,KRT
2026-02-16,KRT-040,0.0,KRT
2026-02-16,KRT-041,0.0,KRT
2026-02-16,KRT-042,0.0,KRT
2026-02-16,KRT-043,0.0,KRT
2026-02-16,KRT-044,0.0,KRT
2026-02-16,KRT-045,0.0,KRT
2026-02-16,KRT-046,0.0,KRT
2026-02-16,KRT-047,0.0,KRT
2026-02-16,KRT-048,0.0,KRT
2026-02-16,KRT-049,0.0,KRT
2026-02-16,KRT-050,0.0,KRT
2026-02-16,KRT-051,0.0,KRT
2026-02-16,KRT-052,0.51,KRT
2026-02-16,KRT-053,0.0,KRT
2026-02-16,KRT-054,0.0,KRT
2026-02-16,KRT-055,0.0,KRT
2026-02-16,KRT-056,0.0,KRT
2026-02-16,KRT-057,0.0,KRT
2026-02-16,KRT-058,0.0,KRT
2026-02-16,KRT-059,0.0,KRT
2026-02-16,KRT-060,1.52,KRT
2026-02-16,KRT-061,0.0,KRT
2026-02-16,KRT-062,0.0,KRT
2026-02-16,KRT-063,0.0,KRT
2026-02-16,KRT-064,0.6,KRT
2026-02-16,KRT-065,0.0,KRT
2026-02-16,KRT-066,0.0,KRT
2026-02-16,KRT-067,0.0,KRT
2026-02-16,KRT-068,0.0,KRT
2026-02-16,KRT-069,0.0,KRT
2026-02-16,KRT-070,0.0,KRT
2026-02-16,KRT-071,0.0,KRT
2026-02-16,KRT-072,0.0,KRT
2026-02-16,KRT-073,0.0,KRT
2026-02-16,KRT-074,0.0,KRT
2026-02-16,RDM-101,0.0,RDM
2026-02-16,RDM-102,0.0,RDM
2026-02-16,RDM-103,0.0,RDM
2026-02-16,RDM-104,0.0,RDM
2026-02-16,RDM-105,0.0,RDM
2026-02-16,RDM-106,0.0,RDM
2026-02-16,RDM-107,0.0,RDM
2026-02-16,RDM-108,0.0,RDM
2026-02-16,RDM-109,0.0,RDM
2026-02-16,RDM-110,0.0,RDM
2026-02-16,RDM-112,0.0,RDM
2026-02-16,RDM-113,0.0,RDM
2026-02-16,RDM-114,0.0,RDM
2026-02-16,RDM-115,0.0,RDM
2026-02-16,RDM-116,0.0,RDM
2026-02-16,RDM-117,0.0,RDM
2026-02-16,RDM-118,0.0,RDM
2026-02-16,RDM-119,0.0,RDM
2026-02-16,RDM-120,0.0,RDM
2026-02-16,RDM-121,0.0,RDM
2026-02-16,RDM-122,0.0,RDM
2026-02-16,RDM-123,0.0,RDM
2026-02-16,RDM-124,0.0,RDM
2026-02-16,RDM-125,0.0,RDM
2026-02-16,RDM-126,0.0,RDM
2026-02-16,RDM-127,0.0,RDM
2026-02-16,RDM-128,0.0,RDM
2026-02-16,RDM-129,0.0,RDM
2026-02-16,RDM-130,0.25,RDM
2026-02-16,RDM-131,0.0,RDM
2026-02-16,RDM-132,0.0,RDM
2026-02-16,RDM-133,0.0,RDM
2026-02-17,KRT-001,0.0,KRT
2026-02-17,KRT-002,0.0,KRT
2026-02-17,KRT-003,0.0,KRT
2026-02-17,KRT-004,0.0,KRT
2026-02-17,KRT-005,0.0,KRT
2026-02-17,KRT-006,0.0,KRT
2026-02-17,KRT-007,0.0,KRT
2026-02-17,KRT-008,0.0,KRT
2026-02-17,KRT-009,0.0,KRT
2026-02-17,KRT-010,0.0,KRT
2026-02-17,KRT-011,0.0,KRT
2026-02-17,KRT-012,0.25,KRT
2026-02-17,KRT-013,0.0,KRT
2026-02-17,KRT-014,1.52,KRT
2026-02-17,KRT-015,0.0,KRT
2026-02-17,KRT-016,0.0,KRT
2026-02-17,KRT-017,0.0,KRT
2026-02-17,KRT-018,0.0,KRT
2026-02-17,KRT-019,0.0,KRT
2026-02-17,KRT-020,0.0,KRT
2026-02-17,KRT-021,0.0,KRT
2026-02-17,KRT-022,0.0,KRT
2026-02-17,KRT-023,0.0,KRT
2026-02-17,KRT-024,0.0,KRT
2026-02-17,KRT-025,0.0,KRT
2026-02-17,KRT-026,0.0,KRT
2026-02-17,KRT-027,0.0,KRT
2026-02-17,KRT-028,0.0,KRT
2026-02-17,KRT-029,0.0,KRT
2026-02-17,KRT-030,0.0,KRT
2026-02-17,KRT-031,0.0,KRT
2026-02-17,KRT-032,0.0,KRT
2026-02-17,KRT-033,0.0,KRT
2026-02-17,KRT-034,0.0,KRT
2026-02-17,KRT-035,0.76,KRT
2026-02-17,KRT-036,0.0,KRT
2026-02-17,KRT-037,0.0,KRT
2026-02-17,KRT-038,0.0,KRT
2026-02-17,KRT-039,0.0,KRT
2026-02-17,KRT-040,0.0,KRT
2026-02-17,KRT-041,0.0,KRT
2026-02-17,KRT-042,0.25,KRT
2026-02-17,KRT-043,0.0,KRT
2026-02-17,KRT-044,0.0,KRT
2026-02-17,KRT-045,0.0,KRT
2026-02-17,KRT-046,0.0,KRT
2026-02-17,KRT-047,0.0,KRT
2026-02-17,KRT-048,0.0,KRT
2026-02-17,KRT-049,0.0,KRT
2026-02-17,KRT-050,0.0,KRT
2026-02-17,KRT-051,0.0,KRT
2026-02-17,KRT-052,0.0,KRT
2026-02-17,KRT-053,0.0,KRT
2026-02-17,KRT-054,0.0,KRT
2026-02-17,KRT-055,0.0,KRT
2026-02-17,KRT-056,0.25,KRT
2026-02-17,KRT-057,0.0,KRT
2026-02-17,KRT-058,0.0,KRT
2026-02-17,KRT-059,0.0,KRT
2026-02-17,KRT-060,0.0,KRT
2026-02-17,KRT-061,0.0,KRT
2026-02-17,KRT-062,0.0,KRT
2026-02-17,KRT-063,0.0,KRT
2026-02-17,KRT-064,2.4,KRT
2026-02-17,KRT-065,0.3,KRT
2026-02-17,KRT-066,0.0,KRT
2026-02-17,KRT-067,0.0,KRT
2026-02-17,KRT-068,0.0,KRT
2026-02-17,KRT-069,0.0,KRT
2026-02-17,KRT-070,0.0,KRT
2026-02-17,KRT-071,0.0,KRT
2026-02-17,KRT-072,0.0,KRT
2026-02-17,KRT-073,0.0,KRT
2026-02-17,KRT-074,0.0,KRT
2026-02-17,RDM-101,0.0,RDM
2026-02-17,RDM-102,0.0,RDM
2026-02-17,RDM-103,0.51,RDM
2026-02-17,RDM-104,0.25,RDM
2026-02-17,RDM-105,0.25,RDM
2026-02-17,RDM-106,0.25,RDM
2026-02-17,RDM-107,0.6,RDM
2026-02-17,RDM-108,0.0,RDM
2026-02-17,RDM-109,0.0,RDM
2026-02-17,RDM-110,0.0,RDM
2026-02-17,RDM-112,0.0,RDM
2026-02-17,RDM-113,0.0,RDM
2026-02-17,RDM-114,0.0,RDM
2026-02-17,RDM-115,0.0,RDM
2026-02-17,RDM-116,0.0,RDM
2026-02-17,RDM-117,0.0,RDM
2026-02-17,RDM-118,0.3,RDM
2026-02-17,RDM-119,0.0,RDM
2026-02-17,RDM-120,0.0,RDM
2026-02-17,RDM-121,0.0,RDM
2026-02-17,RDM-122,0.0,RDM
2026-02-17,RDM-123,0.0,RDM
2026-02-17,RDM-124,0.0,RDM
2026-02-17,RDM-125,0.0,RDM
2026-02-17,RDM-126,0.0,RDM
2026-02-17,RDM-127,0.0,RDM
2026-02-17,RDM-128,0.0,RDM
2026-02-17,RDM-129,0.0,RDM
2026-02-17,RDM-130,0.0,RDM
2026-02-17,RDM-131,0.0,RDM
2026-02-17,RDM-132,0.0,RDM
2026-02-17,RDM-133,0.0,RDM
2026-02-18,KRT-001,0.0,KRT
2026-02-18,KRT-002,0.0,KRT
2026-02-18,KRT-003,0.0,KRT
2026-02-18,KRT-004,0.0,KRT
2026-02-18,KRT-005,0.0,KRT
2026-02-18,KRT-006,0.0,KRT
2026-02-18,KRT-007,0.0,KRT
2026-02-18,KRT-008,0.0,KRT
2026-02-18,KRT-009,0.0,KRT
2026-02-18,KRT-010,0.0,KRT
2026-02-18,KRT-011,0.25,KRT
2026-02-18,KRT-012,0.0,KRT
2026-02-18,KRT-013,0.25,KRT
2026-02-18,KRT-014,0.0,KRT
2026-02-18,KRT-015,0.0,KRT
2026-02-18,KRT-016,0.0,KRT
2026-02-18,KRT-017,0.0,KRT
2026-02-18,KRT-018,0.0,KRT
2026-02-18,KRT-019,0.0,KRT
2026-02-18,KRT-020,0.0,KRT
2026-02-18,KRT-021,0.0,KRT
2026-02-18,KRT-022,0.0,KRT
2026-02-18,KRT-023,0.0,KRT
2026-02-18,KRT-024,0.0,KRT
2026-02-18,KRT-025,0.0,KRT
2026-02-18,KRT-026,0.0,KRT
2026-02-18,KRT-027,0.0,KRT
2026-02-18,KRT-028,0.0,KRT
2026-02-18,KRT-029,0.0,KRT
2026-02-18,KRT-030,0.0,KRT
2026-02-18,KRT-031,0.0,KRT
2026-02-18,KRT-032,0.0,KRT
2026-02-18,KRT-033,0.0,KRT
2026-02-18,KRT-034,0.0,KRT
2026-02-18,KRT-035,0.0,KRT
2026-02-18,KRT-036,0.0,KRT
2026-02-18,KRT-037,0.0,KRT
2026-02-18,KRT-038,0.0,KRT
2026-02-18,KRT-039,0.25,KRT
2026-02-18,KRT-040,0.0,KRT
2026-02-18,KRT-041,0.0,KRT
2026-02-18,KRT-042,0.51,KRT
2026-02-18,KRT-043,0.0,KRT
2026-02-18,KRT-044,0.0,KRT
2026-02-18,KRT-045,0.0,KRT
2026-02-18,KRT-046,0.0,KRT
2026-02-18,KRT-047,0.0,KRT
2026-02-18,KRT-048,0.0,KRT
2026-02-18,KRT-049,0.0,KRT
2026-02-18,KRT-050,0.0,KRT
2026-02-18,KRT-051,0.0,KRT
2026-02-18,KRT-052,0.0,KRT
2026-02-18,KRT-053,0.0,KRT
2026-02-18,KRT-054,0.0,KRT
2026-02-18,KRT-055,0.0,KRT
2026-02-18,KRT-056,0.0,KRT
2026-02-18,KRT-057,0.0,KRT
2026-02-18,KRT-058,0.0,KRT
2026-02-18,KRT-059,1.02,KRT
2026-02-18,KRT-060,3.16,KRT
2026-02-18,KRT-061,2.2,KRT
2026-02-18,KRT-062,2.41,KRT
2026-02-18,KRT-063,0.9,KRT
2026-02-18,KRT-064,0.3,KRT
2026-02-18,KRT-065,0.3,KRT
2026-02-18,KRT-066,1.78,KRT
2026-02-18,KRT-067,3.3,KRT
2026-02-18,KRT-068,0.0,KRT
2026-02-18,KRT-069,2.03,KRT
2026-02-18,KRT-070,0.59,KRT
2026-02-18,KRT-071,0.25,KRT
2026-02-18,KRT-072,3.8,KRT
2026-02-18,KRT-073,0.0,KRT
2026-02-18,KRT-074,0.0,KRT
2026-02-18,RDM-101,0.0,RDM
2026-02-18,RDM-102,0.0,RDM
2026-02-18,RDM-103,0.0,RDM
2026-02-18,RDM-104,0.0,RDM
2026-02-18,RDM-105,0.0,RDM
2026-02-18,RDM-106,0.0,RDM
2026-02-18,RDM-107,0.0,RDM
2026-02-18,RDM-108,0.0,RDM
2026-02-18,RDM-109,0.0,RDM
2026-02-18,RDM-110,0.0,RDM
2026-02-18,RDM-112,0.0,RDM
2026-02-18,RDM-113,0.0,RDM
2026-02-18,RDM-114,0.0,RDM
2026-02-18,RDM-115,0.0,RDM
2026-02-18,RDM-116,0.0,RDM
2026-02-18,RDM-117,0.0,RDM
2026-02-18,RDM-118,0.0,RDM
2026-02-18,RDM-119,0.0,RDM
2026-02-18,RDM-120,0.0,RDM
2026-02-18,RDM-121,0.0,RDM
2026-02-18,RDM-122,0.0,RDM
2026-02-18,RDM-123,0.0,RDM
2026-02-18,RDM-124,0.0,RDM
2026-02-18,RDM-125,0.0,RDM
2026-02-18,RDM-126,0.0,RDM
2026-02-18,RDM-127,0.0,RDM
2026-02-18,RDM-128,0.0,RDM
2026-02-18,RDM-129,0.0,RDM
2026-02-18,RDM-130,0.0,RDM
2026-02-18,RDM-131,0.0,RDM
2026-02-18,RDM-132,0.6,RDM
2026-02-18,RDM-133,0.0,RDM
2026-02-19,KRT-001,12.7,KRT
2026-02-19,KRT-002,9.96,KRT
2026-02-19,KRT-003,10.28,KRT
2026-02-19,KRT-004,10.16,KRT
2026-02-19,KRT-005,4.5,KRT
2026-02-19,KRT-006,5.06,KRT
2026-02-19,KRT-007,18.8,KRT
2026-02-19,KRT-008,4.06,KRT
2026-02-19,KRT-009,11.94,KRT
2026-02-19,KRT-010,11.68,KRT
2026-02-19,KRT-011,8.89,KRT
2026-02-19,KRT-012,10.25,KRT
2026-02-19,KRT-013,8.07,KRT
2026-02-19,KRT-014,11.94,KRT
2026-02-19,KRT-015,2.29,KRT
2026-02-19,KRT-016,1.95,KRT
2026-02-19,KRT-017,2.03,KRT
2026-02-19,KRT-018,1.89,KRT
2026-02-19,KRT-019,5.08,KRT
2026-02-19,KRT-020,2.03,KRT
2026-02-19,KRT-021,5.08,KRT
2026-02-19,KRT-022,3.56,KRT
2026-02-19,KRT-023,6.1,KRT
2026-02-19,KRT-024,4.32,KRT
2026-02-19,KRT-025,6.6,KRT
2026-02-19,KRT-026,7.23,KRT
2026-02-19,KRT-027,7.89,KRT
2026-02-19,KRT-028,14.48,KRT
2026-02-19,KRT-029,13.97,KRT
2026-02-19,KRT-030,26.16,KRT
2026-02-19,KRT-031,18.29,KRT
2026-02-19,KRT-032,11.94,KRT
2026-02-19,KRT-033,10.67,KRT
2026-02-19,KRT-034,13.21,KRT
2026-02-19,KRT-035,4.06,KRT
2026-02-19,KRT-036,2.79,KRT
2026-02-19,KRT-037,1.52,KRT
2026-02-19,KRT-038,1.78,KRT
2026-02-19,KRT-039,2.29,KRT
2026-02-19,KRT-040,2.03,KRT
2026-02-19,KRT-041,7.56,KRT
2026-02-19,KRT-042,1.52,KRT
2026-02-19,KRT-043,1.78,KRT
2026-02-19,KRT-044,26.42,KRT
2026-02-19,KRT-045,2.89,KRT
2026-02-19,KRT-046,3.81,KRT
2026-02-19,KRT-047,3.56,KRT
2026-02-19,KRT-048,3.25,KRT
2026-02-19,KRT-049,3.78,KRT
2026-02-19,KRT-050,27.43,KRT
2026-02-19,KRT-051,23.88,KRT
2026-02-19,KRT-052,7.87,KRT
2026-02-19,KRT-053,30.25,KRT
2026-02-19,KRT-054,27.18,KRT
2026-02-19,KRT-055,29.72,KRT
2026-02-19,KRT-056,28.19,KRT
2026-02-19,KRT-057,18.98,KRT
2026-02-19,KRT-058,14.13,KRT
2026-02-19,KRT-059,23.37,KRT
2026-02-19,KRT-060,17.7,KRT
2026-02-19,KRT-061,11.4,KRT
2026-02-19,KRT-062,11.45,KRT
2026-02-19,KRT-063,17.1,KRT
2026-02-19,KRT-064,17.7,KRT
2026-02-19,KRT-065,18.3,KRT
2026-02-19,KRT-066,12.6,KRT
2026-02-19,KRT-067,12.57,KRT
2026-02-19,KRT-068,12.7,KRT
2026-02-19,KRT-069,33.27,KRT
2026-02-19,KRT-070,24.43,KRT
2026-02-19,KRT-071,35.81,KRT
2026-02-19,KRT-072,31.73,KRT
2026-02-19,KRT-073,9.91,KRT
2026-02-19,KRT-074,9.3,KRT
2026-02-19,RDM-101,4.5,RDM
2026-02-19,RDM-102,3.75,RDM
2026-02-19,RDM-103,4.32,RDM
2026-02-19,RDM-104,3.81,RDM
2026-02-19,RDM-105,4.32,RDM
2026-02-19,RDM-106,3.56,RDM
2026-02-19,RDM-107,7.5,RDM
2026-02-19,RDM-108,5.84,RDM
2026-02-19,RDM-109,3.81,RDM
2026-02-19,RDM-110,5.1,RDM
2026-02-19,RDM-112,3.05,RDM
2026-02-19,RDM-113,3.1,RDM
2026-02-19,RDM-114,2.5,RDM
2026-02-19,RDM-115,3.05,RDM
2026-02-19,RDM-116,2.29,RDM
2026-02-19,RDM-117,3.3,RDM
2026-02-19,RDM-118,1.59,RDM
2026-02-19,RDM-119,2.29,RDM
2026-02-19,RDM-120,1.02,RDM
2026-02-19,RDM-121,1.52,RDM
2026-02-19,RDM-122,1.0,RDM
2026-02-19,RDM-123,1.02,RDM
2026-02-19,RDM-124,1.8,RDM
2026-02-19,RDM-125,3.0,RDM
2026-02-19,RDM-126,2.7,RDM
2026-02-19,RDM-127,2.54,RDM
2026-02-19,RDM-128,3.05,RDM
2026-02-19,RDM-129,2.54,RDM
2026-02-19,RDM-130,2.79,RDM
2026-02-19,RDM-131,3.05,RDM
2026-02-19,RDM-132,5.1,RDM
2026-02-19,RDM-133,2.29,RDM
2026-02-20,KRT-001,39.88,KRT
2026-02-20,KRT-002,39.96,KRT
2026-02-20,KRT-003,52.07,KRT
2026-02-20,KRT-004,35.93,KRT
2026-02-20,KRT-005,31.0,KRT
2026-02-20,KRT-006,33.38,KRT
2026-02-20,KRT-007,47.76,KRT
2026-02-20,KRT-008,37.34,KRT
2026-02-20,KRT-009,46.74,KRT
2026-02-20,KRT-010,45.21,KRT
2026-02-20,KRT-011,46.74,KRT
2026-02-20,KRT-012,47.95,KRT
2026-02-20,KRT-013,49.02,KRT
2026-02-20,KRT-014,42.16,KRT
2026-02-20,KRT-015,23.62,KRT
2026-02-20,KRT-016,26.41,KRT
2026-02-20,KRT-017,36.83,KRT
2026-02-20,KRT-018,32.85,KRT
2026-02-20,KRT-019,42.67,KRT
2026-02-20,KRT-020,52.58,KRT
2026-02-20,KRT-021,49.28,KRT
2026-02-20,KRT-022,51.56,KRT
2026-02-20,KRT-023,57.66,KRT
2026-02-20,KRT-024,58.93,KRT
2026-02-20,KRT-025,44.45,KRT
2026-02-20,KRT-026,44.26,KRT
2026-02-20,KRT-027,46.23,KRT
2026-02-20,KRT-028,33.27,KRT
2026-02-20,KRT-029,26.92,KRT
2026-02-20,KRT-030,40.89,KRT
2026-02-20,KRT-031,23.11,KRT
2026-02-20,KRT-032,20.73,KRT
2026-02-20,KRT-033,25.15,KRT
2026-02-20,KRT-034,19.75,KRT
2026-02-20,KRT-035,23.11,KRT
2026-02-20,KRT-036,19.81,KRT
2026-02-20,KRT-037,35.05,KRT
2026-02-20,KRT-038,18.29,KRT
2026-02-20,KRT-039,31.75,KRT
2026-02-20,KRT-040,19.56,KRT
2026-02-20,KRT-041,22.36,KRT
2026-02-20,KRT-042,18.8,KRT
2026-02-20,KRT-043,21.34,KRT
2026-02-20,KRT-044,66.04,KRT
2026-02-20,KRT-045,22.54,KRT
2026-02-20,KRT-046,25.33,KRT
2026-02-20,KRT-047,26.07,KRT
2026-02-20,KRT-048,42.57,KRT
2026-02-20,KRT-049,44.96,KRT
2026-02-20,KRT-050,55.88,KRT
2026-02-20,KRT-051,46.99,KRT
2026-02-20,KRT-052,30.73,KRT
2026-02-20,KRT-053,74.69,KRT
2026-02-20,KRT-054,80.52,KRT
2026-02-20,KRT-055,85.6,KRT
2026-02-20,KRT-056,74.17,KRT
2026-02-20,KRT-057,53.34,KRT
2026-02-20,KRT-058,81.0,KRT
2026-02-20,KRT-059,66.04,KRT
2026-02-20,KRT-060,94.8,KRT
2026-02-20,KRT-061,56.4,KRT
2026-02-20,KRT-062,77.53,KRT
2026-02-20,KRT-063,30.9,KRT
2026-02-20,KRT-064,25.5,KRT
2026-02-20,KRT-065,42.3,KRT
2026-02-20,KRT-066,50.2,KRT
2026-02-20,KRT-067,62.99,KRT
2026-02-20,KRT-068,50.56,KRT
2026-02-20,KRT-069,28.96,KRT
2026-02-20,KRT-070,25.02,KRT
2026-02-20,KRT-071,20.54,KRT
2026-02-20,KRT-072,20.24,KRT
2026-02-20,KRT-073,55.37,KRT
2026-02-20,KRT-074,65.53,KRT
2026-02-20,RDM-101,35.25,RDM
2026-02-20,RDM-102,40.25,RDM
2026-02-20,RDM-103,38.35,RDM
2026-02-20,RDM-104,34.8,RDM
2026-02-20,RDM-105,27.43,RDM
2026-02-20,RDM-106,33.27,RDM
2026-02-20,RDM-107,33.6,RDM
2026-02-20,RDM-108,27.69,RDM
2026-02-20,RDM-109,26.16,RDM
2026-02-20,RDM-110,29.1,RDM
2026-02-20,RDM-112,34.04,RDM
2026-02-20,RDM-113,31.8,RDM
2026-02-20,RDM-114,42.0,RDM
2026-02-20,RDM-115,36.07,RDM
2026-02-20,RDM-116,41.15,RDM
2026-02-20,RDM-117,46.5,RDM
2026-02-20,RDM-118,33.4,RDM
2026-02-20,RDM-119,31.75,RDM
2026-02-20,RDM-120,27.43,RDM
2026-02-20,RDM-121,27.43,RDM
2026-02-20,RDM-122,26.16,RDM
2026-02-20,RDM-123,20.57,RDM
2026-02-20,RDM-124,28.2,RDM
2026-02-20,RDM-125,37.5,RDM
2026-02-20,RDM-126,35.1,RDM
2026-02-20,RDM-127,29.72,RDM
2026-02-20,RDM-128,35.31,RDM
2026-02-20,RDM-129,31.5,RDM
2026-02-20,RDM-130,32.77,RDM
2026-02-20,RDM-131,32.51,RDM
2026-02-20,RDM-132,43.8,RDM
2026-02-20,RDM-133,23.31,RDM
2026-02-21,KRT-001,5.08,KRT
2026-02-21,KRT-002,6.23,KRT
2026-02-21,KRT-003,5.59,KRT
2026-02-21,KRT-004,8.13,KRT
2026-02-21,KRT-005,16.25,KRT
2026-02-21,KRT-006,21.36,KRT
2026-02-21,KRT-007,29.21,KRT
2026-02-21,KRT-008,21.84,KRT
2026-02-21,KRT-009,17.27,KRT
2026-02-21,KRT-010,15.24,KRT
2026-02-21,KRT-011,7.37,KRT
2026-02-21,KRT-012,8.53,KRT
2026-02-21,KRT-013,8.26,KRT
2026-02-21,KRT-014,4.32,KRT
2026-02-21,KRT-015,17.53,KRT
2026-02-21,KRT-016,18.74,KRT
2026-02-21,KRT-017,21.34,KRT
2026-02-21,KRT-018,21.41,KRT
2026-02-21,KRT-019,19.56,KRT
2026-02-21,KRT-020,25.15,KRT
2026-02-21,KRT-021,20.32,KRT
2026-02-21,KRT-022,17.53,KRT
2026-02-21,KRT-023,11.43,KRT
2026-02-21,KRT-024,18.54,KRT
2026-02-21,KRT-025,8.89,KRT
2026-02-21,KRT-026,4.56,KRT
2026-02-21,KRT-027,6.35,KRT
2026-02-21,KRT-028,6.34,KRT
2026-02-21,KRT-029,5.08,KRT
2026-02-21,KRT-030,11.18,KRT
2026-02-21,KRT-031,6.35,KRT
2026-02-21,KRT-032,3.3,KRT
2026-02-21,KRT-033,6.35,KRT
2026-02-21,KRT-034,3.05,KRT
2026-02-21,KRT-035,17.02,KRT
2026-02-21,KRT-036,14.73,KRT
2026-02-21,KRT-037,11.18,KRT
2026-02-21,KRT-038,10.16,KRT
2026-02-21,KRT-039,8.89,KRT
2026-02-21,KRT-040,6.1,KRT
2026-02-21,KRT-041,6.21,KRT
2026-02-21,KRT-042,6.1,KRT
2026-02-21,KRT-043,6.15,KRT
2026-02-21,KRT-044,8.64,KRT
2026-02-21,KRT-045,5.89,KRT
2026-02-21,KRT-046,3.05,KRT
2026-02-21,KRT-047,4.06,KRT
2026-02-21,KRT-048,4.52,KRT
2026-02-21,KRT-049,8.13,KRT
2026-02-21,KRT-050,10.92,KRT
2026-02-21,KRT-051,17.53,KRT
2026-02-21,KRT-052,4.06,KRT
2026-02-21,KRT-053,6.12,KRT
2026-02-21,KRT-054,9.14,KRT
2026-02-21,KRT-055,6.35,KRT
2026-02-21,KRT-056,11.94,KRT
2026-02-21,KRT-057,6.55,KRT
2026-02-21,KRT-058,7.25,KRT
2026-02-21,KRT-059,5.59,KRT
2026-02-21,KRT-060,7.5,KRT
2026-02-21,KRT-061,11.7,KRT
2026-02-21,KRT-062,8.32,KRT
2026-02-21,KRT-063,20.7,KRT
2026-02-21,KRT-064,18.0,KRT
2026-02-21,KRT-065,16.8,KRT
2026-02-21,KRT-066,4.8,KRT
2026-02-21,KRT-067,6.6,KRT
2026-02-21,KRT-068,4.12,KRT
2026-02-21,KRT-069,6.35,KRT
2026-02-21,KRT-070,7.29,KRT
2026-02-21,KRT-071,9.14,KRT
2026-02-21,KRT-072,9.31,KRT
2026-02-21,KRT-073,7.37,KRT
2026-02-21,KRT-074,3.56,KRT
2026-02-21,RDM-101,9.0,RDM
2026-02-21,RDM-102,8.5,RDM
2026-02-21,RDM-103,7.11,RDM
2026-02-21,RDM-104,7.37,RDM
2026-02-21,RDM-105,6.86,RDM
2026-02-21,RDM-106,7.37,RDM
2026-02-21,RDM-107,6.6,RDM
2026-02-21,RDM-108,5.56,RDM
2026-02-21,RDM-109,6.6,RDM
2026-02-21,RDM-110,4.9,RDM
2026-02-21,RDM-112,8.38,RDM
2026-02-21,RDM-113,5.1,RDM
2026-02-21,RDM-114,5.25,RDM
2026-02-21,RDM-115,5.33,RDM
2026-02-21,RDM-116,3.05,RDM
2026-02-21,RDM-117,3.3,RDM
2026-02-21,RDM-118,4.86,RDM
2026-02-21,RDM-119,4.32,RDM
2026-02-21,RDM-120,5.08,RDM
2026-02-21,RDM-121,5.33,RDM
2026-02-21,RDM-122,6.1,RDM
2026-02-21,RDM-123,4.06,RDM
2026-02-21,RDM-124,4.8,RDM
2026-02-21,RDM-125,3.9,RDM
2026-02-21,RDM-126,2.1,RDM
2026-02-21,RDM-127,1.52,RDM
2026-02-21,RDM-128,2.54,RDM
2026-02-21,RDM-129,1.52,RDM
2026-02-21,RDM-130,2.03,RDM
2026-02-21,RDM-131,3.3,RDM
2026-02-21,RDM-132,7.2,RDM
2026-02-21,RDM-133,3.56,RDM
2026-02-22,KRT-001,56.13,KRT
2026-02-22,KRT-002,66.0,KRT
2026-02-22,KRT-003,62.23,KRT
2026-02-22,KRT-004,71.88,KRT
2026-02-22,KRT-005,62.0,KRT
2026-02-22,KRT-006,62.3,KRT
2026-02-22,KRT-007,124.46,KRT
2026-02-22,KRT-008,61.47,KRT
2026-02-22,KRT-009,120.65,KRT
2026-02-22,KRT-010,103.38,KRT
2026-02-22,KRT-011,82.8,KRT
2026-02-22,KRT-012,85.93,KRT
2026-02-22,KRT-013,73.15,KRT
2026-02-22,KRT-014,73.91,KRT
2026-02-22,KRT-015,49.28,KRT
2026-02-22,KRT-016,49.56,KRT
2026-02-22,KRT-017,53.85,KRT
2026-02-22,KRT-018,50.25,KRT
2026-02-22,KRT-019,77.47,KRT
2026-02-22,KRT-020,68.07,KRT
2026-02-22,KRT-021,85.09,KRT
2026-02-22,KRT-022,71.37,KRT
2026-02-22,KRT-023,97.03,KRT
2026-02-22,KRT-024,68.58,KRT
2026-02-22,KRT-025,51.82,KRT
2026-02-22,KRT-026,53.62,KRT
2026-02-22,KRT-027,68.83,KRT
2026-02-22,KRT-028,56.13,KRT
2026-02-22,KRT-029,67.31,KRT
2026-02-22,KRT-030,72.14,KRT
2026-02-22,KRT-031,59.94,KRT
2026-02-22,KRT-032,36.58,KRT
2026-02-22,KRT-033,60.96,KRT
2026-02-22,KRT-034,33.53,KRT
2026-02-22,KRT-035,61.21,KRT
2026-02-22,KRT-036,56.64,KRT
2026-02-22,KRT-037,76.96,KRT
2026-02-22,KRT-038,52.83,KRT
2026-02-22,KRT-039,56.9,KRT
2026-02-22,KRT-040,62.48,KRT
2026-02-22,KRT-041,65.05,KRT
2026-02-22,KRT-042,59.44,KRT
2026-02-22,KRT-043,73.91,KRT
2026-02-22,KRT-044,68.07,KRT
2026-02-22,KRT-045,64.6,KRT
2026-02-22,KRT-046,73.91,KRT
2026-02-22,KRT-047,64.01,KRT
2026-02-22,KRT-048,45.72,KRT
2026-02-22,KRT-049,82.04,KRT
2026-02-22,KRT-050,68.58,KRT
2026-02-22,KRT-051,76.2,KRT
2026-02-22,KRT-052,83.31,KRT
2026-02-22,KRT-053,61.7,KRT
2026-02-22,KRT-054,71.37,KRT
2026-02-22,KRT-055,67.06,KRT
2026-02-22,KRT-056,73.66,KRT
2026-02-22,KRT-057,42.04,KRT
2026-02-22,KRT-058,56.75,KRT
2026-02-22,KRT-059,33.27,KRT
2026-02-22,KRT-060,58.2,KRT
2026-02-22,KRT-061,45.6,KRT
2026-02-22,KRT-062,56.28,KRT
2026-02-22,KRT-063,74.7,KRT
2026-02-22,KRT-064,85.8,KRT
2026-02-22,KRT-065,95.7,KRT
2026-02-22,KRT-066,41.66,KRT
2026-02-22,KRT-067,42.93,KRT
2026-02-22,KRT-068,40.02,KRT
2026-02-22,KRT-069,25.4,KRT
2026-02-22,KRT-070,27.97,KRT
2026-02-22,KRT-071,25.91,KRT
2026-02-22,KRT-072,38.76,KRT
2026-02-22,KRT-073,53.59,KRT
2026-02-22,KRT-074,61.47,KRT
2026-02-22,RDM-101,4.5,RDM
2026-02-22,RDM-102,3.75,RDM
2026-02-22,RDM-103,5.33,RDM
2026-02-22,RDM-104,4.06,RDM
2026-02-22,RDM-105,6.6,RDM
2026-02-22,RDM-106,5.84,RDM
2026-02-22,RDM-107,9.3,RDM
2026-02-22,RDM-108,4.23,RDM
2026-02-22,RDM-109,3.81,RDM
2026-02-22,RDM-110,3.8,RDM
2026-02-22,RDM-112,7.87,RDM
2026-02-22,RDM-113,5.4,RDM
2026-02-22,RDM-114,5.5,RDM
2026-02-22,RDM-115,7.37,RDM
2026-02-22,RDM-116,5.59,RDM
2026-02-22,RDM-117,5.4,RDM
2026-02-22,RDM-118,4.56,RDM
2026-02-22,RDM-119,2.79,RDM
2026-02-22,RDM-120,3.81,RDM
2026-02-22,RDM-121,7.62,RDM
2026-02-22,RDM-122,8.13,RDM
2026-02-22,RDM-123,8.13,RDM
2026-02-22,RDM-124,7.5,RDM
2026-02-22,RDM-125,4.5,RDM
2026-02-22,RDM-126,8.1,RDM
2026-02-22,RDM-127,2.54,RDM
2026-02-22,RDM-128,3.81,RDM
2026-02-22,RDM-129,2.79,RDM
2026-02-22,RDM-130,2.54,RDM
2026-02-22,RDM-131,3.56,RDM
2026-02-22,RDM-132,6.3,RDM
2026-02-22,RDM-133,4.57,RDM
2026-02-23,KRT-001,33.02,KRT
2026-02-23,KRT-002,22.66,KRT
2026-02-23,KRT-003,15.75,KRT
2026-02-23,KRT-004,19.05,KRT
2026-02-23,KRT-005,18.25,KRT
2026-02-23,KRT-006,18.47,KRT
2026-02-23,KRT-007,49.02,KRT
2026-02-23,KRT-008,17.53,KRT
2026-02-23,KRT-009,25.4,KRT
2026-02-23,KRT-010,27.43,KRT
2026-02-23,KRT-011,33.02,KRT
2026-02-23,KRT-012,27.79,KRT
2026-02-23,KRT-013,35.56,KRT
2026-02-23,KRT-014,32.51,KRT
2026-02-23,KRT-015,12.45,KRT
2026-02-23,KRT-016,19.12,KRT
2026-02-23,KRT-017,17.78,KRT
2026-02-23,KRT-018,19.12,KRT
2026-02-23,KRT-019,18.03,KRT
2026-02-23,KRT-020,24.64,KRT
2026-02-23,KRT-021,24.38,KRT
2026-02-23,KRT-022,20.57,KRT
2026-02-23,KRT-023,32.77,KRT
2026-02-23,KRT-024,17.71,KRT
2026-02-23,KRT-025,36.58,KRT
2026-02-23,KRT-026,34.06,KRT
2026-02-23,KRT-027,35.05,KRT
2026-02-23,KRT-028,38.86,KRT
2026-02-23,KRT-029,41.91,KRT
2026-02-23,KRT-030,25.65,KRT
2026-02-23,KRT-031,33.27,KRT
2026-02-23,KRT-032,26.54,KRT
2026-02-23,KRT-033,27.94,KRT
2026-02-23,KRT-034,28.7,KRT
2026-02-23,KRT-035,9.4,KRT
2026-02-23,KRT-036,17.78,KRT
2026-02-23,KRT-037,13.46,KRT
2026-02-23,KRT-038,15.49,KRT
2026-02-23,KRT-039,21.59,KRT
2026-02-23,KRT-040,26.92,KRT
2026-02-23,KRT-041,15.86,KRT
2026-02-23,KRT-042,24.13,KRT
2026-02-23,KRT-043,12.45,KRT
2026-02-23,KRT-044,32.0,KRT
2026-02-23,KRT-045,20.13,KRT
2026-02-23,KRT-046,19.81,KRT
2026-02-23,KRT-047,17.53,KRT
2026-02-23,KRT-048,18.37,KRT
2026-02-23,KRT-049,29.46,KRT
2026-02-23,KRT-050,13.21,KRT
2026-02-23,KRT-051,27.43,KRT
2026-02-23,KRT-052,25.91,KRT
2026-02-23,KRT-053,20.4,KRT
2026-02-23,KRT-054,24.38,KRT
2026-02-23,KRT-055,19.05,KRT
2026-02-23,KRT-056,21.59,KRT
2026-02-23,KRT-057,13.33,KRT
2026-02-23,KRT-058,17.0,KRT
2026-02-23,KRT-059,10.67,KRT
2026-02-23,KRT-060,12.0,KRT
2026-02-23,KRT-061,18.9,KRT
2026-02-23,KRT-062,14.89,KRT
2026-02-23,KRT-063,20.7,KRT
2026-02-23,KRT-064,14.1,KRT
2026-02-23,KRT-065,18.9,KRT
2026-02-23,KRT-066,6.6,KRT
2026-02-23,KRT-067,11.18,KRT
2026-02-23,KRT-068,9.51,KRT
2026-02-23,KRT-069,11.94,KRT
2026-02-23,KRT-070,13.4,KRT
2026-02-23,KRT-071,12.7,KRT
2026-02-23,KRT-072,15.77,KRT
2026-02-23,KRT-073,32.51,KRT
2026-02-23,KRT-074,22.86,KRT
2026-02-23,RDM-101,0.0,RDM
2026-02-23,RDM-102,1.0,RDM
2026-02-23,RDM-103,0.0,RDM
2026-02-23,RDM-104,0.0,RDM
2026-02-23,RDM-105,1.27,RDM
2026-02-23,RDM-106,0.0,RDM
2026-02-23,RDM-107,0.9,RDM
2026-02-23,RDM-108,1.27,RDM
2026-02-23,RDM-109,0.51,RDM
2026-02-23,RDM-110,0.0,RDM
2026-02-23,RDM-112,0.76,RDM
2026-02-23,RDM-113,1.8,RDM
2026-02-23,RDM-114,1.25,RDM
2026-02-23,RDM-115,0.76,RDM
2026-02-23,RDM-116,1.52,RDM
2026-02-23,RDM-117,5.4,RDM
2026-02-23,RDM-118,4.55,RDM
2026-02-23,RDM-119,9.91,RDM
2026-02-23,RDM-120,12.7,RDM
2026-02-23,RDM-121,10.41,RDM
2026-02-23,RDM-122,16.76,RDM
2026-02-23,RDM-123,14.99,RDM
2026-02-23,RDM-124,33.9,RDM
2026-02-23,RDM-125,25.2,RDM
2026-02-23,RDM-126,13.8,RDM
2026-02-23,RDM-127,14.22,RDM
2026-02-23,RDM-128,4.06,RDM
2026-02-23,RDM-129,8.38,RDM
2026-02-23,RDM-130,5.08,RDM
2026-02-23,RDM-131,7.37,RDM
2026-02-23,RDM-132,6.0,RDM
2026-02-23,RDM-133,19.81,RDM
2026-02-24,KRT-001,19.05,KRT
2026-02-24,KRT-002,15.08,KRT
2026-02-24,KRT-003,7.11,KRT
2026-02-24,KRT-004,16.26,KRT
2026-02-24,KRT-005,8.75,KRT
2026-02-24,KRT-006,13.58,KRT
2026-02-24,KRT-007,19.3,KRT
2026-02-24,KRT-008,12.7,KRT
2026-02-24,KRT-009,18.29,KRT
2026-02-24,KRT-010,17.02,KRT
2026-02-24,KRT-011,5.84,KRT
2026-02-24,KRT-012,10.09,KRT
2026-02-24,KRT-013,7.37,KRT
2026-02-24,KRT-014,9.4,KRT
2026-02-24,KRT-015,6.6,KRT
2026-02-24,KRT-016,7.8,KRT
2026-02-24,KRT-017,11.43,KRT
2026-02-24,KRT-018,11.87,KRT
2026-02-24,KRT-019,15.24,KRT
2026-02-24,KRT-020,13.21,KRT
2026-02-24,KRT-021,12.95,KRT
2026-02-24,KRT-022,11.94,KRT
2026-02-24,KRT-023,8.13,KRT
2026-02-24,KRT-024,9.4,KRT
2026-02-24,KRT-025,17.27,KRT
2026-02-24,KRT-026,16.6,KRT
2026-02-24,KRT-027,23.11,KRT
2026-02-24,KRT-028,20.07,KRT
2026-02-24,KRT-029,29.72,KRT
2026-02-24,KRT-030,9.65,KRT
2026-02-24,KRT-031,23.11,KRT
2026-02-24,KRT-032,17.02,KRT
2026-02-24,KRT-033,20.83,KRT
2026-02-24,KRT-034,19.56,KRT
2026-02-24,KRT-035,7.37,KRT
2026-02-24,KRT-036,8.89,KRT
2026-02-24,KRT-037,10.67,KRT
2026-02-24,KRT-038,9.91,KRT
2026-02-24,KRT-039,11.68,KRT
2026-02-24,KRT-040,7.11,KRT
2026-02-24,KRT-041,11.0,KRT
2026-02-24,KRT-042,14.57,KRT
2026-02-24,KRT-043,16.0,KRT
2026-02-24,KRT-044,18.03,KRT
2026-02-24,KRT-045,15.28,KRT
2026-02-24,KRT-046,15.49,KRT
2026-02-24,KRT-047,18.8,KRT
2026-02-24,KRT-048,10.35,KRT
2026-02-24,KRT-049,11.68,KRT
2026-02-24,KRT-050,16.51,KRT
2026-02-24,KRT-051,19.05,KRT
2026-02-24,KRT-052,16.0,KRT
2026-02-24,KRT-053,14.77,KRT
2026-02-24,KRT-054,12.95,KRT
2026-02-24,KRT-055,11.94,KRT
2026-02-24,KRT-056,10.41,KRT
2026-02-24,KRT-057,7.46,KRT
2026-02-24,KRT-058,9.5,KRT
2026-02-24,KRT-059,9.4,KRT
2026-02-24,KRT-060,10.5,KRT
2026-02-24,KRT-061,9.6,KRT
2026-02-24,KRT-062,8.98,KRT
2026-02-24,KRT-063,16.2,KRT
2026-02-24,KRT-064,14.7,KRT
2026-02-24,KRT-065,15.0,KRT
2026-02-24,KRT-066,10.16,KRT
2026-02-24,KRT-067,7.37,KRT
2026-02-24,KRT-068,8.21,KRT
2026-02-24,KRT-069,6.6,KRT
2026-02-24,KRT-070,9.26,KRT
2026-02-24,KRT-071,8.38,KRT
2026-02-24,KRT-072,15.58,KRT
2026-02-24,KRT-073,17.02,KRT
2026-02-24,KRT-074,16.0,KRT
2026-02-24,RDM-101,4.0,RDM
2026-02-24,RDM-102,3.25,RDM
2026-02-24,RDM-103,3.56,RDM
2026-02-24,RDM-104,3.81,RDM
2026-02-24,RDM-105,3.3,RDM
2026-02-24,RDM-106,4.06,RDM
2026-02-24,RDM-107,5.1,RDM
2026-02-24,RDM-108,4.32,RDM
2026-02-24,RDM-109,3.56,RDM
2026-02-24,RDM-110,3.57,RDM
2026-02-24,RDM-112,5.08,RDM
2026-02-24,RDM-113,3.9,RDM
2026-02-24,RDM-114,3.25,RDM
2026-02-24,RDM-115,4.83,RDM
2026-02-24,RDM-116,3.3,RDM
2026-02-24,RDM-117,5.7,RDM
2026-02-24,RDM-118,7.41,RDM
2026-02-24,RDM-119,6.1,RDM
2026-02-24,RDM-120,12.45,RDM
2026-02-24,RDM-121,7.11,RDM
2026-02-24,RDM-122,13.72,RDM
2026-02-24,RDM-123,11.94,RDM
2026-02-24,RDM-124,16.5,RDM
2026-02-24,RDM-125,12.0,RDM
2026-02-24,RDM-126,9.6,RDM
2026-02-24,RDM-127,8.64,RDM
2026-02-24,RDM-128,7.11,RDM
2026-02-24,RDM-129,7.62,RDM
2026-02-24,RDM-130,5.08,RDM
2026-02-24,RDM-131,5.33,RDM
2026-02-24,RDM-132,8.7,RDM
2026-02-24,RDM-133,7.37,RDM
2026-02-25,KRT-001,0.0,KRT
2026-02-25,KRT-002,0.0,KRT
2026-02-25,KRT-003,0.0,KRT
2026-02-25,KRT-004,0.0,KRT
2026-02-25,KRT-005,0.0,KRT
2026-02-25,KRT-006,0.0,KRT
2026-02-25,KRT-007,0.0,KRT
2026-02-25,KRT-008,0.25,KRT
2026-02-25,KRT-009,0.0,KRT
2026-02-25,KRT-010,0.0,KRT
2026-02-25,KRT-011,0.25,KRT
2026-02-25,KRT-012,0.0,KRT
2026-02-25,KRT-013,0.0,KRT
2026-02-25,KRT-014,0.25,KRT
2026-02-25,KRT-015,0.0,KRT
2026-02-25,KRT-016,0.0,KRT
2026-02-25,KRT-017,0.51,KRT
2026-02-25,KRT-018,0.0,KRT
2026-02-25,KRT-019,0.0,KRT
2026-02-25,KRT-020,0.0,KRT
2026-02-25,KRT-021,0.0,KRT
2026-02-25,KRT-022,0.0,KRT
2026-02-25,KRT-023,0.25,KRT
2026-02-25,KRT-024,0.0,KRT
2026-02-25,KRT-025,0.0,KRT
2026-02-25,KRT-026,0.0,KRT
2026-02-25,KRT-027,0.51,KRT
2026-02-25,KRT-028,0.76,KRT
2026-02-25,KRT-029,1.78,KRT
2026-02-25,KRT-030,0.76,KRT
2026-02-25,KRT-031,2.29,KRT
2026-02-25,KRT-032,1.02,KRT
2026-02-25,KRT-033,1.52,KRT
2026-02-25,KRT-034,2.29,KRT
2026-02-25,KRT-035,0.51,KRT
2026-02-25,KRT-036,2.54,KRT
2026-02-25,KRT-037,1.02,KRT
2026-02-25,KRT-038,1.78,KRT
2026-02-25,KRT-039,3.3,KRT
2026-02-25,KRT-040,4.57,KRT
2026-02-25,KRT-041,2.0,KRT
2026-02-25,KRT-042,1.52,KRT
2026-02-25,KRT-043,1.78,KRT
2026-02-25,KRT-044,4.32,KRT
2026-02-25,KRT-045,3.06,KRT
2026-02-25,KRT-046,3.05,KRT
2026-02-25,KRT-047,1.78,KRT
2026-02-25,KRT-048,1.02,KRT
2026-02-25,KRT-049,1.02,KRT
2026-02-25,KRT-050,0.76,KRT
2026-02-25,KRT-051,2.29,KRT
2026-02-25,KRT-052,4.32,KRT
2026-02-25,KRT-053,4.88,KRT
2026-02-25,KRT-054,2.79,KRT
2026-02-25,KRT-055,4.83,KRT
2026-02-25,KRT-056,1.78,KRT
2026-02-25,KRT-057,4.97,KRT
2026-02-25,KRT-058,4.0,KRT
2026-02-25,KRT-059,4.83,KRT
2026-02-25,KRT-060,5.7,KRT
2026-02-25,KRT-061,7.2,KRT
2026-02-25,KRT-062,7.01,KRT
2026-02-25,KRT-063,2.4,KRT
2026-02-25,KRT-064,3.9,KRT
2026-02-25,KRT-065,2.7,KRT
2026-02-25,KRT-066,4.06,KRT
2026-02-25,KRT-067,4.83,KRT
2026-02-25,KRT-068,5.0,KRT
2026-02-25,KRT-069,1.02,KRT
2026-02-25,KRT-070,1.58,KRT
2026-02-25,KRT-071,0.51,KRT
2026-02-25,KRT-072,0.38,KRT
2026-02-25,KRT-073,1.52,KRT
2026-02-25,KRT-074,3.56,KRT
2026-02-25,RDM-101,0.5,RDM
2026-02-25,RDM-102,0.25,RDM
2026-02-25,RDM-103,0.25,RDM
2026-02-25,RDM-104,0.25,RDM
2026-02-25,RDM-105,0.76,RDM
2026-02-25,RDM-106,0.25,RDM
2026-02-25,RDM-107,1.2,RDM
2026-02-25,RDM-108,0.51,RDM
2026-02-25,RDM-109,0.25,RDM
2026-02-25,RDM-110,0.0,RDM
2026-02-25,RDM-112,0.25,RDM
2026-02-25,RDM-113,0.0,RDM
2026-02-25,RDM-114,0.0,RDM
2026-02-25,RDM-115,0.51,RDM
2026-02-25,RDM-116,0.0,RDM
2026-02-25,RDM-117,0.9,RDM
2026-02-25,RDM-118,0.0,RDM
2026-02-25,RDM-119,0.76,RDM
2026-02-25,RDM-120,0.51,RDM
2026-02-25,RDM-121,1.02,RDM
2026-02-25,RDM-122,0.76,RDM
2026-02-25,RDM-123,1.52,RDM
2026-02-25,RDM-124,2.7,RDM
2026-02-25,RDM-125,5.7,RDM
2026-02-25,RDM-126,3.9,RDM
2026-02-25,RDM-127,5.33,RDM
2026-02-25,RDM-128,2.79,RDM
2026-02-25,RDM-129,5.08,RDM
2026-02-25,RDM-130,2.29,RDM
2026-02-25,RDM-131,0.76,RDM
2026-02-25,RDM-132,1.2,RDM
2026-02-25,RDM-133,2.29,RDM
2026-02-26,KRT-001,0.51,KRT
2026-02-26,KRT-002,0.0,KRT
2026-02-26,KRT-003,0.0,KRT
2026-02-26,KRT-004,0.0,KRT
2026-02-26,KRT-005,0.0,KRT
2026-02-26,KRT-006,0.0,KRT
2026-02-26,KRT-007,0.0,KRT
2026-02-26,KRT-008,0.0,KRT
2026-02-26,KRT-009,0.0,KRT
2026-02-26,KRT-010,0.0,KRT
2026-02-26,KRT-011,1.02,KRT
2026-02-26,KRT-012,0.0,KRT
2026-02-26,KRT-013,0.0,KRT
2026-02-26,KRT-014,0.0,KRT
2026-02-26,KRT-015,0.0,KRT
2026-02-26,KRT-016,0.0,KRT
2026-02-26,KRT-017,0.0,KRT
2026-02-26,KRT-018,0.0,KRT
2026-02-26,KRT-019,0.0,KRT
2026-02-26,KRT-020,0.0,KRT
2026-02-26,KRT-021,0.0,KRT
2026-02-26,KRT-022,0.0,KRT
2026-02-26,KRT-023,1.27,KRT
2026-02-26,KRT-024,0.25,KRT
2026-02-26,KRT-025,0.0,KRT
2026-02-26,KRT-026,0.0,KRT
2026-02-26,KRT-027,0.0,KRT
2026-02-26,KRT-028,0.0,KRT
2026-02-26,KRT-029,0.0,KRT
2026-02-26,KRT-030,0.25,KRT
2026-02-26,KRT-031,0.0,KRT
2026-02-26,KRT-032,0.0,KRT
2026-02-26,KRT-033,0.0,KRT
2026-02-26,KRT-034,0.25,KRT
2026-02-26,KRT-035,0.76,KRT
2026-02-26,KRT-036,0.76,KRT
2026-02-26,KRT-037,2.29,KRT
2026-02-26,KRT-038,2.54,KRT
2026-02-26,KRT-039,2.03,KRT
2026-02-26,KRT-040,3.81,KRT
2026-02-26,KRT-041,0.0,KRT
2026-02-26,KRT-042,0.76,KRT
2026-02-26,KRT-043,0.51,KRT
2026-02-26,KRT-044,3.3,KRT
2026-02-26,KRT-045,2.0,KRT
2026-02-26,KRT-046,2.03,KRT
2026-02-26,KRT-047,1.02,KRT
2026-02-26,KRT-048,0.51,KRT
2026-02-26,KRT-049,0.51,KRT
2026-02-26,KRT-050,1.02,KRT
2026-02-26,KRT-051,1.27,KRT
2026-02-26,KRT-052,1.52,KRT
2026-02-26,KRT-053,1.0,KRT
2026-02-26,KRT-054,1.27,KRT
2026-02-26,KRT-055,0.76,KRT
2026-02-26,KRT-056,1.02,KRT
2026-02-26,KRT-057,0.0,KRT
2026-02-26,KRT-058,0.5,KRT
2026-02-26,KRT-059,0.25,KRT
2026-02-26,KRT-060,0.9,KRT
2026-02-26,KRT-061,0.0,KRT
2026-02-26,KRT-062,0.0,KRT
2026-02-26,KRT-063,0.6,KRT
2026-02-26,KRT-064,0.6,KRT
2026-02-26,KRT-065,2.1,KRT
2026-02-26,KRT-066,0.25,KRT
2026-02-26,KRT-067,0.25,KRT
2026-02-26,KRT-068,0.0,KRT
2026-02-26,KRT-069,0.25,KRT
2026-02-26,KRT-070,0.39,KRT
2026-02-26,KRT-071,0.51,KRT
2026-02-26,KRT-072,0.19,KRT
2026-02-26,KRT-073,0.76,KRT
2026-02-26,KRT-074,3.05,KRT
2026-02-26,RDM-101,2.75,RDM
2026-02-26,RDM-102,1.25,RDM
2026-02-26,RDM-103,1.78,RDM
2026-02-26,RDM-104,4.06,RDM
2026-02-26,RDM-105,3.3,RDM
2026-02-26,RDM-106,2.54,RDM
2026-02-26,RDM-107,4.2,RDM
2026-02-26,RDM-108,2.54,RDM
2026-02-26,RDM-109,0.76,RDM
2026-02-26,RDM-110,1.0,RDM
2026-02-26,RDM-112,2.03,RDM
2026-02-26,RDM-113,0.3,RDM
2026-02-26,RDM-114,1.25,RDM
2026-02-26,RDM-115,0.76,RDM
2026-02-26,RDM-116,0.76,RDM
2026-02-26,RDM-117,0.9,RDM
2026-02-26,RDM-118,1.0,RDM
2026-02-26,RDM-119,1.52,RDM
2026-02-26,RDM-120,0.76,RDM
2026-02-26,RDM-121,1.52,RDM
2026-02-26,RDM-122,1.27,RDM
2026-02-26,RDM-123,2.29,RDM
2026-02-26,RDM-124,4.2,RDM
2026-02-26,RDM-125,0.9,RDM
2026-02-26,RDM-126,3.9,RDM
2026-02-26,RDM-127,1.27,RDM
2026-02-26,RDM-128,3.81,RDM
2026-02-26,RDM-129,2.79,RDM
2026-02-26,RDM-130,2.54,RDM
2026-02-26,RDM-131,3.3,RDM
2026-02-26,RDM-132,1.8,RDM
2026-02-26,RDM-133,0.0,RDM
2026-02-27,KRT-001,1.78,KRT
2026-02-27,KRT-002,2.33,KRT
2026-02-27,KRT-003,1.78,KRT
2026-02-27,KRT-004,3.56,KRT
2026-02-27,KRT-005,2.5,KRT
2026-02-27,KRT-006,3.0,KRT
2026-02-27,KRT-007,7.16,KRT
2026-02-27,KRT-008,2.29,KRT
2026-02-27,KRT-009,3.56,KRT
2026-02-27,KRT-010,2.29,KRT
2026-02-27,KRT-011,2.29,KRT
2026-02-27,KRT-012,2.14,KRT
2026-02-27,KRT-013,2.03,KRT
2026-02-27,KRT-014,1.02,KRT
2026-02-27,KRT-015,2.29,KRT
2026-02-27,KRT-016,2.55,KRT
2026-02-27,KRT-017,1.78,KRT
2026-02-27,KRT-018,1.89,KRT
2026-02-27,KRT-019,1.78,KRT
2026-02-27,KRT-020,1.78,KRT
2026-02-27,KRT-021,1.78,KRT
2026-02-27,KRT-022,1.52,KRT
2026-02-27,KRT-023,1.02,KRT
2026-02-27,KRT-024,1.78,KRT
2026-02-27,KRT-025,1.27,KRT
2026-02-27,KRT-026,1.01,KRT
2026-02-27,KRT-027,1.02,KRT
2026-02-27,KRT-028,1.27,KRT
2026-02-27,KRT-029,3.3,KRT
2026-02-27,KRT-030,1.27,KRT
2026-02-27,KRT-031,1.27,KRT
2026-02-27,KRT-032,3.3,KRT
2026-02-27,KRT-033,3.3,KRT
2026-02-27,KRT-034,3.56,KRT
2026-02-27,KRT-035,2.03,KRT
2026-02-27,KRT-036,2.29,KRT
2026-02-27,KRT-037,0.0,KRT
2026-02-27,KRT-038,0.0,KRT
2026-02-27,KRT-039,2.79,KRT
2026-02-27,KRT-040,1.27,KRT
2026-02-27,KRT-041,0.0,KRT
2026-02-27,KRT-042,0.0,KRT
2026-02-27,KRT-043,0.0,KRT
2026-02-27,KRT-044,2.54,KRT
2026-02-27,KRT-045,0.0,KRT
2026-02-27,KRT-046,0.51,KRT
2026-02-27,KRT-047,0.25,KRT
2026-02-27,KRT-048,0.25,KRT
2026-02-27,KRT-049,5.84,KRT
2026-02-27,KRT-050,3.05,KRT
2026-02-27,KRT-051,3.81,KRT
2026-02-27,KRT-052,1.78,KRT
2026-02-27,KRT-053,2.3,KRT
2026-02-27,KRT-054,2.29,KRT
2026-02-27,KRT-055,2.29,KRT
2026-02-27,KRT-056,2.54,KRT
2026-02-27,KRT-057,1.58,KRT
2026-02-27,KRT-058,1.25,KRT
2026-02-27,KRT-059,1.52,KRT
2026-02-27,KRT-060,2.7,KRT
2026-02-27,KRT-061,2.1,KRT
2026-02-27,KRT-062,3.94,KRT
2026-02-27,KRT-063,2.1,KRT
2026-02-27,KRT-064,1.5,KRT
2026-02-27,KRT-065,3.0,KRT
2026-02-27,KRT-066,2.03,KRT
2026-02-27,KRT-067,3.56,KRT
2026-02-27,KRT-068,2.72,KRT
2026-02-27,KRT-069,2.29,KRT
2026-02-27,KRT-070,1.18,KRT
2026-02-27,KRT-071,1.52,KRT
2026-02-27,KRT-072,1.52,KRT
2026-02-27,KRT-073,3.81,KRT
2026-02-27,KRT-074,3.3,KRT
2026-02-27,RDM-101,6.0,RDM
2026-02-27,RDM-102,11.0,RDM
2026-02-27,RDM-103,5.84,RDM
2026-02-27,RDM-104,9.65,RDM
2026-02-27,RDM-105,5.84,RDM
2026-02-27,RDM-106,9.14,RDM
2026-02-27,RDM-107,7.5,RDM
2026-02-27,RDM-108,6.86,RDM
2026-02-27,RDM-109,9.4,RDM
2026-02-27,RDM-110,9.24,RDM
2026-02-27,RDM-112,6.35,RDM
2026-02-27,RDM-113,7.2,RDM
2026-02-27,RDM-114,5.5,RDM
2026-02-27,RDM-115,11.68,RDM
2026-02-27,RDM-116,5.08,RDM
2026-02-27,RDM-117,14.7,RDM
2026-02-27,RDM-118,5.23,RDM
2026-02-27,RDM-119,9.91,RDM
2026-02-27,RDM-120,5.59,RDM
2026-02-27,RDM-121,8.38,RDM
2026-02-27,RDM-122,6.1,RDM
2026-02-27,RDM-123,8.38,RDM
2026-02-27,RDM-124,15.6,RDM
2026-02-27,RDM-125,21.6,RDM
2026-02-27,RDM-126,15.9,RDM
2026-02-27,RDM-127,16.51,RDM
2026-02-27,RDM-128,18.54,RDM
2026-02-27,RDM-129,16.26,RDM
2026-02-27,RDM-130,12.19,RDM
2026-02-27,RDM-131,14.73,RDM
2026-02-27,RDM-132,18.6,RDM
2026-02-27,RDM-133,10.41,RDM
2026-02-28,KRT-001,26.42,KRT
2026-02-28,KRT-002,26.3,KRT
2026-02-28,KRT-003,25.91,KRT
2026-02-28,KRT-004,27.69,KRT
2026-02-28,KRT-005,36.25,KRT
2026-02-28,KRT-006,28.27,KRT
2026-02-28,KRT-007,49.28,KRT
2026-02-28,KRT-008,20.32,KRT
2026-02-28,KRT-009,21.84,KRT
2026-02-28,KRT-010,22.1,KRT
2026-02-28,KRT-011,11.94,KRT
2026-02-28,KRT-012,13.26,KRT
2026-02-28,KRT-013,18.03,KRT
2026-02-28,KRT-014,20.07,KRT
2026-02-28,KRT-015,30.99,KRT
2026-02-28,KRT-016,30.2,KRT
2026-02-28,KRT-017,34.54,KRT
2026-02-28,KRT-018,31.3,KRT
2026-02-28,KRT-019,19.3,KRT
2026-02-28,KRT-020,14.99,KRT
2026-02-28,KRT-021,14.48,KRT
2026-02-28,KRT-022,15.49,KRT
2026-02-28,KRT-023,19.81,KRT
2026-02-28,KRT-024,16.76,KRT
2026-02-28,KRT-025,17.53,KRT
2026-02-28,KRT-026,18.41,KRT
2026-02-28,KRT-027,16.26,KRT
2026-02-28,KRT-028,13.21,KRT
2026-02-28,KRT-029,17.27,KRT
2026-02-28,KRT-030,10.92,KRT
2026-02-28,KRT-031,21.34,KRT
2026-02-28,KRT-032,15.75,KRT
2026-02-28,KRT-033,11.68,KRT
2026-02-28,KRT-034,9.14,KRT
2026-02-28,KRT-035,27.94,KRT
2026-02-28,KRT-036,25.65,KRT
2026-02-28,KRT-037,23.88,KRT
2026-02-28,KRT-038,19.56,KRT
2026-02-28,KRT-039,36.07,KRT
2026-02-28,KRT-040,29.97,KRT
2026-02-28,KRT-041,16.01,KRT
2026-02-28,KRT-042,19.3,KRT
2026-02-28,KRT-043,15.49,KRT
2026-02-28,KRT-044,27.69,KRT
2026-02-28,KRT-045,22.3,KRT
2026-02-28,KRT-046,21.59,KRT
2026-02-28,KRT-047,24.64,KRT
2026-02-28,KRT-048,16.51,KRT
2026-02-28,KRT-049,34.8,KRT
2026-02-28,KRT-050,22.35,KRT
2026-02-28,KRT-051,17.53,KRT
2026-02-28,KRT-052,27.18,KRT
2026-02-28,KRT-053,21.45,KRT
2026-02-28,KRT-054,20.83,KRT
2026-02-28,KRT-055,18.29,KRT
2026-02-28,KRT-056,19.3,KRT
2026-02-28,KRT-057,12.88,KRT
2026-02-28,KRT-058,15.0,KRT
2026-02-28,KRT-059,14.48,KRT
2026-02-28,KRT-060,19.5,KRT
2026-02-28,KRT-061,18.9,KRT
2026-02-28,KRT-062,27.16,KRT
2026-02-28,KRT-063,13.8,KRT
2026-02-28,KRT-064,19.2,KRT
2026-02-28,KRT-065,14.7,KRT
2026-02-28,KRT-066,20.32,KRT
2026-02-28,KRT-067,23.88,KRT
2026-02-28,KRT-068,22.0,KRT
2026-02-28,KRT-069,12.45,KRT
2026-02-28,KRT-070,11.23,KRT
2026-02-28,KRT-071,12.45,KRT
2026-02-28,KRT-072,18.24,KRT
2026-02-28,KRT-073,29.72,KRT
2026-02-28,KRT-074,27.18,KRT
2026-02-28,RDM-101,14.0,RDM
2026-02-28,RDM-102,18.25,RDM
2026-02-28,RDM-103,13.46,RDM
2026-02-28,RDM-104,20.57,RDM
2026-02-28,RDM-105,19.81,RDM
2026-02-28,RDM-106,15.24,RDM
2026-02-28,RDM-107,19.5,RDM
2026-02-28,RDM-108,14.73,RDM
2026-02-28,RDM-109,16.51,RDM
2026-02-28,RDM-110,15.2,RDM
2026-02-28,RDM-112,10.16,RDM
2026-02-28,RDM-113,12.6,RDM
2026-02-28,RDM-114,8.75,RDM
2026-02-28,RDM-115,10.16,RDM
2026-02-28,RDM-116,8.38,RDM
2026-02-28,RDM-117,11.4,RDM
2026-02-28,RDM-118,9.86,RDM
2026-02-28,RDM-119,11.68,RDM
2026-02-28,RDM-120,10.92,RDM
2026-02-28,RDM-121,16.0,RDM
2026-02-28,RDM-122,17.53,RDM
2026-02-28,RDM-123,14.48,RDM
2026-02-28,RDM-124,21.3,RDM
2026-02-28,RDM-125,50.4,RDM
2026-02-28,RDM-126,19.2,RDM
2026-02-28,RDM-127,14.48,RDM
2026-02-28,RDM-128,13.97,RDM
2026-02-28,RDM-129,14.48,RDM
2026-02-28,RDM-130,8.64,RDM
2026-02-28,RDM-131,10.67,RDM
2026-02-28,RDM-132,15.0,RDM
2026-02-28,RDM-133,18.03,RDM
2026-03-01,KRT-001,27.43,KRT
2026-03-01,KRT-002,16.5,KRT
2026-03-01,KRT-003,20.32,KRT
2026-03-01,KRT-004,13.97,KRT
2026-03-01,KRT-005,10.75,KRT
2026-03-01,KRT-006,14.22,KRT
2026-03-01,KRT-007,25.65,KRT
2026-03-01,KRT-008,23.11,KRT
2026-03-01,KRT-009,18.03,KRT
2026-03-01,KRT-010,20.32,KRT
2026-03-01,KRT-011,25.65,KRT
2026-03-01,KRT-012,19.77,KRT
2026-03-01,KRT-013,13.46,KRT
2026-03-01,KRT-014,13.72,KRT
2026-03-01,KRT-015,25.91,KRT
2026-03-01,KRT-016,30.2,KRT
2026-03-01,KRT-017,32.77,KRT
2026-03-01,KRT-018,29.08,KRT
2026-03-01,KRT-019,22.86,KRT
2026-03-01,KRT-020,25.15,KRT
2026-03-01,KRT-021,17.02,KRT
2026-03-01,KRT-022,9.91,KRT
2026-03-01,KRT-023,11.43,KRT
2026-03-01,KRT-024,7.62,KRT
2026-03-01,KRT-025,11.18,KRT
2026-03-01,KRT-026,12.6,KRT
2026-03-01,KRT-027,12.7,KRT
2026-03-01,KRT-028,9.91,KRT
2026-03-01,KRT-029,19.05,KRT
2026-03-01,KRT-030,10.16,KRT
2026-03-01,KRT-031,8.64,KRT
2026-03-01,KRT-032,7.87,KRT
2026-03-01,KRT-033,12.95,KRT
2026-03-01,KRT-034,9.14,KRT
2026-03-01,KRT-035,13.97,KRT
2026-03-01,KRT-036,22.35,KRT
2026-03-01,KRT-037,19.3,KRT
2026-03-01,KRT-038,24.89,KRT
2026-03-01,KRT-039,35.31,KRT
2026-03-01,KRT-040,36.07,KRT
2026-03-01,KRT-041,33.04,KRT
2026-03-01,KRT-042,35.05,KRT
2026-03-01,KRT-043,37.08,KRT
2026-03-01,KRT-044,16.0,KRT
2026-03-01,KRT-045,23.14,KRT
2026-03-01,KRT-046,40.39,KRT
2026-03-01,KRT-047,35.56,KRT
2026-03-01,KRT-048,35.81,KRT
2026-03-01,KRT-049,78.49,KRT
2026-03-01,KRT-050,9.4,KRT
2026-03-01,KRT-051,10.16,KRT
2026-03-01,KRT-052,46.74,KRT
2026-03-01,KRT-053,15.6,KRT
2026-03-01,KRT-054,8.64,KRT
2026-03-01,KRT-055,11.43,KRT
2026-03-01,KRT-056,15.24,KRT
2026-03-01,KRT-057,9.94,KRT
2026-03-01,KRT-058,10.5,KRT
2026-03-01,KRT-059,17.02,KRT
2026-03-01,KRT-060,13.5,KRT
2026-03-01,KRT-061,27.0,KRT
2026-03-01,KRT-062,22.78,KRT
2026-03-01,KRT-063,11.1,KRT
2026-03-01,KRT-064,8.7,KRT
2026-03-01,KRT-065,12.6,KRT
2026-03-01,KRT-066,7.37,KRT
2026-03-01,KRT-067,17.78,KRT
2026-03-01,KRT-068,14.2,KRT
2026-03-01,KRT-069,16.51,KRT
2026-03-01,KRT-070,17.14,KRT
2026-03-01,KRT-071,12.45,KRT
2026-03-01,KRT-072,11.97,KRT
2026-03-01,KRT-073,20.83,KRT
2026-03-01,KRT-074,18.54,KRT
2026-03-01,RDM-101,14.25,RDM
2026-03-01,RDM-102,15.75,RDM
2026-03-01,RDM-103,14.22,RDM
2026-03-01,RDM-104,17.27,RDM
2026-03-01,RDM-105,16.51,RDM
2026-03-01,RDM-106,11.18,RDM
2026-03-01,RDM-107,20.7,RDM
2026-03-01,RDM-108,13.72,RDM
2026-03-01,RDM-109,12.19,RDM
2026-03-01,RDM-110,11.99,RDM
2026-03-01,RDM-112,13.72,RDM
2026-03-01,RDM-113,12.3,RDM
2026-03-01,RDM-114,15.75,RDM
2026-03-01,RDM-115,9.91,RDM
2026-03-01,RDM-116,13.46,RDM
2026-03-01,RDM-117,14.7,RDM
2026-03-01,RDM-118,13.0,RDM
2026-03-01,RDM-119,10.67,RDM
2026-03-01,RDM-120,13.72,RDM
2026-03-01,RDM-121,13.21,RDM
2026-03-01,RDM-122,12.7,RDM
2026-03-01,RDM-123,12.7,RDM
2026-03-01,RDM-124,14.4,RDM
2026-03-01,RDM-125,13.8,RDM
2026-03-01,RDM-126,11.7,RDM
2026-03-01,RDM-127,8.89,RDM
2026-03-01,RDM-128,11.43,RDM
2026-03-01,RDM-129,11.43,RDM
2026-03-01,RDM-130,10.67,RDM
2026-03-01,RDM-131,12.45,RDM
2026-03-01,RDM-132,10.8,RDM
2026-03-01,RDM-133,9.91,RDM
2026-03-02,KRT-001,6.35,KRT
2026-03-02,KRT-002,0.0,KRT
2026-03-02,KRT-003,3.05,KRT
2026-03-02,KRT-004,0.25,KRT
2026-03-02,KRT-005,0.0,KRT
2026-03-02,KRT-006,0.0,KRT
2026-03-02,KRT-007,0.25,KRT
2026-03-02,KRT-008,0.25,KRT
2026-03-02,KRT-009,0.25,KRT
2026-03-02,KRT-010,0.0,KRT
2026-03-02,KRT-011,0.0,KRT
2026-03-02,KRT-012,0.0,KRT
2026-03-02,KRT-013,0.0,KRT
2026-03-02,KRT-014,0.25,KRT
2026-03-02,KRT-015,0.51,KRT
2026-03-02,KRT-016,0.0,KRT
2026-03-02,KRT-017,0.25,KRT
2026-03-02,KRT-018,0.0,KRT
2026-03-02,KRT-019,0.0,KRT
2026-03-02,KRT-020,0.51,KRT
2026-03-02,KRT-021,0.0,KRT
2026-03-02,KRT-022,0.0,KRT
2026-03-02,KRT-023,0.0,KRT
2026-03-02,KRT-024,0.0,KRT
2026-03-02,KRT-025,0.0,KRT
2026-03-02,KRT-026,0.0,KRT
2026-03-02,KRT-027,2.03,KRT
2026-03-02,KRT-028,0.0,KRT
2026-03-02,KRT-029,8.13,KRT
2026-03-02,KRT-030,0.0,KRT
2026-03-02,KRT-031,3.01,KRT
2026-03-02,KRT-032,19.05,KRT
2026-03-02,KRT-033,3.56,KRT
2026-03-02,KRT-034,11.18,KRT
2026-03-02,KRT-035,1.02,KRT
2026-03-02,KRT-036,1.02,KRT
2026-03-02,KRT-037,5.33,KRT
2026-03-02,KRT-038,11.94,KRT
2026-03-02,KRT-039,0.51,KRT
2026-03-02,KRT-040,10.16,KRT
2026-03-02,KRT-041,7.4,KRT
2026-03-02,KRT-042,15.75,KRT
2026-03-02,KRT-043,9.32,KRT
2026-03-02,KRT-044,5.08,KRT
2026-03-02,KRT-045,4.28,KRT
2026-03-02,KRT-046,3.81,KRT
2026-03-02,KRT-047,4.83,KRT
2026-03-02,KRT-048,0.25,KRT
2026-03-02,KRT-049,0.76,KRT
2026-03-02,KRT-050,0.25,KRT
2026-03-02,KRT-051,2.29,KRT
2026-03-02,KRT-052,14.99,KRT
2026-03-02,KRT-053,0.51,KRT
2026-03-02,KRT-054,2.03,KRT
2026-03-02,KRT-055,0.51,KRT
2026-03-02,KRT-056,2.54,KRT
2026-03-02,KRT-057,0.0,KRT
2026-03-02,KRT-058,0.5,KRT
2026-03-02,KRT-059,0.25,KRT
2026-03-02,KRT-060,0.6,KRT
2026-03-02,KRT-061,0.3,KRT
2026-03-02,KRT-062,0.0,KRT
2026-03-02,KRT-063,10.8,KRT
2026-03-02,KRT-064,4.2,KRT
2026-03-02,KRT-065,1.2,KRT
2026-03-02,KRT-066,0.25,KRT
2026-03-02,KRT-067,0.51,KRT
2026-03-02,KRT-068,0.0,KRT
2026-03-02,KRT-069,2.29,KRT
2026-03-02,KRT-070,1.58,KRT
2026-03-02,KRT-071,2.79,KRT
2026-03-02,KRT-072,1.19,KRT
2026-03-02,KRT-073,6.1,KRT
2026-03-02,KRT-074,5.84,KRT
2026-03-02,RDM-101,6.5,RDM
2026-03-02,RDM-102,3.5,RDM
2026-03-02,RDM-103,1.52,RDM
2026-03-02,RDM-104,1.02,RDM
2026-03-02,RDM-105,1.52,RDM
2026-03-02,RDM-106,1.02,RDM
2026-03-02,RDM-107,1.5,RDM
2026-03-02,RDM-108,1.02,RDM
2026-03-02,RDM-109,1.52,RDM
2026-03-02,RDM-110,0.0,RDM
2026-03-02,RDM-112,3.05,RDM
2026-03-02,RDM-113,0.9,RDM
2026-03-02,RDM-114,1.75,RDM
2026-03-02,RDM-115,0.51,RDM
2026-03-02,RDM-116,3.05,RDM
2026-03-02,RDM-117,1.2,RDM
2026-03-02,RDM-118,3.44,RDM
2026-03-02,RDM-119,0.76,RDM
2026-03-02,RDM-120,5.08,RDM
2026-03-02,RDM-121,1.78,RDM
2026-03-02,RDM-122,3.47,RDM
2026-03-02,RDM-123,8.89,RDM
2026-03-02,RDM-124,4.2,RDM
2026-03-02,RDM-125,3.6,RDM
2026-03-02,RDM-126,1.5,RDM
2026-03-02,RDM-127,1.02,RDM
2026-03-02,RDM-128,0.51,RDM
2026-03-02,RDM-129,2.03,RDM
2026-03-02,RDM-130,2.03,RDM
2026-03-02,RDM-131,0.51,RDM
2026-03-02,RDM-132,0.6,RDM
2026-03-02,RDM-133,0.76,RDM
2026-03-03,KRT-001,0.25,KRT
2026-03-03,KRT-002,0.0,KRT
2026-03-03,KRT-003,0.51,KRT
2026-03-03,KRT-004,0.0,KRT
2026-03-03,KRT-005,0.25,KRT
2026-03-03,KRT-006,0.0,KRT
2026-03-03,KRT-007,0.25,KRT
2026-03-03,KRT-008,0.0,KRT
2026-03-03,KRT-009,0.0,KRT
2026-03-03,KRT-010,0.25,KRT
2026-03-03,KRT-011,0.25,KRT
2026-03-03,KRT-012,0.0,KRT
2026-03-03,KRT-013,0.25,KRT
2026-03-03,KRT-014,0.0,KRT
2026-03-03,KRT-015,0.25,KRT
2026-03-03,KRT-016,0.0,KRT
2026-03-03,KRT-017,0.0,KRT
2026-03-03,KRT-018,0.0,KRT
2026-03-03,KRT-019,0.0,KRT
2026-03-03,KRT-020,0.0,KRT
2026-03-03,KRT-021,0.0,KRT
2026-03-03,KRT-022,0.0,KRT
2026-03-03,KRT-023,0.0,KRT
2026-03-03,KRT-024,0.0,KRT
2026-03-03,KRT-025,0.0,KRT
2026-03-03,KRT-026,0.0,KRT
2026-03-03,KRT-027,0.25,KRT
2026-03-03,KRT-028,0.0,KRT
2026-03-03,KRT-029,0.51,KRT
2026-03-03,KRT-030,0.0,KRT
2026-03-03,KRT-031,0.0,KRT
2026-03-03,KRT-032,0.0,KRT
2026-03-03,KRT-033,0.0,KRT
2026-03-03,KRT-034,0.0,KRT
2026-03-03,KRT-035,0.0,KRT
2026-03-03,KRT-036,0.25,KRT
2026-03-03,KRT-037,0.0,KRT
2026-03-03,KRT-038,0.25,KRT
2026-03-03,KRT-039,0.0,KRT
2026-03-03,KRT-040,0.0,KRT
2026-03-03,KRT-041,0.0,KRT
2026-03-03,KRT-042,0.0,KRT
2026-03-03,KRT-043,0.25,KRT
2026-03-03,KRT-044,0.0,KRT
2026-03-03,KRT-045,0.0,KRT
2026-03-03,KRT-046,0.0,KRT
2026-03-03,KRT-047,0.0,KRT
2026-03-03,KRT-048,0.0,KRT
2026-03-03,KRT-049,0.0,KRT
2026-03-03,KRT-050,0.25,KRT
2026-03-03,KRT-051,0.0,KRT
2026-03-03,KRT-052,0.25,KRT
2026-03-03,KRT-053,0.25,KRT
2026-03-03,KRT-054,0.25,KRT
2026-03-03,KRT-055,0.0,KRT
2026-03-03,KRT-056,0.25,KRT
2026-03-03,KRT-057,0.23,KRT
2026-03-03,KRT-058,0.0,KRT
2026-03-03,KRT-059,0.25,KRT
2026-03-03,KRT-060,0.0,KRT
2026-03-03,KRT-061,0.6,KRT
2026-03-03,KRT-062,0.22,KRT
2026-03-03,KRT-063,0.0,KRT
2026-03-03,KRT-064,0.0,KRT
2026-03-03,KRT-065,0.0,KRT
2026-03-03,KRT-066,0.0,KRT
2026-03-03,KRT-067,0.0,KRT
2026-03-03,KRT-068,0.0,KRT
2026-03-03,KRT-069,0.0,KRT
2026-03-03,KRT-070,0.0,KRT
2026-03-03,KRT-071,0.0,KRT
2026-03-03,KRT-072,0.0,KRT
2026-03-03,KRT-073,0.0,KRT
2026-03-03,KRT-074,0.0,KRT
2026-03-03,RDM-101,0.75,RDM
2026-03-03,RDM-102,1.0,RDM
2026-03-03,RDM-103,2.54,RDM
2026-03-03,RDM-104,3.05,RDM
2026-03-03,RDM-105,3.81,RDM
2026-03-03,RDM-106,6.1,RDM
2026-03-03,RDM-107,6.9,RDM
2026-03-03,RDM-108,9.65,RDM
2026-03-03,RDM-109,5.84,RDM
2026-03-03,RDM-110,6.9,RDM
2026-03-03,RDM-112,1.52,RDM
2026-03-03,RDM-113,1.2,RDM
2026-03-03,RDM-114,7.25,RDM
2026-03-03,RDM-115,10.16,RDM
2026-03-03,RDM-116,5.33,RDM
2026-03-03,RDM-117,12.0,RDM
2026-03-03,RDM-118,5.78,RDM
2026-03-03,RDM-119,9.4,RDM
2026-03-03,RDM-120,6.86,RDM
2026-03-03,RDM-121,6.86,RDM
2026-03-03,RDM-122,6.0,RDM
2026-03-03,RDM-123,3.3,RDM
2026-03-03,RDM-124,1.2,RDM
2026-03-03,RDM-125,4.2,RDM
2026-03-03,RDM-126,4.5,RDM
2026-03-03,RDM-127,3.81,RDM
2026-03-03,RDM-128,14.99,RDM
2026-03-03,RDM-129,8.89,RDM
2026-03-03,RDM-130,8.89,RDM
2026-03-03,RDM-131,10.41,RDM
2026-03-03,RDM-132,2.7,RDM
2026-03-03,RDM-133,3.51,RDM
2026-03-04,KRT-001,0.0,KRT
2026-03-04,KRT-002,0.0,KRT
2026-03-04,KRT-003,0.0,KRT
2026-03-04,KRT-004,0.0,KRT
2026-03-04,KRT-005,0.0,KRT
2026-03-04,KRT-006,0.0,KRT
2026-03-04,KRT-007,0.25,KRT
2026-03-04,KRT-008,0.0,KRT
2026-03-04,KRT-009,0.25,KRT
2026-03-04,KRT-010,0.25,KRT
2026-03-04,KRT-011,0.0,KRT
2026-03-04,KRT-012,0.0,KRT
2026-03-04,KRT-013,0.0,KRT
2026-03-04,KRT-014,0.0,KRT
2026-03-04,KRT-015,0.0,KRT
2026-03-04,KRT-016,0.0,KRT
2026-03-04,KRT-017,0.0,KRT
2026-03-04,KRT-018,0.0,KRT
2026-03-04,KRT-019,0.0,KRT
2026-03-04,KRT-020,0.0,KRT
2026-03-04,KRT-021,0.0,KRT
2026-03-04,KRT-022,0.0,KRT
2026-03-04,KRT-023,0.0,KRT
2026-03-04,KRT-024,0.0,KRT
2026-03-04,KRT-025,0.0,KRT
2026-03-04,KRT-026,0.0,KRT
2026-03-04,KRT-027,0.76,KRT
2026-03-04,KRT-028,0.0,KRT
2026-03-04,KRT-029,0.0,KRT
2026-03-04,KRT-030,0.0,KRT
2026-03-04,KRT-031,0.0,KRT
2026-03-04,KRT-032,0.25,KRT
2026-03-04,KRT-033,0.25,KRT
2026-03-04,KRT-034,0.51,KRT
2026-03-04,KRT-035,0.0,KRT
2026-03-04,KRT-036,0.0,KRT
2026-03-04,KRT-037,0.0,KRT
2026-03-04,KRT-038,0.0,KRT
2026-03-04,KRT-039,0.0,KRT
2026-03-04,KRT-040,0.25,KRT
2026-03-04,KRT-041,0.0,KRT
2026-03-04,KRT-042,0.0,KRT
2026-03-04,KRT-043,0.0,KRT
2026-03-04,KRT-044,0.0,KRT
2026-03-04,KRT-045,0.0,KRT
2026-03-04,KRT-046,0.0,KRT
2026-03-04,KRT-047,0.0,KRT
2026-03-04,KRT-048,0.25,KRT
2026-03-04,KRT-049,0.0,KRT
2026-03-04,KRT-050,0.0,KRT
2026-03-04,KRT-051,0.0,KRT
2026-03-04,KRT-052,0.25,KRT
2026-03-04,KRT-053,0.0,KRT
2026-03-04,KRT-054,0.0,KRT
2026-03-04,KRT-055,0.0,KRT
2026-03-04,KRT-056,0.0,KRT
2026-03-04,KRT-057,0.0,KRT
2026-03-04,KRT-058,0.0,KRT
2026-03-04,KRT-059,0.0,KRT
2026-03-04,KRT-060,0.0,KRT
2026-03-04,KRT-061,0.0,KRT
2026-03-04,KRT-062,0.22,KRT
2026-03-04,KRT-063,0.0,KRT
2026-03-04,KRT-064,0.0,KRT
2026-03-04,KRT-065,0.0,KRT
2026-03-04,KRT-066,0.0,KRT
2026-03-04,KRT-067,0.0,KRT
2026-03-04,KRT-068,0.0,KRT
2026-03-04,KRT-069,0.0,KRT
2026-03-04,KRT-070,0.0,KRT
2026-03-04,KRT-071,0.0,KRT
2026-03-04,KRT-072,0.0,KRT
2026-03-04,KRT-073,0.0,KRT
2026-03-04,KRT-074,0.0,KRT
2026-03-04,RDM-101,8.0,RDM
2026-03-04,RDM-102,8.5,RDM
2026-03-04,RDM-103,8.13,RDM
2026-03-04,RDM-104,9.4,RDM
2026-03-04,RDM-105,6.6,RDM
2026-03-04,RDM-106,6.6,RDM
2026-03-04,RDM-107,7.5,RDM
2026-03-04,RDM-108,5.08,RDM
2026-03-04,RDM-109,10.16,RDM
2026-03-04,RDM-110,13.2,RDM
2026-03-04,RDM-112,4.83,RDM
2026-03-04,RDM-113,10.5,RDM
2026-03-04,RDM-114,3.5,RDM
2026-03-04,RDM-115,10.92,RDM
2026-03-04,RDM-116,2.03,RDM
2026-03-04,RDM-117,6.6,RDM
2026-03-04,RDM-118,0.0,RDM
2026-03-04,RDM-119,2.03,RDM
2026-03-04,RDM-120,0.51,RDM
2026-03-04,RDM-121,0.25,RDM
2026-03-04,RDM-122,0.0,RDM
2026-03-04,RDM-123,0.0,RDM
2026-03-04,RDM-124,0.0,RDM
2026-03-04,RDM-125,0.6,RDM
2026-03-04,RDM-126,0.0,RDM
2026-03-04,RDM-127,0.0,RDM
2026-03-04,RDM-128,1.52,RDM
2026-03-04,RDM-129,0.51,RDM
2026-03-04,RDM-130,2.29,RDM
2026-03-04,RDM-131,5.59,RDM
2026-03-04,RDM-132,7.5,RDM
2026-03-04,RDM-133,0.25,RDM
2026-03-05,KRT-001,2.29,KRT
2026-03-05,KRT-002,2.36,KRT
2026-03-05,KRT-003,2.79,KRT
2026-03-05,KRT-004,3.56,KRT
2026-03-05,KRT-005,3.5,KRT
2026-03-05,KRT-006,3.1,KRT
2026-03-05,KRT-007,4.06,KRT
2026-03-05,KRT-008,2.79,KRT
2026-03-05,KRT-009,5.08,KRT
2026-03-05,KRT-010,2.79,KRT
2026-03-05,KRT-011,6.35,KRT
2026-03-05,KRT-012,1.51,KRT
2026-03-05,KRT-013,5.59,KRT
2026-03-05,KRT-014,8.64,KRT
2026-03-05,KRT-015,4.83,KRT
2026-03-05,KRT-016,4.21,KRT
2026-03-05,KRT-017,2.54,KRT
2026-03-05,KRT-018,3.66,KRT
2026-03-05,KRT-019,3.81,KRT
2026-03-05,KRT-020,8.89,KRT
2026-03-05,KRT-021,7.62,KRT
2026-03-05,KRT-022,7.37,KRT
2026-03-05,KRT-023,6.35,KRT
2026-03-05,KRT-024,2.03,KRT
2026-03-05,KRT-025,2.54,KRT
2026-03-05,KRT-026,3.66,KRT
2026-03-05,KRT-027,10.67,KRT
2026-03-05,KRT-028,31.75,KRT
2026-03-05,KRT-029,42.42,KRT
2026-03-05,KRT-030,23.37,KRT
2026-03-05,KRT-031,56.13,KRT
2026-03-05,KRT-032,72.39,KRT
2026-03-05,KRT-033,40.89,KRT
2026-03-05,KRT-034,44.2,KRT
2026-03-05,KRT-035,3.56,KRT
2026-03-05,KRT-036,3.05,KRT
2026-03-05,KRT-037,3.81,KRT
2026-03-05,KRT-038,4.83,KRT
2026-03-05,KRT-039,4.57,KRT
2026-03-05,KRT-040,3.81,KRT
2026-03-05,KRT-041,4.7,KRT
2026-03-05,KRT-042,7.62,KRT
2026-03-05,KRT-043,8.38,KRT
2026-03-05,KRT-044,2.54,KRT
2026-03-05,KRT-045,2.55,KRT
2026-03-05,KRT-046,2.79,KRT
2026-03-05,KRT-047,5.08,KRT
2026-03-05,KRT-048,7.11,KRT
2026-03-05,KRT-049,8.38,KRT
2026-03-05,KRT-050,1.78,KRT
2026-03-05,KRT-051,3.3,KRT
2026-03-05,KRT-052,4.83,KRT
2026-03-05,KRT-053,0.0,KRT
2026-03-05,KRT-054,1.02,KRT
2026-03-05,KRT-055,2.54,KRT
2026-03-05,KRT-056,1.78,KRT
2026-03-05,KRT-057,2.03,KRT
2026-03-05,KRT-058,1.5,KRT
2026-03-05,KRT-059,2.79,KRT
2026-03-05,KRT-060,3.9,KRT
2026-03-05,KRT-061,5.1,KRT
2026-03-05,KRT-062,5.26,KRT
2026-03-05,KRT-063,3.9,KRT
2026-03-05,KRT-064,6.3,KRT
2026-03-05,KRT-065,3.3,KRT
2026-03-05,KRT-066,3.05,KRT
2026-03-05,KRT-067,4.57,KRT
2026-03-05,KRT-068,4.0,KRT
2026-03-05,KRT-069,3.81,KRT
2026-03-05,KRT-070,3.35,KRT
2026-03-05,KRT-071,5.08,KRT
2026-03-05,KRT-072,7.22,KRT
2026-03-05,KRT-073,1.27,KRT
2026-03-05,KRT-074,2.29,KRT
2026-03-05,RDM-101,17.5,RDM
2026-03-05,RDM-102,19.5,RDM
2026-03-05,RDM-103,20.57,RDM
2026-03-05,RDM-104,18.8,RDM
2026-03-05,RDM-105,17.53,RDM
2026-03-05,RDM-106,15.75,RDM
2026-03-05,RDM-107,18.6,RDM
2026-03-05,RDM-108,14.73,RDM
2026-03-05,RDM-109,17.53,RDM
2026-03-05,RDM-110,11.4,RDM
2026-03-05,RDM-112,7.37,RDM
2026-03-05,RDM-113,22.2,RDM
2026-03-05,RDM-114,7.75,RDM
2026-03-05,RDM-115,13.21,RDM
2026-03-05,RDM-116,7.87,RDM
2026-03-05,RDM-117,12.0,RDM
2026-03-05,RDM-118,9.55,RDM
2026-03-05,RDM-119,10.67,RDM
2026-03-05,RDM-120,10.16,RDM
2026-03-05,RDM-121,8.64,RDM
2026-03-05,RDM-122,10.24,RDM
2026-03-05,RDM-123,10.16,RDM
2026-03-05,RDM-124,12.9,RDM
2026-03-05,RDM-125,34.63,RDM
2026-03-05,RDM-126,17.4,RDM
2026-03-05,RDM-127,11.43,RDM
2026-03-05,RDM-128,13.46,RDM
2026-03-05,RDM-129,16.0,RDM
2026-03-05,RDM-130,13.97,RDM
2026-03-05,RDM-131,18.8,RDM
2026-03-05,RDM-132,34.2,RDM
2026-03-05,RDM-133,8.89,RDM
2026-03-06,KRT-001,21.34,KRT
2026-03-06,KRT-002,18.27,KRT
2026-03-06,KRT-003,19.05,KRT
2026-03-06,KRT-004,13.46,KRT
2026-03-06,KRT-005,18.0,KRT
2026-03-06,KRT-006,15.78,KRT
2026-03-06,KRT-007,30.48,KRT
2026-03-06,KRT-008,13.72,KRT
2026-03-06,KRT-009,13.72,KRT
2026-03-06,KRT-010,14.99,KRT
2026-03-06,KRT-011,12.95,KRT
2026-03-06,KRT-012,8.52,KRT
2026-03-06,KRT-013,16.0,KRT
2026-03-06,KRT-014,12.19,KRT
2026-03-06,KRT-015,15.49,KRT
2026-03-06,KRT-016,15.89,KRT
2026-03-06,KRT-017,15.24,KRT
2026-03-06,KRT-018,14.59,KRT
2026-03-06,KRT-019,7.37,KRT
2026-03-06,KRT-020,10.41,KRT
2026-03-06,KRT-021,12.95,KRT
2026-03-06,KRT-022,14.22,KRT
2026-03-06,KRT-023,14.22,KRT
2026-03-06,KRT-024,11.43,KRT
2026-03-06,KRT-025,10.67,KRT
2026-03-06,KRT-026,8.01,KRT
2026-03-06,KRT-027,7.87,KRT
2026-03-06,KRT-028,8.89,KRT
2026-03-06,KRT-029,8.38,KRT
2026-03-06,KRT-030,5.84,KRT
2026-03-06,KRT-031,5.84,KRT
2026-03-06,KRT-032,6.35,KRT
2026-03-06,KRT-033,6.6,KRT
2026-03-06,KRT-034,5.08,KRT
2026-03-06,KRT-035,21.34,KRT
2026-03-06,KRT-036,17.53,KRT
2026-03-06,KRT-037,25.4,KRT
2026-03-06,KRT-038,23.88,KRT
2026-03-06,KRT-039,15.49,KRT
2026-03-06,KRT-040,18.54,KRT
2026-03-06,KRT-041,19.44,KRT
2026-03-06,KRT-042,18.8,KRT
2026-03-06,KRT-043,21.59,KRT
2026-03-06,KRT-044,14.22,KRT
2026-03-06,KRT-045,13.0,KRT
2026-03-06,KRT-046,16.26,KRT
2026-03-06,KRT-047,20.57,KRT
2026-03-06,KRT-048,26.38,KRT
2026-03-06,KRT-049,22.86,KRT
2026-03-06,KRT-050,12.19,KRT
2026-03-06,KRT-051,9.14,KRT
2026-03-06,KRT-052,19.05,KRT
2026-03-06,KRT-053,13.24,KRT
2026-03-06,KRT-054,9.14,KRT
2026-03-06,KRT-055,14.22,KRT
2026-03-06,KRT-056,12.19,KRT
2026-03-06,KRT-057,10.4,KRT
2026-03-06,KRT-058,12.75,KRT
2026-03-06,KRT-059,12.45,KRT
2026-03-06,KRT-060,13.2,KRT
2026-03-06,KRT-061,15.3,KRT
2026-03-06,KRT-062,13.14,KRT
2026-03-06,KRT-063,15.0,KRT
2026-03-06,KRT-064,12.9,KRT
2026-03-06,KRT-065,13.5,KRT
2026-03-06,KRT-066,10.16,KRT
2026-03-06,KRT-067,12.7,KRT
2026-03-06,KRT-068,0.0,KRT
2026-03-06,KRT-069,9.14,KRT
2026-03-06,KRT-070,9.85,KRT
2026-03-06,KRT-071,12.19,KRT
2026-03-06,KRT-072,19.76,KRT
2026-03-06,KRT-073,11.68,KRT
2026-03-06,KRT-074,10.67,KRT
2026-03-06,RDM-101,1.0,RDM
2026-03-06,RDM-102,0.5,RDM
2026-03-06,RDM-103,1.27,RDM
2026-03-06,RDM-104,0.76,RDM
2026-03-06,RDM-105,1.27,RDM
2026-03-06,RDM-106,1.78,RDM
2026-03-06,RDM-107,3.0,RDM
2026-03-06,RDM-108,1.52,RDM
2026-03-06,RDM-109,1.27,RDM
2026-03-06,RDM-110,1.02,RDM
2026-03-06,RDM-112,1.02,RDM
2026-03-06,RDM-113,1.2,RDM
2026-03-06,RDM-114,0.25,RDM
2026-03-06,RDM-115,0.25,RDM
2026-03-06,RDM-116,0.0,RDM
2026-03-06,RDM-117,0.3,RDM
2026-03-06,RDM-118,0.0,RDM
2026-03-06,RDM-119,0.25,RDM
2026-03-06,RDM-120,0.0,RDM
2026-03-06,RDM-121,0.0,RDM
2026-03-06,RDM-122,0.0,RDM
2026-03-06,RDM-123,0.0,RDM
2026-03-06,RDM-124,0.0,RDM
2026-03-06,RDM-125,0.3,RDM
2026-03-06,RDM-126,0.3,RDM
2026-03-06,RDM-127,0.0,RDM
2026-03-06,RDM-128,0.0,RDM
2026-03-06,RDM-129,0.0,RDM
2026-03-06,RDM-130,0.25,RDM
2026-03-06,RDM-131,0.25,RDM
2026-03-06,RDM-132,0.0,RDM
2026-03-06,RDM-133,0.0,RDM
2026-03-07,KRT-001,0.0,KRT
2026-03-07,KRT-002,0.0,KRT
2026-03-07,KRT-003,0.0,KRT
2026-03-07,KRT-004,0.0,KRT
2026-03-07,KRT-005,0.0,KRT
2026-03-07,KRT-006,0.0,KRT
2026-03-07,KRT-007,0.0,KRT
2026-03-07,KRT-008,0.0,KRT
2026-03-07,KRT-009,0.0,KRT
2026-03-07,KRT-010,0.0,KRT
2026-03-07,KRT-011,0.0,KRT
2026-03-07,KRT-012,0.0,KRT
2026-03-07,KRT-013,0.0,KRT
2026-03-07,KRT-014,0.0,KRT
2026-03-07,KRT-015,0.0,KRT
2026-03-07,KRT-016,0.0,KRT
2026-03-07,KRT-017,0.0,KRT
2026-03-07,KRT-018,0.0,KRT
2026-03-07,KRT-019,0.0,KRT
2026-03-07,KRT-020,0.0,KRT
2026-03-07,KRT-021,0.0,KRT
2026-03-07,KRT-022,0.0,KRT
2026-03-07,KRT-023,0.0,KRT
2026-03-07,KRT-024,0.0,KRT
2026-03-07,KRT-025,0.0,KRT
2026-03-07,KRT-026,0.0,KRT
2026-03-07,KRT-027,0.0,KRT
2026-03-07,KRT-028,0.0,KRT
2026-03-07,KRT-029,0.0,KRT
2026-03-07,KRT-030,0.0,KRT
2026-03-07,KRT-031,0.0,KRT
2026-03-07,KRT-032,0.0,KRT
2026-03-07,KRT-033,0.0,KRT
2026-03-07,KRT-034,0.0,KRT
2026-03-07,KRT-035,0.51,KRT
2026-03-07,KRT-036,0.0,KRT
2026-03-07,KRT-037,0.0,KRT
2026-03-07,KRT-038,0.0,KRT
2026-03-07,KRT-039,0.0,KRT
2026-03-07,KRT-040,0.0,KRT
2026-03-07,KRT-041,0.0,KRT
2026-03-07,KRT-042,0.0,KRT
2026-03-07,KRT-043,0.0,KRT
2026-03-07,KRT-044,0.0,KRT
2026-03-07,KRT-045,0.0,KRT
2026-03-07,KRT-046,0.0,KRT
2026-03-07,KRT-047,0.0,KRT
2026-03-07,KRT-048,0.0,KRT
2026-03-07,KRT-049,0.0,KRT
2026-03-07,KRT-050,0.0,KRT
2026-03-07,KRT-051,0.25,KRT
2026-03-07,KRT-052,0.0,KRT
2026-03-07,KRT-053,0.0,KRT
2026-03-07,KRT-054,0.0,KRT
2026-03-07,KRT-055,0.51,KRT
2026-03-07,KRT-056,0.0,KRT
2026-03-07,KRT-057,0.0,KRT
2026-03-07,KRT-058,0.0,KRT
2026-03-07,KRT-059,0.0,KRT
2026-03-07,KRT-060,0.0,KRT
2026-03-07,KRT-061,0.0,KRT
2026-03-07,KRT-062,0.0,KRT
2026-03-07,KRT-063,0.0,KRT
2026-03-07,KRT-064,0.0,KRT
2026-03-07,KRT-065,0.0,KRT
2026-03-07,KRT-066,0.0,KRT
2026-03-07,KRT-067,0.0,KRT
2026-03-07,KRT-068,0.0,KRT
2026-03-07,KRT-069,0.0,KRT
2026-03-07,KRT-070,0.0,KRT
2026-03-07,KRT-071,0.0,KRT
2026-03-07,KRT-072,0.0,KRT
2026-03-07,KRT-073,0.0,KRT
2026-03-07,KRT-074,0.0,KRT
2026-03-07,RDM-101,0.0,RDM
2026-03-07,RDM-102,0.0,RDM
2026-03-07,RDM-103,0.0,RDM
2026-03-07,RDM-104,0.0,RDM
2026-03-07,RDM-105,0.0,RDM
2026-03-07,RDM-106,0.0,RDM
2026-03-07,RDM-107,0.0,RDM
2026-03-07,RDM-108,0.0,RDM
2026-03-07,RDM-109,0.0,RDM
2026-03-07,RDM-110,0.0,RDM
2026-03-07,RDM-112,0.0,RDM
2026-03-07,RDM-113,0.0,RDM
2026-03-07,RDM-114,0.0,RDM
2026-03-07,RDM-115,0.0,RDM
2026-03-07,RDM-116,0.0,RDM
2026-03-07,RDM-117,0.0,RDM
2026-03-07,RDM-118,0.0,RDM
2026-03-07,RDM-119,0.0,RDM
2026-03-07,RDM-120,0.0,RDM
2026-03-07,RDM-121,0.0,RDM
2026-03-07,RDM-122,0.0,RDM
2026-03-07,RDM-123,0.0,RDM
2026-03-07,RDM-124,0.0,RDM
2026-03-07,RDM-125,0.3,RDM
2026-03-07,RDM-126,0.0,RDM
2026-03-07,RDM-127,0.0,RDM
2026-03-07,RDM-128,0.0,RDM
2026-03-07,RDM-129,0.0,RDM
2026-03-07,RDM-130,0.0,RDM
2026-03-07,RDM-131,0.0,RDM
2026-03-07,RDM-132,0.0,RDM
2026-03-07,RDM-133,0.0,RDM
2026-03-08,KRT-001,0.0,KRT
2026-03-08,KRT-002,0.0,KRT
2026-03-08,KRT-003,0.25,KRT
2026-03-08,KRT-004,0.0,KRT
2026-03-08,KRT-005,0.0,KRT
2026-03-08,KRT-006,0.0,KRT
2026-03-08,KRT-007,0.0,KRT
2026-03-08,KRT-008,0.0,KRT
2026-03-08,KRT-009,0.0,KRT
2026-03-08,KRT-010,0.0,KRT
2026-03-08,KRT-011,0.0,KRT
2026-03-08,KRT-012,0.0,KRT
2026-03-08,KRT-013,0.0,KRT
2026-03-08,KRT-014,0.0,KRT
2026-03-08,KRT-015,0.0,KRT
2026-03-08,KRT-016,0.0,KRT
2026-03-08,KRT-017,0.0,KRT
2026-03-08,KRT-018,0.0,KRT
2026-03-08,KRT-019,0.0,KRT
2026-03-08,KRT-020,0.0,KRT
2026-03-08,KRT-021,0.0,KRT
2026-03-08,KRT-022,0.0,KRT
2026-03-08,KRT-023,0.0,KRT
2026-03-08,KRT-024,0.0,KRT
2026-03-08,KRT-025,0.0,KRT
2026-03-08,KRT-026,0.0,KRT
2026-03-08,KRT-027,0.0,KRT
2026-03-08,KRT-028,0.0,KRT
2026-03-08,KRT-029,0.0,KRT
2026-03-08,KRT-030,0.0,KRT
2026-03-08,KRT-031,0.0,KRT
2026-03-08,KRT-032,0.0,KRT
2026-03-08,KRT-033,0.0,KRT
2026-03-08,KRT-034,0.0,KRT
2026-03-08,KRT-035,0.25,KRT
2026-03-08,KRT-036,0.0,KRT
2026-03-08,KRT-037,0.0,KRT
2026-03-08,KRT-038,0.0,KRT
2026-03-08,KRT-039,0.0,KRT
2026-03-08,KRT-040,0.0,KRT
2026-03-08,KRT-041,0.0,KRT
2026-03-08,KRT-042,0.0,KRT
2026-03-08,KRT-043,0.0,KRT
2026-03-08,KRT-044,0.25,KRT
2026-03-08,KRT-045,0.0,KRT
2026-03-08,KRT-046,0.0,KRT
2026-03-08,KRT-047,0.0,KRT
2026-03-08,KRT-048,0.0,KRT
2026-03-08,KRT-049,0.0,KRT
2026-03-08,KRT-050,0.0,KRT
2026-03-08,KRT-051,0.0,KRT
2026-03-08,KRT-052,0.51,KRT
2026-03-08,KRT-053,0.0,KRT
2026-03-08,KRT-054,0.0,KRT
2026-03-08,KRT-055,0.25,KRT
2026-03-08,KRT-056,0.25,KRT
2026-03-08,KRT-057,0.0,KRT
2026-03-08,KRT-058,0.0,KRT
2026-03-08,KRT-059,0.0,KRT
2026-03-08,KRT-060,0.0,KRT
2026-03-08,KRT-061,0.0,KRT
2026-03-08,KRT-062,0.0,KRT
2026-03-08,KRT-063,0.0,KRT
2026-03-08,KRT-064,0.0,KRT
2026-03-08,KRT-065,0.0,KRT
2026-03-08,KRT-066,0.0,KRT
2026-03-08,KRT-067,0.0,KRT
2026-03-08,KRT-068,0.0,KRT
2026-03-08,KRT-069,0.0,KRT
2026-03-08,KRT-070,0.0,KRT
2026-03-08,KRT-071,0.0,KRT
2026-03-08,KRT-072,0.0,KRT
2026-03-08,KRT-073,0.0,KRT
2026-03-08,KRT-074,0.0,KRT
2026-03-08,RDM-101,0.0,RDM
2026-03-08,RDM-102,0.0,RDM
2026-03-08,RDM-103,0.0,RDM
2026-03-08,RDM-104,0.0,RDM
2026-03-08,RDM-105,0.0,RDM
2026-03-08,RDM-106,0.0,RDM
2026-03-08,RDM-107,0.0,RDM
2026-03-08,RDM-108,0.0,RDM
2026-03-08,RDM-109,0.0,RDM
2026-03-08,RDM-110,0.0,RDM
2026-03-08,RDM-112,0.0,RDM
2026-03-08,RDM-113,0.0,RDM
2026-03-08,RDM-114,0.0,RDM
2026-03-08,RDM-115,0.0,RDM
2026-03-08,RDM-116,0.0,RDM
2026-03-08,RDM-117,0.0,RDM
2026-03-08,RDM-118,0.0,RDM
2026-03-08,RDM-119,0.0,RDM
2026-03-08,RDM-120,0.0,RDM
2026-03-08,RDM-121,0.0,RDM
2026-03-08,RDM-122,0.0,RDM
2026-03-08,RDM-123,0.0,RDM
2026-03-08,RDM-124,0.0,RDM
2026-03-08,RDM-125,0.0,RDM
2026-03-08,RDM-126,0.0,RDM
2026-03-08,RDM-127,0.0,RDM
2026-03-08,RDM-128,0.0,RDM
2026-03-08,RDM-129,0.0,RDM
2026-03-08,RDM-130,0.0,RDM
2026-03-08,RDM-131,0.0,RDM
2026-03-08,RDM-132,0.0,RDM
2026-03-08,RDM-133,0.0,RDM
2026-03-09,KRT-001,4.3,KRT
2026-03-09,KRT-002,3.02,KRT
2026-03-09,KRT-003,4.06,KRT
2026-03-09,KRT-004,2.54,KRT
2026-03-09,KRT-005,4.5,KRT
2026-03-09,KRT-006,4.0,KRT
2026-03-09,KRT-007,0.0,KRT
2026-03-09,KRT-008,0.0,KRT
2026-03-09,KRT-009,0.0,KRT
2026-03-09,KRT-010,0.0,KRT
2026-03-09,KRT-011,0.0,KRT
2026-03-09,KRT-012,0.0,KRT
2026-03-09,KRT-013,0.0,KRT
2026-03-09,KRT-014,0.0,KRT
2026-03-09,KRT-015,0.0,KRT
2026-03-09,KRT-016,0.0,KRT
2026-03-09,KRT-017,0.0,KRT
2026-03-09,KRT-018,0.0,KRT
2026-03-09,KRT-019,0.0,KRT
2026-03-09,KRT-020,0.0,KRT
2026-03-09,KRT-021,0.0,KRT
2026-03-09,KRT-022,0.0,KRT
2026-03-09,KRT-023,0.0,KRT
2026-03-09,KRT-024,0.0,KRT
2026-03-09,KRT-025,0.0,KRT
2026-03-09,KRT-026,0.0,KRT
2026-03-09,KRT-027,0.0,KRT
2026-03-09,KRT-028,0.0,KRT
2026-03-09,KRT-029,0.0,KRT
2026-03-09,KRT-030,0.0,KRT
2026-03-09,KRT-031,0.0,KRT
2026-03-09,KRT-032,0.0,KRT
2026-03-09,KRT-033,0.0,KRT
2026-03-09,KRT-034,0.0,KRT
2026-03-09,KRT-035,3.05,KRT
2026-03-09,KRT-036,2.29,KRT
2026-03-09,KRT-037,4.32,KRT
2026-03-09,KRT-038,3.81,KRT
2026-03-09,KRT-039,0.0,KRT
2026-03-09,KRT-040,1.27,KRT
2026-03-09,KRT-041,3.4,KRT
2026-03-09,KRT-042,6.35,KRT
2026-03-09,KRT-043,5.59,KRT
2026-03-09,KRT-044,0.0,KRT
2026-03-09,KRT-045,0.0,KRT
2026-03-09,KRT-046,1.02,KRT
2026-03-09,KRT-047,4.32,KRT
2026-03-09,KRT-048,3.56,KRT
2026-03-09,KRT-049,10.41,KRT
2026-03-09,KRT-050,0.0,KRT
2026-03-09,KRT-051,0.0,KRT
2026-03-09,KRT-052,0.0,KRT
2026-03-09,KRT-053,0.0,KRT
2026-03-09,KRT-054,0.0,KRT
2026-03-09,KRT-055,0.0,KRT
2026-03-09,KRT-056,0.0,KRT
2026-03-09,KRT-057,0.0,KRT
2026-03-09,KRT-058,0.75,KRT
2026-03-09,KRT-059,0.0,KRT
2026-03-09,KRT-060,0.0,KRT
2026-03-09,KRT-061,0.0,KRT
2026-03-09,KRT-062,0.0,KRT
2026-03-09,KRT-063,0.0,KRT
2026-03-09,KRT-064,0.0,KRT
2026-03-09,KRT-065,0.0,KRT
2026-03-09,KRT-066,0.0,KRT
2026-03-09,KRT-067,0.0,KRT
2026-03-09,KRT-068,0.0,KRT
2026-03-09,KRT-069,0.0,KRT
2026-03-09,KRT-070,0.0,KRT
2026-03-09,KRT-071,0.0,KRT
2026-03-09,KRT-072,0.0,KRT
2026-03-09,KRT-073,0.0,KRT
2026-03-09,KRT-074,0.0,KRT
2026-03-09,RDM-101,0.0,RDM
2026-03-09,RDM-102,0.0,RDM
2026-03-09,RDM-103,0.0,RDM
2026-03-09,RDM-104,0.0,RDM
2026-03-09,RDM-105,0.0,RDM
2026-03-09,RDM-106,0.0,RDM
2026-03-09,RDM-107,0.0,RDM
2026-03-09,RDM-108,0.0,RDM
2026-03-09,RDM-109,0.0,RDM
2026-03-09,RDM-110,0.0,RDM
2026-03-09,RDM-112,0.0,RDM
2026-03-09,RDM-113,0.0,RDM
2026-03-09,RDM-114,0.0,RDM
2026-03-09,RDM-115,0.0,RDM
2026-03-09,RDM-116,0.0,RDM
2026-03-09,RDM-117,0.0,RDM
2026-03-09,RDM-118,0.0,RDM
2026-03-09,RDM-119,0.0,RDM
2026-03-09,RDM-120,0.0,RDM
2026-03-09,RDM-121,0.0,RDM
2026-03-09,RDM-122,0.0,RDM
2026-03-09,RDM-123,0.0,RDM
2026-03-09,RDM-124,0.6,RDM
2026-03-09,RDM-125,0.0,RDM
2026-03-09,RDM-126,0.0,RDM
2026-03-09,RDM-127,0.0,RDM
2026-03-09,RDM-128,0.0,RDM
2026-03-09,RDM-129,0.0,RDM
2026-03-09,RDM-130,0.0,RDM
2026-03-09,RDM-131,0.0,RDM
2026-03-09,RDM-132,0.0,RDM
2026-03-09,RDM-133,0.0,RDM
2026-03-10,KRT-001,0.0,KRT
2026-03-10,KRT-002,0.0,KRT
2026-03-10,KRT-003,0.25,KRT
2026-03-10,KRT-004,0.25,KRT
2026-03-10,KRT-005,0.0,KRT
2026-03-10,KRT-006,0.0,KRT
2026-03-10,KRT-007,0.0,KRT
2026-03-10,KRT-008,0.0,KRT
2026-03-10,KRT-009,0.0,KRT
2026-03-10,KRT-010,0.0,KRT
2026-03-10,KRT-011,0.0,KRT
2026-03-10,KRT-012,0.0,KRT
2026-03-10,KRT-013,0.0,KRT
2026-03-10,KRT-014,0.0,KRT
2026-03-10,KRT-015,0.0,KRT
2026-03-10,KRT-016,0.0,KRT
2026-03-10,KRT-017,0.0,KRT
2026-03-10,KRT-018,0.0,KRT
2026-03-10,KRT-019,0.0,KRT
2026-03-10,KRT-020,0.0,KRT
2026-03-10,KRT-021,0.0,KRT
2026-03-10,KRT-022,0.0,KRT
2026-03-10,KRT-023,0.0,KRT
2026-03-10,KRT-024,0.0,KRT
2026-03-10,KRT-025,0.76,KRT
2026-03-10,KRT-026,0.0,KRT
2026-03-10,KRT-027,0.0,KRT
2026-03-10,KRT-028,0.0,KRT
2026-03-10,KRT-029,0.0,KRT
2026-03-10,KRT-030,0.0,KRT
2026-03-10,KRT-031,0.25,KRT
2026-03-10,KRT-032,0.0,KRT
2026-03-10,KRT-033,0.0,KRT
2026-03-10,KRT-034,0.0,KRT
2026-03-10,KRT-035,0.0,KRT
2026-03-10,KRT-036,0.0,KRT
2026-03-10,KRT-037,0.0,KRT
2026-03-10,KRT-038,0.0,KRT
2026-03-10,KRT-039,0.0,KRT
2026-03-10,KRT-040,0.0,KRT
2026-03-10,KRT-041,0.0,KRT
2026-03-10,KRT-042,0.0,KRT
2026-03-10,KRT-043,0.0,KRT
2026-03-10,KRT-044,0.0,KRT
2026-03-10,KRT-045,0.0,KRT
2026-03-10,KRT-046,0.0,KRT
2026-03-10,KRT-047,0.25,KRT
2026-03-10,KRT-048,0.51,KRT
2026-03-10,KRT-049,0.76,KRT
2026-03-10,KRT-050,0.0,KRT
2026-03-10,KRT-051,0.0,KRT
2026-03-10,KRT-052,0.25,KRT
2026-03-10,KRT-053,0.0,KRT
2026-03-10,KRT-054,0.76,KRT
2026-03-10,KRT-055,0.0,KRT
2026-03-10,KRT-056,0.0,KRT
2026-03-10,KRT-057,0.68,KRT
2026-03-10,KRT-058,0.0,KRT
2026-03-10,KRT-059,0.0,KRT
2026-03-10,KRT-060,0.3,KRT
2026-03-10,KRT-061,0.0,KRT
2026-03-10,KRT-062,0.0,KRT
2026-03-10,KRT-063,0.0,KRT
2026-03-10,KRT-064,0.0,KRT
2026-03-10,KRT-065,0.0,KRT
2026-03-10,KRT-066,0.51,KRT
2026-03-10,KRT-067,0.0,KRT
2026-03-10,KRT-068,0.0,KRT
2026-03-10,KRT-069,0.0,KRT
2026-03-10,KRT-070,0.0,KRT
2026-03-10,KRT-071,0.0,KRT
2026-03-10,KRT-072,0.0,KRT
2026-03-10,KRT-073,0.0,KRT
2026-03-10,KRT-074,0.0,KRT
2026-03-10,RDM-101,0.0,RDM
2026-03-10,RDM-102,0.0,RDM
2026-03-10,RDM-103,0.0,RDM
2026-03-10,RDM-104,0.0,RDM
2026-03-10,RDM-105,0.0,RDM
2026-03-10,RDM-106,0.0,RDM
2026-03-10,RDM-107,0.0,RDM
2026-03-10,RDM-108,0.0,RDM
2026-03-10,RDM-109,0.0,RDM
2026-03-10,RDM-110,0.6,RDM
2026-03-10,RDM-112,0.0,RDM
2026-03-10,RDM-113,0.0,RDM
2026-03-10,RDM-114,0.0,RDM
2026-03-10,RDM-115,0.0,RDM
2026-03-10,RDM-116,0.0,RDM
2026-03-10,RDM-117,0.0,RDM
2026-03-10,RDM-118,0.0,RDM
2026-03-10,RDM-119,0.51,RDM
2026-03-10,RDM-120,0.0,RDM
2026-03-10,RDM-121,0.0,RDM
2026-03-10,RDM-122,0.0,RDM
2026-03-10,RDM-123,0.51,RDM
2026-03-10,RDM-124,0.0,RDM
2026-03-10,RDM-125,0.0,RDM
2026-03-10,RDM-126,0.0,RDM
2026-03-10,RDM-127,0.0,RDM
2026-03-10,RDM-128,0.0,RDM
2026-03-10,RDM-129,0.0,RDM
2026-03-10,RDM-130,0.0,RDM
2026-03-10,RDM-131,0.0,RDM
2026-03-10,RDM-132,0.0,RDM
2026-03-10,RDM-133,0.0,RDM
2026-03-11,KRT-001,0.0,KRT
2026-03-11,KRT-002,0.0,KRT
2026-03-11,KRT-003,0.0,KRT
2026-03-11,KRT-004,0.0,KRT
2026-03-11,KRT-005,0.0,KRT
2026-03-11,KRT-006,0.0,KRT
2026-03-11,KRT-007,0.0,KRT
2026-03-11,KRT-008,0.0,KRT
2026-03-11,KRT-009,0.0,KRT
2026-03-11,KRT-010,0.0,KRT
2026-03-11,KRT-011,0.0,KRT
2026-03-11,KRT-012,0.0,KRT
2026-03-11,KRT-013,0.0,KRT
2026-03-11,KRT-014,0.0,KRT
2026-03-11,KRT-015,0.25,KRT
2026-03-11,KRT-016,0.0,KRT
2026-03-11,KRT-017,0.0,KRT
2026-03-11,KRT-018,0.0,KRT
2026-03-11,KRT-019,0.0,KRT
2026-03-11,KRT-020,0.0,KRT
2026-03-11,KRT-021,0.0,KRT
2026-03-11,KRT-022,0.0,KRT
2026-03-11,KRT-023,0.0,KRT
2026-03-11,KRT-024,0.0,KRT
2026-03-11,KRT-025,0.0,KRT
2026-03-11,KRT-026,0.0,KRT
2026-03-11,KRT-027,0.0,KRT
2026-03-11,KRT-028,0.0,KRT
2026-03-11,KRT-029,0.25,KRT
2026-03-11,KRT-030,0.0,KRT
2026-03-11,KRT-031,0.0,KRT
2026-03-11,KRT-032,0.0,KRT
2026-03-11,KRT-033,0.0,KRT
2026-03-11,KRT-034,0.0,KRT
2026-03-11,KRT-035,0.0,KRT
2026-03-11,KRT-036,0.0,KRT
2026-03-11,KRT-037,0.0,KRT
2026-03-11,KRT-038,0.0,KRT
2026-03-11,KRT-039,0.0,KRT
2026-03-11,KRT-040,0.0,KRT
2026-03-11,KRT-041,0.0,KRT
2026-03-11,KRT-042,0.0,KRT
2026-03-11,KRT-043,0.0,KRT
2026-03-11,KRT-044,0.0,KRT
2026-03-11,KRT-045,0.0,KRT
2026-03-11,KRT-046,0.0,KRT
2026-03-11,KRT-047,0.0,KRT
2026-03-11,KRT-048,0.0,KRT
2026-03-11,KRT-049,0.0,KRT
2026-03-11,KRT-050,0.0,KRT
2026-03-11,KRT-051,0.0,KRT
2026-03-11,KRT-052,0.25,KRT
2026-03-11,KRT-053,0.0,KRT
2026-03-11,KRT-054,0.0,KRT
2026-03-11,KRT-055,0.25,KRT
2026-03-11,KRT-056,0.0,KRT
2026-03-11,KRT-057,0.0,KRT
2026-03-11,KRT-058,0.0,KRT
2026-03-11,KRT-059,0.0,KRT
2026-03-11,KRT-060,0.0,KRT
2026-03-11,KRT-061,0.0,KRT
2026-03-11,KRT-062,0.0,KRT
2026-03-11,KRT-063,0.0,KRT
2026-03-11,KRT-064,0.0,KRT
2026-03-11,KRT-065,0.0,KRT
2026-03-11,KRT-066,0.0,KRT
2026-03-11,KRT-067,0.0,KRT
2026-03-11,KRT-068,0.0,KRT
2026-03-11,KRT-069,0.0,KRT
2026-03-11,KRT-070,0.0,KRT
2026-03-11,KRT-071,0.0,KRT
2026-03-11,KRT-072,0.19,KRT
2026-03-11,KRT-073,0.0,KRT
2026-03-11,KRT-074,0.0,KRT
2026-03-11,RDM-101,0.0,RDM
2026-03-11,RDM-102,0.0,RDM
2026-03-11,RDM-103,0.0,RDM
2026-03-11,RDM-104,0.0,RDM
2026-03-11,RDM-105,0.0,RDM
2026-03-11,RDM-106,0.0,RDM
2026-03-11,RDM-107,0.0,RDM
2026-03-11,RDM-108,0.0,RDM
2026-03-11,RDM-109,0.0,RDM
2026-03-11,RDM-110,0.0,RDM
2026-03-11,RDM-112,0.0,RDM
2026-03-11,RDM-113,0.0,RDM
2026-03-11,RDM-114,0.0,RDM
2026-03-11,RDM-115,0.0,RDM
2026-03-11,RDM-116,0.0,RDM
2026-03-11,RDM-117,0.0,RDM
2026-03-11,RDM-118,0.0,RDM
2026-03-11,RDM-119,0.0,RDM
2026-03-11,RDM-120,0.0,RDM
2026-03-11,RDM-121,0.0,RDM
2026-03-11,RDM-122,0.0,RDM
2026-03-11,RDM-123,0.0,RDM
2026-03-11,RDM-124,0.0,RDM
2026-03-11,RDM-125,0.0,RDM
2026-03-11,RDM-126,0.0,RDM
2026-03-11,RDM-127,0.0,RDM
2026-03-11,RDM-128,0.0,RDM
2026-03-11,RDM-129,0.0,RDM
2026-03-11,RDM-130,0.0,RDM
2026-03-11,RDM-131,0.0,RDM
2026-03-11,RDM-132,0.3,RDM
2026-03-11,RDM-133,0.0,RDM
2026-03-12,KRT-001,0.0,KRT
2026-03-12,KRT-002,0.0,KRT
2026-03-12,KRT-003,0.0,KRT
2026-03-12,KRT-004,0.0,KRT
2026-03-12,KRT-005,0.0,KRT
2026-03-12,KRT-006,0.0,KRT
2026-03-12,KRT-007,0.0,KRT
2026-03-12,KRT-008,0.0,KRT
2026-03-12,KRT-009,0.0,KRT
2026-03-12,KRT-010,0.0,KRT
2026-03-12,KRT-011,0.0,KRT
2026-03-12,KRT-012,0.0,KRT
2026-03-12,KRT-013,0.0,KRT
2026-03-12,KRT-014,0.0,KRT
2026-03-12,KRT-015,0.25,KRT
2026-03-12,KRT-016,0.0,KRT
2026-03-12,KRT-017,0.0,KRT
2026-03-12,KRT-018,0.0,KRT
2026-03-12,KRT-019,0.0,KRT
2026-03-12,KRT-020,0.25,KRT
2026-03-12,KRT-021,0.0,KRT
2026-03-12,KRT-022,0.0,KRT
2026-03-12,KRT-023,0.0,KRT
2026-03-12,KRT-024,0.0,KRT
2026-03-12,KRT-025,0.0,KRT
2026-03-12,KRT-026,0.0,KRT
2026-03-12,KRT-027,0.0,KRT
2026-03-12,KRT-028,0.0,KRT
2026-03-12,KRT-029,0.0,KRT
2026-03-12,KRT-030,0.0,KRT
2026-03-12,KRT-031,0.0,KRT
2026-03-12,KRT-032,0.0,KRT
2026-03-12,KRT-033,0.0,KRT
2026-03-12,KRT-034,0.0,KRT
2026-03-12,KRT-035,0.0,KRT
2026-03-12,KRT-036,0.0,KRT
2026-03-12,KRT-037,0.0,KRT
2026-03-12,KRT-038,0.0,KRT
2026-03-12,KRT-039,0.0,KRT
2026-03-12,KRT-040,0.0,KRT
2026-03-12,KRT-041,0.0,KRT
2026-03-12,KRT-042,0.0,KRT
2026-03-12,KRT-043,0.0,KRT
2026-03-12,KRT-044,0.0,KRT
2026-03-12,KRT-045,0.0,KRT
2026-03-12,KRT-046,0.0,KRT
2026-03-12,KRT-047,0.0,KRT
2026-03-12,KRT-048,0.0,KRT
2026-03-12,KRT-049,0.0,KRT
2026-03-12,KRT-050,0.0,KRT
2026-03-12,KRT-051,2.54,KRT
2026-03-12,KRT-052,1.02,KRT
2026-03-12,KRT-053,0.0,KRT
2026-03-12,KRT-054,0.25,KRT
2026-03-12,KRT-055,0.51,KRT
2026-03-12,KRT-056,0.76,KRT
2026-03-12,KRT-057,3.16,KRT
2026-03-12,KRT-058,1.75,KRT
2026-03-12,KRT-059,3.81,KRT
2026-03-12,KRT-060,11.4,KRT
2026-03-12,KRT-061,12.3,KRT
2026-03-12,KRT-062,10.51,KRT
2026-03-12,KRT-063,5.7,KRT
2026-03-12,KRT-064,5.4,KRT
2026-03-12,KRT-065,3.9,KRT
2026-03-12,KRT-066,8.89,KRT
2026-03-12,KRT-067,12.7,KRT
2026-03-12,KRT-068,10.2,KRT
2026-03-12,KRT-069,3.76,KRT
2026-03-12,KRT-070,4.14,KRT
2026-03-12,KRT-071,3.51,KRT
2026-03-12,KRT-072,4.22,KRT
2026-03-12,KRT-073,0.0,KRT
2026-03-12,KRT-074,0.0,KRT
2026-03-12,RDM-101,1.0,RDM
2026-03-12,RDM-102,5.0,RDM
2026-03-12,RDM-103,2.79,RDM
2026-03-12,RDM-104,6.1,RDM
2026-03-12,RDM-105,15.75,RDM
2026-03-12,RDM-106,16.76,RDM
2026-03-12,RDM-107,17.4,RDM
2026-03-12,RDM-108,13.21,RDM
2026-03-12,RDM-109,10.67,RDM
2026-03-12,RDM-110,18.3,RDM
2026-03-12,RDM-112,6.1,RDM
2026-03-12,RDM-113,1.2,RDM
2026-03-12,RDM-114,2.75,RDM
2026-03-12,RDM-115,3.05,RDM
2026-03-12,RDM-116,7.62,RDM
2026-03-12,RDM-117,2.1,RDM
2026-03-12,RDM-118,2.48,RDM
2026-03-12,RDM-119,7.11,RDM
2026-03-12,RDM-120,2.79,RDM
2026-03-12,RDM-121,5.08,RDM
2026-03-12,RDM-122,9.4,RDM
2026-03-12,RDM-123,2.54,RDM
2026-03-12,RDM-124,4.8,RDM
2026-03-12,RDM-125,13.8,RDM
2026-03-12,RDM-126,5.4,RDM
2026-03-12,RDM-127,2.79,RDM
2026-03-12,RDM-128,5.08,RDM
2026-03-12,RDM-129,2.79,RDM
2026-03-12,RDM-130,2.29,RDM
2026-03-12,RDM-131,4.83,RDM
2026-03-12,RDM-132,9.0,RDM
2026-03-12,RDM-133,6.35,RDM
2026-03-13,KRT-001,11.68,KRT
2026-03-13,KRT-002,9.11,KRT
2026-03-13,KRT-003,8.64,KRT
2026-03-13,KRT-004,8.13,KRT
2026-03-13,KRT-005,7.0,KRT
2026-03-13,KRT-006,9.24,KRT
2026-03-13,KRT-007,6.86,KRT
2026-03-13,KRT-008,9.4,KRT
2026-03-13,KRT-009,17.02,KRT
2026-03-13,KRT-010,10.16,KRT
2026-03-13,KRT-011,23.11,KRT
2026-03-13,KRT-012,14.51,KRT
2026-03-13,KRT-013,12.45,KRT
2026-03-13,KRT-014,9.14,KRT
2026-03-13,KRT-015,12.7,KRT
2026-03-13,KRT-016,11.74,KRT
2026-03-13,KRT-017,5.59,KRT
2026-03-13,KRT-018,6.58,KRT
2026-03-13,KRT-019,4.32,KRT
2026-03-13,KRT-020,5.59,KRT
2026-03-13,KRT-021,6.35,KRT
2026-03-13,KRT-022,23.37,KRT
2026-03-13,KRT-023,3.81,KRT
2026-03-13,KRT-024,4.32,KRT
2026-03-13,KRT-025,5.59,KRT
2026-03-13,KRT-026,3.58,KRT
2026-03-13,KRT-027,1.78,KRT
2026-03-13,KRT-028,4.32,KRT
2026-03-13,KRT-029,2.54,KRT
2026-03-13,KRT-030,7.11,KRT
2026-03-13,KRT-031,2.03,KRT
2026-03-13,KRT-032,0.51,KRT
2026-03-13,KRT-033,1.78,KRT
2026-03-13,KRT-034,0.25,KRT
2026-03-13,KRT-035,12.19,KRT
2026-03-13,KRT-036,4.83,KRT
2026-03-13,KRT-037,9.14,KRT
2026-03-13,KRT-038,4.06,KRT
2026-03-13,KRT-039,8.89,KRT
2026-03-13,KRT-040,6.24,KRT
2026-03-13,KRT-041,6.47,KRT
2026-03-13,KRT-042,3.81,KRT
2026-03-13,KRT-043,10.16,KRT
2026-03-13,KRT-044,5.14,KRT
2026-03-13,KRT-045,10.01,KRT
2026-03-13,KRT-046,11.94,KRT
2026-03-13,KRT-047,8.64,KRT
2026-03-13,KRT-048,4.76,KRT
2026-03-13,KRT-049,3.05,KRT
2026-03-13,KRT-050,9.14,KRT
2026-03-13,KRT-051,8.38,KRT
2026-03-13,KRT-052,11.18,KRT
2026-03-13,KRT-053,6.12,KRT
2026-03-13,KRT-054,2.29,KRT
2026-03-13,KRT-055,6.35,KRT
2026-03-13,KRT-056,6.6,KRT
2026-03-13,KRT-057,1.81,KRT
2026-03-13,KRT-058,1.0,KRT
2026-03-13,KRT-059,2.03,KRT
2026-03-13,KRT-060,2.7,KRT
2026-03-13,KRT-061,6.6,KRT
2026-03-13,KRT-062,1.97,KRT
2026-03-13,KRT-063,8.1,KRT
2026-03-13,KRT-064,5.7,KRT
2026-03-13,KRT-065,2.7,KRT
2026-03-13,KRT-066,2.75,KRT
2026-03-13,KRT-067,1.78,KRT
2026-03-13,KRT-068,1.02,KRT
2026-03-13,KRT-069,6.6,KRT
2026-03-13,KRT-070,6.89,KRT
2026-03-13,KRT-071,8.89,KRT
2026-03-13,KRT-072,7.26,KRT
2026-03-13,KRT-073,10.92,KRT
2026-03-13,KRT-074,13.21,KRT
2026-03-13,RDM-101,14.75,RDM
2026-03-13,RDM-102,17.0,RDM
2026-03-13,RDM-103,11.68,RDM
2026-03-13,RDM-104,17.02,RDM
2026-03-13,RDM-105,7.87,RDM
2026-03-13,RDM-106,13.21,RDM
2026-03-13,RDM-107,10.2,RDM
2026-03-13,RDM-108,8.38,RDM
2026-03-13,RDM-109,20.07,RDM
2026-03-13,RDM-110,19.44,RDM
2026-03-13,RDM-112,22.61,RDM
2026-03-13,RDM-113,23.4,RDM
2026-03-13,RDM-114,6.5,RDM
2026-03-13,RDM-115,8.64,RDM
2026-03-13,RDM-116,5.33,RDM
2026-03-13,RDM-117,9.3,RDM
2026-03-13,RDM-118,2.58,RDM
2026-03-13,RDM-119,6.6,RDM
2026-03-13,RDM-120,1.27,RDM
2026-03-13,RDM-121,2.54,RDM
2026-03-13,RDM-122,3.01,RDM
2026-03-13,RDM-123,5.59,RDM
2026-03-13,RDM-124,5.4,RDM
2026-03-13,RDM-125,5.4,RDM
2026-03-13,RDM-126,1.8,RDM
2026-03-13,RDM-127,1.02,RDM
2026-03-13,RDM-128,2.03,RDM
2026-03-13,RDM-129,3.05,RDM
2026-03-13,RDM-130,5.59,RDM
2026-03-13,RDM-131,8.64,RDM
2026-03-13,RDM-132,16.5,RDM
2026-03-13,RDM-133,1.27,RDM
2026-03-14,KRT-001,0.0,KRT
2026-03-14,KRT-002,0.0,KRT
2026-03-14,KRT-003,0.0,KRT
2026-03-14,KRT-004,0.0,KRT
2026-03-14,KRT-005,0.0,KRT
2026-03-14,KRT-006,0.0,KRT
2026-03-14,KRT-007,0.0,KRT
2026-03-14,KRT-008,0.0,KRT
2026-03-14,KRT-009,0.0,KRT
2026-03-14,KRT-010,0.25,KRT
2026-03-14,KRT-011,0.0,KRT
2026-03-14,KRT-012,0.0,KRT
2026-03-14,KRT-013,0.25,KRT
2026-03-14,KRT-014,0.25,KRT
2026-03-14,KRT-015,0.0,KRT
2026-03-14,KRT-016,0.0,KRT
2026-03-14,KRT-017,0.0,KRT
2026-03-14,KRT-018,0.0,KRT
2026-03-14,KRT-019,0.0,KRT
2026-03-14,KRT-020,0.25,KRT
2026-03-14,KRT-021,0.0,KRT
2026-03-14,KRT-022,0.0,KRT
2026-03-14,KRT-023,0.0,KRT
2026-03-14,KRT-024,0.0,KRT
2026-03-14,KRT-025,0.76,KRT
2026-03-14,KRT-026,0.0,KRT
2026-03-14,KRT-027,0.0,KRT
2026-03-14,KRT-028,0.0,KRT
2026-03-14,KRT-029,0.0,KRT
2026-03-14,KRT-030,0.25,KRT
2026-03-14,KRT-031,0.0,KRT
2026-03-14,KRT-032,0.0,KRT
2026-03-14,KRT-033,0.0,KRT
2026-03-14,KRT-034,0.25,KRT
2026-03-14,KRT-035,0.0,KRT
2026-03-14,KRT-036,0.0,KRT
2026-03-14,KRT-037,0.0,KRT
2026-03-14,KRT-038,0.0,KRT
2026-03-14,KRT-039,0.76,KRT
2026-03-14,KRT-040,0.0,KRT
2026-03-14,KRT-041,0.0,KRT
2026-03-14,KRT-042,0.0,KRT
2026-03-14,KRT-043,0.0,KRT
2026-03-14,KRT-044,0.0,KRT
2026-03-14,KRT-045,0.0,KRT
2026-03-14,KRT-046,0.0,KRT
2026-03-14,KRT-047,0.0,KRT
2026-03-14,KRT-048,0.0,KRT
2026-03-14,KRT-049,0.0,KRT
2026-03-14,KRT-050,0.0,KRT
2026-03-14,KRT-051,0.0,KRT
2026-03-14,KRT-052,0.25,KRT
2026-03-14,KRT-053,0.0,KRT
2026-03-14,KRT-054,0.25,KRT
2026-03-14,KRT-055,0.0,KRT
2026-03-14,KRT-056,0.25,KRT
2026-03-14,KRT-057,0.23,KRT
2026-03-14,KRT-058,0.0,KRT
2026-03-14,KRT-059,0.25,KRT
2026-03-14,KRT-060,0.0,KRT
2026-03-14,KRT-061,0.0,KRT
2026-03-14,KRT-062,0.22,KRT
2026-03-14,KRT-063,0.0,KRT
2026-03-14,KRT-064,0.0,KRT
2026-03-14,KRT-065,0.0,KRT
2026-03-14,KRT-066,0.0,KRT
2026-03-14,KRT-067,0.0,KRT
2026-03-14,KRT-068,0.0,KRT
2026-03-14,KRT-069,0.0,KRT
2026-03-14,KRT-070,0.0,KRT
2026-03-14,KRT-071,0.25,KRT
2026-03-14,KRT-072,0.0,KRT
2026-03-14,KRT-073,0.25,KRT
2026-03-14,KRT-074,0.0,KRT
2026-03-14,RDM-101,0.0,RDM
2026-03-14,RDM-102,0.0,RDM
2026-03-14,RDM-103,0.0,RDM
2026-03-14,RDM-104,0.25,RDM
2026-03-14,RDM-105,0.0,RDM
2026-03-14,RDM-106,0.0,RDM
2026-03-14,RDM-107,0.0,RDM
2026-03-14,RDM-108,0.0,RDM
2026-03-14,RDM-109,0.0,RDM
2026-03-14,RDM-110,0.0,RDM
2026-03-14,RDM-112,0.0,RDM
2026-03-14,RDM-113,0.0,RDM
2026-03-14,RDM-114,0.0,RDM
2026-03-14,RDM-115,0.0,RDM
2026-03-14,RDM-116,0.0,RDM
2026-03-14,RDM-117,0.0,RDM
2026-03-14,RDM-118,0.0,RDM
2026-03-14,RDM-119,0.0,RDM
2026-03-14,RDM-120,0.0,RDM
2026-03-14,RDM-121,0.25,RDM
2026-03-14,RDM-122,0.0,RDM
2026-03-14,RDM-123,0.0,RDM
2026-03-14,RDM-124,0.0,RDM
2026-03-14,RDM-125,0.0,RDM
2026-03-14,RDM-126,0.0,RDM
2026-03-14,RDM-127,0.0,RDM
2026-03-14,RDM-128,0.0,RDM
2026-03-14,RDM-129,0.0,RDM
2026-03-14,RDM-130,0.0,RDM
2026-03-14,RDM-131,0.0,RDM
2026-03-14,RDM-132,0.0,RDM
2026-03-14,RDM-133,0.0,RDM
2026-03-15,KRT-001,0.0,KRT
2026-03-15,KRT-002,0.0,KRT
2026-03-15,KRT-003,0.0,KRT
2026-03-15,KRT-004,0.0,KRT
2026-03-15,KRT-005,0.75,KRT
2026-03-15,KRT-006,0.0,KRT
2026-03-15,KRT-007,0.76,KRT
2026-03-15,KRT-008,0.0,KRT
2026-03-15,KRT-009,0.0,KRT
2026-03-15,KRT-010,0.0,KRT
2026-03-15,KRT-011,0.0,KRT
2026-03-15,KRT-012,0.0,KRT
2026-03-15,KRT-013,0.0,KRT
2026-03-15,KRT-014,0.0,KRT
2026-03-15,KRT-015,0.25,KRT
2026-03-15,KRT-016,0.0,KRT
2026-03-15,KRT-017,0.0,KRT
2026-03-15,KRT-018,0.0,KRT
2026-03-15,KRT-019,2.79,KRT
2026-03-15,KRT-020,4.83,KRT
2026-03-15,KRT-021,5.59,KRT
2026-03-15,KRT-022,4.51,KRT
2026-03-15,KRT-023,0.76,KRT
2026-03-15,KRT-024,7.11,KRT
2026-03-15,KRT-025,10.92,KRT
2026-03-15,KRT-026,0.0,KRT
2026-03-15,KRT-027,8.89,KRT
2026-03-15,KRT-028,8.64,KRT
2026-03-15,KRT-029,9.65,KRT
2026-03-15,KRT-030,1.52,KRT
2026-03-15,KRT-031,3.3,KRT
2026-03-15,KRT-032,6.6,KRT
2026-03-15,KRT-033,0.25,KRT
2026-03-15,KRT-034,1.52,KRT
2026-03-15,KRT-035,0.0,KRT
2026-03-15,KRT-036,0.0,KRT
2026-03-15,KRT-037,0.25,KRT
2026-03-15,KRT-038,0.25,KRT
2026-03-15,KRT-039,0.0,KRT
2026-03-15,KRT-040,0.0,KRT
2026-03-15,KRT-041,0.0,KRT
2026-03-15,KRT-042,0.0,KRT
2026-03-15,KRT-043,0.0,KRT
2026-03-15,KRT-044,0.0,KRT
2026-03-15,KRT-045,0.0,KRT
2026-03-15,KRT-046,0.25,KRT
2026-03-15,KRT-047,0.0,KRT
2026-03-15,KRT-048,0.25,KRT
2026-03-15,KRT-049,0.0,KRT
2026-03-15,KRT-050,0.0,KRT
2026-03-15,KRT-051,0.0,KRT
2026-03-15,KRT-052,0.25,KRT
2026-03-15,KRT-053,0.0,KRT
2026-03-15,KRT-054,0.0,KRT
2026-03-15,KRT-055,0.0,KRT
2026-03-15,KRT-056,0.0,KRT
2026-03-15,KRT-057,0.0,KRT
2026-03-15,KRT-058,0.0,KRT
2026-03-15,KRT-059,0.0,KRT
2026-03-15,KRT-060,0.0,KRT
2026-03-15,KRT-061,0.0,KRT
2026-03-15,KRT-062,0.0,KRT
2026-03-15,KRT-063,0.0,KRT
2026-03-15,KRT-064,0.0,KRT
2026-03-15,KRT-065,0.0,KRT
2026-03-15,KRT-066,0.0,KRT
2026-03-15,KRT-067,0.0,KRT
2026-03-15,KRT-068,0.0,KRT
2026-03-15,KRT-069,0.0,KRT
2026-03-15,KRT-070,0.0,KRT
2026-03-15,KRT-071,0.0,KRT
2026-03-15,KRT-072,0.0,KRT
2026-03-15,KRT-073,0.0,KRT
2026-03-15,KRT-074,0.0,KRT
2026-03-15,RDM-101,13.0,RDM
2026-03-15,RDM-102,13.25,RDM
2026-03-15,RDM-103,20.83,RDM
2026-03-15,RDM-104,20.07,RDM
2026-03-15,RDM-105,22.1,RDM
2026-03-15,RDM-106,23.62,RDM
2026-03-15,RDM-107,13.2,RDM
2026-03-15,RDM-108,23.88,RDM
2026-03-15,RDM-109,8.13,RDM
2026-03-15,RDM-110,8.1,RDM
2026-03-15,RDM-112,5.08,RDM
2026-03-15,RDM-113,3.6,RDM
2026-03-15,RDM-114,12.75,RDM
2026-03-15,RDM-115,12.7,RDM
2026-03-15,RDM-116,32.0,RDM
2026-03-15,RDM-117,24.9,RDM
2026-03-15,RDM-118,30.04,RDM
2026-03-15,RDM-119,18.8,RDM
2026-03-15,RDM-120,29.21,RDM
2026-03-15,RDM-121,28.19,RDM
2026-03-15,RDM-122,21.04,RDM
2026-03-15,RDM-123,27.43,RDM
2026-03-15,RDM-124,66.9,RDM
2026-03-15,RDM-125,63.3,RDM
2026-03-15,RDM-126,25.8,RDM
2026-03-15,RDM-127,26.67,RDM
2026-03-15,RDM-128,16.0,RDM
2026-03-15,RDM-129,26.42,RDM
2026-03-15,RDM-130,21.59,RDM
2026-03-15,RDM-131,25.65,RDM
2026-03-15,RDM-132,34.5,RDM
2026-03-15,RDM-133,38.61,RDM
2026-03-16,KRT-001,0.0,KRT
2026-03-16,KRT-002,0.0,KRT
2026-03-16,KRT-003,0.0,KRT
2026-03-16,KRT-004,0.0,KRT
2026-03-16,KRT-005,0.0,KRT
2026-03-16,KRT-006,0.0,KRT
2026-03-16,KRT-007,0.0,KRT
2026-03-16,KRT-008,0.0,KRT
2026-03-16,KRT-009,0.0,KRT
2026-03-16,KRT-010,0.0,KRT
2026-03-16,KRT-011,0.0,KRT
2026-03-16,KRT-012,0.0,KRT
2026-03-16,KRT-013,0.0,KRT
2026-03-16,KRT-014,0.0,KRT
2026-03-16,KRT-015,0.0,KRT
2026-03-16,KRT-016,0.0,KRT
2026-03-16,KRT-017,0.0,KRT
2026-03-16,KRT-018,0.0,KRT
2026-03-16,KRT-019,0.25,KRT
2026-03-16,KRT-020,0.0,KRT
2026-03-16,KRT-021,0.0,KRT
2026-03-16,KRT-022,0.25,KRT
2026-03-16,KRT-023,0.0,KRT
2026-03-16,KRT-024,0.0,KRT
2026-03-16,KRT-025,0.0,KRT
2026-03-16,KRT-026,0.0,KRT
2026-03-16,KRT-027,0.51,KRT
2026-03-16,KRT-028,0.0,KRT
2026-03-16,KRT-029,0.51,KRT
2026-03-16,KRT-030,0.0,KRT
2026-03-16,KRT-031,0.0,KRT
2026-03-16,KRT-032,0.0,KRT
2026-03-16,KRT-033,0.25,KRT
2026-03-16,KRT-034,0.25,KRT
2026-03-16,KRT-035,0.25,KRT
2026-03-16,KRT-036,0.0,KRT
2026-03-16,KRT-037,0.0,KRT
2026-03-16,KRT-038,0.0,KRT
2026-03-16,KRT-039,0.0,KRT
2026-03-16,KRT-040,0.0,KRT
2026-03-16,KRT-041,0.0,KRT
2026-03-16,KRT-042,0.0,KRT
2026-03-16,KRT-043,0.0,KRT
2026-03-16,KRT-044,0.0,KRT
2026-03-16,KRT-045,0.0,KRT
2026-03-16,KRT-046,0.0,KRT
2026-03-16,KRT-047,0.0,KRT
2026-03-16,KRT-048,0.0,KRT
2026-03-16,KRT-049,0.0,KRT
2026-03-16,KRT-050,0.25,KRT
2026-03-16,KRT-051,1.78,KRT
2026-03-16,KRT-052,0.25,KRT
2026-03-16,KRT-053,0.0,KRT
2026-03-16,KRT-054,0.51,KRT
2026-03-16,KRT-055,0.25,KRT
2026-03-16,KRT-056,1.27,KRT
2026-03-16,KRT-057,0.9,KRT
2026-03-16,KRT-058,1.0,KRT
2026-03-16,KRT-059,2.03,KRT
2026-03-16,KRT-060,4.2,KRT
2026-03-16,KRT-061,3.9,KRT
2026-03-16,KRT-062,4.82,KRT
2026-03-16,KRT-063,3.01,KRT
2026-03-16,KRT-064,3.0,KRT
2026-03-16,KRT-065,2.4,KRT
2026-03-16,KRT-066,3.05,KRT
2026-03-16,KRT-067,5.08,KRT
2026-03-16,KRT-068,4.59,KRT
2026-03-16,KRT-069,1.27,KRT
2026-03-16,KRT-070,1.97,KRT
2026-03-16,KRT-071,1.52,KRT
2026-03-16,KRT-072,1.58,KRT
2026-03-16,KRT-073,0.0,KRT
2026-03-16,KRT-074,0.0,KRT
2026-03-16,RDM-101,10.0,RDM
2026-03-16,RDM-102,17.25,RDM
2026-03-16,RDM-103,10.67,RDM
2026-03-16,RDM-104,22.1,RDM
2026-03-16,RDM-105,10.67,RDM
2026-03-16,RDM-106,25.4,RDM
2026-03-16,RDM-107,13.2,RDM
2026-03-16,RDM-108,21.59,RDM
2026-03-16,RDM-109,13.97,RDM
2026-03-16,RDM-110,9.0,RDM
2026-03-16,RDM-112,9.91,RDM
2026-03-16,RDM-113,10.2,RDM
2026-03-16,RDM-114,10.0,RDM
2026-03-16,RDM-115,9.4,RDM
2026-03-16,RDM-116,9.91,RDM
2026-03-16,RDM-117,10.5,RDM
2026-03-16,RDM-118,10.02,RDM
2026-03-16,RDM-119,9.91,RDM
2026-03-16,RDM-120,11.43,RDM
2026-03-16,RDM-121,10.92,RDM
2026-03-16,RDM-122,12.22,RDM
2026-03-16,RDM-123,14.73,RDM
2026-03-16,RDM-124,10.8,RDM
2026-03-16,RDM-125,30.0,RDM
2026-03-16,RDM-126,11.7,RDM
2026-03-16,RDM-127,9.14,RDM
2026-03-16,RDM-128,8.38,RDM
2026-03-16,RDM-129,11.18,RDM
2026-03-16,RDM-130,7.11,RDM
2026-03-16,RDM-131,16.76,RDM
2026-03-16,RDM-132,18.3,RDM
2026-03-16,RDM-133,8.89,RDM
2026-03-17,KRT-001,0.0,KRT
2026-03-17,KRT-002,0.0,KRT
2026-03-17,KRT-003,0.0,KRT
2026-03-17,KRT-004,0.0,KRT
2026-03-17,KRT-005,0.0,KRT
2026-03-17,KRT-006,0.0,KRT
2026-03-17,KRT-007,0.0,KRT
2026-03-17,KRT-008,0.0,KRT
2026-03-17,KRT-009,0.0,KRT
2026-03-17,KRT-010,0.0,KRT
2026-03-17,KRT-011,0.25,KRT
2026-03-17,KRT-012,0.0,KRT
2026-03-17,KRT-013,0.0,KRT
2026-03-17,KRT-014,0.0,KRT
2026-03-17,KRT-015,0.0,KRT
2026-03-17,KRT-016,0.0,KRT
2026-03-17,KRT-017,0.0,KRT
2026-03-17,KRT-018,0.0,KRT
2026-03-17,KRT-019,0.0,KRT
2026-03-17,KRT-020,0.0,KRT
2026-03-17,KRT-021,0.0,KRT
2026-03-17,KRT-022,0.0,KRT
2026-03-17,KRT-023,0.0,KRT
2026-03-17,KRT-024,0.0,KRT
2026-03-17,KRT-025,0.0,KRT
2026-03-17,KRT-026,0.0,KRT
2026-03-17,KRT-027,0.0,KRT
2026-03-17,KRT-028,0.0,KRT
2026-03-17,KRT-029,0.0,KRT
2026-03-17,KRT-030,0.0,KRT
2026-03-17,KRT-031,0.0,KRT
2026-03-17,KRT-032,0.0,KRT
2026-03-17,KRT-033,0.0,KRT
2026-03-17,KRT-034,0.0,KRT
2026-03-17,KRT-035,0.0,KRT
2026-03-17,KRT-036,0.0,KRT
2026-03-17,KRT-037,0.0,KRT
2026-03-17,KRT-038,0.0,KRT
2026-03-17,KRT-039,0.0,KRT
2026-03-17,KRT-040,0.0,KRT
2026-03-17,KRT-041,0.0,KRT
2026-03-17,KRT-042,0.0,KRT
2026-03-17,KRT-043,0.0,KRT
2026-03-17,KRT-044,0.0,KRT
2026-03-17,KRT-045,0.0,KRT
2026-03-17,KRT-046,0.0,KRT
2026-03-17,KRT-047,0.0,KRT
2026-03-17,KRT-048,0.0,KRT
2026-03-17,KRT-049,0.0,KRT
2026-03-17,KRT-050,0.0,KRT
2026-03-17,KRT-051,0.0,KRT
2026-03-17,KRT-052,0.0,KRT
2026-03-17,KRT-053,0.0,KRT
2026-03-17,KRT-054,0.0,KRT
2026-03-17,KRT-055,0.0,KRT
2026-03-17,KRT-056,0.25,KRT
2026-03-17,KRT-057,0.0,KRT
2026-03-17,KRT-058,0.0,KRT
2026-03-17,KRT-059,0.0,KRT
2026-03-17,KRT-060,0.0,KRT
2026-03-17,KRT-061,0.0,KRT
2026-03-17,KRT-062,0.0,KRT
2026-03-17,KRT-063,0.0,KRT
2026-03-17,KRT-064,0.0,KRT
2026-03-17,KRT-065,0.0,KRT
2026-03-17,KRT-066,0.0,KRT
2026-03-17,KRT-067,0.0,KRT
2026-03-17,KRT-068,0.0,KRT
2026-03-17,KRT-069,0.0,KRT
2026-03-17,KRT-070,0.0,KRT
2026-03-17,KRT-071,0.0,KRT
2026-03-17,KRT-072,0.0,KRT
2026-03-17,KRT-073,0.0,KRT
2026-03-17,KRT-074,0.0,KRT
2026-03-17,RDM-101,0.0,RDM
2026-03-17,RDM-102,0.0,RDM
2026-03-17,RDM-103,0.0,RDM
2026-03-17,RDM-104,0.0,RDM
2026-03-17,RDM-105,0.0,RDM
2026-03-17,RDM-106,0.0,RDM
2026-03-17,RDM-107,0.0,RDM
2026-03-17,RDM-108,0.0,RDM
2026-03-17,RDM-109,0.0,RDM
2026-03-17,RDM-110,0.0,RDM
2026-03-17,RDM-112,0.0,RDM
2026-03-17,RDM-113,0.0,RDM
2026-03-17,RDM-114,0.0,RDM
2026-03-17,RDM-115,0.0,RDM
2026-03-17,RDM-116,0.51,RDM
2026-03-17,RDM-117,0.0,RDM
2026-03-17,RDM-118,0.0,RDM
2026-03-17,RDM-119,0.0,RDM
2026-03-17,RDM-120,0.0,RDM
2026-03-17,RDM-121,0.0,RDM
2026-03-17,RDM-122,0.0,RDM
2026-03-17,RDM-123,0.0,RDM
2026-03-17,RDM-124,0.0,RDM
2026-03-17,RDM-125,0.0,RDM
2026-03-17,RDM-126,0.0,RDM
2026-03-17,RDM-127,0.0,RDM
2026-03-17,RDM-128,0.0,RDM
2026-03-17,RDM-129,0.0,RDM
2026-03-17,RDM-130,0.0,RDM
2026-03-17,RDM-131,0.0,RDM
2026-03-17,RDM-132,0.0,RDM
2026-03-17,RDM-133,0.0,RDM
2026-03-18,KRT-001,0.0,KRT
2026-03-18,KRT-002,0.0,KRT
2026-03-18,KRT-003,0.51,KRT
2026-03-18,KRT-004,0.51,KRT
2026-03-18,KRT-005,0.25,KRT
2026-03-18,KRT-006,0.0,KRT
2026-03-18,KRT-007,0.0,KRT
2026-03-18,KRT-008,0.0,KRT
2026-03-18,KRT-009,0.0,KRT
2026-03-18,KRT-010,0.51,KRT
2026-03-18,KRT-011,0.0,KRT
2026-03-18,KRT-012,0.0,KRT
2026-03-18,KRT-013,0.0,KRT
2026-03-18,KRT-014,0.0,KRT
2026-03-18,KRT-015,0.0,KRT
2026-03-18,KRT-016,0.0,KRT
2026-03-18,KRT-017,0.0,KRT
2026-03-18,KRT-018,0.0,KRT
2026-03-18,KRT-019,0.0,KRT
2026-03-18,KRT-020,0.0,KRT
2026-03-18,KRT-021,0.0,KRT
2026-03-18,KRT-022,0.0,KRT
2026-03-18,KRT-023,0.0,KRT
2026-03-18,KRT-024,0.0,KRT
2026-03-18,KRT-025,0.0,KRT
2026-03-18,KRT-026,0.0,KRT
2026-03-18,KRT-027,1.27,KRT
2026-03-18,KRT-028,0.0,KRT
2026-03-18,KRT-029,0.51,KRT
2026-03-18,KRT-030,0.0,KRT
2026-03-18,KRT-031,0.0,KRT
2026-03-18,KRT-032,0.0,KRT
2026-03-18,KRT-033,0.0,KRT
2026-03-18,KRT-034,0.0,KRT
2026-03-18,KRT-035,0.51,KRT
2026-03-18,KRT-036,0.0,KRT
2026-03-18,KRT-037,0.0,KRT
2026-03-18,KRT-038,0.0,KRT
2026-03-18,KRT-039,0.0,KRT
2026-03-18,KRT-040,0.0,KRT
2026-03-18,KRT-041,0.0,KRT
2026-03-18,KRT-042,0.0,KRT
2026-03-18,KRT-043,0.0,KRT
2026-03-18,KRT-044,0.0,KRT
2026-03-18,KRT-045,0.0,KRT
2026-03-18,KRT-046,0.0,KRT
2026-03-18,KRT-047,0.0,KRT
2026-03-18,KRT-048,0.0,KRT
2026-03-18,KRT-049,0.0,KRT
2026-03-18,KRT-050,0.0,KRT
2026-03-18,KRT-051,0.0,KRT
2026-03-18,KRT-052,0.51,KRT
2026-03-18,KRT-053,0.0,KRT
2026-03-18,KRT-054,0.0,KRT
2026-03-18,KRT-055,0.0,KRT
2026-03-18,KRT-056,0.25,KRT
2026-03-18,KRT-057,0.0,KRT
2026-03-18,KRT-058,0.0,KRT
2026-03-18,KRT-059,0.0,KRT
2026-03-18,KRT-060,0.0,KRT
2026-03-18,KRT-061,0.0,KRT
2026-03-18,KRT-062,0.0,KRT
2026-03-18,KRT-063,0.0,KRT
2026-03-18,KRT-064,0.0,KRT
2026-03-18,KRT-065,0.0,KRT
2026-03-18,KRT-066,0.0,KRT
2026-03-18,KRT-067,0.0,KRT
2026-03-18,KRT-068,0.0,KRT
2026-03-18,KRT-069,0.0,KRT
2026-03-18,KRT-070,0.0,KRT
2026-03-18,KRT-071,0.0,KRT
2026-03-18,KRT-072,0.0,KRT
2026-03-18,KRT-073,0.0,KRT
2026-03-18,KRT-074,0.0,KRT
2026-03-18,RDM-101,0.5,RDM
2026-03-18,RDM-102,0.0,RDM
2026-03-18,RDM-103,0.0,RDM
2026-03-18,RDM-104,0.0,RDM
2026-03-18,RDM-105,0.0,RDM
2026-03-18,RDM-106,0.0,RDM
2026-03-18,RDM-107,0.0,RDM
2026-03-18,RDM-108,0.0,RDM
2026-03-18,RDM-109,0.0,RDM
2026-03-18,RDM-110,0.0,RDM
2026-03-18,RDM-112,0.0,RDM
2026-03-18,RDM-113,0.0,RDM
2026-03-18,RDM-114,0.0,RDM
2026-03-18,RDM-115,0.0,RDM
2026-03-18,RDM-116,0.0,RDM
2026-03-18,RDM-117,0.0,RDM
2026-03-18,RDM-118,0.0,RDM
2026-03-18,RDM-119,0.0,RDM
2026-03-18,RDM-120,0.25,RDM
2026-03-18,RDM-121,0.0,RDM
2026-03-18,RDM-122,0.0,RDM
2026-03-18,RDM-123,0.0,RDM
2026-03-18,RDM-124,0.0,RDM
2026-03-18,RDM-125,0.0,RDM
2026-03-18,RDM-126,0.0,RDM
2026-03-18,RDM-127,0.0,RDM
2026-03-18,RDM-128,0.0,RDM
2026-03-18,RDM-129,0.0,RDM
2026-03-18,RDM-130,0.0,RDM
2026-03-18,RDM-131,0.0,RDM
2026-03-18,RDM-132,0.0,RDM
2026-03-18,RDM-133,0.0,RDM
2026-03-19,KRT-001,0.0,KRT
2026-03-19,KRT-002,0.0,KRT
2026-03-19,KRT-003,0.0,KRT
2026-03-19,KRT-004,0.0,KRT
2026-03-19,KRT-005,0.0,KRT
2026-03-19,KRT-006,0.0,KRT
2026-03-19,KRT-007,0.0,KRT
2026-03-19,KRT-008,0.0,KRT
2026-03-19,KRT-009,0.25,KRT
2026-03-19,KRT-010,0.0,KRT
2026-03-19,KRT-011,0.51,KRT
2026-03-19,KRT-012,0.0,KRT
2026-03-19,KRT-013,0.25,KRT
2026-03-19,KRT-014,0.0,KRT
2026-03-19,KRT-015,0.0,KRT
2026-03-19,KRT-016,0.0,KRT
2026-03-19,KRT-017,0.0,KRT
2026-03-19,KRT-018,0.0,KRT
2026-03-19,KRT-019,0.0,KRT
2026-03-19,KRT-020,0.0,KRT
2026-03-19,KRT-021,0.0,KRT
2026-03-19,KRT-022,0.0,KRT
2026-03-19,KRT-023,0.0,KRT
2026-03-19,KRT-024,0.25,KRT
2026-03-19,KRT-025,0.0,KRT
2026-03-19,KRT-026,0.0,KRT
2026-03-19,KRT-027,0.0,KRT
2026-03-19,KRT-028,0.0,KRT
2026-03-19,KRT-029,0.0,KRT
2026-03-19,KRT-030,0.0,KRT
2026-03-19,KRT-031,0.0,KRT
2026-03-19,KRT-032,0.0,KRT
2026-03-19,KRT-033,0.0,KRT
2026-03-19,KRT-034,0.0,KRT
2026-03-19,KRT-035,0.0,KRT
2026-03-19,KRT-036,0.0,KRT
2026-03-19,KRT-037,0.0,KRT
2026-03-19,KRT-038,0.0,KRT
2026-03-19,KRT-039,0.0,KRT
2026-03-19,KRT-040,0.0,KRT
2026-03-19,KRT-041,0.0,KRT
2026-03-19,KRT-042,0.0,KRT
2026-03-19,KRT-043,0.0,KRT
2026-03-19,KRT-044,0.0,KRT
2026-03-19,KRT-045,0.0,KRT
2026-03-19,KRT-046,0.0,KRT
2026-03-19,KRT-047,0.0,KRT
2026-03-19,KRT-048,0.0,KRT
2026-03-19,KRT-049,0.0,KRT
2026-03-19,KRT-050,0.0,KRT
2026-03-19,KRT-051,0.0,KRT
2026-03-19,KRT-052,0.0,KRT
2026-03-19,KRT-053,0.0,KRT
2026-03-19,KRT-054,0.0,KRT
2026-03-19,KRT-055,0.0,KRT
2026-03-19,KRT-056,0.0,KRT
2026-03-19,KRT-057,0.0,KRT
2026-03-19,KRT-058,0.0,KRT
2026-03-19,KRT-059,0.0,KRT
2026-03-19,KRT-060,0.0,KRT
2026-03-19,KRT-061,0.0,KRT
2026-03-19,KRT-062,0.0,KRT
2026-03-19,KRT-063,0.0,KRT
2026-03-19,KRT-064,0.0,KRT
2026-03-19,KRT-065,0.0,KRT
2026-03-19,KRT-066,0.0,KRT
2026-03-19,KRT-067,0.0,KRT
2026-03-19,KRT-068,0.0,KRT
2026-03-19,KRT-069,0.0,KRT
2026-03-19,KRT-070,0.0,KRT
2026-03-19,KRT-071,0.0,KRT
2026-03-19,KRT-072,0.0,KRT
2026-03-19,KRT-073,0.0,KRT
2026-03-19,KRT-074,0.0,KRT
2026-03-19,RDM-101,0.0,RDM
2026-03-19,RDM-102,0.0,RDM
2026-03-19,RDM-103,0.0,RDM
2026-03-19,RDM-104,0.0,RDM
2026-03-19,RDM-105,0.0,RDM
2026-03-19,RDM-106,0.0,RDM
2026-03-19,RDM-107,0.0,RDM
2026-03-19,RDM-108,0.0,RDM
2026-03-19,RDM-109,0.0,RDM
2026-03-19,RDM-110,0.0,RDM
2026-03-19,RDM-112,0.0,RDM
2026-03-19,RDM-113,0.0,RDM
2026-03-19,RDM-114,0.0,RDM
2026-03-19,RDM-115,0.0,RDM
2026-03-19,RDM-116,0.0,RDM
2026-03-19,RDM-117,0.0,RDM
2026-03-19,RDM-118,0.0,RDM
2026-03-19,RDM-119,0.0,RDM
2026-03-19,RDM-120,0.0,RDM
2026-03-19,RDM-121,0.0,RDM
2026-03-19,RDM-122,0.0,RDM
2026-03-19,RDM-123,0.0,RDM
2026-03-19,RDM-124,0.0,RDM
2026-03-19,RDM-125,0.0,RDM
2026-03-19,RDM-126,0.0,RDM
2026-03-19,RDM-127,0.0,RDM
2026-03-19,RDM-128,0.0,RDM
2026-03-19,RDM-129,0.0,RDM
2026-03-19,RDM-130,0.0,RDM
2026-03-19,RDM-131,0.0,RDM
2026-03-19,RDM-132,0.0,RDM
2026-03-19,RDM-133,0.0,RDM
2026-03-20,KRT-001,8.64,KRT
2026-03-20,KRT-002,4.55,KRT
2026-03-20,KRT-003,4.83,KRT
2026-03-20,KRT-004,5.84,KRT
2026-03-20,KRT-005,2.0,KRT
2026-03-20,KRT-006,1.0,KRT
2026-03-20,KRT-007,1.52,KRT
2026-03-20,KRT-008,0.25,KRT
2026-03-20,KRT-009,1.78,KRT
2026-03-20,KRT-010,1.02,KRT
2026-03-20,KRT-011,0.25,KRT
2026-03-20,KRT-012,0.0,KRT
2026-03-20,KRT-013,0.25,KRT
2026-03-20,KRT-014,0.0,KRT
2026-03-20,KRT-015,19.05,KRT
2026-03-20,KRT-016,21.3,KRT
2026-03-20,KRT-017,4.83,KRT
2026-03-20,KRT-018,3.49,KRT
2026-03-20,KRT-019,1.78,KRT
2026-03-20,KRT-020,7.87,KRT
2026-03-20,KRT-021,1.78,KRT
2026-03-20,KRT-022,3.05,KRT
2026-03-20,KRT-023,0.0,KRT
2026-03-20,KRT-024,0.51,KRT
2026-03-20,KRT-025,0.25,KRT
2026-03-20,KRT-026,0.0,KRT
2026-03-20,KRT-027,0.0,KRT
2026-03-20,KRT-028,0.0,KRT
2026-03-20,KRT-029,0.51,KRT
2026-03-20,KRT-030,0.0,KRT
2026-03-20,KRT-031,0.25,KRT
2026-03-20,KRT-032,0.0,KRT
2026-03-20,KRT-033,0.51,KRT
2026-03-20,KRT-034,0.25,KRT
2026-03-20,KRT-035,4.57,KRT
2026-03-20,KRT-036,19.05,KRT
2026-03-20,KRT-037,12.95,KRT
2026-03-20,KRT-038,28.19,KRT
2026-03-20,KRT-039,21.84,KRT
2026-03-20,KRT-040,21.48,KRT
2026-03-20,KRT-041,22.57,KRT
2026-03-20,KRT-042,26.42,KRT
2026-03-20,KRT-043,21.08,KRT
2026-03-20,KRT-044,19.56,KRT
2026-03-20,KRT-045,13.11,KRT
2026-03-20,KRT-046,14.22,KRT
2026-03-20,KRT-047,10.41,KRT
2026-03-20,KRT-048,4.32,KRT
2026-03-20,KRT-049,3.56,KRT
2026-03-20,KRT-050,23.11,KRT
2026-03-20,KRT-051,25.15,KRT
2026-03-20,KRT-052,21.84,KRT
2026-03-20,KRT-053,17.2,KRT
2026-03-20,KRT-054,21.59,KRT
2026-03-20,KRT-055,16.76,KRT
2026-03-20,KRT-056,23.11,KRT
2026-03-20,KRT-057,8.59,KRT
2026-03-20,KRT-058,3.25,KRT
2026-03-20,KRT-059,5.84,KRT
2026-03-20,KRT-060,5.1,KRT
2026-03-20,KRT-061,16.2,KRT
2026-03-20,KRT-062,5.26,KRT
2026-03-20,KRT-063,18.0,KRT
2026-03-20,KRT-064,18.0,KRT
2026-03-20,KRT-065,21.3,KRT
2026-03-20,KRT-066,1.52,KRT
2026-03-20,KRT-067,3.3,KRT
2026-03-20,KRT-068,1.5,KRT
2026-03-20,KRT-069,6.1,KRT
2026-03-20,KRT-070,13.79,KRT
2026-03-20,KRT-071,9.14,KRT
2026-03-20,KRT-072,10.0,KRT
2026-03-20,KRT-073,34.8,KRT
2026-03-20,KRT-074,24.89,KRT
2026-03-20,RDM-101,18.75,RDM
2026-03-20,RDM-102,8.75,RDM
2026-03-20,RDM-103,3.81,RDM
2026-03-20,RDM-104,5.08,RDM
2026-03-20,RDM-105,3.05,RDM
2026-03-20,RDM-106,2.29,RDM
2026-03-20,RDM-107,2.1,RDM
2026-03-20,RDM-108,2.54,RDM
2026-03-20,RDM-109,4.83,RDM
2026-03-20,RDM-110,1.2,RDM
2026-03-20,RDM-112,27.43,RDM
2026-03-20,RDM-113,12.6,RDM
2026-03-20,RDM-114,21.25,RDM
2026-03-20,RDM-115,16.76,RDM
2026-03-20,RDM-116,26.67,RDM
2026-03-20,RDM-117,26.4,RDM
2026-03-20,RDM-118,24.5,RDM
2026-03-20,RDM-119,26.92,RDM
2026-03-20,RDM-120,16.51,RDM
2026-03-20,RDM-121,10.92,RDM
2026-03-20,RDM-122,16.07,RDM
2026-03-20,RDM-123,16.26,RDM
2026-03-20,RDM-124,12.3,RDM
2026-03-20,RDM-125,13.5,RDM
2026-03-20,RDM-126,18.6,RDM
2026-03-20,RDM-127,27.18,RDM
2026-03-20,RDM-128,20.07,RDM
2026-03-20,RDM-129,26.92,RDM
2026-03-20,RDM-130,8.89,RDM
2026-03-20,RDM-131,11.43,RDM
2026-03-20,RDM-132,10.8,RDM
2026-03-20,RDM-133,16.0,RDM
2026-03-21,KRT-001,0.76,KRT
2026-03-21,KRT-002,1.4,KRT
2026-03-21,KRT-003,1.0,KRT
2026-03-21,KRT-004,1.52,KRT
2026-03-21,KRT-005,2.75,KRT
2026-03-21,KRT-006,1.58,KRT
2026-03-21,KRT-007,1.27,KRT
2026-03-21,KRT-008,1.02,KRT
2026-03-21,KRT-009,1.27,KRT
2026-03-21,KRT-010,0.76,KRT
2026-03-21,KRT-011,0.76,KRT
2026-03-21,KRT-012,1.0,KRT
2026-03-21,KRT-013,1.78,KRT
2026-03-21,KRT-014,1.02,KRT
2026-03-21,KRT-015,0.76,KRT
2026-03-21,KRT-016,0.0,KRT
2026-03-21,KRT-017,1.27,KRT
2026-03-21,KRT-018,0.0,KRT
2026-03-21,KRT-019,1.52,KRT
2026-03-21,KRT-020,0.76,KRT
2026-03-21,KRT-021,1.27,KRT
2026-03-21,KRT-022,0.25,KRT
2026-03-21,KRT-023,0.25,KRT
2026-03-21,KRT-024,0.25,KRT
2026-03-21,KRT-025,0.51,KRT
2026-03-21,KRT-026,0.0,KRT
2026-03-21,KRT-027,1.27,KRT
2026-03-21,KRT-028,0.51,KRT
2026-03-21,KRT-029,0.76,KRT
2026-03-21,KRT-030,0.25,KRT
2026-03-21,KRT-031,0.0,KRT
2026-03-21,KRT-032,0.51,KRT
2026-03-21,KRT-033,0.76,KRT
2026-03-21,KRT-034,0.51,KRT
2026-03-21,KRT-035,4.83,KRT
2026-03-21,KRT-036,3.05,KRT
2026-03-21,KRT-037,5.33,KRT
2026-03-21,KRT-038,4.83,KRT
2026-03-21,KRT-039,1.78,KRT
2026-03-21,KRT-040,2.14,KRT
2026-03-21,KRT-041,3.77,KRT
2026-03-21,KRT-042,2.29,KRT
2026-03-21,KRT-043,3.05,KRT
2026-03-21,KRT-044,3.3,KRT
2026-03-21,KRT-045,5.34,KRT
2026-03-21,KRT-046,7.87,KRT
2026-03-21,KRT-047,4.57,KRT
2026-03-21,KRT-048,1.27,KRT
2026-03-21,KRT-049,1.52,KRT
2026-03-21,KRT-050,2.03,KRT
2026-03-21,KRT-051,1.78,KRT
2026-03-21,KRT-052,5.33,KRT
2026-03-21,KRT-053,5.17,KRT
2026-03-21,KRT-054,5.59,KRT
2026-03-21,KRT-055,4.57,KRT
2026-03-21,KRT-056,3.56,KRT
2026-03-21,KRT-057,2.49,KRT
2026-03-21,KRT-058,1.25,KRT
2026-03-21,KRT-059,2.79,KRT
2026-03-21,KRT-060,3.0,KRT
2026-03-21,KRT-061,2.4,KRT
2026-03-21,KRT-062,2.85,KRT
2026-03-21,KRT-063,4.5,KRT
2026-03-21,KRT-064,5.4,KRT
2026-03-21,KRT-065,1.5,KRT
2026-03-21,KRT-066,2.29,KRT
2026-03-21,KRT-067,5.08,KRT
2026-03-21,KRT-068,4.77,KRT
2026-03-21,KRT-069,1.27,KRT
2026-03-21,KRT-070,0.99,KRT
2026-03-21,KRT-071,1.02,KRT
2026-03-21,KRT-072,1.0,KRT
2026-03-21,KRT-073,6.1,KRT
2026-03-21,KRT-074,4.83,KRT
2026-03-21,RDM-101,1.25,RDM
2026-03-21,RDM-102,1.0,RDM
2026-03-21,RDM-103,1.52,RDM
2026-03-21,RDM-104,1.02,RDM
2026-03-21,RDM-105,1.27,RDM
2026-03-21,RDM-106,1.52,RDM
2026-03-21,RDM-107,1.8,RDM
2026-03-21,RDM-108,3.3,RDM
2026-03-21,RDM-109,2.03,RDM
2026-03-21,RDM-110,1.0,RDM
2026-03-21,RDM-112,6.78,RDM
2026-03-21,RDM-113,9.0,RDM
2026-03-21,RDM-114,8.75,RDM
2026-03-21,RDM-115,17.53,RDM
2026-03-21,RDM-116,5.33,RDM
2026-03-21,RDM-117,24.6,RDM
2026-03-21,RDM-118,5.89,RDM
2026-03-21,RDM-119,13.46,RDM
2026-03-21,RDM-120,5.08,RDM
2026-03-21,RDM-121,23.37,RDM
2026-03-21,RDM-122,8.56,RDM
2026-03-21,RDM-123,11.43,RDM
2026-03-21,RDM-124,16.8,RDM
2026-03-21,RDM-125,23.1,RDM
2026-03-21,RDM-126,26.1,RDM
2026-03-21,RDM-127,19.3,RDM
2026-03-21,RDM-128,21.08,RDM
2026-03-21,RDM-129,32.26,RDM
2026-03-21,RDM-130,28.7,RDM
2026-03-21,RDM-131,34.29,RDM
2026-03-21,RDM-132,20.7,RDM
2026-03-21,RDM-133,12.95,RDM
2026-03-22,KRT-001,18.54,KRT
2026-03-22,KRT-002,10.4,KRT
2026-03-22,KRT-003,12.3,KRT
2026-03-22,KRT-004,9.14,KRT
2026-03-22,KRT-005,1.25,KRT
2026-03-22,KRT-006,1.15,KRT
2026-03-22,KRT-007,1.52,KRT
2026-03-22,KRT-008,0.0,KRT
2026-03-22,KRT-009,1.52,KRT
2026-03-22,KRT-010,3.81,KRT
2026-03-22,KRT-011,5.59,KRT
2026-03-22,KRT-012,1.78,KRT
2026-03-22,KRT-013,9.4,KRT
2026-03-22,KRT-014,3.81,KRT
2026-03-22,KRT-015,7.11,KRT
2026-03-22,KRT-016,4.58,KRT
2026-03-22,KRT-017,15.49,KRT
2026-03-22,KRT-018,5.01,KRT
2026-03-22,KRT-019,1.52,KRT
2026-03-22,KRT-020,0.76,KRT
2026-03-22,KRT-021,0.51,KRT
2026-03-22,KRT-022,0.76,KRT
2026-03-22,KRT-023,0.25,KRT
2026-03-22,KRT-024,0.76,KRT
2026-03-22,KRT-025,1.27,KRT
2026-03-22,KRT-026,1.8,KRT
2026-03-22,KRT-027,5.0,KRT
2026-03-22,KRT-028,7.62,KRT
2026-03-22,KRT-029,4.57,KRT
2026-03-22,KRT-030,7.11,KRT
2026-03-22,KRT-031,12.7,KRT
2026-03-22,KRT-032,18.03,KRT
2026-03-22,KRT-033,15.56,KRT
2026-03-22,KRT-034,14.48,KRT
2026-03-22,KRT-035,1.02,KRT
2026-03-22,KRT-036,0.51,KRT
2026-03-22,KRT-037,0.0,KRT
2026-03-22,KRT-038,1.27,KRT
2026-03-22,KRT-039,7.11,KRT
2026-03-22,KRT-040,0.0,KRT
2026-03-22,KRT-041,0.0,KRT
2026-03-22,KRT-042,0.51,KRT
2026-03-22,KRT-043,2.29,KRT
2026-03-22,KRT-044,1.27,KRT
2026-03-22,KRT-045,0.0,KRT
2026-03-22,KRT-046,10.16,KRT
2026-03-22,KRT-047,6.86,KRT
2026-03-22,KRT-048,1.27,KRT
2026-03-22,KRT-049,3.81,KRT
2026-03-22,KRT-050,6.35,KRT
2026-03-22,KRT-051,6.86,KRT
2026-03-22,KRT-052,10.92,KRT
2026-03-22,KRT-053,0.0,KRT
2026-03-22,KRT-054,2.03,KRT
2026-03-22,KRT-055,5.33,KRT
2026-03-22,KRT-056,4.57,KRT
2026-03-22,KRT-057,1.58,KRT
2026-03-22,KRT-058,1.0,KRT
2026-03-22,KRT-059,0.25,KRT
2026-03-22,KRT-060,1.5,KRT
2026-03-22,KRT-061,0.6,KRT
2026-03-22,KRT-062,1.31,KRT
2026-03-22,KRT-063,0.6,KRT
2026-03-22,KRT-064,1.8,KRT
2026-03-22,KRT-065,1.2,KRT
2026-03-22,KRT-066,3.05,KRT
2026-03-22,KRT-067,2.29,KRT
2026-03-22,KRT-068,2.3,KRT
2026-03-22,KRT-069,0.25,KRT
2026-03-22,KRT-070,0.59,KRT
2026-03-22,KRT-071,0.0,KRT
2026-03-22,KRT-072,0.0,KRT
2026-03-22,KRT-073,0.51,KRT
2026-03-22,KRT-074,0.0,KRT
2026-03-22,RDM-101,2.25,RDM
2026-03-22,RDM-102,7.25,RDM
2026-03-22,RDM-103,4.32,RDM
2026-03-22,RDM-104,6.86,RDM
2026-03-22,RDM-105,3.3,RDM
2026-03-22,RDM-106,3.05,RDM
2026-03-22,RDM-107,3.3,RDM
2026-03-22,RDM-108,4.06,RDM
2026-03-22,RDM-109,11.18,RDM
2026-03-22,RDM-110,6.3,RDM
2026-03-22,RDM-112,3.05,RDM
2026-03-22,RDM-113,1.5,RDM
2026-03-22,RDM-114,2.0,RDM
2026-03-22,RDM-115,1.27,RDM
2026-03-22,RDM-116,1.27,RDM
2026-03-22,RDM-117,0.3,RDM
2026-03-22,RDM-118,2.0,RDM
2026-03-22,RDM-119,0.51,RDM
2026-03-22,RDM-120,3.81,RDM
2026-03-22,RDM-121,0.51,RDM
2026-03-22,RDM-122,3.66,RDM
2026-03-22,RDM-123,7.11,RDM
2026-03-22,RDM-124,0.9,RDM
2026-03-22,RDM-125,0.0,RDM
2026-03-22,RDM-126,0.0,RDM
2026-03-22,RDM-127,0.51,RDM
2026-03-22,RDM-128,0.25,RDM
2026-03-22,RDM-129,4.06,RDM
2026-03-22,RDM-130,1.27,RDM
2026-03-22,RDM-131,1.78,RDM
2026-03-22,RDM-132,3.3,RDM
2026-03-22,RDM-133,0.25,RDM
2026-03-23,KRT-001,1.27,KRT
2026-03-23,KRT-002,0.0,KRT
2026-03-23,KRT-003,1.02,KRT
2026-03-23,KRT-004,0.25,KRT
2026-03-23,KRT-005,0.0,KRT
2026-03-23,KRT-006,0.0,KRT
2026-03-23,KRT-007,0.0,KRT
2026-03-23,KRT-008,0.0,KRT
2026-03-23,KRT-009,0.0,KRT
2026-03-23,KRT-010,0.0,KRT
2026-03-23,KRT-011,0.0,KRT
2026-03-23,KRT-012,0.0,KRT
2026-03-23,KRT-013,1.27,KRT
2026-03-23,KRT-014,1.27,KRT
2026-03-23,KRT-015,0.0,KRT
2026-03-23,KRT-016,0.0,KRT
2026-03-23,KRT-017,0.0,KRT
2026-03-23,KRT-018,0.0,KRT
2026-03-23,KRT-019,0.25,KRT
2026-03-23,KRT-020,0.0,KRT
2026-03-23,KRT-021,0.0,KRT
2026-03-23,KRT-022,0.0,KRT
2026-03-23,KRT-023,0.25,KRT
2026-03-23,KRT-024,0.25,KRT
2026-03-23,KRT-025,0.25,KRT
2026-03-23,KRT-026,0.0,KRT
2026-03-23,KRT-027,0.0,KRT
2026-03-23,KRT-028,0.0,KRT
2026-03-23,KRT-029,0.0,KRT
2026-03-23,KRT-030,0.0,KRT
2026-03-23,KRT-031,0.76,KRT
2026-03-23,KRT-032,0.0,KRT
2026-03-23,KRT-033,0.0,KRT
2026-03-23,KRT-034,0.0,KRT
2026-03-23,KRT-035,0.0,KRT
2026-03-23,KRT-036,0.0,KRT
2026-03-23,KRT-037,0.25,KRT
2026-03-23,KRT-038,0.0,KRT
2026-03-23,KRT-039,0.0,KRT
2026-03-23,KRT-040,0.0,KRT
2026-03-23,KRT-041,0.0,KRT
2026-03-23,KRT-042,0.0,KRT
2026-03-23,KRT-043,0.25,KRT
2026-03-23,KRT-044,0.0,KRT
2026-03-23,KRT-045,0.0,KRT
2026-03-23,KRT-046,0.25,KRT
2026-03-23,KRT-047,2.03,KRT
2026-03-23,KRT-048,0.0,KRT
2026-03-23,KRT-049,6.6,KRT
2026-03-23,KRT-050,0.0,KRT
2026-03-23,KRT-051,0.0,KRT
2026-03-23,KRT-052,0.25,KRT
2026-03-23,KRT-053,0.0,KRT
2026-03-23,KRT-054,0.0,KRT
2026-03-23,KRT-055,0.0,KRT
2026-03-23,KRT-056,0.0,KRT
2026-03-23,KRT-057,0.0,KRT
2026-03-23,KRT-058,0.5,KRT
2026-03-23,KRT-059,0.0,KRT
2026-03-23,KRT-060,0.0,KRT
2026-03-23,KRT-061,0.0,KRT
2026-03-23,KRT-062,0.0,KRT
2026-03-23,KRT-063,0.0,KRT
2026-03-23,KRT-064,0.0,KRT
2026-03-23,KRT-065,0.0,KRT
2026-03-23,KRT-066,0.0,KRT
2026-03-23,KRT-067,0.0,KRT
2026-03-23,KRT-068,0.0,KRT
2026-03-23,KRT-069,0.0,KRT
2026-03-23,KRT-070,0.0,KRT
2026-03-23,KRT-071,0.0,KRT
2026-03-23,KRT-072,0.0,KRT
2026-03-23,KRT-073,0.0,KRT
2026-03-23,KRT-074,0.0,KRT
2026-03-23,RDM-101,1.0,RDM
2026-03-23,RDM-102,4.75,RDM
2026-03-23,RDM-103,0.25,RDM
2026-03-23,RDM-104,0.0,RDM
2026-03-23,RDM-105,0.0,RDM
2026-03-23,RDM-106,0.0,RDM
2026-03-23,RDM-107,0.0,RDM
2026-03-23,RDM-108,0.0,RDM
2026-03-23,RDM-109,0.0,RDM
2026-03-23,RDM-110,0.0,RDM
2026-03-23,RDM-112,10.67,RDM
2026-03-23,RDM-113,8.1,RDM
2026-03-23,RDM-114,11.0,RDM
2026-03-23,RDM-115,8.64,RDM
2026-03-23,RDM-116,10.41,RDM
2026-03-23,RDM-117,17.7,RDM
2026-03-23,RDM-118,14.2,RDM
2026-03-23,RDM-119,26.67,RDM
2026-03-23,RDM-120,20.57,RDM
2026-03-23,RDM-121,26.67,RDM
2026-03-23,RDM-122,18.2,RDM
2026-03-23,RDM-123,16.0,RDM
2026-03-23,RDM-124,21.6,RDM
2026-03-23,RDM-125,14.7,RDM
2026-03-23,RDM-126,20.7,RDM
2026-03-23,RDM-127,22.61,RDM
2026-03-23,RDM-128,32.77,RDM
2026-03-23,RDM-129,31.5,RDM
2026-03-23,RDM-130,26.92,RDM
2026-03-23,RDM-131,12.7,RDM
2026-03-23,RDM-132,12.9,RDM
2026-03-23,RDM-133,15.49,RDM
2026-03-24,KRT-001,10.16,KRT
2026-03-24,KRT-002,10.7,KRT
2026-03-24,KRT-003,32.77,KRT
2026-03-24,KRT-004,11.94,KRT
2026-03-24,KRT-005,20.0,KRT
2026-03-24,KRT-006,24.21,KRT
2026-03-24,KRT-007,21.34,KRT
2026-03-24,KRT-008,30.23,KRT
2026-03-24,KRT-009,21.34,KRT
2026-03-24,KRT-010,27.69,KRT
2026-03-24,KRT-011,20.32,KRT
2026-03-24,KRT-012,20.78,KRT
2026-03-24,KRT-013,21.34,KRT
2026-03-24,KRT-014,25.91,KRT
2026-03-24,KRT-015,34.29,KRT
2026-03-24,KRT-016,35.0,KRT
2026-03-24,KRT-017,35.05,KRT
2026-03-24,KRT-018,34.87,KRT
2026-03-24,KRT-019,22.61,KRT
2026-03-24,KRT-020,26.67,KRT
2026-03-24,KRT-021,22.61,KRT
2026-03-24,KRT-022,29.46,KRT
2026-03-24,KRT-023,29.21,KRT
2026-03-24,KRT-024,27.43,KRT
2026-03-24,KRT-025,25.15,KRT
2026-03-24,KRT-026,22.1,KRT
2026-03-24,KRT-027,22.86,KRT
2026-03-24,KRT-028,18.22,KRT
2026-03-24,KRT-029,29.21,KRT
2026-03-24,KRT-030,14.22,KRT
2026-03-24,KRT-031,17.53,KRT
2026-03-24,KRT-032,14.48,KRT
2026-03-24,KRT-033,12.95,KRT
2026-03-24,KRT-034,14.48,KRT
2026-03-24,KRT-035,17.78,KRT
2026-03-24,KRT-036,13.46,KRT
2026-03-24,KRT-037,10.92,KRT
2026-03-24,KRT-038,5.33,KRT
2026-03-24,KRT-039,10.41,KRT
2026-03-24,KRT-040,4.5,KRT
2026-03-24,KRT-041,3.58,KRT
2026-03-24,KRT-042,3.81,KRT
2026-03-24,KRT-043,2.54,KRT
2026-03-24,KRT-044,7.87,KRT
2026-03-24,KRT-045,3.61,KRT
2026-03-24,KRT-046,3.05,KRT
2026-03-24,KRT-047,3.3,KRT
2026-03-24,KRT-048,1.02,KRT
2026-03-24,KRT-049,1.78,KRT
2026-03-24,KRT-050,22.1,KRT
2026-03-24,KRT-051,22.35,KRT
2026-03-24,KRT-052,4.32,KRT
2026-03-24,KRT-053,8.14,KRT
2026-03-24,KRT-054,14.48,KRT
2026-03-24,KRT-055,13.21,KRT
2026-03-24,KRT-056,17.02,KRT
2026-03-24,KRT-057,13.56,KRT
2026-03-24,KRT-058,6.0,KRT
2026-03-24,KRT-059,21.59,KRT
2026-03-24,KRT-060,17.4,KRT
2026-03-24,KRT-061,20.1,KRT
2026-03-24,KRT-062,11.83,KRT
2026-03-24,KRT-063,13.8,KRT
2026-03-24,KRT-064,11.7,KRT
2026-03-24,KRT-065,14.1,KRT
2026-03-24,KRT-066,6.1,KRT
2026-03-24,KRT-067,8.89,KRT
2026-03-24,KRT-068,7.0,KRT
2026-03-24,KRT-069,18.54,KRT
2026-03-24,KRT-070,12.02,KRT
2026-03-24,KRT-071,9.14,KRT
2026-03-24,KRT-072,10.28,KRT
2026-03-24,KRT-073,25.91,KRT
2026-03-24,KRT-074,10.16,KRT
2026-03-24,RDM-101,41.5,RDM
2026-03-24,RDM-102,42.75,RDM
2026-03-24,RDM-103,39.88,RDM
2026-03-24,RDM-104,46.48,RDM
2026-03-24,RDM-105,28.7,RDM
2026-03-24,RDM-106,47.24,RDM
2026-03-24,RDM-107,19.8,RDM
2026-03-24,RDM-108,40.39,RDM
2026-03-24,RDM-109,30.23,RDM
2026-03-24,RDM-110,35.7,RDM
2026-03-24,RDM-112,51.56,RDM
2026-03-24,RDM-113,60.9,RDM
2026-03-24,RDM-114,59.5,RDM
2026-03-24,RDM-115,64.77,RDM
2026-03-24,RDM-116,61.72,RDM
2026-03-24,RDM-117,77.4,RDM
2026-03-24,RDM-118,57.41,RDM
2026-03-24,RDM-119,55.12,RDM
2026-03-24,RDM-120,46.48,RDM
2026-03-24,RDM-121,41.66,RDM
2026-03-24,RDM-122,49.25,RDM
2026-03-24,RDM-123,31.5,RDM
2026-03-24,RDM-124,41.4,RDM
2026-03-24,RDM-125,47.4,RDM
2026-03-24,RDM-126,45.9,RDM
2026-03-24,RDM-127,43.69,RDM
2026-03-24,RDM-128,43.43,RDM
2026-03-24,RDM-129,49.02,RDM
2026-03-24,RDM-130,43.18,RDM
2026-03-24,RDM-131,50.8,RDM
2026-03-24,RDM-132,46.8,RDM
2026-03-24,RDM-133,44.2,RDM
2026-03-25,KRT-001,57.15,KRT
2026-03-25,KRT-002,41.2,KRT
2026-03-25,KRT-003,34.32,KRT
2026-03-25,KRT-004,26.67,KRT
2026-03-25,KRT-005,25.5,KRT
2026-03-25,KRT-006,21.55,KRT
2026-03-25,KRT-007,20.57,KRT
2026-03-25,KRT-008,20.32,KRT
2026-03-25,KRT-009,23.88,KRT
2026-03-25,KRT-010,21.34,KRT
2026-03-25,KRT-011,20.83,KRT
2026-03-25,KRT-012,20.63,KRT
2026-03-25,KRT-013,22.61,KRT
2026-03-25,KRT-014,18.29,KRT
2026-03-25,KRT-015,19.56,KRT
2026-03-25,KRT-016,16.21,KRT
2026-03-25,KRT-017,14.73,KRT
2026-03-25,KRT-018,13.0,KRT
2026-03-25,KRT-019,14.48,KRT
2026-03-25,KRT-020,16.0,KRT
2026-03-25,KRT-021,17.27,KRT
2026-03-25,KRT-022,16.51,KRT
2026-03-25,KRT-023,20.83,KRT
2026-03-25,KRT-024,19.3,KRT
2026-03-25,KRT-025,19.56,KRT
2026-03-25,KRT-026,20.42,KRT
2026-03-25,KRT-027,23.62,KRT
2026-03-25,KRT-028,21.84,KRT
2026-03-25,KRT-029,27.94,KRT
2026-03-25,KRT-030,28.45,KRT
2026-03-25,KRT-031,23.62,KRT
2026-03-25,KRT-032,27.18,KRT
2026-03-25,KRT-033,46.48,KRT
2026-03-25,KRT-034,28.7,KRT
2026-03-25,KRT-035,21.59,KRT
2026-03-25,KRT-036,15.49,KRT
2026-03-25,KRT-037,21.59,KRT
2026-03-25,KRT-038,15.75,KRT
2026-03-25,KRT-039,17.53,KRT
2026-03-25,KRT-040,14.8,KRT
2026-03-25,KRT-041,15.26,KRT
2026-03-25,KRT-042,19.56,KRT
2026-03-25,KRT-043,19.05,KRT
2026-03-25,KRT-044,15.75,KRT
2026-03-25,KRT-045,11.45,KRT
2026-03-25,KRT-046,15.49,KRT
2026-03-25,KRT-047,16.51,KRT
2026-03-25,KRT-048,7.62,KRT
2026-03-25,KRT-049,11.68,KRT
2026-03-25,KRT-050,19.56,KRT
2026-03-25,KRT-051,18.54,KRT
2026-03-25,KRT-052,20.83,KRT
2026-03-25,KRT-053,17.0,KRT
2026-03-25,KRT-054,21.34,KRT
2026-03-25,KRT-055,21.59,KRT
2026-03-25,KRT-056,21.84,KRT
2026-03-25,KRT-057,13.79,KRT
2026-03-25,KRT-058,13.25,KRT
2026-03-25,KRT-059,21.84,KRT
2026-03-25,KRT-060,24.9,KRT
2026-03-25,KRT-061,19.8,KRT
2026-03-25,KRT-062,20.37,KRT
2026-03-25,KRT-063,31.2,KRT
2026-03-25,KRT-064,32.1,KRT
2026-03-25,KRT-065,28.5,KRT
2026-03-25,KRT-066,14.48,KRT
2026-03-25,KRT-067,16.51,KRT
2026-03-25,KRT-068,12.77,KRT
2026-03-25,KRT-069,18.03,KRT
2026-03-25,KRT-070,15.76,KRT
2026-03-25,KRT-071,18.29,KRT
2026-03-25,KRT-072,15.3,KRT
2026-03-25,KRT-073,17.53,KRT
2026-03-25,KRT-074,17.78,KRT
2026-03-25,RDM-101,10.25,RDM
2026-03-25,RDM-102,9.0,RDM
2026-03-25,RDM-103,10.67,RDM
2026-03-25,RDM-104,10.41,RDM
2026-03-25,RDM-105,10.41,RDM
2026-03-25,RDM-106,10.16,RDM
2026-03-25,RDM-107,13.5,RDM
2026-03-25,RDM-108,10.92,RDM
2026-03-25,RDM-109,9.14,RDM
2026-03-25,RDM-110,7.45,RDM
2026-03-25,RDM-112,9.91,RDM
2026-03-25,RDM-113,7.5,RDM
2026-03-25,RDM-114,9.0,RDM
2026-03-25,RDM-115,10.16,RDM
2026-03-25,RDM-116,8.13,RDM
2026-03-25,RDM-117,12.3,RDM
2026-03-25,RDM-118,7.8,RDM
2026-03-25,RDM-119,8.64,RDM
2026-03-25,RDM-120,6.35,RDM
2026-03-25,RDM-121,7.37,RDM
2026-03-25,RDM-122,6.41,RDM
2026-03-25,RDM-123,8.36,RDM
2026-03-25,RDM-124,9.3,RDM
2026-03-25,RDM-125,10.4,RDM
2026-03-25,RDM-126,11.1,RDM
2026-03-25,RDM-127,10.41,RDM
2026-03-25,RDM-128,10.67,RDM
2026-03-25,RDM-129,12.95,RDM
2026-03-25,RDM-130,8.89,RDM
2026-03-25,RDM-131,9.4,RDM
2026-03-25,RDM-132,12.3,RDM
2026-03-25,RDM-133,13.72,RDM
2026-03-26,KRT-001,0.0,KRT
2026-03-26,KRT-002,0.0,KRT
2026-03-26,KRT-003,0.0,KRT
2026-03-26,KRT-004,0.0,KRT
2026-03-26,KRT-005,0.0,KRT
2026-03-26,KRT-006,0.0,KRT
2026-03-26,KRT-007,0.0,KRT
2026-03-26,KRT-008,0.0,KRT
2026-03-26,KRT-009,0.0,KRT
2026-03-26,KRT-010,0.25,KRT
2026-03-26,KRT-011,0.0,KRT
2026-03-26,KRT-012,0.25,KRT
2026-03-26,KRT-013,0.25,KRT
2026-03-26,KRT-014,0.25,KRT
2026-03-26,KRT-015,0.0,KRT
2026-03-26,KRT-016,0.0,KRT
2026-03-26,KRT-017,0.0,KRT
2026-03-26,KRT-018,0.0,KRT
2026-03-26,KRT-019,0.25,KRT
2026-03-26,KRT-020,0.0,KRT
2026-03-26,KRT-021,0.0,KRT
2026-03-26,KRT-022,0.25,KRT
2026-03-26,KRT-023,0.25,KRT
2026-03-26,KRT-024,0.0,KRT
2026-03-26,KRT-025,0.25,KRT
2026-03-26,KRT-026,0.0,KRT
2026-03-26,KRT-027,0.0,KRT
2026-03-26,KRT-028,0.0,KRT
2026-03-26,KRT-029,0.25,KRT
2026-03-26,KRT-030,0.25,KRT
2026-03-26,KRT-031,0.0,KRT
2026-03-26,KRT-032,0.0,KRT
2026-03-26,KRT-033,0.0,KRT
2026-03-26,KRT-034,0.0,KRT
2026-03-26,KRT-035,0.0,KRT
2026-03-26,KRT-036,0.0,KRT
2026-03-26,KRT-037,0.0,KRT
2026-03-26,KRT-038,0.0,KRT
2026-03-26,KRT-039,0.0,KRT
2026-03-26,KRT-040,0.0,KRT
2026-03-26,KRT-041,0.0,KRT
2026-03-26,KRT-042,0.0,KRT
2026-03-26,KRT-043,0.0,KRT
2026-03-26,KRT-044,0.0,KRT
2026-03-26,KRT-045,0.0,KRT
2026-03-26,KRT-046,0.0,KRT
2026-03-26,KRT-047,0.25,KRT
2026-03-26,KRT-048,0.51,KRT
2026-03-26,KRT-049,0.0,KRT
2026-03-26,KRT-050,0.0,KRT
2026-03-26,KRT-051,0.0,KRT
2026-03-26,KRT-052,0.0,KRT
2026-03-26,KRT-053,0.0,KRT
2026-03-26,KRT-054,0.0,KRT
2026-03-26,KRT-055,0.25,KRT
2026-03-26,KRT-056,0.25,KRT
2026-03-26,KRT-057,0.0,KRT
2026-03-26,KRT-058,0.0,KRT
2026-03-26,KRT-059,0.0,KRT
2026-03-26,KRT-060,0.0,KRT
2026-03-26,KRT-061,0.0,KRT
2026-03-26,KRT-062,0.0,KRT
2026-03-26,KRT-063,0.0,KRT
2026-03-26,KRT-064,0.0,KRT
2026-03-26,KRT-065,0.0,KRT
2026-03-26,KRT-066,0.0,KRT
2026-03-26,KRT-067,0.25,KRT
2026-03-26,KRT-068,0.0,KRT
2026-03-26,KRT-069,0.0,KRT
2026-03-26,KRT-070,0.0,KRT
2026-03-26,KRT-071,0.25,KRT
2026-03-26,KRT-072,0.0,KRT
2026-03-26,KRT-073,0.25,KRT
2026-03-26,KRT-074,0.0,KRT
2026-03-26,RDM-101,0.0,RDM
2026-03-26,RDM-102,0.25,RDM
2026-03-26,RDM-103,0.0,RDM
2026-03-26,RDM-104,0.0,RDM
2026-03-26,RDM-105,0.0,RDM
2026-03-26,RDM-106,0.25,RDM
2026-03-26,RDM-107,0.0,RDM
2026-03-26,RDM-108,0.0,RDM
2026-03-26,RDM-109,0.0,RDM
2026-03-26,RDM-110,0.0,RDM
2026-03-26,RDM-112,0.0,RDM
2026-03-26,RDM-113,0.0,RDM
2026-03-26,RDM-114,0.0,RDM
2026-03-26,RDM-115,0.0,RDM
2026-03-26,RDM-116,0.0,RDM
2026-03-26,RDM-117,0.0,RDM
2026-03-26,RDM-118,0.0,RDM
2026-03-26,RDM-119,0.0,RDM
2026-03-26,RDM-120,0.25,RDM
2026-03-26,RDM-121,0.0,RDM
2026-03-26,RDM-122,0.0,RDM
2026-03-26,RDM-123,0.0,RDM
2026-03-26,RDM-124,0.0,RDM
2026-03-26,RDM-125,0.0,RDM
2026-03-26,RDM-126,0.0,RDM
2026-03-26,RDM-127,0.0,RDM
2026-03-26,RDM-128,0.0,RDM
2026-03-26,RDM-129,0.0,RDM
2026-03-26,RDM-130,0.0,RDM
2026-03-26,RDM-131,0.0,RDM
2026-03-26,RDM-132,0.0,RDM
2026-03-26,RDM-133,0.0,RDM
2026-03-27,KRT-001,0.0,KRT
2026-03-27,KRT-002,0.0,KRT
2026-03-27,KRT-003,0.0,KRT
2026-03-27,KRT-004,0.0,KRT
2026-03-27,KRT-005,0.0,KRT
2026-03-27,KRT-006,0.0,KRT
2026-03-27,KRT-007,0.0,KRT
2026-03-27,KRT-008,0.0,KRT
2026-03-27,KRT-009,0.0,KRT
2026-03-27,KRT-010,0.0,KRT
2026-03-27,KRT-011,0.0,KRT
2026-03-27,KRT-012,0.0,KRT
2026-03-27,KRT-013,0.0,KRT
2026-03-27,KRT-014,0.0,KRT
2026-03-27,KRT-015,0.0,KRT
2026-03-27,KRT-016,0.0,KRT
2026-03-27,KRT-017,0.0,KRT
2026-03-27,KRT-018,0.0,KRT
2026-03-27,KRT-019,0.0,KRT
2026-03-27,KRT-020,0.0,KRT
2026-03-27,KRT-021,0.0,KRT
2026-03-27,KRT-022,0.0,KRT
2026-03-27,KRT-023,0.0,KRT
2026-03-27,KRT-024,0.0,KRT
2026-03-27,KRT-025,0.0,KRT
2026-03-27,KRT-026,0.0,KRT
2026-03-27,KRT-027,0.76,KRT
2026-03-27,KRT-028,0.25,KRT
2026-03-27,KRT-029,0.0,KRT
2026-03-27,KRT-030,0.0,KRT
2026-03-27,KRT-031,0.0,KRT
2026-03-27,KRT-032,0.0,KRT
2026-03-27,KRT-033,0.0,KRT
2026-03-27,KRT-034,0.0,KRT
2026-03-27,KRT-035,0.0,KRT
2026-03-27,KRT-036,0.0,KRT
2026-03-27,KRT-037,0.0,KRT
2026-03-27,KRT-038,0.0,KRT
2026-03-27,KRT-039,0.25,KRT
2026-03-27,KRT-040,0.0,KRT
2026-03-27,KRT-041,0.0,KRT
2026-03-27,KRT-042,0.0,KRT
2026-03-27,KRT-043,0.0,KRT
2026-03-27,KRT-044,0.0,KRT
2026-03-27,KRT-045,0.0,KRT
2026-03-27,KRT-046,0.0,KRT
2026-03-27,KRT-047,0.0,KRT
2026-03-27,KRT-048,0.0,KRT
2026-03-27,KRT-049,0.0,KRT
2026-03-27,KRT-050,0.0,KRT
2026-03-27,KRT-051,0.0,KRT
2026-03-27,KRT-052,0.0,KRT
2026-03-27,KRT-053,0.0,KRT
2026-03-27,KRT-054,0.0,KRT
2026-03-27,KRT-055,0.0,KRT
2026-03-27,KRT-056,0.0,KRT
2026-03-27,KRT-057,0.0,KRT
2026-03-27,KRT-058,0.0,KRT
2026-03-27,KRT-059,0.0,KRT
2026-03-27,KRT-060,0.0,KRT
2026-03-27,KRT-061,0.0,KRT
2026-03-27,KRT-062,0.0,KRT
2026-03-27,KRT-063,0.0,KRT
2026-03-27,KRT-064,0.0,KRT
2026-03-27,KRT-065,0.0,KRT
2026-03-27,KRT-066,0.0,KRT
2026-03-27,KRT-067,0.0,KRT
2026-03-27,KRT-068,0.0,KRT
2026-03-27,KRT-069,0.0,KRT
2026-03-27,KRT-070,0.0,KRT
2026-03-27,KRT-071,0.0,KRT
2026-03-27,KRT-072,0.0,KRT
2026-03-27,KRT-073,0.0,KRT
2026-03-27,KRT-074,0.0,KRT
2026-03-27,RDM-101,0.0,RDM
2026-03-27,RDM-102,0.0,RDM
2026-03-27,RDM-103,0.0,RDM
2026-03-27,RDM-104,0.0,RDM
2026-03-27,RDM-105,0.0,RDM
2026-03-27,RDM-106,0.0,RDM
2026-03-27,RDM-107,0.0,RDM
2026-03-27,RDM-108,0.0,RDM
2026-03-27,RDM-109,0.0,RDM
2026-03-27,RDM-110,0.0,RDM
2026-03-27,RDM-112,0.0,RDM
2026-03-27,RDM-113,0.0,RDM
2026-03-27,RDM-114,0.0,RDM
2026-03-27,RDM-115,0.0,RDM
2026-03-27,RDM-116,0.0,RDM
2026-03-27,RDM-117,0.0,RDM
2026-03-27,RDM-118,0.0,RDM
2026-03-27,RDM-119,0.0,RDM
2026-03-27,RDM-120,0.0,RDM
2026-03-27,RDM-121,0.25,RDM
2026-03-27,RDM-122,0.0,RDM
2026-03-27,RDM-123,0.0,RDM
2026-03-27,RDM-124,0.0,RDM
2026-03-27,RDM-125,0.0,RDM
2026-03-27,RDM-126,0.0,RDM
2026-03-27,RDM-127,0.0,RDM
2026-03-27,RDM-128,0.0,RDM
2026-03-27,RDM-129,0.0,RDM
2026-03-27,RDM-130,0.0,RDM
2026-03-27,RDM-131,0.0,RDM
2026-03-27,RDM-132,0.0,RDM
2026-03-27,RDM-133,0.0,RDM
2026-03-28,KRT-001,0.0,KRT
2026-03-28,KRT-002,0.0,KRT
2026-03-28,KRT-003,0.25,KRT
2026-03-28,KRT-004,0.0,KRT
2026-03-28,KRT-005,0.0,KRT
2026-03-28,KRT-006,0.0,KRT
2026-03-28,KRT-007,0.0,KRT
2026-03-28,KRT-008,0.0,KRT
2026-03-28,KRT-009,0.0,KRT
2026-03-28,KRT-010,0.0,KRT
2026-03-28,KRT-011,0.0,KRT
2026-03-28,KRT-012,0.0,KRT
2026-03-28,KRT-013,0.0,KRT
2026-03-28,KRT-014,0.0,KRT
2026-03-28,KRT-015,0.0,KRT
2026-03-28,KRT-016,0.0,KRT
2026-03-28,KRT-017,0.0,KRT
2026-03-28,KRT-018,0.0,KRT
2026-03-28,KRT-019,0.0,KRT
2026-03-28,KRT-020,0.0,KRT
2026-03-28,KRT-021,0.0,KRT
2026-03-28,KRT-022,0.0,KRT
2026-03-28,KRT-023,0.0,KRT
2026-03-28,KRT-024,0.0,KRT
2026-03-28,KRT-025,0.25,KRT
2026-03-28,KRT-026,0.0,KRT
2026-03-28,KRT-027,0.0,KRT
2026-03-28,KRT-028,0.0,KRT
2026-03-28,KRT-029,0.25,KRT
2026-03-28,KRT-030,0.0,KRT
2026-03-28,KRT-031,0.0,KRT
2026-03-28,KRT-032,0.0,KRT
2026-03-28,KRT-033,0.0,KRT
2026-03-28,KRT-034,0.0,KRT
2026-03-28,KRT-035,0.0,KRT
2026-03-28,KRT-036,0.0,KRT
2026-03-28,KRT-037,0.0,KRT
2026-03-28,KRT-038,0.0,KRT
2026-03-28,KRT-039,0.0,KRT
2026-03-28,KRT-040,0.0,KRT
2026-03-28,KRT-041,0.0,KRT
2026-03-28,KRT-042,0.0,KRT
2026-03-28,KRT-043,0.0,KRT
2026-03-28,KRT-044,0.0,KRT
2026-03-28,KRT-045,0.0,KRT
2026-03-28,KRT-046,0.0,KRT
2026-03-28,KRT-047,0.0,KRT
2026-03-28,KRT-048,0.0,KRT
2026-03-28,KRT-049,0.0,KRT
2026-03-28,KRT-050,0.0,KRT
2026-03-28,KRT-051,0.0,KRT
2026-03-28,KRT-052,0.0,KRT
2026-03-28,KRT-053,0.0,KRT
2026-03-28,KRT-054,0.0,KRT
2026-03-28,KRT-055,0.0,KRT
2026-03-28,KRT-056,0.0,KRT
2026-03-28,KRT-057,0.0,KRT
2026-03-28,KRT-058,0.0,KRT
2026-03-28,KRT-059,0.0,KRT
2026-03-28,KRT-060,0.0,KRT
2026-03-28,KRT-061,0.0,KRT
2026-03-28,KRT-062,0.0,KRT
2026-03-28,KRT-063,0.0,KRT
2026-03-28,KRT-064,0.0,KRT
2026-03-28,KRT-065,0.0,KRT
2026-03-28,KRT-066,0.0,KRT
2026-03-28,KRT-067,0.0,KRT
2026-03-28,KRT-068,0.0,KRT
2026-03-28,KRT-069,0.0,KRT
2026-03-28,KRT-070,0.0,KRT
2026-03-28,KRT-071,0.0,KRT
2026-03-28,KRT-072,0.0,KRT
2026-03-28,KRT-073,0.0,KRT
2026-03-28,KRT-074,0.0,KRT
2026-03-28,RDM-101,0.0,RDM
2026-03-28,RDM-102,0.0,RDM
2026-03-28,RDM-103,0.0,RDM
2026-03-28,RDM-104,0.0,RDM
2026-03-28,RDM-105,0.0,RDM
2026-03-28,RDM-106,0.0,RDM
2026-03-28,RDM-107,0.0,RDM
2026-03-28,RDM-108,0.0,RDM
2026-03-28,RDM-109,0.0,RDM
2026-03-28,RDM-110,0.0,RDM
2026-03-28,RDM-112,0.0,RDM
2026-03-28,RDM-113,0.0,RDM
2026-03-28,RDM-114,0.0,RDM
2026-03-28,RDM-115,0.0,RDM
2026-03-28,RDM-116,0.0,RDM
2026-03-28,RDM-117,0.0,RDM
2026-03-28,RDM-118,0.0,RDM
2026-03-28,RDM-119,0.0,RDM
2026-03-28,RDM-120,0.0,RDM
2026-03-28,RDM-121,0.0,RDM
2026-03-28,RDM-122,0.0,RDM
2026-03-28,RDM-123,0.0,RDM
2026-03-28,RDM-124,0.0,RDM
2026-03-28,RDM-125,0.0,RDM
2026-03-28,RDM-126,0.0,RDM
2026-03-28,RDM-127,0.0,RDM
2026-03-28,RDM-128,0.0,RDM
2026-03-28,RDM-129,0.0,RDM
2026-03-28,RDM-130,0.0,RDM
2026-03-28,RDM-131,0.0,RDM
2026-03-28,RDM-132,0.0,RDM
2026-03-28,RDM-133,0.0,RDM
2026-03-29,KRT-001,0.0,KRT
2026-03-29,KRT-002,0.0,KRT
2026-03-29,KRT-003,0.51,KRT
2026-03-29,KRT-004,0.25,KRT
2026-03-29,KRT-005,0.0,KRT
2026-03-29,KRT-006,0.0,KRT
2026-03-29,KRT-007,0.0,KRT
2026-03-29,KRT-008,0.0,KRT
2026-03-29,KRT-009,0.0,KRT
2026-03-29,KRT-010,0.0,KRT
2026-03-29,KRT-011,0.0,KRT
2026-03-29,KRT-012,0.0,KRT
2026-03-29,KRT-013,0.0,KRT
2026-03-29,KRT-014,0.0,KRT
2026-03-29,KRT-015,0.0,KRT
2026-03-29,KRT-016,0.0,KRT
2026-03-29,KRT-017,0.0,KRT
2026-03-29,KRT-018,0.0,KRT
2026-03-29,KRT-019,0.0,KRT
2026-03-29,KRT-020,0.0,KRT
2026-03-29,KRT-021,0.0,KRT
2026-03-29,KRT-022,0.0,KRT
2026-03-29,KRT-023,0.0,KRT
2026-03-29,KRT-024,0.0,KRT
2026-03-29,KRT-025,0.0,KRT
2026-03-29,KRT-026,0.0,KRT
2026-03-29,KRT-027,0.0,KRT
2026-03-29,KRT-028,0.25,KRT
2026-03-29,KRT-029,0.51,KRT
2026-03-29,KRT-030,0.0,KRT
2026-03-29,KRT-031,0.0,KRT
2026-03-29,KRT-032,0.0,KRT
2026-03-29,KRT-033,0.0,KRT
2026-03-29,KRT-034,0.0,KRT
2026-03-29,KRT-035,0.0,KRT
2026-03-29,KRT-036,0.0,KRT
2026-03-29,KRT-037,0.0,KRT
2026-03-29,KRT-038,0.0,KRT
2026-03-29,KRT-039,0.0,KRT
2026-03-29,KRT-040,0.0,KRT
2026-03-29,KRT-041,0.0,KRT
2026-03-29,KRT-042,0.0,KRT
2026-03-29,KRT-043,0.0,KRT
2026-03-29,KRT-044,0.0,KRT
2026-03-29,KRT-045,0.0,KRT
2026-03-29,KRT-046,0.0,KRT
2026-03-29,KRT-047,0.25,KRT
2026-03-29,KRT-048,0.0,KRT
2026-03-29,KRT-049,0.0,KRT
2026-03-29,KRT-050,0.0,KRT
2026-03-29,KRT-051,0.0,KRT
2026-03-29,KRT-052,0.0,KRT
2026-03-29,KRT-053,0.0,KRT
2026-03-29,KRT-054,0.0,KRT
2026-03-29,KRT-055,0.0,KRT
2026-03-29,KRT-056,0.0,KRT
2026-03-29,KRT-057,0.0,KRT
2026-03-29,KRT-058,0.0,KRT
2026-03-29,KRT-059,0.0,KRT
2026-03-29,KRT-060,0.0,KRT
2026-03-29,KRT-061,0.0,KRT
2026-03-29,KRT-062,0.0,KRT
2026-03-29,KRT-063,0.0,KRT
2026-03-29,KRT-064,0.0,KRT
2026-03-29,KRT-065,0.9,KRT
2026-03-29,KRT-066,0.0,KRT
2026-03-29,KRT-067,0.0,KRT
2026-03-29,KRT-068,0.0,KRT
2026-03-29,KRT-069,0.0,KRT
2026-03-29,KRT-070,0.0,KRT
2026-03-29,KRT-071,0.0,KRT
2026-03-29,KRT-072,0.0,KRT
2026-03-29,KRT-073,0.0,KRT
2026-03-29,KRT-074,0.0,KRT
2026-03-29,RDM-101,0.0,RDM
2026-03-29,RDM-102,0.0,RDM
2026-03-29,RDM-103,0.0,RDM
2026-03-29,RDM-104,0.0,RDM
2026-03-29,RDM-105,0.0,RDM
2026-03-29,RDM-106,0.0,RDM
2026-03-29,RDM-107,0.0,RDM
2026-03-29,RDM-108,0.0,RDM
2026-03-29,RDM-109,0.0,RDM
2026-03-29,RDM-110,0.0,RDM
2026-03-29,RDM-112,0.0,RDM
2026-03-29,RDM-113,0.0,RDM
2026-03-29,RDM-114,0.0,RDM
2026-03-29,RDM-115,0.0,RDM
2026-03-29,RDM-116,0.0,RDM
2026-03-29,RDM-117,0.0,RDM
2026-03-29,RDM-118,0.0,RDM
2026-03-29,RDM-119,0.0,RDM
2026-03-29,RDM-120,0.0,RDM
2026-03-29,RDM-121,0.0,RDM
2026-03-29,RDM-122,0.0,RDM
2026-03-29,RDM-123,0.0,RDM
2026-03-29,RDM-124,0.0,RDM
2026-03-29,RDM-125,0.0,RDM
2026-03-29,RDM-126,0.0,RDM
2026-03-29,RDM-127,0.0,RDM
2026-03-29,RDM-128,0.0,RDM
2026-03-29,RDM-129,0.0,RDM
2026-03-29,RDM-130,0.0,RDM
2026-03-29,RDM-131,0.0,RDM
2026-03-29,RDM-132,0.0,RDM
2026-03-29,RDM-133,0.0,RDM
2026-03-30,KRT-001,4.83,KRT
2026-03-30,KRT-002,2.47,KRT
2026-03-30,KRT-003,1.27,KRT
2026-03-30,KRT-004,4.57,KRT
2026-03-30,KRT-005,4.25,KRT
2026-03-30,KRT-006,5.14,KRT
2026-03-30,KRT-007,3.05,KRT
2026-03-30,KRT-008,4.83,KRT
2026-03-30,KRT-009,4.83,KRT
2026-03-30,KRT-010,5.84,KRT
2026-03-30,KRT-011,9.4,KRT
2026-03-30,KRT-012,4.27,KRT
2026-03-30,KRT-013,8.13,KRT
2026-03-30,KRT-014,7.62,KRT
2026-03-30,KRT-015,16.76,KRT
2026-03-30,KRT-016,14.25,KRT
2026-03-30,KRT-017,7.37,KRT
2026-03-30,KRT-018,8.47,KRT
2026-03-30,KRT-019,2.54,KRT
2026-03-30,KRT-020,2.79,KRT
2026-03-30,KRT-021,3.81,KRT
2026-03-30,KRT-022,1.02,KRT
2026-03-30,KRT-023,6.1,KRT
2026-03-30,KRT-024,4.57,KRT
2026-03-30,KRT-025,16.76,KRT
2026-03-30,KRT-026,18.25,KRT
2026-03-30,KRT-027,34.04,KRT
2026-03-30,KRT-028,18.75,KRT
2026-03-30,KRT-029,38.1,KRT
2026-03-30,KRT-030,10.16,KRT
2026-03-30,KRT-031,17.78,KRT
2026-03-30,KRT-032,28.19,KRT
2026-03-30,KRT-033,27.69,KRT
2026-03-30,KRT-034,19.05,KRT
2026-03-30,KRT-035,36.07,KRT
2026-03-30,KRT-036,13.97,KRT
2026-03-30,KRT-037,50.29,KRT
2026-03-30,KRT-038,32.51,KRT
2026-03-30,KRT-039,19.3,KRT
2026-03-30,KRT-040,27.4,KRT
2026-03-30,KRT-041,21.4,KRT
2026-03-30,KRT-042,27.18,KRT
2026-03-30,KRT-043,27.43,KRT
2026-03-30,KRT-044,11.43,KRT
2026-03-30,KRT-045,18.47,KRT
2026-03-30,KRT-046,17.53,KRT
2026-03-30,KRT-047,7.87,KRT
2026-03-30,KRT-048,2.5,KRT
2026-03-30,KRT-049,2.29,KRT
2026-03-30,KRT-050,6.1,KRT
2026-03-30,KRT-051,18.29,KRT
2026-03-30,KRT-052,15.49,KRT
2026-03-30,KRT-053,11.48,KRT
2026-03-30,KRT-054,7.37,KRT
2026-03-30,KRT-055,12.19,KRT
2026-03-30,KRT-056,15.49,KRT
2026-03-30,KRT-057,14.69,KRT
2026-03-30,KRT-058,15.75,KRT
2026-03-30,KRT-059,13.46,KRT
2026-03-30,KRT-060,24.3,KRT
2026-03-30,KRT-061,22.8,KRT
2026-03-30,KRT-062,26.06,KRT
2026-03-30,KRT-063,16.2,KRT
2026-03-30,KRT-064,20.1,KRT
2026-03-30,KRT-065,19.5,KRT
2026-03-30,KRT-066,19.56,KRT
2026-03-30,KRT-067,37.59,KRT
2026-03-30,KRT-068,32.54,KRT
2026-03-30,KRT-069,18.8,KRT
2026-03-30,KRT-070,19.9,KRT
2026-03-30,KRT-071,25.4,KRT
2026-03-30,KRT-072,24.58,KRT
2026-03-30,KRT-073,6.1,KRT
2026-03-30,KRT-074,28.19,KRT
2026-03-30,RDM-101,6.25,RDM
2026-03-30,RDM-102,9.0,RDM
2026-03-30,RDM-103,8.38,RDM
2026-03-30,RDM-104,7.87,RDM
2026-03-30,RDM-105,8.64,RDM
2026-03-30,RDM-106,10.16,RDM
2026-03-30,RDM-107,15.3,RDM
2026-03-30,RDM-108,12.95,RDM
2026-03-30,RDM-109,9.14,RDM
2026-03-30,RDM-110,9.3,RDM
2026-03-30,RDM-112,2.29,RDM
2026-03-30,RDM-113,4.2,RDM
2026-03-30,RDM-114,2.0,RDM
2026-03-30,RDM-115,3.3,RDM
2026-03-30,RDM-116,2.29,RDM
2026-03-30,RDM-117,3.6,RDM
2026-03-30,RDM-118,1.0,RDM
2026-03-30,RDM-119,2.29,RDM
2026-03-30,RDM-120,1.78,RDM
2026-03-30,RDM-121,2.03,RDM
2026-03-30,RDM-122,1.2,RDM
2026-03-30,RDM-123,2.29,RDM
2026-03-30,RDM-124,3.6,RDM
2026-03-30,RDM-125,6.6,RDM
2026-03-30,RDM-126,3.3,RDM
2026-03-30,RDM-127,8.64,RDM
2026-03-30,RDM-128,3.81,RDM
2026-03-30,RDM-129,10.92,RDM
2026-03-30,RDM-130,5.84,RDM
2026-03-30,RDM-131,7.87,RDM
2026-03-30,RDM-132,8.7,RDM
2026-03-30,RDM-133,7.37,RDM
2026-03-31,KRT-001,0.51,KRT
2026-03-31,KRT-002,0.0,KRT
2026-03-31,KRT-003,0.0,KRT
2026-03-31,KRT-004,0.0,KRT
2026-03-31,KRT-005,0.0,KRT
2026-03-31,KRT-006,0.0,KRT
2026-03-31,KRT-007,0.0,KRT
2026-03-31,KRT-008,0.25,KRT
2026-03-31,KRT-009,0.51,KRT
2026-03-31,KRT-010,0.51,KRT
2026-03-31,KRT-011,0.25,KRT
2026-03-31,KRT-012,0.0,KRT
2026-03-31,KRT-013,0.0,KRT
2026-03-31,KRT-014,0.0,KRT
2026-03-31,KRT-015,0.0,KRT
2026-03-31,KRT-016,0.0,KRT
2026-03-31,KRT-017,0.0,KRT
2026-03-31,KRT-018,0.0,KRT
2026-03-31,KRT-019,0.0,KRT
2026-03-31,KRT-020,0.0,KRT
2026-03-31,KRT-021,0.0,KRT
2026-03-31,KRT-022,0.0,KRT
2026-03-31,KRT-023,0.0,KRT
2026-03-31,KRT-024,0.0,KRT
2026-03-31,KRT-025,0.25,KRT
2026-03-31,KRT-026,0.0,KRT
2026-03-31,KRT-027,0.25,KRT
2026-03-31,KRT-028,0.0,KRT
2026-03-31,KRT-029,0.0,KRT
2026-03-31,KRT-030,0.0,KRT
2026-03-31,KRT-031,0.0,KRT
2026-03-31,KRT-032,0.0,KRT
2026-03-31,KRT-033,0.0,KRT
2026-03-31,KRT-034,0.25,KRT
2026-03-31,KRT-035,0.0,KRT
2026-03-31,KRT-036,0.25,KRT
2026-03-31,KRT-037,0.0,KRT
2026-03-31,KRT-038,0.51,KRT
2026-03-31,KRT-039,0.25,KRT
2026-03-31,KRT-040,0.0,KRT
2026-03-31,KRT-041,0.0,KRT
2026-03-31,KRT-042,0.0,KRT
2026-03-31,KRT-043,0.0,KRT
2026-03-31,KRT-044,0.0,KRT
2026-03-31,KRT-045,0.0,KRT
2026-03-31,KRT-046,0.0,KRT
2026-03-31,KRT-047,0.25,KRT
2026-03-31,KRT-048,0.76,KRT
2026-03-31,KRT-049,0.0,KRT
2026-03-31,KRT-050,0.25,KRT
2026-03-31,KRT-051,0.0,KRT
2026-03-31,KRT-052,0.25,KRT
2026-03-31,KRT-053,0.0,KRT
2026-03-31,KRT-054,0.0,KRT
2026-03-31,KRT-055,0.25,KRT
2026-03-31,KRT-056,0.25,KRT
2026-03-31,KRT-057,0.23,KRT
2026-03-31,KRT-058,1.25,KRT
2026-03-31,KRT-059,3.3,KRT
2026-03-31,KRT-060,6.9,KRT
2026-03-31,KRT-061,6.6,KRT
2026-03-31,KRT-062,9.42,KRT
2026-03-31,KRT-063,1.0,KRT
2026-03-31,KRT-064,1.2,KRT
2026-03-31,KRT-065,2.7,KRT
2026-03-31,KRT-066,3.81,KRT
2026-03-31,KRT-067,5.33,KRT
2026-03-31,KRT-068,5.14,KRT
2026-03-31,KRT-069,0.51,KRT
2026-03-31,KRT-070,0.59,KRT
2026-03-31,KRT-071,0.25,KRT
2026-03-31,KRT-072,0.0,KRT
2026-03-31,KRT-073,0.25,KRT
2026-03-31,KRT-074,0.0,KRT
2026-03-31,RDM-101,0.25,RDM
2026-03-31,RDM-102,0.0,RDM
2026-03-31,RDM-103,0.0,RDM
2026-03-31,RDM-104,0.0,RDM
2026-03-31,RDM-105,0.0,RDM
2026-03-31,RDM-106,0.0,RDM
2026-03-31,RDM-107,0.3,RDM
2026-03-31,RDM-108,0.0,RDM
2026-03-31,RDM-109,0.0,RDM
2026-03-31,RDM-110,0.0,RDM
2026-03-31,RDM-112,2.79,RDM
2026-03-31,RDM-113,5.4,RDM
2026-03-31,RDM-114,5.0,RDM
2026-03-31,RDM-115,6.86,RDM
2026-03-31,RDM-116,4.06,RDM
2026-03-31,RDM-117,6.0,RDM
2026-03-31,RDM-118,5.0,RDM
2026-03-31,RDM-119,3.05,RDM
2026-03-31,RDM-120,7.11,RDM
2026-03-31,RDM-121,7.11,RDM
2026-03-31,RDM-122,7.24,RDM
2026-03-31,RDM-123,4.06,RDM
2026-03-31,RDM-124,5.2,RDM
2026-03-31,RDM-125,4.2,RDM
2026-03-31,RDM-126,6.6,RDM
2026-03-31,RDM-127,6.6,RDM
2026-03-31,RDM-128,4.06,RDM
2026-03-31,RDM-129,4.06,RDM
2026-03-31,RDM-130,3.05,RDM
2026-03-31,RDM-131,2.79,RDM
2026-03-31,RDM-132,3.9,RDM
2026-03-31,RDM-133,5.25,RDM
2026-04-01,KRT-001,34.54,KRT
2026-04-01,KRT-002,22.4,KRT
2026-04-01,KRT-003,23.79,KRT
2026-04-01,KRT-004,27.43,KRT
2026-04-01,KRT-005,23.5,KRT
2026-04-01,KRT-006,15.9,KRT
2026-04-01,KRT-007,28.19,KRT
2026-04-01,KRT-008,23.88,KRT
2026-04-01,KRT-009,29.97,KRT
2026-04-01,KRT-010,23.11,KRT
2026-04-01,KRT-011,31.24,KRT
2026-04-01,KRT-012,25.03,KRT
2026-04-01,KRT-013,35.05,KRT
2026-04-01,KRT-014,29.46,KRT
2026-04-01,KRT-015,17.27,KRT
2026-04-01,KRT-016,12.4,KRT
2026-04-01,KRT-017,20.07,KRT
2026-04-01,KRT-018,14.3,KRT
2026-04-01,KRT-019,19.05,KRT
2026-04-01,KRT-020,21.34,KRT
2026-04-01,KRT-021,18.03,KRT
2026-04-01,KRT-022,19.05,KRT
2026-04-01,KRT-023,20.83,KRT
2026-04-01,KRT-024,19.3,KRT
2026-04-01,KRT-025,26.16,KRT
2026-04-01,KRT-026,27.0,KRT
2026-04-01,KRT-027,33.78,KRT
2026-04-01,KRT-028,36.25,KRT
2026-04-01,KRT-029,39.88,KRT
2026-04-01,KRT-030,20.07,KRT
2026-04-01,KRT-031,28.45,KRT
2026-04-01,KRT-032,40.39,KRT
2026-04-01,KRT-033,33.78,KRT
2026-04-01,KRT-034,24.38,KRT
2026-04-01,KRT-035,25.15,KRT
2026-04-01,KRT-036,20.57,KRT
2026-04-01,KRT-037,28.19,KRT
2026-04-01,KRT-038,23.11,KRT
2026-04-01,KRT-039,23.37,KRT
2026-04-01,KRT-040,11.45,KRT
2026-04-01,KRT-041,12.0,KRT
2026-04-01,KRT-042,21.84,KRT
2026-04-01,KRT-043,21.84,KRT
2026-04-01,KRT-044,17.02,KRT
2026-04-01,KRT-045,9.0,KRT
2026-04-01,KRT-046,14.48,KRT
2026-04-01,KRT-047,15.75,KRT
2026-04-01,KRT-048,9.91,KRT
2026-04-01,KRT-049,22.61,KRT
2026-04-01,KRT-050,12.45,KRT
2026-04-01,KRT-051,14.99,KRT
2026-04-01,KRT-052,19.56,KRT
2026-04-01,KRT-053,8.54,KRT
2026-04-01,KRT-054,12.7,KRT
2026-04-01,KRT-055,22.61,KRT
2026-04-01,KRT-056,19.05,KRT
2026-04-01,KRT-057,21.02,KRT
2026-04-01,KRT-058,14.0,KRT
2026-04-01,KRT-059,25.4,KRT
2026-04-01,KRT-060,21.6,KRT
2026-04-01,KRT-061,40.2,KRT
2026-04-01,KRT-062,27.59,KRT
2026-04-01,KRT-063,16.2,KRT
2026-04-01,KRT-064,21.0,KRT
2026-04-01,KRT-065,21.6,KRT
2026-04-01,KRT-066,13.21,KRT
2026-04-01,KRT-067,21.59,KRT
2026-04-01,KRT-068,15.23,KRT
2026-04-01,KRT-069,22.35,KRT
2026-04-01,KRT-070,24.03,KRT
2026-04-01,KRT-071,26.16,KRT
2026-04-01,KRT-072,8.54,KRT
2026-04-01,KRT-073,16.51,KRT
2026-04-01,KRT-074,15.24,KRT
2026-04-01,RDM-101,29.75,RDM
2026-04-01,RDM-102,26.75,RDM
2026-04-01,RDM-103,31.24,RDM
2026-04-01,RDM-104,29.72,RDM
2026-04-01,RDM-105,39.37,RDM
2026-04-01,RDM-106,26.67,RDM
2026-04-01,RDM-107,47.7,RDM
2026-04-01,RDM-108,35.56,RDM
2026-04-01,RDM-109,27.43,RDM
2026-04-01,RDM-110,28.9,RDM
2026-04-01,RDM-112,33.78,RDM
2026-04-01,RDM-113,42.0,RDM
2026-04-01,RDM-114,37.25,RDM
2026-04-01,RDM-115,37.08,RDM
2026-04-01,RDM-116,31.24,RDM
2026-04-01,RDM-117,42.0,RDM
2026-04-01,RDM-118,28.0,RDM
2026-04-01,RDM-119,28.19,RDM
2026-04-01,RDM-120,28.19,RDM
2026-04-01,RDM-121,27.43,RDM
2026-04-01,RDM-122,40.0,RDM
2026-04-01,RDM-123,37.84,RDM
2026-04-01,RDM-124,34.5,RDM
2026-04-01,RDM-125,20.1,RDM
2026-04-01,RDM-126,33.9,RDM
2026-04-01,RDM-127,25.15,RDM
2026-04-01,RDM-128,26.67,RDM
2026-04-01,RDM-129,29.97,RDM
2026-04-01,RDM-130,30.85,RDM
2026-04-01,RDM-131,31.24,RDM
2026-04-01,RDM-132,36.9,RDM
2026-04-01,RDM-133,25.4,RDM
2026-04-02,KRT-001,0.0,KRT
2026-04-02,KRT-002,0.0,KRT
2026-04-02,KRT-003,0.0,KRT
2026-04-02,KRT-004,0.0,KRT
2026-04-02,KRT-005,0.0,KRT
2026-04-02,KRT-006,0.0,KRT
2026-04-02,KRT-007,0.25,KRT
2026-04-02,KRT-008,0.25,KRT
2026-04-02,KRT-009,0.76,KRT
2026-04-02,KRT-010,2.54,KRT
2026-04-02,KRT-011,1.78,KRT
2026-04-02,KRT-012,3.5,KRT
2026-04-02,KRT-013,3.05,KRT
2026-04-02,KRT-014,4.57,KRT
2026-04-02,KRT-015,0.25,KRT
2026-04-02,KRT-016,0.0,KRT
2026-04-02,KRT-017,1.02,KRT
2026-04-02,KRT-018,1.58,KRT
2026-04-02,KRT-019,3.3,KRT
2026-04-02,KRT-020,3.3,KRT
2026-04-02,KRT-021,4.06,KRT
2026-04-02,KRT-022,3.3,KRT
2026-04-02,KRT-023,3.3,KRT
2026-04-02,KRT-024,7.37,KRT
2026-04-02,KRT-025,5.33,KRT
2026-04-02,KRT-026,5.02,KRT
2026-04-02,KRT-027,6.1,KRT
2026-04-02,KRT-028,8.89,KRT
2026-04-02,KRT-029,9.65,KRT
2026-04-02,KRT-030,8.64,KRT
2026-04-02,KRT-031,9.14,KRT
2026-04-02,KRT-032,5.59,KRT
2026-04-02,KRT-033,8.64,KRT
2026-04-02,KRT-034,4.32,KRT
2026-04-02,KRT-035,0.25,KRT
2026-04-02,KRT-036,0.76,KRT
2026-04-02,KRT-037,0.25,KRT
2026-04-02,KRT-038,0.0,KRT
2026-04-02,KRT-039,0.51,KRT
2026-04-02,KRT-040,0.0,KRT
2026-04-02,KRT-041,0.0,KRT
2026-04-02,KRT-042,0.25,KRT
2026-04-02,KRT-043,0.0,KRT
2026-04-02,KRT-044,0.25,KRT
2026-04-02,KRT-045,0.0,KRT
2026-04-02,KRT-046,0.0,KRT
2026-04-02,KRT-047,0.0,KRT
2026-04-02,KRT-048,0.0,KRT
2026-04-02,KRT-049,0.0,KRT
2026-04-02,KRT-050,1.27,KRT
2026-04-02,KRT-051,1.27,KRT
2026-04-02,KRT-052,0.0,KRT
2026-04-02,KRT-053,0.0,KRT
2026-04-02,KRT-054,0.25,KRT
2026-04-02,KRT-055,0.25,KRT
2026-04-02,KRT-056,0.25,KRT
2026-04-02,KRT-057,0.0,KRT
2026-04-02,KRT-058,0.0,KRT
2026-04-02,KRT-059,0.0,KRT
2026-04-02,KRT-060,0.0,KRT
2026-04-02,KRT-061,0.3,KRT
2026-04-02,KRT-062,0.22,KRT
2026-04-02,KRT-063,0.6,KRT
2026-04-02,KRT-064,0.3,KRT
2026-04-02,KRT-065,0.0,KRT
2026-04-02,KRT-066,0.25,KRT
2026-04-02,KRT-067,0.0,KRT
2026-04-02,KRT-068,0.0,KRT
2026-04-02,KRT-069,0.0,KRT
2026-04-02,KRT-070,0.2,KRT
2026-04-02,KRT-071,0.0,KRT
2026-04-02,KRT-072,0.0,KRT
2026-04-02,KRT-073,4.57,KRT
2026-04-02,KRT-074,2.29,KRT
2026-04-02,RDM-101,0.0,RDM
2026-04-02,RDM-102,0.0,RDM
2026-04-02,RDM-103,0.0,RDM
2026-04-02,RDM-104,0.0,RDM
2026-04-02,RDM-105,0.0,RDM
2026-04-02,RDM-106,0.0,RDM
2026-04-02,RDM-107,0.0,RDM
2026-04-02,RDM-108,0.0,RDM
2026-04-02,RDM-109,0.0,RDM
2026-04-02,RDM-110,0.0,RDM
2026-04-02,RDM-112,0.0,RDM
2026-04-02,RDM-113,0.0,RDM
2026-04-02,RDM-114,0.0,RDM
2026-04-02,RDM-115,0.0,RDM
2026-04-02,RDM-116,0.25,RDM
2026-04-02,RDM-117,0.0,RDM
2026-04-02,RDM-118,0.0,RDM
2026-04-02,RDM-119,0.0,RDM
2026-04-02,RDM-120,0.25,RDM
2026-04-02,RDM-121,0.0,RDM
2026-04-02,RDM-122,0.0,RDM
2026-04-02,RDM-123,0.0,RDM
2026-04-02,RDM-124,0.0,RDM
2026-04-02,RDM-125,0.0,RDM
2026-04-02,RDM-126,0.0,RDM
2026-04-02,RDM-127,0.0,RDM
2026-04-02,RDM-128,0.0,RDM
2026-04-02,RDM-129,0.0,RDM
2026-04-02,RDM-130,0.0,RDM
2026-04-02,RDM-131,0.0,RDM
2026-04-02,RDM-132,0.0,RDM
2026-04-02,RDM-133,0.0,RDM
2026-04-03,KRT-001,0.0,KRT
2026-04-03,KRT-002,0.0,KRT
2026-04-03,KRT-003,0.0,KRT
2026-04-03,KRT-004,0.0,KRT
2026-04-03,KRT-005,0.0,KRT
2026-04-03,KRT-006,0.0,KRT
2026-04-03,KRT-007,0.0,KRT
2026-04-03,KRT-008,0.0,KRT
2026-04-03,KRT-009,0.0,KRT
2026-04-03,KRT-010,0.0,KRT
2026-04-03,KRT-011,0.0,KRT
2026-04-03,KRT-012,0.0,KRT
2026-04-03,KRT-013,0.0,KRT
2026-04-03,KRT-014,0.25,KRT
2026-04-03,KRT-015,0.0,KRT
2026-04-03,KRT-016,0.0,KRT
2026-04-03,KRT-017,0.25,KRT
2026-04-03,KRT-018,0.0,KRT
2026-04-03,KRT-019,0.25,KRT
2026-04-03,KRT-020,0.0,KRT
2026-04-03,KRT-021,0.0,KRT
2026-04-03,KRT-022,0.0,KRT
2026-04-03,KRT-023,0.0,KRT
2026-04-03,KRT-024,0.0,KRT
2026-04-03,KRT-025,0.0,KRT
2026-04-03,KRT-026,0.0,KRT
2026-04-03,KRT-027,0.0,KRT
2026-04-03,KRT-028,0.25,KRT
2026-04-03,KRT-029,0.0,KRT
2026-04-03,KRT-030,0.0,KRT
2026-04-03,KRT-031,0.0,KRT
2026-04-03,KRT-032,0.0,KRT
2026-04-03,KRT-033,0.0,KRT
2026-04-03,KRT-034,0.0,KRT
2026-04-03,KRT-035,0.25,KRT
2026-04-03,KRT-036,0.0,KRT
2026-04-03,KRT-037,0.0,KRT
2026-04-03,KRT-038,0.0,KRT
2026-04-03,KRT-039,0.0,KRT
2026-04-03,KRT-040,0.0,KRT
2026-04-03,KRT-041,0.0,KRT
2026-04-03,KRT-042,0.0,KRT
2026-04-03,KRT-043,0.0,KRT
2026-04-03,KRT-044,0.0,KRT
2026-04-03,KRT-045,0.0,KRT
2026-04-03,KRT-046,0.0,KRT
2026-04-03,KRT-047,0.0,KRT
2026-04-03,KRT-048,0.0,KRT
2026-04-03,KRT-049,0.0,KRT
2026-04-03,KRT-050,0.0,KRT
2026-04-03,KRT-051,0.0,KRT
2026-04-03,KRT-052,0.0,KRT
2026-04-03,KRT-053,0.0,KRT
2026-04-03,KRT-054,0.0,KRT
2026-04-03,KRT-055,0.0,KRT
2026-04-03,KRT-056,0.0,KRT
2026-04-03,KRT-057,0.0,KRT
2026-04-03,KRT-058,0.25,KRT
2026-04-03,KRT-059,0.0,KRT
2026-04-03,KRT-060,0.0,KRT
2026-04-03,KRT-061,0.0,KRT
2026-04-03,KRT-062,0.0,KRT
2026-04-03,KRT-063,0.0,KRT
2026-04-03,KRT-064,0.0,KRT
2026-04-03,KRT-065,0.0,KRT
2026-04-03,KRT-066,0.0,KRT
2026-04-03,KRT-067,0.0,KRT
2026-04-03,KRT-068,0.0,KRT
2026-04-03,KRT-069,0.0,KRT
2026-04-03,KRT-070,0.0,KRT
2026-04-03,KRT-071,0.0,KRT
2026-04-03,KRT-072,0.0,KRT
2026-04-03,KRT-073,0.25,KRT
2026-04-03,KRT-074,0.0,KRT
2026-04-03,RDM-101,0.0,RDM
2026-04-03,RDM-102,0.0,RDM
2026-04-03,RDM-103,0.0,RDM
2026-04-03,RDM-104,0.0,RDM
2026-04-03,RDM-105,0.0,RDM
2026-04-03,RDM-106,0.0,RDM
2026-04-03,RDM-107,0.0,RDM
2026-04-03,RDM-108,0.0,RDM
2026-04-03,RDM-109,0.0,RDM
2026-04-03,RDM-110,0.0,RDM
2026-04-03,RDM-112,0.0,RDM
2026-04-03,RDM-113,0.0,RDM
2026-04-03,RDM-114,0.0,RDM
2026-04-03,RDM-115,0.0,RDM
2026-04-03,RDM-116,0.0,RDM
2026-04-03,RDM-117,0.0,RDM
2026-04-03,RDM-118,0.0,RDM
2026-04-03,RDM-119,0.0,RDM
2026-04-03,RDM-120,0.0,RDM
2026-04-03,RDM-121,0.0,RDM
2026-04-03,RDM-122,0.0,RDM
2026-04-03,RDM-123,0.0,RDM
2026-04-03,RDM-124,0.0,RDM
2026-04-03,RDM-125,0.0,RDM
2026-04-03,RDM-126,0.0,RDM
2026-04-03,RDM-127,0.0,RDM
2026-04-03,RDM-128,0.0,RDM
2026-04-03,RDM-129,0.0,RDM
2026-04-03,RDM-130,0.0,RDM
2026-04-03,RDM-131,0.0,RDM
2026-04-03,RDM-132,0.0,RDM
2026-04-03,RDM-133,0.0,RDM
2026-04-04,KRT-001,0.0,KRT
2026-04-04,KRT-002,0.0,KRT
2026-04-04,KRT-003,0.0,KRT
2026-04-04,KRT-004,0.0,KRT
2026-04-04,KRT-005,0.0,KRT
2026-04-04,KRT-006,0.0,KRT
2026-04-04,KRT-007,0.0,KRT
2026-04-04,KRT-008,0.0,KRT
2026-04-04,KRT-009,0.0,KRT
2026-04-04,KRT-010,0.0,KRT
2026-04-04,KRT-011,0.0,KRT
2026-04-04,KRT-012,0.0,KRT
2026-04-04,KRT-013,0.0,KRT
2026-04-04,KRT-014,0.0,KRT
2026-04-04,KRT-015,0.0,KRT
2026-04-04,KRT-016,0.0,KRT
2026-04-04,KRT-017,0.0,KRT
2026-04-04,KRT-018,0.0,KRT
2026-04-04,KRT-019,0.0,KRT
2026-04-04,KRT-020,0.0,KRT
2026-04-04,KRT-021,0.0,KRT
2026-04-04,KRT-022,0.0,KRT
2026-04-04,KRT-023,0.0,KRT
2026-04-04,KRT-024,0.0,KRT
2026-04-04,KRT-025,0.0,KRT
2026-04-04,KRT-026,0.0,KRT
2026-04-04,KRT-027,0.0,KRT
2026-04-04,KRT-028,0.0,KRT
2026-04-04,KRT-029,0.0,KRT
2026-04-04,KRT-030,0.0,KRT
2026-04-04,KRT-031,0.0,KRT
2026-04-04,KRT-032,0.0,KRT
2026-04-04,KRT-033,0.0,KRT
2026-04-04,KRT-034,0.0,KRT
2026-04-04,KRT-035,0.0,KRT
2026-04-04,KRT-036,0.0,KRT
2026-04-04,KRT-037,0.76,KRT
2026-04-04,KRT-038,0.25,KRT
2026-04-04,KRT-039,0.0,KRT
2026-04-04,KRT-040,0.0,KRT
2026-04-04,KRT-041,0.0,KRT
2026-04-04,KRT-042,0.0,KRT
2026-04-04,KRT-043,0.0,KRT
2026-04-04,KRT-044,0.0,KRT
2026-04-04,KRT-045,0.0,KRT
2026-04-04,KRT-046,0.0,KRT
2026-04-04,KRT-047,0.0,KRT
2026-04-04,KRT-048,0.0,KRT
2026-04-04,KRT-049,0.0,KRT
2026-04-04,KRT-050,0.0,KRT
2026-04-04,KRT-051,0.0,KRT
2026-04-04,KRT-052,0.0,KRT
2026-04-04,KRT-053,0.0,KRT
2026-04-04,KRT-054,0.0,KRT
2026-04-04,KRT-055,0.0,KRT
2026-04-04,KRT-056,0.0,KRT
2026-04-04,KRT-057,0.0,KRT
2026-04-04,KRT-058,0.25,KRT
2026-04-04,KRT-059,0.0,KRT
2026-04-04,KRT-060,0.0,KRT
2026-04-04,KRT-061,0.0,KRT
2026-04-04,KRT-062,0.0,KRT
2026-04-04,KRT-063,0.0,KRT
2026-04-04,KRT-064,0.0,KRT
2026-04-04,KRT-065,0.0,KRT
2026-04-04,KRT-066,0.0,KRT
2026-04-04,KRT-067,0.0,KRT
2026-04-04,KRT-068,0.0,KRT
2026-04-04,KRT-069,0.0,KRT
2026-04-04,KRT-070,0.0,KRT
2026-04-04,KRT-071,0.0,KRT
2026-04-04,KRT-072,0.0,KRT
2026-04-04,KRT-073,0.0,KRT
2026-04-04,KRT-074,0.0,KRT
2026-04-04,RDM-101,0.0,RDM
2026-04-04,RDM-102,0.0,RDM
2026-04-04,RDM-103,0.0,RDM
2026-04-04,RDM-104,0.0,RDM
2026-04-04,RDM-105,0.0,RDM
2026-04-04,RDM-106,0.0,RDM
2026-04-04,RDM-107,0.0,RDM
2026-04-04,RDM-108,0.0,RDM
2026-04-04,RDM-109,0.0,RDM
2026-04-04,RDM-110,0.0,RDM
2026-04-04,RDM-112,0.0,RDM
2026-04-04,RDM-113,0.0,RDM
2026-04-04,RDM-114,0.0,RDM
2026-04-04,RDM-115,0.0,RDM
2026-04-04,RDM-116,0.0,RDM
2026-04-04,RDM-117,0.0,RDM
2026-04-04,RDM-118,0.0,RDM
2026-04-04,RDM-119,0.0,RDM
2026-04-04,RDM-120,0.0,RDM
2026-04-04,RDM-121,0.0,RDM
2026-04-04,RDM-122,0.0,RDM
2026-04-04,RDM-123,0.0,RDM
2026-04-04,RDM-124,0.0,RDM
2026-04-04,RDM-125,0.0,RDM
2026-04-04,RDM-126,0.0,RDM
2026-04-04,RDM-127,0.0,RDM
2026-04-04,RDM-128,0.0,RDM
2026-04-04,RDM-129,0.0,RDM
2026-04-04,RDM-130,0.0,RDM
2026-04-04,RDM-131,0.0,RDM
2026-04-04,RDM-132,0.0,RDM
2026-04-04,RDM-133,0.0,RDM
2026-04-05,KRT-001,0.0,KRT
2026-04-05,KRT-002,0.0,KRT
2026-04-05,KRT-003,0.0,KRT
2026-04-05,KRT-004,0.0,KRT
2026-04-05,KRT-005,0.0,KRT
2026-04-05,KRT-006,0.0,KRT
2026-04-05,KRT-007,0.0,KRT
2026-04-05,KRT-008,0.0,KRT
2026-04-05,KRT-009,0.0,KRT
2026-04-05,KRT-010,0.0,KRT
2026-04-05,KRT-011,0.0,KRT
2026-04-05,KRT-012,0.0,KRT
2026-04-05,KRT-013,0.0,KRT
2026-04-05,KRT-014,0.0,KRT
2026-04-05,KRT-015,0.0,KRT
2026-04-05,KRT-016,0.0,KRT
2026-04-05,KRT-017,0.0,KRT
2026-04-05,KRT-018,0.0,KRT
2026-04-05,KRT-019,0.0,KRT
2026-04-05,KRT-020,0.0,KRT
2026-04-05,KRT-021,0.0,KRT
2026-04-05,KRT-022,0.0,KRT
2026-04-05,KRT-023,0.0,KRT
2026-04-05,KRT-024,0.0,KRT
2026-04-05,KRT-025,0.25,KRT
2026-04-05,KRT-026,0.0,KRT
2026-04-05,KRT-027,0.0,KRT
2026-04-05,KRT-028,0.25,KRT
2026-04-05,KRT-029,0.0,KRT
2026-04-05,KRT-030,0.0,KRT
2026-04-05,KRT-031,0.0,KRT
2026-04-05,KRT-032,0.0,KRT
2026-04-05,KRT-033,0.0,KRT
2026-04-05,KRT-034,0.0,KRT
2026-04-05,KRT-035,0.0,KRT
2026-04-05,KRT-036,0.0,KRT
2026-04-05,KRT-037,0.0,KRT
2026-04-05,KRT-038,0.0,KRT
2026-04-05,KRT-039,0.0,KRT
2026-04-05,KRT-040,0.0,KRT
2026-04-05,KRT-041,0.0,KRT
2026-04-05,KRT-042,0.0,KRT
2026-04-05,KRT-043,0.0,KRT
2026-04-05,KRT-044,0.0,KRT
2026-04-05,KRT-045,0.0,KRT
2026-04-05,KRT-046,0.0,KRT
2026-04-05,KRT-047,0.0,KRT
2026-04-05,KRT-048,0.0,KRT
2026-04-05,KRT-049,0.0,KRT
2026-04-05,KRT-050,0.0,KRT
2026-04-05,KRT-051,0.0,KRT
2026-04-05,KRT-052,0.0,KRT
2026-04-05,KRT-053,0.0,KRT
2026-04-05,KRT-054,0.0,KRT
2026-04-05,KRT-055,0.0,KRT
2026-04-05,KRT-056,0.0,KRT
2026-04-05,KRT-057,0.0,KRT
2026-04-05,KRT-058,0.5,KRT
2026-04-05,KRT-059,0.0,KRT
2026-04-05,KRT-060,0.0,KRT
2026-04-05,KRT-061,0.0,KRT
2026-04-05,KRT-062,0.0,KRT
2026-04-05,KRT-063,0.0,KRT
2026-04-05,KRT-064,0.0,KRT
2026-04-05,KRT-065,0.0,KRT
2026-04-05,KRT-066,0.0,KRT
2026-04-05,KRT-067,0.0,KRT
2026-04-05,KRT-068,0.0,KRT
2026-04-05,KRT-069,0.0,KRT
2026-04-05,KRT-070,0.0,KRT
2026-04-05,KRT-071,0.0,KRT
2026-04-05,KRT-072,0.0,KRT
2026-04-05,KRT-073,0.0,KRT
2026-04-05,KRT-074,0.0,KRT
2026-04-05,RDM-101,0.0,RDM
2026-04-05,RDM-102,0.0,RDM
2026-04-05,RDM-103,0.0,RDM
2026-04-05,RDM-104,0.0,RDM
2026-04-05,RDM-105,0.0,RDM
2026-04-05,RDM-106,0.0,RDM
2026-04-05,RDM-107,0.0,RDM
2026-04-05,RDM-108,0.0,RDM
2026-04-05,RDM-109,0.0,RDM
2026-04-05,RDM-110,0.0,RDM
2026-04-05,RDM-112,0.0,RDM
2026-04-05,RDM-113,0.0,RDM
2026-04-05,RDM-114,0.0,RDM
2026-04-05,RDM-115,0.0,RDM
2026-04-05,RDM-116,0.0,RDM
2026-04-05,RDM-117,0.0,RDM
2026-04-05,RDM-118,0.0,RDM
2026-04-05,RDM-119,0.0,RDM
2026-04-05,RDM-120,0.0,RDM
2026-04-05,RDM-121,0.0,RDM
2026-04-05,RDM-122,0.0,RDM
2026-04-05,RDM-123,0.0,RDM
2026-04-05,RDM-124,0.0,RDM
2026-04-05,RDM-125,0.0,RDM
2026-04-05,RDM-126,0.0,RDM
2026-04-05,RDM-127,0.0,RDM
2026-04-05,RDM-128,0.0,RDM
2026-04-05,RDM-129,0.0,RDM
2026-04-05,RDM-130,0.0,RDM
2026-04-05,RDM-131,0.0,RDM
2026-04-05,RDM-132,0.0,RDM
2026-04-05,RDM-133,0.0,RDM
2026-04-06,KRT-001,0.0,KRT
2026-04-06,KRT-002,0.0,KRT
2026-04-06,KRT-003,0.0,KRT
2026-04-06,KRT-004,0.0,KRT
2026-04-06,KRT-005,0.0,KRT
2026-04-06,KRT-006,0.0,KRT
2026-04-06,KRT-007,0.0,KRT
2026-04-06,KRT-008,0.0,KRT
2026-04-06,KRT-009,0.0,KRT
2026-04-06,KRT-010,0.0,KRT
2026-04-06,KRT-011,0.0,KRT
2026-04-06,KRT-012,0.0,KRT
2026-04-06,KRT-013,0.0,KRT
2026-04-06,KRT-014,0.0,KRT
2026-04-06,KRT-015,0.0,KRT
2026-04-06,KRT-016,0.0,KRT
2026-04-06,KRT-017,0.0,KRT
2026-04-06,KRT-018,0.0,KRT
2026-04-06,KRT-019,0.25,KRT
2026-04-06,KRT-020,0.0,KRT
2026-04-06,KRT-021,0.0,KRT
2026-04-06,KRT-022,0.0,KRT
2026-04-06,KRT-023,0.0,KRT
2026-04-06,KRT-024,0.0,KRT
2026-04-06,KRT-025,0.0,KRT
2026-04-06,KRT-026,0.0,KRT
2026-04-06,KRT-027,0.0,KRT
2026-04-06,KRT-028,0.0,KRT
2026-04-06,KRT-029,0.25,KRT
2026-04-06,KRT-030,0.0,KRT
2026-04-06,KRT-031,0.0,KRT
2026-04-06,KRT-032,0.0,KRT
2026-04-06,KRT-033,0.0,KRT
2026-04-06,KRT-034,0.0,KRT
2026-04-06,KRT-035,0.0,KRT
2026-04-06,KRT-036,0.0,KRT
2026-04-06,KRT-037,0.0,KRT
2026-04-06,KRT-038,0.0,KRT
2026-04-06,KRT-039,0.0,KRT
2026-04-06,KRT-040,0.0,KRT
2026-04-06,KRT-041,0.0,KRT
2026-04-06,KRT-042,0.0,KRT
2026-04-06,KRT-043,0.0,KRT
2026-04-06,KRT-044,0.0,KRT
2026-04-06,KRT-045,0.0,KRT
2026-04-06,KRT-046,0.0,KRT
2026-04-06,KRT-047,0.0,KRT
2026-04-06,KRT-048,0.0,KRT
2026-04-06,KRT-049,0.0,KRT
2026-04-06,KRT-050,0.0,KRT
2026-04-06,KRT-051,0.76,KRT
2026-04-06,KRT-052,0.0,KRT
2026-04-06,KRT-053,0.0,KRT
2026-04-06,KRT-054,0.51,KRT
2026-04-06,KRT-055,0.0,KRT
2026-04-06,KRT-056,0.0,KRT
2026-04-06,KRT-057,0.0,KRT
2026-04-06,KRT-058,0.5,KRT
2026-04-06,KRT-059,0.0,KRT
2026-04-06,KRT-060,0.3,KRT
2026-04-06,KRT-061,0.0,KRT
2026-04-06,KRT-062,0.0,KRT
2026-04-06,KRT-063,0.9,KRT
2026-04-06,KRT-064,0.0,KRT
2026-04-06,KRT-065,0.0,KRT
2026-04-06,KRT-066,0.0,KRT
2026-04-06,KRT-067,0.51,KRT
2026-04-06,KRT-068,0.0,KRT
2026-04-06,KRT-069,0.0,KRT
2026-04-06,KRT-070,0.0,KRT
2026-04-06,KRT-071,0.0,KRT
2026-04-06,KRT-072,0.0,KRT
2026-04-06,KRT-073,0.0,KRT
2026-04-06,KRT-074,0.0,KRT
2026-04-06,RDM-101,0.25,RDM
2026-04-06,RDM-102,0.0,RDM
2026-04-06,RDM-103,4.32,RDM
2026-04-06,RDM-104,0.51,RDM
2026-04-06,RDM-105,9.14,RDM
2026-04-06,RDM-106,2.29,RDM
2026-04-06,RDM-107,7.2,RDM
2026-04-06,RDM-108,2.54,RDM
2026-04-06,RDM-109,0.25,RDM
2026-04-06,RDM-110,0.3,RDM
2026-04-06,RDM-112,0.0,RDM
2026-04-06,RDM-113,0.0,RDM
2026-04-06,RDM-114,0.0,RDM
2026-04-06,RDM-115,0.0,RDM
2026-04-06,RDM-116,0.25,RDM
2026-04-06,RDM-117,0.0,RDM
2026-04-06,RDM-118,0.0,RDM
2026-04-06,RDM-119,0.0,RDM
2026-04-06,RDM-120,0.0,RDM
2026-04-06,RDM-121,0.0,RDM
2026-04-06,RDM-122,1.02,RDM
2026-04-06,RDM-123,0.0,RDM
2026-04-06,RDM-124,0.0,RDM
2026-04-06,RDM-125,0.0,RDM
2026-04-06,RDM-126,0.0,RDM
2026-04-06,RDM-127,0.25,RDM
2026-04-06,RDM-128,0.0,RDM
2026-04-06,RDM-129,0.0,RDM
2026-04-06,RDM-130,0.0,RDM
2026-04-06,RDM-131,0.0,RDM
2026-04-06,RDM-132,0.0,RDM
2026-04-06,RDM-133,0.0,RDM
2026-04-07,KRT-001,0.0,KRT
2026-04-07,KRT-002,0.0,KRT
2026-04-07,KRT-003,0.0,KRT
2026-04-07,KRT-004,0.0,KRT
2026-04-07,KRT-005,0.0,KRT
2026-04-07,KRT-006,0.0,KRT
2026-04-07,KRT-007,0.0,KRT
2026-04-07,KRT-008,0.0,KRT
2026-04-07,KRT-009,0.0,KRT
2026-04-07,KRT-010,0.0,KRT
2026-04-07,KRT-011,0.0,KRT
2026-04-07,KRT-012,0.0,KRT
2026-04-07,KRT-013,0.0,KRT
2026-04-07,KRT-014,0.0,KRT
2026-04-07,KRT-015,0.25,KRT
2026-04-07,KRT-016,0.0,KRT
2026-04-07,KRT-017,0.0,KRT
2026-04-07,KRT-018,0.0,KRT
2026-04-07,KRT-019,0.0,KRT
2026-04-07,KRT-020,0.0,KRT
2026-04-07,KRT-021,0.0,KRT
2026-04-07,KRT-022,0.0,KRT
2026-04-07,KRT-023,0.0,KRT
2026-04-07,KRT-024,0.0,KRT
2026-04-07,KRT-025,0.0,KRT
2026-04-07,KRT-026,0.0,KRT
2026-04-07,KRT-027,0.25,KRT
2026-04-07,KRT-028,0.25,KRT
2026-04-07,KRT-029,0.0,KRT
2026-04-07,KRT-030,0.0,KRT
2026-04-07,KRT-031,0.0,KRT
2026-04-07,KRT-032,0.25,KRT
2026-04-07,KRT-033,0.0,KRT
2026-04-07,KRT-034,0.0,KRT
2026-04-07,KRT-035,0.0,KRT
2026-04-07,KRT-036,0.0,KRT
2026-04-07,KRT-037,0.0,KRT
2026-04-07,KRT-038,0.0,KRT
2026-04-07,KRT-039,0.0,KRT
2026-04-07,KRT-040,0.0,KRT
2026-04-07,KRT-041,0.0,KRT
2026-04-07,KRT-042,0.0,KRT
2026-04-07,KRT-043,0.0,KRT
2026-04-07,KRT-044,0.0,KRT
2026-04-07,KRT-045,0.0,KRT
2026-04-07,KRT-046,0.0,KRT
2026-04-07,KRT-047,0.0,KRT
2026-04-07,KRT-048,0.0,KRT
2026-04-07,KRT-049,0.0,KRT
2026-04-07,KRT-050,0.0,KRT
2026-04-07,KRT-051,0.0,KRT
2026-04-07,KRT-052,0.0,KRT
2026-04-07,KRT-053,0.0,KRT
2026-04-07,KRT-054,0.0,KRT
2026-04-07,KRT-055,0.0,KRT
2026-04-07,KRT-056,0.0,KRT
2026-04-07,KRT-057,0.0,KRT
2026-04-07,KRT-058,0.0,KRT
2026-04-07,KRT-059,0.0,KRT
2026-04-07,KRT-060,0.0,KRT
2026-04-07,KRT-061,0.0,KRT
2026-04-07,KRT-062,0.22,KRT
2026-04-07,KRT-063,0.0,KRT
2026-04-07,KRT-064,0.0,KRT
2026-04-07,KRT-065,0.0,KRT
2026-04-07,KRT-066,0.0,KRT
2026-04-07,KRT-067,0.0,KRT
2026-04-07,KRT-068,0.0,KRT
2026-04-07,KRT-069,0.0,KRT
2026-04-07,KRT-070,0.0,KRT
2026-04-07,KRT-071,0.0,KRT
2026-04-07,KRT-072,0.0,KRT
2026-04-07,KRT-073,0.0,KRT
2026-04-07,KRT-074,0.0,KRT
2026-04-07,RDM-101,0.0,RDM
2026-04-07,RDM-102,0.0,RDM
2026-04-07,RDM-103,0.0,RDM
2026-04-07,RDM-104,0.0,RDM
2026-04-07,RDM-105,0.0,RDM
2026-04-07,RDM-106,0.0,RDM
2026-04-07,RDM-107,0.0,RDM
2026-04-07,RDM-108,0.0,RDM
2026-04-07,RDM-109,0.0,RDM
2026-04-07,RDM-110,0.0,RDM
2026-04-07,RDM-112,0.0,RDM
2026-04-07,RDM-113,0.0,RDM
2026-04-07,RDM-114,0.0,RDM
2026-04-07,RDM-115,0.0,RDM
2026-04-07,RDM-116,0.0,RDM
2026-04-07,RDM-117,0.0,RDM
2026-04-07,RDM-118,0.0,RDM
2026-04-07,RDM-119,0.0,RDM
2026-04-07,RDM-120,0.0,RDM
2026-04-07,RDM-121,0.0,RDM
2026-04-07,RDM-122,0.0,RDM
2026-04-07,RDM-123,0.0,RDM
2026-04-07,RDM-124,0.0,RDM
2026-04-07,RDM-125,0.0,RDM
2026-04-07,RDM-126,0.0,RDM
2026-04-07,RDM-127,0.0,RDM
2026-04-07,RDM-128,0.0,RDM
2026-04-07,RDM-129,0.0,RDM
2026-04-07,RDM-130,0.0,RDM
2026-04-07,RDM-131,0.0,RDM
2026-04-07,RDM-132,0.0,RDM
2026-04-07,RDM-133,0.0,RDM
2026-04-08,KRT-001,0.0,KRT
2026-04-08,KRT-002,0.0,KRT
2026-04-08,KRT-003,0.25,KRT
2026-04-08,KRT-004,0.0,KRT
2026-04-08,KRT-005,0.0,KRT
2026-04-08,KRT-006,0.0,KRT
2026-04-08,KRT-007,0.0,KRT
2026-04-08,KRT-008,0.0,KRT
2026-04-08,KRT-009,0.0,KRT
2026-04-08,KRT-010,0.0,KRT
2026-04-08,KRT-011,0.0,KRT
2026-04-08,KRT-012,0.0,KRT
2026-04-08,KRT-013,0.0,KRT
2026-04-08,KRT-014,0.0,KRT
2026-04-08,KRT-015,0.0,KRT
2026-04-08,KRT-016,0.0,KRT
2026-04-08,KRT-017,0.0,KRT
2026-04-08,KRT-018,0.0,KRT
2026-04-08,KRT-019,0.0,KRT
2026-04-08,KRT-020,0.0,KRT
2026-04-08,KRT-021,0.0,KRT
2026-04-08,KRT-022,0.0,KRT
2026-04-08,KRT-023,0.0,KRT
2026-04-08,KRT-024,0.0,KRT
2026-04-08,KRT-025,0.0,KRT
2026-04-08,KRT-026,0.0,KRT
2026-04-08,KRT-027,0.0,KRT
2026-04-08,KRT-028,0.0,KRT
2026-04-08,KRT-029,0.0,KRT
2026-04-08,KRT-030,0.0,KRT
2026-04-08,KRT-031,0.0,KRT
2026-04-08,KRT-032,0.0,KRT
2026-04-08,KRT-033,0.0,KRT
2026-04-08,KRT-034,0.0,KRT
2026-04-08,KRT-035,0.0,KRT
2026-04-08,KRT-036,0.0,KRT
2026-04-08,KRT-037,0.76,KRT
2026-04-08,KRT-038,0.0,KRT
2026-04-08,KRT-039,0.0,KRT
2026-04-08,KRT-040,0.0,KRT
2026-04-08,KRT-041,0.0,KRT
2026-04-08,KRT-042,0.0,KRT
2026-04-08,KRT-043,0.0,KRT
2026-04-08,KRT-044,0.0,KRT
2026-04-08,KRT-045,0.0,KRT
2026-04-08,KRT-046,0.0,KRT
2026-04-08,KRT-047,0.0,KRT
2026-04-08,KRT-048,0.0,KRT
2026-04-08,KRT-049,0.0,KRT
2026-04-08,KRT-050,0.0,KRT
2026-04-08,KRT-051,0.0,KRT
2026-04-08,KRT-052,0.0,KRT
2026-04-08,KRT-053,0.0,KRT
2026-04-08,KRT-054,0.0,KRT
2026-04-08,KRT-055,0.0,KRT
2026-04-08,KRT-056,0.0,KRT
2026-04-08,KRT-057,0.0,KRT
2026-04-08,KRT-058,0.0,KRT
2026-04-08,KRT-059,0.0,KRT
2026-04-08,KRT-060,0.0,KRT
2026-04-08,KRT-061,0.0,KRT
2026-04-08,KRT-062,0.0,KRT
2026-04-08,KRT-063,0.0,KRT
2026-04-08,KRT-064,0.0,KRT
2026-04-08,KRT-065,0.0,KRT
2026-04-08,KRT-066,0.0,KRT
2026-04-08,KRT-067,0.0,KRT
2026-04-08,KRT-068,0.0,KRT
2026-04-08,KRT-069,0.0,KRT
2026-04-08,KRT-070,0.0,KRT
2026-04-08,KRT-071,0.0,KRT
2026-04-08,KRT-072,0.0,KRT
2026-04-08,KRT-073,0.0,KRT
2026-04-08,KRT-074,0.25,KRT
2026-04-08,RDM-101,0.0,RDM
2026-04-08,RDM-102,0.0,RDM
2026-04-08,RDM-103,0.0,RDM
2026-04-08,RDM-104,0.0,RDM
2026-04-08,RDM-105,0.0,RDM
2026-04-08,RDM-106,0.0,RDM
2026-04-08,RDM-107,0.0,RDM
2026-04-08,RDM-108,0.0,RDM
2026-04-08,RDM-109,4.06,RDM
2026-04-08,RDM-110,0.0,RDM
2026-04-08,RDM-112,0.0,RDM
2026-04-08,RDM-113,0.0,RDM
2026-04-08,RDM-114,0.0,RDM
2026-04-08,RDM-115,0.0,RDM
2026-04-08,RDM-116,0.0,RDM
2026-04-08,RDM-117,0.0,RDM
2026-04-08,RDM-118,0.0,RDM
2026-04-08,RDM-119,0.0,RDM
2026-04-08,RDM-120,0.0,RDM
2026-04-08,RDM-121,0.0,RDM
2026-04-08,RDM-122,0.0,RDM
2026-04-08,RDM-123,0.0,RDM
2026-04-08,RDM-124,0.6,RDM
2026-04-08,RDM-125,0.0,RDM
2026-04-08,RDM-126,0.0,RDM
2026-04-08,RDM-127,0.0,RDM
2026-04-08,RDM-128,0.0,RDM
2026-04-08,RDM-129,0.0,RDM
2026-04-08,RDM-130,0.0,RDM
2026-04-08,RDM-131,0.0,RDM
2026-04-08,RDM-132,1.8,RDM
2026-04-08,RDM-133,0.0,RDM
2026-04-09,KRT-001,0.0,KRT
2026-04-09,KRT-002,0.0,KRT
2026-04-09,KRT-003,0.76,KRT
2026-04-09,KRT-004,0.0,KRT
2026-04-09,KRT-005,0.0,KRT
2026-04-09,KRT-006,0.0,KRT
2026-04-09,KRT-007,0.0,KRT
2026-04-09,KRT-008,0.0,KRT
2026-04-09,KRT-009,0.0,KRT
2026-04-09,KRT-010,0.0,KRT
2026-04-09,KRT-011,0.0,KRT
2026-04-09,KRT-012,0.0,KRT
2026-04-09,KRT-013,0.0,KRT
2026-04-09,KRT-014,0.0,KRT
2026-04-09,KRT-015,0.0,KRT
2026-04-09,KRT-016,0.0,KRT
2026-04-09,KRT-017,0.0,KRT
2026-04-09,KRT-018,0.0,KRT
2026-04-09,KRT-019,0.0,KRT
2026-04-09,KRT-020,0.0,KRT
2026-04-09,KRT-021,0.0,KRT
2026-04-09,KRT-022,0.0,KRT
2026-04-09,KRT-023,0.0,KRT
2026-04-09,KRT-024,0.0,KRT
2026-04-09,KRT-025,0.0,KRT
2026-04-09,KRT-026,0.0,KRT
2026-04-09,KRT-027,0.0,KRT
2026-04-09,KRT-028,0.0,KRT
2026-04-09,KRT-029,0.51,KRT
2026-04-09,KRT-030,0.0,KRT
2026-04-09,KRT-031,0.0,KRT
2026-04-09,KRT-032,0.0,KRT
2026-04-09,KRT-033,0.0,KRT
2026-04-09,KRT-034,0.0,KRT
2026-04-09,KRT-035,0.0,KRT
2026-04-09,KRT-036,0.0,KRT
2026-04-09,KRT-037,0.0,KRT
2026-04-09,KRT-038,0.0,KRT
2026-04-09,KRT-039,0.0,KRT
2026-04-09,KRT-040,0.0,KRT
2026-04-09,KRT-041,0.0,KRT
2026-04-09,KRT-042,0.0,KRT
2026-04-09,KRT-043,0.51,KRT
2026-04-09,KRT-044,0.0,KRT
2026-04-09,KRT-045,0.0,KRT
2026-04-09,KRT-046,0.0,KRT
2026-04-09,KRT-047,0.0,KRT
2026-04-09,KRT-048,0.25,KRT
2026-04-09,KRT-049,0.0,KRT
2026-04-09,KRT-050,0.0,KRT
2026-04-09,KRT-051,0.0,KRT
2026-04-09,KRT-052,0.0,KRT
2026-04-09,KRT-053,0.0,KRT
2026-04-09,KRT-054,0.25,KRT
2026-04-09,KRT-055,0.0,KRT
2026-04-09,KRT-056,0.0,KRT
2026-04-09,KRT-057,0.0,KRT
2026-04-09,KRT-058,0.0,KRT
2026-04-09,KRT-059,0.0,KRT
2026-04-09,KRT-060,0.0,KRT
2026-04-09,KRT-061,0.0,KRT
2026-04-09,KRT-062,0.0,KRT
2026-04-09,KRT-063,0.0,KRT
2026-04-09,KRT-064,0.0,KRT
2026-04-09,KRT-065,0.0,KRT
2026-04-09,KRT-066,0.0,KRT
2026-04-09,KRT-067,0.0,KRT
2026-04-09,KRT-068,0.0,KRT
2026-04-09,KRT-069,0.0,KRT
2026-04-09,KRT-070,0.0,KRT
2026-04-09,KRT-071,0.0,KRT
2026-04-09,KRT-072,0.0,KRT
2026-04-09,KRT-073,0.0,KRT
2026-04-09,KRT-074,0.0,KRT
2026-04-09,RDM-101,0.0,RDM
2026-04-09,RDM-102,0.0,RDM
2026-04-09,RDM-103,0.0,RDM
2026-04-09,RDM-104,0.0,RDM
2026-04-09,RDM-105,0.0,RDM
2026-04-09,RDM-106,0.0,RDM
2026-04-09,RDM-107,0.0,RDM
2026-04-09,RDM-108,0.0,RDM
2026-04-09,RDM-109,0.0,RDM
2026-04-09,RDM-110,0.0,RDM
2026-04-09,RDM-112,0.0,RDM
2026-04-09,RDM-113,0.0,RDM
2026-04-09,RDM-114,0.5,RDM
2026-04-09,RDM-115,0.0,RDM
2026-04-09,RDM-116,3.3,RDM
2026-04-09,RDM-117,5.7,RDM
2026-04-09,RDM-118,0.0,RDM
2026-04-09,RDM-119,6.86,RDM
2026-04-09,RDM-120,0.25,RDM
2026-04-09,RDM-121,2.79,RDM
2026-04-09,RDM-122,0.0,RDM
2026-04-09,RDM-123,0.0,RDM
2026-04-09,RDM-124,13.2,RDM
2026-04-09,RDM-125,27.3,RDM
2026-04-09,RDM-126,22.5,RDM
2026-04-09,RDM-127,9.91,RDM
2026-04-09,RDM-128,15.75,RDM
2026-04-09,RDM-129,1.52,RDM
2026-04-09,RDM-130,0.76,RDM
2026-04-09,RDM-131,0.0,RDM
2026-04-09,RDM-132,2.7,RDM
2026-04-09,RDM-133,25.65,RDM
2026-04-10,KRT-001,12.45,KRT
2026-04-10,KRT-002,11.25,KRT
2026-04-10,KRT-003,26.67,KRT
2026-04-10,KRT-004,19.3,KRT
2026-04-10,KRT-005,18.25,KRT
2026-04-10,KRT-006,21.48,KRT
2026-04-10,KRT-007,27.37,KRT
2026-04-10,KRT-008,27.69,KRT
2026-04-10,KRT-009,12.7,KRT
2026-04-10,KRT-010,8.89,KRT
2026-04-10,KRT-011,5.33,KRT
2026-04-10,KRT-012,6.25,KRT
2026-04-10,KRT-013,6.6,KRT
2026-04-10,KRT-014,2.79,KRT
2026-04-10,KRT-015,6.35,KRT
2026-04-10,KRT-016,7.48,KRT
2026-04-10,KRT-017,20.57,KRT
2026-04-10,KRT-018,8.66,KRT
2026-04-10,KRT-019,24.64,KRT
2026-04-10,KRT-020,8.38,KRT
2026-04-10,KRT-021,5.59,KRT
2026-04-10,KRT-022,0.0,KRT
2026-04-10,KRT-023,3.56,KRT
2026-04-10,KRT-024,1.52,KRT
2026-04-10,KRT-025,1.52,KRT
2026-04-10,KRT-026,4.17,KRT
2026-04-10,KRT-027,5.33,KRT
2026-04-10,KRT-028,0.25,KRT
2026-04-10,KRT-029,0.76,KRT
2026-04-10,KRT-030,0.51,KRT
2026-04-10,KRT-031,0.0,KRT
2026-04-10,KRT-032,0.0,KRT
2026-04-10,KRT-033,0.0,KRT
2026-04-10,KRT-034,0.0,KRT
2026-04-10,KRT-035,2.54,KRT
2026-04-10,KRT-036,1.52,KRT
2026-04-10,KRT-037,5.59,KRT
2026-04-10,KRT-038,0.51,KRT
2026-04-10,KRT-039,0.51,KRT
2026-04-10,KRT-040,0.0,KRT
2026-04-10,KRT-041,0.0,KRT
2026-04-10,KRT-042,0.51,KRT
2026-04-10,KRT-043,3.3,KRT
2026-04-10,KRT-044,1.52,KRT
2026-04-10,KRT-045,0.0,KRT
2026-04-10,KRT-046,2.79,KRT
2026-04-10,KRT-047,0.76,KRT
2026-04-10,KRT-048,3.05,KRT
2026-04-10,KRT-049,0.76,KRT
2026-04-10,KRT-050,7.87,KRT
2026-04-10,KRT-051,13.41,KRT
2026-04-10,KRT-052,5.08,KRT
2026-04-10,KRT-053,0.0,KRT
2026-04-10,KRT-054,0.0,KRT
2026-04-10,KRT-055,14.99,KRT
2026-04-10,KRT-056,24.89,KRT
2026-04-10,KRT-057,15.37,KRT
2026-04-10,KRT-058,15.25,KRT
2026-04-10,KRT-059,23.37,KRT
2026-04-10,KRT-060,30.9,KRT
2026-04-10,KRT-061,35.7,KRT
2026-04-10,KRT-062,32.41,KRT
2026-04-10,KRT-063,15.3,KRT
2026-04-10,KRT-064,15.3,KRT
2026-04-10,KRT-065,21.9,KRT
2026-04-10,KRT-066,18.29,KRT
2026-04-10,KRT-067,22.61,KRT
2026-04-10,KRT-068,18.36,KRT
2026-04-10,KRT-069,24.89,KRT
2026-04-10,KRT-070,23.44,KRT
2026-04-10,KRT-071,17.02,KRT
2026-04-10,KRT-072,20.58,KRT
2026-04-10,KRT-073,9.91,KRT
2026-04-10,KRT-074,4.32,KRT
2026-04-10,RDM-101,5.25,RDM
2026-04-10,RDM-102,2.25,RDM
2026-04-10,RDM-103,5.08,RDM
2026-04-10,RDM-104,3.56,RDM
2026-04-10,RDM-105,1.78,RDM
2026-04-10,RDM-106,0.76,RDM
2026-04-10,RDM-107,2.7,RDM
2026-04-10,RDM-108,2.03,RDM
2026-04-10,RDM-109,2.79,RDM
2026-04-10,RDM-110,0.3,RDM
2026-04-10,RDM-112,2.29,RDM
2026-04-10,RDM-113,1.2,RDM
2026-04-10,RDM-114,1.25,RDM
2026-04-10,RDM-115,1.02,RDM
2026-04-10,RDM-116,3.56,RDM
2026-04-10,RDM-117,4.2,RDM
2026-04-10,RDM-118,10.57,RDM
2026-04-10,RDM-119,6.35,RDM
2026-04-10,RDM-120,11.43,RDM
2026-04-10,RDM-121,16.76,RDM
2026-04-10,RDM-122,10.24,RDM
2026-04-10,RDM-123,8.38,RDM
2026-04-10,RDM-124,19.2,RDM
2026-04-10,RDM-125,15.3,RDM
2026-04-10,RDM-126,4.2,RDM
2026-04-10,RDM-127,7.11,RDM
2026-04-10,RDM-128,3.05,RDM
2026-04-10,RDM-129,4.32,RDM
2026-04-10,RDM-130,2.03,RDM
2026-04-10,RDM-131,2.29,RDM
2026-04-10,RDM-132,1.2,RDM
2026-04-10,RDM-133,22.35,RDM
2026-04-11,KRT-001,0.25,KRT
2026-04-11,KRT-002,0.0,KRT
2026-04-11,KRT-003,0.0,KRT
2026-04-11,KRT-004,0.25,KRT
2026-04-11,KRT-005,0.0,KRT
2026-04-11,KRT-006,0.0,KRT
2026-04-11,KRT-007,0.76,KRT
2026-04-11,KRT-008,0.25,KRT
2026-04-11,KRT-009,0.0,KRT
2026-04-11,KRT-010,0.0,KRT
2026-04-11,KRT-011,0.0,KRT
2026-04-11,KRT-012,0.0,KRT
2026-04-11,KRT-013,0.0,KRT
2026-04-11,KRT-014,0.0,KRT
2026-04-11,KRT-015,0.0,KRT
2026-04-11,KRT-016,0.0,KRT
2026-04-11,KRT-017,0.0,KRT
2026-04-11,KRT-018,0.0,KRT
2026-04-11,KRT-019,0.0,KRT
2026-04-11,KRT-020,0.0,KRT
2026-04-11,KRT-021,0.0,KRT
2026-04-11,KRT-022,0.0,KRT
2026-04-11,KRT-023,0.0,KRT
2026-04-11,KRT-024,0.0,KRT
2026-04-11,KRT-025,0.51,KRT
2026-04-11,KRT-026,0.0,KRT
2026-04-11,KRT-027,0.0,KRT
2026-04-11,KRT-028,0.0,KRT
2026-04-11,KRT-029,0.0,KRT
2026-04-11,KRT-030,0.0,KRT
2026-04-11,KRT-031,0.0,KRT
2026-04-11,KRT-032,0.25,KRT
2026-04-11,KRT-033,0.0,KRT
2026-04-11,KRT-034,0.0,KRT
2026-04-11,KRT-035,0.0,KRT
2026-04-11,KRT-036,0.0,KRT
2026-04-11,KRT-037,0.0,KRT
2026-04-11,KRT-038,0.0,KRT
2026-04-11,KRT-039,0.0,KRT
2026-04-11,KRT-040,0.0,KRT
2026-04-11,KRT-041,0.0,KRT
2026-04-11,KRT-042,0.0,KRT
2026-04-11,KRT-043,0.51,KRT
2026-04-11,KRT-044,0.51,KRT
2026-04-11,KRT-045,0.0,KRT
2026-04-11,KRT-046,0.0,KRT
2026-04-11,KRT-047,0.0,KRT
2026-04-11,KRT-048,0.0,KRT
2026-04-11,KRT-049,0.0,KRT
2026-04-11,KRT-050,0.0,KRT
2026-04-11,KRT-051,0.0,KRT
2026-04-11,KRT-052,0.0,KRT
2026-04-11,KRT-053,0.0,KRT
2026-04-11,KRT-054,0.0,KRT
2026-04-11,KRT-055,0.0,KRT
2026-04-11,KRT-056,0.0,KRT
2026-04-11,KRT-057,0.0,KRT
2026-04-11,KRT-058,0.0,KRT
2026-04-11,KRT-059,0.0,KRT
2026-04-11,KRT-060,0.0,KRT
2026-04-11,KRT-061,0.0,KRT
2026-04-11,KRT-062,0.22,KRT
2026-04-11,KRT-063,0.0,KRT
2026-04-11,KRT-064,0.0,KRT
2026-04-11,KRT-065,0.0,KRT
2026-04-11,KRT-066,0.76,KRT
2026-04-11,KRT-067,0.76,KRT
2026-04-11,KRT-068,0.0,KRT
2026-04-11,KRT-069,0.0,KRT
2026-04-11,KRT-070,0.0,KRT
2026-04-11,KRT-071,0.0,KRT
2026-04-11,KRT-072,0.0,KRT
2026-04-11,KRT-073,0.0,KRT
2026-04-11,KRT-074,0.51,KRT
2026-04-11,RDM-101,0.0,RDM
2026-04-11,RDM-102,0.0,RDM
2026-04-11,RDM-103,0.0,RDM
2026-04-11,RDM-104,0.0,RDM
2026-04-11,RDM-105,0.0,RDM
2026-04-11,RDM-106,0.0,RDM
2026-04-11,RDM-107,0.0,RDM
2026-04-11,RDM-108,0.0,RDM
2026-04-11,RDM-109,0.25,RDM
2026-04-11,RDM-110,0.0,RDM
2026-04-11,RDM-112,0.0,RDM
2026-04-11,RDM-113,0.3,RDM
2026-04-11,RDM-114,0.0,RDM
2026-04-11,RDM-115,0.76,RDM
2026-04-11,RDM-116,0.25,RDM
2026-04-11,RDM-117,0.0,RDM
2026-04-11,RDM-118,0.0,RDM
2026-04-11,RDM-119,0.0,RDM
2026-04-11,RDM-120,0.0,RDM
2026-04-11,RDM-121,0.0,RDM
2026-04-11,RDM-122,0.0,RDM
2026-04-11,RDM-123,0.0,RDM
2026-04-11,RDM-124,0.0,RDM
2026-04-11,RDM-125,0.0,RDM
2026-04-11,RDM-126,0.0,RDM
2026-04-11,RDM-127,0.0,RDM
2026-04-11,RDM-128,0.0,RDM
2026-04-11,RDM-129,0.0,RDM
2026-04-11,RDM-130,0.0,RDM
2026-04-11,RDM-131,0.0,RDM
2026-04-11,RDM-132,0.0,RDM
2026-04-11,RDM-133,0.0,RDM
2026-04-12,KRT-001,0.0,KRT
2026-04-12,KRT-002,0.0,KRT
2026-04-12,KRT-003,0.0,KRT
2026-04-12,KRT-004,0.0,KRT
2026-04-12,KRT-005,0.5,KRT
2026-04-12,KRT-006,0.0,KRT
2026-04-12,KRT-007,0.0,KRT
2026-04-12,KRT-008,0.0,KRT
2026-04-12,KRT-009,0.0,KRT
2026-04-12,KRT-010,0.0,KRT
2026-04-12,KRT-011,0.0,KRT
2026-04-12,KRT-012,0.0,KRT
2026-04-12,KRT-013,0.0,KRT
2026-04-12,KRT-014,0.0,KRT
2026-04-12,KRT-015,0.0,KRT
2026-04-12,KRT-016,0.0,KRT
2026-04-12,KRT-017,0.0,KRT
2026-04-12,KRT-018,0.0,KRT
2026-04-12,KRT-019,0.0,KRT
2026-04-12,KRT-020,0.0,KRT
2026-04-12,KRT-021,0.0,KRT
2026-04-12,KRT-022,0.0,KRT
2026-04-12,KRT-023,0.0,KRT
2026-04-12,KRT-024,0.0,KRT
2026-04-12,KRT-025,0.0,KRT
2026-04-12,KRT-026,0.0,KRT
2026-04-12,KRT-027,0.0,KRT
2026-04-12,KRT-028,0.0,KRT
2026-04-12,KRT-029,0.0,KRT
2026-04-12,KRT-030,0.0,KRT
2026-04-12,KRT-031,0.76,KRT
2026-04-12,KRT-032,0.0,KRT
2026-04-12,KRT-033,0.0,KRT
2026-04-12,KRT-034,0.0,KRT
2026-04-12,KRT-035,0.25,KRT
2026-04-12,KRT-036,0.0,KRT
2026-04-12,KRT-037,0.0,KRT
2026-04-12,KRT-038,0.0,KRT
2026-04-12,KRT-039,0.0,KRT
2026-04-12,KRT-040,0.0,KRT
2026-04-12,KRT-041,0.0,KRT
2026-04-12,KRT-042,0.0,KRT
2026-04-12,KRT-043,0.0,KRT
2026-04-12,KRT-044,0.0,KRT
2026-04-12,KRT-045,0.0,KRT
2026-04-12,KRT-046,0.0,KRT
2026-04-12,KRT-047,0.0,KRT
2026-04-12,KRT-048,0.0,KRT
2026-04-12,KRT-049,0.0,KRT
2026-04-12,KRT-050,0.0,KRT
2026-04-12,KRT-051,0.0,KRT
2026-04-12,KRT-052,0.0,KRT
2026-04-12,KRT-053,0.0,KRT
2026-04-12,KRT-054,0.0,KRT
2026-04-12,KRT-055,0.0,KRT
2026-04-12,KRT-056,0.0,KRT
2026-04-12,KRT-057,0.0,KRT
2026-04-12,KRT-058,0.0,KRT
2026-04-12,KRT-059,0.0,KRT
2026-04-12,KRT-060,0.0,KRT
2026-04-12,KRT-061,0.0,KRT
2026-04-12,KRT-062,0.0,KRT
2026-04-12,KRT-063,0.0,KRT
2026-04-12,KRT-064,0.0,KRT
2026-04-12,KRT-065,0.0,KRT
2026-04-12,KRT-066,0.0,KRT
2026-04-12,KRT-067,0.25,KRT
2026-04-12,KRT-068,0.0,KRT
2026-04-12,KRT-069,0.0,KRT
2026-04-12,KRT-070,0.0,KRT
2026-04-12,KRT-071,0.0,KRT
2026-04-12,KRT-072,0.0,KRT
2026-04-12,KRT-073,0.0,KRT
2026-04-12,KRT-074,0.0,KRT
2026-04-12,RDM-101,0.0,RDM
2026-04-12,RDM-102,0.25,RDM
2026-04-12,RDM-103,0.0,RDM
2026-04-12,RDM-104,0.0,RDM
2026-04-12,RDM-105,0.51,RDM
2026-04-12,RDM-106,0.0,RDM
2026-04-12,RDM-107,0.0,RDM
2026-04-12,RDM-108,0.0,RDM
2026-04-12,RDM-109,0.0,RDM
2026-04-12,RDM-110,0.9,RDM
2026-04-12,RDM-112,0.0,RDM
2026-04-12,RDM-113,0.0,RDM
2026-04-12,RDM-114,0.0,RDM
2026-04-12,RDM-115,0.0,RDM
2026-04-12,RDM-116,0.0,RDM
2026-04-12,RDM-117,0.0,RDM
2026-04-12,RDM-118,0.0,RDM
2026-04-12,RDM-119,0.0,RDM
2026-04-12,RDM-120,0.0,RDM
2026-04-12,RDM-121,0.0,RDM
2026-04-12,RDM-122,0.0,RDM
2026-04-12,RDM-123,0.0,RDM
2026-04-12,RDM-124,0.0,RDM
2026-04-12,RDM-125,0.0,RDM
2026-04-12,RDM-126,0.0,RDM
2026-04-12,RDM-127,0.0,RDM
2026-04-12,RDM-128,0.0,RDM
2026-04-12,RDM-129,0.0,RDM
2026-04-12,RDM-130,0.0,RDM
2026-04-12,RDM-131,0.0,RDM
2026-04-12,RDM-132,0.0,RDM
2026-04-12,RDM-133,0.0,RDM
2026-04-13,KRT-001,0.0,KRT
2026-04-13,KRT-002,0.0,KRT
2026-04-13,KRT-003,0.0,KRT
2026-04-13,KRT-004,0.0,KRT
2026-04-13,KRT-005,0.0,KRT
2026-04-13,KRT-006,0.0,KRT
2026-04-13,KRT-007,0.0,KRT
2026-04-13,KRT-008,0.0,KRT
2026-04-13,KRT-009,0.0,KRT
2026-04-13,KRT-010,0.0,KRT
2026-04-13,KRT-011,0.0,KRT
2026-04-13,KRT-012,0.0,KRT
2026-04-13,KRT-013,0.0,KRT
2026-04-13,KRT-014,0.0,KRT
2026-04-13,KRT-015,0.25,KRT
2026-04-13,KRT-016,0.0,KRT
2026-04-13,KRT-017,0.0,KRT
2026-04-13,KRT-018,0.0,KRT
2026-04-13,KRT-019,0.0,KRT
2026-04-13,KRT-020,0.0,KRT
2026-04-13,KRT-021,0.0,KRT
2026-04-13,KRT-022,0.0,KRT
2026-04-13,KRT-023,0.0,KRT
2026-04-13,KRT-024,0.0,KRT
2026-04-13,KRT-025,0.0,KRT
2026-04-13,KRT-026,0.0,KRT
2026-04-13,KRT-027,0.0,KRT
2026-04-13,KRT-028,0.0,KRT
2026-04-13,KRT-029,0.0,KRT
2026-04-13,KRT-030,0.0,KRT
2026-04-13,KRT-031,0.0,KRT
2026-04-13,KRT-032,0.0,KRT
2026-04-13,KRT-033,0.51,KRT
2026-04-13,KRT-034,0.0,KRT
2026-04-13,KRT-035,0.0,KRT
2026-04-13,KRT-036,0.0,KRT
2026-04-13,KRT-037,0.0,KRT
2026-04-13,KRT-038,0.0,KRT
2026-04-13,KRT-039,0.0,KRT
2026-04-13,KRT-040,0.0,KRT
2026-04-13,KRT-041,0.0,KRT
2026-04-13,KRT-042,0.0,KRT
2026-04-13,KRT-043,0.76,KRT
2026-04-13,KRT-044,0.0,KRT
2026-04-13,KRT-045,0.0,KRT
2026-04-13,KRT-046,0.0,KRT
2026-04-13,KRT-047,0.0,KRT
2026-04-13,KRT-048,0.0,KRT
2026-04-13,KRT-049,0.0,KRT
2026-04-13,KRT-050,0.0,KRT
2026-04-13,KRT-051,0.0,KRT
2026-04-13,KRT-052,0.0,KRT
2026-04-13,KRT-053,0.0,KRT
2026-04-13,KRT-054,0.0,KRT
2026-04-13,KRT-055,0.0,KRT
2026-04-13,KRT-056,0.0,KRT
2026-04-13,KRT-057,0.0,KRT
2026-04-13,KRT-058,0.0,KRT
2026-04-13,KRT-059,0.0,KRT
2026-04-13,KRT-060,0.0,KRT
2026-04-13,KRT-061,0.0,KRT
2026-04-13,KRT-062,0.0,KRT
2026-04-13,KRT-063,0.0,KRT
2026-04-13,KRT-064,0.0,KRT
2026-04-13,KRT-065,0.0,KRT
2026-04-13,KRT-066,0.0,KRT
2026-04-13,KRT-067,0.0,KRT
2026-04-13,KRT-068,0.0,KRT
2026-04-13,KRT-069,0.0,KRT
2026-04-13,KRT-070,0.0,KRT
2026-04-13,KRT-071,0.0,KRT
2026-04-13,KRT-072,0.0,KRT
2026-04-13,KRT-073,0.25,KRT
2026-04-13,KRT-074,0.0,KRT
2026-04-13,RDM-101,0.0,RDM
2026-04-13,RDM-102,0.25,RDM
2026-04-13,RDM-103,0.0,RDM
2026-04-13,RDM-104,0.0,RDM
2026-04-13,RDM-105,0.0,RDM
2026-04-13,RDM-106,0.0,RDM
2026-04-13,RDM-107,0.0,RDM
2026-04-13,RDM-108,0.0,RDM
2026-04-13,RDM-109,0.0,RDM
2026-04-13,RDM-110,0.0,RDM
2026-04-13,RDM-112,0.0,RDM
2026-04-13,RDM-113,0.0,RDM
2026-04-13,RDM-114,0.0,RDM
2026-04-13,RDM-115,0.0,RDM
2026-04-13,RDM-116,0.0,RDM
2026-04-13,RDM-117,0.0,RDM
2026-04-13,RDM-118,0.0,RDM
2026-04-13,RDM-119,0.0,RDM
2026-04-13,RDM-120,0.0,RDM
2026-04-13,RDM-121,0.0,RDM
2026-04-13,RDM-122,0.0,RDM
2026-04-13,RDM-123,0.0,RDM
2026-04-13,RDM-124,0.0,RDM
2026-04-13,RDM-125,0.0,RDM
2026-04-13,RDM-126,0.0,RDM
2026-04-13,RDM-127,0.51,RDM
2026-04-13,RDM-128,0.0,RDM
2026-04-13,RDM-129,0.0,RDM
2026-04-13,RDM-130,0.0,RDM
2026-04-13,RDM-131,0.0,RDM
2026-04-13,RDM-132,0.0,RDM
2026-04-13,RDM-133,0.0,RDM
2026-04-14,KRT-001,0.0,KRT
2026-04-14,KRT-002,0.0,KRT
2026-04-14,KRT-003,0.0,KRT
2026-04-14,KRT-004,0.0,KRT
2026-04-14,KRT-005,0.0,KRT
2026-04-14,KRT-006,0.0,KRT
2026-04-14,KRT-007,0.0,KRT
2026-04-14,KRT-008,0.0,KRT
2026-04-14,KRT-009,0.0,KRT
2026-04-14,KRT-010,0.0,KRT
2026-04-14,KRT-011,0.0,KRT
2026-04-14,KRT-012,0.0,KRT
2026-04-14,KRT-013,0.0,KRT
2026-04-14,KRT-014,0.0,KRT
2026-04-14,KRT-015,0.0,KRT
2026-04-14,KRT-016,0.0,KRT
2026-04-14,KRT-017,0.0,KRT
2026-04-14,KRT-018,0.0,KRT
2026-04-14,KRT-019,0.0,KRT
2026-04-14,KRT-020,0.0,KRT
2026-04-14,KRT-021,0.0,KRT
2026-04-14,KRT-022,0.0,KRT
2026-04-14,KRT-023,0.0,KRT
2026-04-14,KRT-024,0.0,KRT
2026-04-14,KRT-025,0.51,KRT
2026-04-14,KRT-026,0.0,KRT
2026-04-14,KRT-027,0.0,KRT
2026-04-14,KRT-028,0.0,KRT
2026-04-14,KRT-029,0.0,KRT
2026-04-14,KRT-030,0.0,KRT
2026-04-14,KRT-031,0.0,KRT
2026-04-14,KRT-032,0.0,KRT
2026-04-14,KRT-033,0.0,KRT
2026-04-14,KRT-034,0.0,KRT
2026-04-14,KRT-035,0.0,KRT
2026-04-14,KRT-036,0.0,KRT
2026-04-14,KRT-037,0.0,KRT
2026-04-14,KRT-038,0.0,KRT
2026-04-14,KRT-039,0.25,KRT
2026-04-14,KRT-040,0.0,KRT
2026-04-14,KRT-041,0.0,KRT
2026-04-14,KRT-042,0.0,KRT
2026-04-14,KRT-043,0.25,KRT
2026-04-14,KRT-044,0.0,KRT
2026-04-14,KRT-045,0.0,KRT
2026-04-14,KRT-046,0.0,KRT
2026-04-14,KRT-047,0.0,KRT
2026-04-14,KRT-048,0.0,KRT
2026-04-14,KRT-049,0.0,KRT
2026-04-14,KRT-050,0.0,KRT
2026-04-14,KRT-051,0.0,KRT
2026-04-14,KRT-052,0.0,KRT
2026-04-14,KRT-053,0.0,KRT
2026-04-14,KRT-054,0.0,KRT
2026-04-14,KRT-055,0.0,KRT
2026-04-14,KRT-056,0.0,KRT
2026-04-14,KRT-057,0.0,KRT
2026-04-14,KRT-058,0.0,KRT
2026-04-14,KRT-059,0.0,KRT
2026-04-14,KRT-060,0.6,KRT
2026-04-14,KRT-061,0.0,KRT
2026-04-14,KRT-062,0.0,KRT
2026-04-14,KRT-063,0.0,KRT
2026-04-14,KRT-064,0.0,KRT
2026-04-14,KRT-065,0.0,KRT
2026-04-14,KRT-066,0.0,KRT
2026-04-14,KRT-067,0.0,KRT
2026-04-14,KRT-068,0.0,KRT
2026-04-14,KRT-069,0.0,KRT
2026-04-14,KRT-070,0.0,KRT
2026-04-14,KRT-071,0.0,KRT
2026-04-14,KRT-072,0.0,KRT
2026-04-14,KRT-073,0.0,KRT
2026-04-14,KRT-074,0.0,KRT
2026-04-14,RDM-101,0.0,RDM
2026-04-14,RDM-102,0.0,RDM
2026-04-14,RDM-103,0.0,RDM
2026-04-14,RDM-104,0.0,RDM
2026-04-14,RDM-105,0.0,RDM
2026-04-14,RDM-106,0.0,RDM
2026-04-14,RDM-107,0.0,RDM
2026-04-14,RDM-108,0.0,RDM
2026-04-14,RDM-109,0.0,RDM
2026-04-14,RDM-110,0.0,RDM
2026-04-14,RDM-112,0.0,RDM
2026-04-14,RDM-113,0.0,RDM
2026-04-14,RDM-114,0.0,RDM
2026-04-14,RDM-115,0.0,RDM
2026-04-14,RDM-116,0.0,RDM
2026-04-14,RDM-117,0.0,RDM
2026-04-14,RDM-118,0.0,RDM
2026-04-14,RDM-119,0.0,RDM
2026-04-14,RDM-120,0.0,RDM
2026-04-14,RDM-121,0.0,RDM
2026-04-14,RDM-122,0.0,RDM
2026-04-14,RDM-123,0.0,RDM
2026-04-14,RDM-124,0.0,RDM
2026-04-14,RDM-125,0.0,RDM
2026-04-14,RDM-126,0.0,RDM
2026-04-14,RDM-127,0.0,RDM
2026-04-14,RDM-128,0.0,RDM
2026-04-14,RDM-129,0.0,RDM
2026-04-14,RDM-130,0.0,RDM
2026-04-14,RDM-131,0.0,RDM
2026-04-14,RDM-132,0.0,RDM
2026-04-14,RDM-133,0.25,RDM
2026-04-15,KRT-001,0.0,KRT
2026-04-15,KRT-002,0.0,KRT
2026-04-15,KRT-003,0.51,KRT
2026-04-15,KRT-004,0.0,KRT
2026-04-15,KRT-005,0.0,KRT
2026-04-15,KRT-006,0.0,KRT
2026-04-15,KRT-007,0.0,KRT
2026-04-15,KRT-008,0.0,KRT
2026-04-15,KRT-009,0.0,KRT
2026-04-15,KRT-010,0.0,KRT
2026-04-15,KRT-011,0.0,KRT
2026-04-15,KRT-012,0.0,KRT
2026-04-15,KRT-013,0.0,KRT
2026-04-15,KRT-014,0.0,KRT
2026-04-15,KRT-015,0.0,KRT
2026-04-15,KRT-016,0.0,KRT
2026-04-15,KRT-017,0.0,KRT
2026-04-15,KRT-018,0.0,KRT
2026-04-15,KRT-019,0.0,KRT
2026-04-15,KRT-020,0.0,KRT
2026-04-15,KRT-021,0.0,KRT
2026-04-15,KRT-022,0.0,KRT
2026-04-15,KRT-023,0.0,KRT
2026-04-15,KRT-024,0.0,KRT
2026-04-15,KRT-025,0.0,KRT
2026-04-15,KRT-026,0.0,KRT
2026-04-15,KRT-027,0.0,KRT
2026-04-15,KRT-028,0.0,KRT
2026-04-15,KRT-029,0.76,KRT
2026-04-15,KRT-030,0.0,KRT
2026-04-15,KRT-031,0.0,KRT
2026-04-15,KRT-032,0.0,KRT
2026-04-15,KRT-033,0.0,KRT
2026-04-15,KRT-034,0.0,KRT
2026-04-15,KRT-035,0.0,KRT
2026-04-15,KRT-036,0.0,KRT
2026-04-15,KRT-037,0.0,KRT
2026-04-15,KRT-038,0.0,KRT
2026-04-15,KRT-039,0.51,KRT
2026-04-15,KRT-040,0.0,KRT
2026-04-15,KRT-041,0.0,KRT
2026-04-15,KRT-042,0.0,KRT
2026-04-15,KRT-043,0.0,KRT
2026-04-15,KRT-044,0.0,KRT
2026-04-15,KRT-045,0.0,KRT
2026-04-15,KRT-046,0.0,KRT
2026-04-15,KRT-047,0.25,KRT
2026-04-15,KRT-048,0.0,KRT
2026-04-15,KRT-049,0.0,KRT
2026-04-15,KRT-050,0.0,KRT
2026-04-15,KRT-051,0.0,KRT
2026-04-15,KRT-052,0.0,KRT
2026-04-15,KRT-053,0.0,KRT
2026-04-15,KRT-054,0.0,KRT
2026-04-15,KRT-055,0.0,KRT
2026-04-15,KRT-056,0.0,KRT
2026-04-15,KRT-057,0.0,KRT
2026-04-15,KRT-058,0.0,KRT
2026-04-15,KRT-059,0.0,KRT
2026-04-15,KRT-060,0.0,KRT
2026-04-15,KRT-061,0.0,KRT
2026-04-15,KRT-062,0.0,KRT
2026-04-15,KRT-063,0.0,KRT
2026-04-15,KRT-064,0.0,KRT
2026-04-15,KRT-065,0.0,KRT
2026-04-15,KRT-066,0.0,KRT
2026-04-15,KRT-067,0.0,KRT
2026-04-15,KRT-068,0.0,KRT
2026-04-15,KRT-069,0.0,KRT
2026-04-15,KRT-070,0.0,KRT
2026-04-15,KRT-071,0.0,KRT
2026-04-15,KRT-072,0.0,KRT
2026-04-15,KRT-073,0.0,KRT
2026-04-15,KRT-074,0.0,KRT
2026-04-15,RDM-101,0.0,RDM
2026-04-15,RDM-102,0.0,RDM
2026-04-15,RDM-103,0.0,RDM
2026-04-15,RDM-104,0.0,RDM
2026-04-15,RDM-105,0.0,RDM
2026-04-15,RDM-106,0.0,RDM
2026-04-15,RDM-107,0.0,RDM
2026-04-15,RDM-108,0.0,RDM
2026-04-15,RDM-109,0.0,RDM
2026-04-15,RDM-110,0.0,RDM
2026-04-15,RDM-112,0.0,RDM
2026-04-15,RDM-113,0.0,RDM
2026-04-15,RDM-114,0.0,RDM
2026-04-15,RDM-115,0.0,RDM
2026-04-15,RDM-116,0.0,RDM
2026-04-15,RDM-117,0.0,RDM
2026-04-15,RDM-118,0.0,RDM
2026-04-15,RDM-119,0.0,RDM
2026-04-15,RDM-120,0.0,RDM
2026-04-15,RDM-121,0.0,RDM
2026-04-15,RDM-122,0.0,RDM
2026-04-15,RDM-123,0.0,RDM
2026-04-15,RDM-124,0.0,RDM
2026-04-15,RDM-125,0.0,RDM
2026-04-15,RDM-126,0.0,RDM
2026-04-15,RDM-127,0.0,RDM
2026-04-15,RDM-128,0.0,RDM
2026-04-15,RDM-129,0.0,RDM
2026-04-15,RDM-130,0.0,RDM
2026-04-15,RDM-131,0.0,RDM
2026-04-15,RDM-132,0.0,RDM
2026-04-15,RDM-133,0.0,RDM
2026-04-16,KRT-001,0.0,KRT
2026-04-16,KRT-002,0.0,KRT
2026-04-16,KRT-003,0.0,KRT
2026-04-16,KRT-004,0.0,KRT
2026-04-16,KRT-005,0.5,KRT
2026-04-16,KRT-006,0.0,KRT
2026-04-16,KRT-007,0.0,KRT
2026-04-16,KRT-008,0.0,KRT
2026-04-16,KRT-009,0.0,KRT
2026-04-16,KRT-010,0.0,KRT
2026-04-16,KRT-011,0.0,KRT
2026-04-16,KRT-012,0.0,KRT
2026-04-16,KRT-013,0.0,KRT
2026-04-16,KRT-014,0.0,KRT
2026-04-16,KRT-015,0.0,KRT
2026-04-16,KRT-016,0.0,KRT
2026-04-16,KRT-017,0.0,KRT
2026-04-16,KRT-018,0.0,KRT
2026-04-16,KRT-019,0.0,KRT
2026-04-16,KRT-020,0.0,KRT
2026-04-16,KRT-021,0.0,KRT
2026-04-16,KRT-022,0.0,KRT
2026-04-16,KRT-023,0.0,KRT
2026-04-16,KRT-024,0.0,KRT
2026-04-16,KRT-025,0.51,KRT
2026-04-16,KRT-026,0.0,KRT
2026-04-16,KRT-027,0.0,KRT
2026-04-16,KRT-028,0.0,KRT
2026-04-16,KRT-029,0.76,KRT
2026-04-16,KRT-030,0.0,KRT
2026-04-16,KRT-031,0.0,KRT
2026-04-16,KRT-032,0.0,KRT
2026-04-16,KRT-033,0.0,KRT
2026-04-16,KRT-034,0.0,KRT
2026-04-16,KRT-035,0.0,KRT
2026-04-16,KRT-036,0.0,KRT
2026-04-16,KRT-037,0.0,KRT
2026-04-16,KRT-038,0.76,KRT
2026-04-16,KRT-039,0.0,KRT
2026-04-16,KRT-040,0.0,KRT
2026-04-16,KRT-041,0.0,KRT
2026-04-16,KRT-042,0.0,KRT
2026-04-16,KRT-043,0.0,KRT
2026-04-16,KRT-044,0.51,KRT
2026-04-16,KRT-045,0.0,KRT
2026-04-16,KRT-046,0.0,KRT
2026-04-16,KRT-047,0.25,KRT
2026-04-16,KRT-048,0.0,KRT
2026-04-16,KRT-049,0.0,KRT
2026-04-16,KRT-050,0.0,KRT
2026-04-16,KRT-051,0.0,KRT
2026-04-16,KRT-052,0.0,KRT
2026-04-16,KRT-053,0.0,KRT
2026-04-16,KRT-054,0.0,KRT
2026-04-16,KRT-055,0.0,KRT
2026-04-16,KRT-056,0.25,KRT
2026-04-16,KRT-057,0.0,KRT
2026-04-16,KRT-058,0.0,KRT
2026-04-16,KRT-059,0.0,KRT
2026-04-16,KRT-060,0.0,KRT
2026-04-16,KRT-061,0.0,KRT
2026-04-16,KRT-062,0.0,KRT
2026-04-16,KRT-063,0.0,KRT
2026-04-16,KRT-064,0.0,KRT
2026-04-16,KRT-065,0.0,KRT
2026-04-16,KRT-066,0.0,KRT
2026-04-16,KRT-067,0.0,KRT
2026-04-16,KRT-068,0.0,KRT
2026-04-16,KRT-069,0.0,KRT
2026-04-16,KRT-070,0.0,KRT
2026-04-16,KRT-071,0.0,KRT
2026-04-16,KRT-072,0.0,KRT
2026-04-16,KRT-073,0.0,KRT
2026-04-16,KRT-074,0.0,KRT
2026-04-16,RDM-101,0.0,RDM
2026-04-16,RDM-102,0.0,RDM
2026-04-16,RDM-103,0.0,RDM
2026-04-16,RDM-104,0.0,RDM
2026-04-16,RDM-105,0.0,RDM
2026-04-16,RDM-106,0.0,RDM
2026-04-16,RDM-107,0.0,RDM
2026-04-16,RDM-108,0.0,RDM
2026-04-16,RDM-109,0.0,RDM
2026-04-16,RDM-110,0.0,RDM
2026-04-16,RDM-112,0.0,RDM
2026-04-16,RDM-113,0.0,RDM
2026-04-16,RDM-114,0.0,RDM
2026-04-16,RDM-115,0.0,RDM
2026-04-16,RDM-116,0.0,RDM
2026-04-16,RDM-117,0.0,RDM
2026-04-16,RDM-118,0.0,RDM
2026-04-16,RDM-119,0.0,RDM
2026-04-16,RDM-120,0.0,RDM
2026-04-16,RDM-121,0.0,RDM
2026-04-16,RDM-122,0.0,RDM
2026-04-16,RDM-123,0.0,RDM
2026-04-16,RDM-124,0.0,RDM
2026-04-16,RDM-125,0.0,RDM
2026-04-16,RDM-126,0.0,RDM
2026-04-16,RDM-127,0.0,RDM
2026-04-16,RDM-128,0.0,RDM
2026-04-16,RDM-129,0.0,RDM
2026-04-16,RDM-130,0.0,RDM
2026-04-16,RDM-131,0.0,RDM
2026-04-16,RDM-132,0.0,RDM
2026-04-16,RDM-133,0.0,RDM
2026-04-17,KRT-001,0.0,KRT
2026-04-17,KRT-002,0.0,KRT
2026-04-17,KRT-003,0.0,KRT
2026-04-17,KRT-004,0.0,KRT
2026-04-17,KRT-005,0.0,KRT
2026-04-17,KRT-006,0.0,KRT
2026-04-17,KRT-007,0.0,KRT
2026-04-17,KRT-008,0.0,KRT
2026-04-17,KRT-009,0.0,KRT
2026-04-17,KRT-010,0.0,KRT
2026-04-17,KRT-011,0.0,KRT
2026-04-17,KRT-012,0.0,KRT
2026-04-17,KRT-013,0.0,KRT
2026-04-17,KRT-014,0.0,KRT
2026-04-17,KRT-015,0.0,KRT
2026-04-17,KRT-016,0.0,KRT
2026-04-17,KRT-017,0.0,KRT
2026-04-17,KRT-018,0.0,KRT
2026-04-17,KRT-019,0.0,KRT
2026-04-17,KRT-020,0.0,KRT
2026-04-17,KRT-021,0.0,KRT
2026-04-17,KRT-022,0.0,KRT
2026-04-17,KRT-023,0.0,KRT
2026-04-17,KRT-024,0.0,KRT
2026-04-17,KRT-025,0.0,KRT
2026-04-17,KRT-026,0.0,KRT
2026-04-17,KRT-027,0.0,KRT
2026-04-17,KRT-028,0.0,KRT
2026-04-17,KRT-029,0.0,KRT
2026-04-17,KRT-030,0.0,KRT
2026-04-17,KRT-031,0.0,KRT
2026-04-17,KRT-032,0.0,KRT
2026-04-17,KRT-033,0.0,KRT
2026-04-17,KRT-034,0.0,KRT
2026-04-17,KRT-035,0.0,KRT
2026-04-17,KRT-036,0.0,KRT
2026-04-17,KRT-037,0.0,KRT
2026-04-17,KRT-038,0.0,KRT
2026-04-17,KRT-039,0.0,KRT
2026-04-17,KRT-040,0.0,KRT
2026-04-17,KRT-041,0.0,KRT
2026-04-17,KRT-042,0.0,KRT
2026-04-17,KRT-043,0.0,KRT
2026-04-17,KRT-044,0.0,KRT
2026-04-17,KRT-045,0.0,KRT
2026-04-17,KRT-046,0.0,KRT
2026-04-17,KRT-047,0.0,KRT
2026-04-17,KRT-048,0.0,KRT
2026-04-17,KRT-049,0.0,KRT
2026-04-17,KRT-050,0.0,KRT
2026-04-17,KRT-051,0.0,KRT
2026-04-17,KRT-052,0.0,KRT
2026-04-17,KRT-053,0.0,KRT
2026-04-17,KRT-054,0.0,KRT
2026-04-17,KRT-055,0.0,KRT
2026-04-17,KRT-056,0.0,KRT
2026-04-17,KRT-057,0.0,KRT
2026-04-17,KRT-058,0.0,KRT
2026-04-17,KRT-059,0.0,KRT
2026-04-17,KRT-060,0.0,KRT
2026-04-17,KRT-061,0.0,KRT
2026-04-17,KRT-062,0.0,KRT
2026-04-17,KRT-063,0.0,KRT
2026-04-17,KRT-064,0.0,KRT
2026-04-17,KRT-065,0.0,KRT
2026-04-17,KRT-066,0.0,KRT
2026-04-17,KRT-067,0.0,KRT
2026-04-17,KRT-068,0.0,KRT
2026-04-17,KRT-069,0.0,KRT
2026-04-17,KRT-070,0.0,KRT
2026-04-17,KRT-071,0.0,KRT
2026-04-17,KRT-072,0.0,KRT
2026-04-17,KRT-073,0.0,KRT
2026-04-17,KRT-074,0.0,KRT
2026-04-17,RDM-101,0.0,RDM
2026-04-17,RDM-102,0.0,RDM
2026-04-17,RDM-103,0.0,RDM
2026-04-17,RDM-104,0.0,RDM
2026-04-17,RDM-105,0.0,RDM
2026-04-17,RDM-106,0.0,RDM
2026-04-17,RDM-107,0.0,RDM
2026-04-17,RDM-108,3.3,RDM
2026-04-17,RDM-109,0.0,RDM
2026-04-17,RDM-110,0.0,RDM
2026-04-17,RDM-112,0.0,RDM
2026-04-17,RDM-113,0.0,RDM
2026-04-17,RDM-114,0.0,RDM
2026-04-17,RDM-115,0.0,RDM
2026-04-17,RDM-116,0.0,RDM
2026-04-17,RDM-117,0.0,RDM
2026-04-17,RDM-118,0.0,RDM
2026-04-17,RDM-119,0.0,RDM
2026-04-17,RDM-120,0.0,RDM
2026-04-17,RDM-121,0.0,RDM
2026-04-17,RDM-122,0.0,RDM
2026-04-17,RDM-123,0.0,RDM
2026-04-17,RDM-124,0.0,RDM
2026-04-17,RDM-125,0.0,RDM
2026-04-17,RDM-126,0.0,RDM
2026-04-17,RDM-127,0.0,RDM
2026-04-17,RDM-128,0.0,RDM
2026-04-17,RDM-129,0.0,RDM
2026-04-17,RDM-130,0.0,RDM
2026-04-17,RDM-131,4.06,RDM
2026-04-17,RDM-132,3.0,RDM
2026-04-17,RDM-133,0.0,RDM
2026-04-18,KRT-001,0.0,KRT
2026-04-18,KRT-002,0.0,KRT
2026-04-18,KRT-003,0.0,KRT
2026-04-18,KRT-004,0.0,KRT
2026-04-18,KRT-005,0.0,KRT
2026-04-18,KRT-006,0.0,KRT
2026-04-18,KRT-007,0.0,KRT
2026-04-18,KRT-008,0.0,KRT
2026-04-18,KRT-009,0.0,KRT
2026-04-18,KRT-010,0.0,KRT
2026-04-18,KRT-011,0.0,KRT
2026-04-18,KRT-012,0.0,KRT
2026-04-18,KRT-013,0.0,KRT
2026-04-18,KRT-014,0.0,KRT
2026-04-18,KRT-015,0.0,KRT
2026-04-18,KRT-016,0.0,KRT
2026-04-18,KRT-017,0.0,KRT
2026-04-18,KRT-018,0.0,KRT
2026-04-18,KRT-019,0.0,KRT
2026-04-18,KRT-020,0.0,KRT
2026-04-18,KRT-021,0.0,KRT
2026-04-18,KRT-022,0.0,KRT
2026-04-18,KRT-023,0.0,KRT
2026-04-18,KRT-024,0.0,KRT
2026-04-18,KRT-025,0.0,KRT
2026-04-18,KRT-026,0.0,KRT
2026-04-18,KRT-027,0.0,KRT
2026-04-18,KRT-028,0.0,KRT
2026-04-18,KRT-029,0.0,KRT
2026-04-18,KRT-030,0.0,KRT
2026-04-18,KRT-031,0.0,KRT
2026-04-18,KRT-032,0.0,KRT
2026-04-18,KRT-033,0.0,KRT
2026-04-18,KRT-034,0.0,KRT
2026-04-18,KRT-035,0.0,KRT
2026-04-18,KRT-036,0.0,KRT
2026-04-18,KRT-037,0.0,KRT
2026-04-18,KRT-038,0.0,KRT
2026-04-18,KRT-039,0.0,KRT
2026-04-18,KRT-040,0.0,KRT
2026-04-18,KRT-041,0.0,KRT
2026-04-18,KRT-042,0.0,KRT
2026-04-18,KRT-043,0.0,KRT
2026-04-18,KRT-044,0.0,KRT
2026-04-18,KRT-045,0.0,KRT
2026-04-18,KRT-046,0.0,KRT
2026-04-18,KRT-047,0.0,KRT
2026-04-18,KRT-048,0.0,KRT
2026-04-18,KRT-049,0.0,KRT
2026-04-18,KRT-050,0.0,KRT
2026-04-18,KRT-051,0.0,KRT
2026-04-18,KRT-052,0.0,KRT
2026-04-18,KRT-053,0.0,KRT
2026-04-18,KRT-054,0.0,KRT
2026-04-18,KRT-055,0.0,KRT
2026-04-18,KRT-056,0.0,KRT
2026-04-18,KRT-057,0.0,KRT
2026-04-18,KRT-058,0.0,KRT
2026-04-18,KRT-059,0.0,KRT
2026-04-18,KRT-060,0.0,KRT
2026-04-18,KRT-061,0.0,KRT
2026-04-18,KRT-062,0.0,KRT
2026-04-18,KRT-063,0.0,KRT
2026-04-18,KRT-064,0.0,KRT
2026-04-18,KRT-065,0.0,KRT
2026-04-18,KRT-066,0.0,KRT
2026-04-18,KRT-067,0.0,KRT
2026-04-18,KRT-068,0.0,KRT
2026-04-18,KRT-069,0.0,KRT
2026-04-18,KRT-070,0.0,KRT
2026-04-18,KRT-071,0.0,KRT
2026-04-18,KRT-072,0.0,KRT
2026-04-18,KRT-073,0.0,KRT
2026-04-18,KRT-074,0.0,KRT
2026-04-18,RDM-101,0.0,RDM
2026-04-18,RDM-102,0.0,RDM
2026-04-18,RDM-103,0.0,RDM
2026-04-18,RDM-104,0.0,RDM
2026-04-18,RDM-105,0.0,RDM
2026-04-18,RDM-106,0.0,RDM
2026-04-18,RDM-107,0.0,RDM
2026-04-18,RDM-108,0.0,RDM
2026-04-18,RDM-109,0.0,RDM
2026-04-18,RDM-110,0.0,RDM
2026-04-18,RDM-112,0.0,RDM
2026-04-18,RDM-113,0.0,RDM
2026-04-18,RDM-114,0.0,RDM
2026-04-18,RDM-115,0.0,RDM
2026-04-18,RDM-116,0.0,RDM
2026-04-18,RDM-117,0.0,RDM
2026-04-18,RDM-118,0.0,RDM
2026-04-18,RDM-119,0.0,RDM
2026-04-18,RDM-120,0.0,RDM
2026-04-18,RDM-121,0.0,RDM
2026-04-18,RDM-122,0.0,RDM
2026-04-18,RDM-123,0.0,RDM
2026-04-18,RDM-124,0.0,RDM
2026-04-18,RDM-125,0.0,RDM
2026-04-18,RDM-126,0.0,RDM
2026-04-18,RDM-127,0.0,RDM
2026-04-18,RDM-128,0.0,RDM
2026-04-18,RDM-129,0.0,RDM
2026-04-18,RDM-130,0.0,RDM
2026-04-18,RDM-131,4.06,RDM
2026-04-18,RDM-132,3.6,RDM
2026-04-18,RDM-133,0.0,RDM
2026-04-19,KRT-001,0.0,KRT
2026-04-19,KRT-002,0.0,KRT
2026-04-19,KRT-003,0.0,KRT
2026-04-19,KRT-004,0.0,KRT
2026-04-19,KRT-005,0.0,KRT
2026-04-19,KRT-006,0.0,KRT
2026-04-19,KRT-007,0.0,KRT
2026-04-19,KRT-008,0.0,KRT
2026-04-19,KRT-009,0.0,KRT
2026-04-19,KRT-010,0.0,KRT
2026-04-19,KRT-011,0.0,KRT
2026-04-19,KRT-012,0.0,KRT
2026-04-19,KRT-013,0.0,KRT
2026-04-19,KRT-014,0.0,KRT
2026-04-19,KRT-015,0.0,KRT
2026-04-19,KRT-016,0.0,KRT
2026-04-19,KRT-017,0.0,KRT
2026-04-19,KRT-018,0.0,KRT
2026-04-19,KRT-019,0.0,KRT
2026-04-19,KRT-020,0.0,KRT
2026-04-19,KRT-021,0.0,KRT
2026-04-19,KRT-022,0.0,KRT
2026-04-19,KRT-023,0.0,KRT
2026-04-19,KRT-024,0.0,KRT
2026-04-19,KRT-025,0.0,KRT
2026-04-19,KRT-026,0.0,KRT
2026-04-19,KRT-027,0.0,KRT
2026-04-19,KRT-028,0.0,KRT
2026-04-19,KRT-029,0.0,KRT
2026-04-19,KRT-030,0.0,KRT
2026-04-19,KRT-031,0.0,KRT
2026-04-19,KRT-032,0.0,KRT
2026-04-19,KRT-033,0.0,KRT
2026-04-19,KRT-034,0.0,KRT
2026-04-19,KRT-035,0.0,KRT
2026-04-19,KRT-036,0.0,KRT
2026-04-19,KRT-037,0.0,KRT
2026-04-19,KRT-038,0.0,KRT
2026-04-19,KRT-039,0.0,KRT
2026-04-19,KRT-040,0.0,KRT
2026-04-19,KRT-041,0.0,KRT
2026-04-19,KRT-042,0.0,KRT
2026-04-19,KRT-043,0.0,KRT
2026-04-19,KRT-044,0.0,KRT
2026-04-19,KRT-045,0.0,KRT
2026-04-19,KRT-046,0.0,KRT
2026-04-19,KRT-047,0.0,KRT
2026-04-19,KRT-048,0.0,KRT
2026-04-19,KRT-049,0.0,KRT
2026-04-19,KRT-050,0.0,KRT
2026-04-19,KRT-051,0.0,KRT
2026-04-19,KRT-052,0.0,KRT
2026-04-19,KRT-053,0.0,KRT
2026-04-19,KRT-054,0.0,KRT
2026-04-19,KRT-055,0.0,KRT
2026-04-19,KRT-056,0.0,KRT
2026-04-19,KRT-057,0.0,KRT
2026-04-19,KRT-058,0.0,KRT
2026-04-19,KRT-059,0.0,KRT
2026-04-19,KRT-060,0.0,KRT
2026-04-19,KRT-061,0.0,KRT
2026-04-19,KRT-062,0.0,KRT
2026-04-19,KRT-063,0.0,KRT
2026-04-19,KRT-064,0.0,KRT
2026-04-19,KRT-065,0.0,KRT
2026-04-19,KRT-066,0.0,KRT
2026-04-19,KRT-067,0.0,KRT
2026-04-19,KRT-068,0.0,KRT
2026-04-19,KRT-069,0.0,KRT
2026-04-19,KRT-070,0.0,KRT
2026-04-19,KRT-071,0.0,KRT
2026-04-19,KRT-072,0.0,KRT
2026-04-19,KRT-073,0.0,KRT
2026-04-19,KRT-074,0.0,KRT
2026-04-19,RDM-101,0.0,RDM
2026-04-19,RDM-102,0.0,RDM
2026-04-19,RDM-103,0.0,RDM
2026-04-19,RDM-104,0.0,RDM
2026-04-19,RDM-105,0.0,RDM
2026-04-19,RDM-106,0.0,RDM
2026-04-19,RDM-107,0.0,RDM
2026-04-19,RDM-108,0.0,RDM
2026-04-19,RDM-109,0.0,RDM
2026-04-19,RDM-110,0.0,RDM
2026-04-19,RDM-112,0.0,RDM
2026-04-19,RDM-113,0.0,RDM
2026-04-19,RDM-114,0.0,RDM
2026-04-19,RDM-115,0.0,RDM
2026-04-19,RDM-116,0.0,RDM
2026-04-19,RDM-117,0.0,RDM
2026-04-19,RDM-118,0.0,RDM
2026-04-19,RDM-119,0.0,RDM
2026-04-19,RDM-120,0.0,RDM
2026-04-19,RDM-121,0.0,RDM
2026-04-19,RDM-122,0.0,RDM
2026-04-19,RDM-123,0.0,RDM
2026-04-19,RDM-124,0.0,RDM
2026-04-19,RDM-125,0.0,RDM
2026-04-19,RDM-126,0.0,RDM
2026-04-19,RDM-127,0.0,RDM
2026-04-19,RDM-128,0.0,RDM
2026-04-19,RDM-129,0.0,RDM
2026-04-19,RDM-130,0.0,RDM
2026-04-19,RDM-131,0.0,RDM
2026-04-19,RDM-132,0.0,RDM
2026-04-19,RDM-133,0.0,RDM
2026-04-20,KRT-001,0.0,KRT
2026-04-20,KRT-002,0.0,KRT
2026-04-20,KRT-003,0.0,KRT
2026-04-20,KRT-004,0.0,KRT
2026-04-20,KRT-005,0.0,KRT
2026-04-20,KRT-006,0.0,KRT
2026-04-20,KRT-007,0.0,KRT
2026-04-20,KRT-008,0.0,KRT
2026-04-20,KRT-009,0.0,KRT
2026-04-20,KRT-010,0.0,KRT
2026-04-20,KRT-011,0.0,KRT
2026-04-20,KRT-012,0.0,KRT
2026-04-20,KRT-013,0.0,KRT
2026-04-20,KRT-014,0.0,KRT
2026-04-20,KRT-015,0.0,KRT
2026-04-20,KRT-016,0.0,KRT
2026-04-20,KRT-017,0.0,KRT
2026-04-20,KRT-018,0.0,KRT
2026-04-20,KRT-019,0.0,KRT
2026-04-20,KRT-020,0.0,KRT
2026-04-20,KRT-021,0.0,KRT
2026-04-20,KRT-022,0.0,KRT
2026-04-20,KRT-023,0.0,KRT
2026-04-20,KRT-024,0.0,KRT
2026-04-20,KRT-025,0.0,KRT
2026-04-20,KRT-026,0.0,KRT
2026-04-20,KRT-027,0.0,KRT
2026-04-20,KRT-028,0.0,KRT
2026-04-20,KRT-029,0.0,KRT
2026-04-20,KRT-030,0.0,KRT
2026-04-20,KRT-031,0.0,KRT
2026-04-20,KRT-032,0.0,KRT
2026-04-20,KRT-033,0.0,KRT
2026-04-20,KRT-034,0.0,KRT
2026-04-20,KRT-035,0.0,KRT
2026-04-20,KRT-036,0.0,KRT
2026-04-20,KRT-037,0.0,KRT
2026-04-20,KRT-038,0.0,KRT
2026-04-20,KRT-039,0.0,KRT
2026-04-20,KRT-040,0.0,KRT
2026-04-20,KRT-041,0.0,KRT
2026-04-20,KRT-042,0.0,KRT
2026-04-20,KRT-043,0.0,KRT
2026-04-20,KRT-044,0.0,KRT
2026-04-20,KRT-045,0.0,KRT
2026-04-20,KRT-046,0.0,KRT
2026-04-20,KRT-047,0.0,KRT
2026-04-20,KRT-048,0.0,KRT
2026-04-20,KRT-049,0.0,KRT
2026-04-20,KRT-050,0.0,KRT
2026-04-20,KRT-051,0.0,KRT
2026-04-20,KRT-052,0.0,KRT
2026-04-20,KRT-053,0.0,KRT
2026-04-20,KRT-054,0.0,KRT
2026-04-20,KRT-055,0.0,KRT
2026-04-20,KRT-056,0.0,KRT
2026-04-20,KRT-057,0.0,KRT
2026-04-20,KRT-058,0.0,KRT
2026-04-20,KRT-059,0.0,KRT
2026-04-20,KRT-060,0.0,KRT
2026-04-20,KRT-061,0.0,KRT
2026-04-20,KRT-062,0.0,KRT
2026-04-20,KRT-063,0.0,KRT
2026-04-20,KRT-064,0.0,KRT
2026-04-20,KRT-065,0.0,KRT
2026-04-20,KRT-066,0.0,KRT
2026-04-20,KRT-067,0.0,KRT
2026-04-20,KRT-068,0.0,KRT
2026-04-20,KRT-069,0.0,KRT
2026-04-20,KRT-070,0.0,KRT
2026-04-20,KRT-071,0.0,KRT
2026-04-20,KRT-072,0.0,KRT
2026-04-20,KRT-073,0.0,KRT
2026-04-20,KRT-074,0.0,KRT
2026-04-20,RDM-101,0.0,RDM
2026-04-20,RDM-102,0.0,RDM
2026-04-20,RDM-103,0.0,RDM
2026-04-20,RDM-104,0.0,RDM
2026-04-20,RDM-105,0.0,RDM
2026-04-20,RDM-106,0.0,RDM
2026-04-20,RDM-107,0.0,RDM
2026-04-20,RDM-108,0.0,RDM
2026-04-20,RDM-109,0.0,RDM
2026-04-20,RDM-110,0.0,RDM
2026-04-20,RDM-112,0.0,RDM
2026-04-20,RDM-113,0.0,RDM
2026-04-20,RDM-114,0.0,RDM
2026-04-20,RDM-115,0.0,RDM
2026-04-20,RDM-116,0.0,RDM
2026-04-20,RDM-117,0.0,RDM
2026-04-20,RDM-118,0.0,RDM
2026-04-20,RDM-119,0.0,RDM
2026-04-20,RDM-120,0.0,RDM
2026-04-20,RDM-121,0.0,RDM
2026-04-20,RDM-122,0.0,RDM
2026-04-20,RDM-123,0.0,RDM
2026-04-20,RDM-124,0.0,RDM
2026-04-20,RDM-125,0.0,RDM
2026-04-20,RDM-126,0.0,RDM
2026-04-20,RDM-127,0.0,RDM
2026-04-20,RDM-128,0.0,RDM
2026-04-20,RDM-129,0.0,RDM
2026-04-20,RDM-130,0.0,RDM
2026-04-20,RDM-131,0.0,RDM
2026-04-20,RDM-132,0.0,RDM
2026-04-20,RDM-133,0.0,RDM
2026-04-21,KRT-001,0.0,KRT
2026-04-21,KRT-002,0.0,KRT
2026-04-21,KRT-003,0.0,KRT
2026-04-21,KRT-004,0.0,KRT
2026-04-21,KRT-005,0.0,KRT
2026-04-21,KRT-006,0.0,KRT
2026-04-21,KRT-007,0.0,KRT
2026-04-21,KRT-008,0.0,KRT
2026-04-21,KRT-009,0.0,KRT
2026-04-21,KRT-010,0.0,KRT
2026-04-21,KRT-011,0.0,KRT
2026-04-21,KRT-012,0.0,KRT
2026-04-21,KRT-013,0.0,KRT
2026-04-21,KRT-014,0.0,KRT
2026-04-21,KRT-015,0.0,KRT
2026-04-21,KRT-016,0.0,KRT
2026-04-21,KRT-017,0.0,KRT
2026-04-21,KRT-018,0.0,KRT
2026-04-21,KRT-019,0.0,KRT
2026-04-21,KRT-020,0.0,KRT
2026-04-21,KRT-021,0.0,KRT
2026-04-21,KRT-022,0.0,KRT
2026-04-21,KRT-023,0.0,KRT
2026-04-21,KRT-024,0.0,KRT
2026-04-21,KRT-025,0.0,KRT
2026-04-21,KRT-026,0.0,KRT
2026-04-21,KRT-027,0.0,KRT
2026-04-21,KRT-028,0.0,KRT
2026-04-21,KRT-029,0.0,KRT
2026-04-21,KRT-030,0.0,KRT
2026-04-21,KRT-031,0.0,KRT
2026-04-21,KRT-032,0.0,KRT
2026-04-21,KRT-033,0.0,KRT
2026-04-21,KRT-034,0.0,KRT
2026-04-21,KRT-035,0.0,KRT
2026-04-21,KRT-036,0.0,KRT
2026-04-21,KRT-037,0.0,KRT
2026-04-21,KRT-038,0.0,KRT
2026-04-21,KRT-039,0.0,KRT
2026-04-21,KRT-040,0.0,KRT
2026-04-21,KRT-041,0.0,KRT
2026-04-21,KRT-042,0.0,KRT
2026-04-21,KRT-043,0.0,KRT
2026-04-21,KRT-044,0.0,KRT
2026-04-21,KRT-045,0.0,KRT
2026-04-21,KRT-046,0.0,KRT
2026-04-21,KRT-047,0.0,KRT
2026-04-21,KRT-048,0.0,KRT
2026-04-21,KRT-049,0.0,KRT
2026-04-21,KRT-050,0.0,KRT
2026-04-21,KRT-051,0.0,KRT
2026-04-21,KRT-052,0.0,KRT
2026-04-21,KRT-053,0.0,KRT
2026-04-21,KRT-054,0.0,KRT
2026-04-21,KRT-055,0.0,KRT
2026-04-21,KRT-056,0.0,KRT
2026-04-21,KRT-057,0.0,KRT
2026-04-21,KRT-058,0.0,KRT
2026-04-21,KRT-059,0.0,KRT
2026-04-21,KRT-060,0.0,KRT
2026-04-21,KRT-061,0.0,KRT
2026-04-21,KRT-062,0.0,KRT
2026-04-21,KRT-063,0.0,KRT
2026-04-21,KRT-064,0.0,KRT
2026-04-21,KRT-065,0.0,KRT
2026-04-21,KRT-066,0.0,KRT
2026-04-21,KRT-067,0.0,KRT
2026-04-21,KRT-068,0.0,KRT
2026-04-21,KRT-069,0.0,KRT
2026-04-21,KRT-070,0.0,KRT
2026-04-21,KRT-071,0.0,KRT
2026-04-21,KRT-072,0.0,KRT
2026-04-21,KRT-073,0.0,KRT
2026-04-21,KRT-074,0.0,KRT
2026-04-21,RDM-101,0.0,RDM
2026-04-21,RDM-102,0.0,RDM
2026-04-21,RDM-103,0.0,RDM
2026-04-21,RDM-104,0.0,RDM
2026-04-21,RDM-105,0.0,RDM
2026-04-21,RDM-106,0.0,RDM
2026-04-21,RDM-107,0.0,RDM
2026-04-21,RDM-108,0.0,RDM
2026-04-21,RDM-109,0.0,RDM
2026-04-21,RDM-110,0.0,RDM
2026-04-21,RDM-112,0.0,RDM
2026-04-21,RDM-113,0.0,RDM
2026-04-21,RDM-114,0.0,RDM
2026-04-21,RDM-115,0.0,RDM
2026-04-21,RDM-116,0.0,RDM
2026-04-21,RDM-117,0.0,RDM
2026-04-21,RDM-118,0.0,RDM
2026-04-21,RDM-119,0.0,RDM
2026-04-21,RDM-120,0.0,RDM
2026-04-21,RDM-121,0.0,RDM
2026-04-21,RDM-122,0.0,RDM
2026-04-21,RDM-123,0.0,RDM
2026-04-21,RDM-124,0.0,RDM
2026-04-21,RDM-125,0.0,RDM
2026-04-21,RDM-126,0.0,RDM
2026-04-21,RDM-127,0.0,RDM
2026-04-21,RDM-128,0.0,RDM
2026-04-21,RDM-129,0.0,RDM
2026-04-21,RDM-130,0.0,RDM
2026-04-21,RDM-131,0.0,RDM
2026-04-21,RDM-132,0.0,RDM
2026-04-21,RDM-133,0.0,RDM
2026-04-22,KRT-001,0.0,KRT
2026-04-22,KRT-002,0.0,KRT
2026-04-22,KRT-003,0.0,KRT
2026-04-22,KRT-004,0.0,KRT
2026-04-22,KRT-005,0.0,KRT
2026-04-22,KRT-006,0.0,KRT
2026-04-22,KRT-007,0.0,KRT
2026-04-22,KRT-008,0.0,KRT
2026-04-22,KRT-009,0.0,KRT
2026-04-22,KRT-010,0.0,KRT
2026-04-22,KRT-011,0.0,KRT
2026-04-22,KRT-012,0.0,KRT
2026-04-22,KRT-013,0.0,KRT
2026-04-22,KRT-014,0.0,KRT
2026-04-22,KRT-015,0.0,KRT
2026-04-22,KRT-016,0.0,KRT
2026-04-22,KRT-017,0.0,KRT
2026-04-22,KRT-018,0.0,KRT
2026-04-22,KRT-019,0.0,KRT
2026-04-22,KRT-020,0.0,KRT
2026-04-22,KRT-021,0.0,KRT
2026-04-22,KRT-022,0.0,KRT
2026-04-22,KRT-023,0.0,KRT
2026-04-22,KRT-024,0.0,KRT
2026-04-22,KRT-025,0.0,KRT
2026-04-22,KRT-026,0.0,KRT
2026-04-22,KRT-027,0.0,KRT
2026-04-22,KRT-028,0.0,KRT
2026-04-22,KRT-029,0.0,KRT
2026-04-22,KRT-030,0.0,KRT
2026-04-22,KRT-031,0.0,KRT
2026-04-22,KRT-032,0.0,KRT
2026-04-22,KRT-033,0.0,KRT
2026-04-22,KRT-034,0.0,KRT
2026-04-22,KRT-035,0.0,KRT
2026-04-22,KRT-036,0.0,KRT
2026-04-22,KRT-037,0.0,KRT
2026-04-22,KRT-038,0.0,KRT
2026-04-22,KRT-039,0.0,KRT
2026-04-22,KRT-040,0.0,KRT
2026-04-22,KRT-041,0.0,KRT
2026-04-22,KRT-042,0.0,KRT
2026-04-22,KRT-043,0.0,KRT
2026-04-22,KRT-044,0.0,KRT
2026-04-22,KRT-045,0.0,KRT
2026-04-22,KRT-046,0.0,KRT
2026-04-22,KRT-047,0.0,KRT
2026-04-22,KRT-048,0.0,KRT
2026-04-22,KRT-049,0.0,KRT
2026-04-22,KRT-050,0.0,KRT
2026-04-22,KRT-051,0.0,KRT
2026-04-22,KRT-052,0.0,KRT
2026-04-22,KRT-053,0.0,KRT
2026-04-22,KRT-054,0.0,KRT
2026-04-22,KRT-055,0.0,KRT
2026-04-22,KRT-056,0.0,KRT
2026-04-22,KRT-057,0.0,KRT
2026-04-22,KRT-058,0.0,KRT
2026-04-22,KRT-059,0.0,KRT
2026-04-22,KRT-060,0.0,KRT
2026-04-22,KRT-061,0.0,KRT
2026-04-22,KRT-062,0.0,KRT
2026-04-22,KRT-063,0.0,KRT
2026-04-22,KRT-064,0.0,KRT
2026-04-22,KRT-065,0.0,KRT
2026-04-22,KRT-066,0.0,KRT
2026-04-22,KRT-067,0.0,KRT
2026-04-22,KRT-068,0.0,KRT
2026-04-22,KRT-069,0.0,KRT
2026-04-22,KRT-070,0.0,KRT
2026-04-22,KRT-071,0.0,KRT
2026-04-22,KRT-072,0.0,KRT
2026-04-22,KRT-073,0.0,KRT
2026-04-22,KRT-074,0.0,KRT
2026-04-22,RDM-101,0.0,RDM
2026-04-22,RDM-102,0.0,RDM
2026-04-22,RDM-103,0.0,RDM
2026-04-22,RDM-104,0.0,RDM
2026-04-22,RDM-105,0.0,RDM
2026-04-22,RDM-106,0.0,RDM
2026-04-22,RDM-107,0.0,RDM
2026-04-22,RDM-108,0.0,RDM
2026-04-22,RDM-109,0.0,RDM
2026-04-22,RDM-110,0.0,RDM
2026-04-22,RDM-112,0.0,RDM
2026-04-22,RDM-113,0.0,RDM
2026-04-22,RDM-114,0.0,RDM
2026-04-22,RDM-115,0.0,RDM
2026-04-22,RDM-116,0.0,RDM
2026-04-22,RDM-117,0.0,RDM
2026-04-22,RDM-118,0.0,RDM
2026-04-22,RDM-119,0.0,RDM
2026-04-22,RDM-120,0.0,RDM
2026-04-22,RDM-121,0.0,RDM
2026-04-22,RDM-122,0.0,RDM
2026-04-22,RDM-123,0.0,RDM
2026-04-22,RDM-124,0.0,RDM
2026-04-22,RDM-125,0.0,RDM
2026-04-22,RDM-126,0.0,RDM
2026-04-22,RDM-127,0.0,RDM
2026-04-22,RDM-128,0.0,RDM
2026-04-22,RDM-129,0.0,RDM
2026-04-22,RDM-130,0.0,RDM
2026-04-22,RDM-131,0.0,RDM
2026-04-22,RDM-132,0.0,RDM
2026-04-22,RDM-133,0.0,RDM
2026-04-23,KRT-001,0.0,KRT
2026-04-23,KRT-002,0.0,KRT
2026-04-23,KRT-003,0.0,KRT
2026-04-23,KRT-004,0.0,KRT
2026-04-23,KRT-005,0.0,KRT
2026-04-23,KRT-006,0.0,KRT
2026-04-23,KRT-007,0.0,KRT
2026-04-23,KRT-008,0.0,KRT
2026-04-23,KRT-009,0.0,KRT
2026-04-23,KRT-010,0.0,KRT
2026-04-23,KRT-011,0.0,KRT
2026-04-23,KRT-012,0.0,KRT
2026-04-23,KRT-013,0.0,KRT
2026-04-23,KRT-014,0.0,KRT
2026-04-23,KRT-015,0.0,KRT
2026-04-23,KRT-016,0.0,KRT
2026-04-23,KRT-017,0.0,KRT
2026-04-23,KRT-018,0.0,KRT
2026-04-23,KRT-019,0.0,KRT
2026-04-23,KRT-020,0.0,KRT
2026-04-23,KRT-021,0.0,KRT
2026-04-23,KRT-022,0.0,KRT
2026-04-23,KRT-023,0.0,KRT
2026-04-23,KRT-024,0.0,KRT
2026-04-23,KRT-025,0.0,KRT
2026-04-23,KRT-026,0.0,KRT
2026-04-23,KRT-027,0.0,KRT
2026-04-23,KRT-028,0.0,KRT
2026-04-23,KRT-029,0.0,KRT
2026-04-23,KRT-030,0.0,KRT
2026-04-23,KRT-031,0.0,KRT
2026-04-23,KRT-032,0.0,KRT
2026-04-23,KRT-033,0.0,KRT
2026-04-23,KRT-034,0.0,KRT
2026-04-23,KRT-035,0.0,KRT
2026-04-23,KRT-036,0.0,KRT
2026-04-23,KRT-037,0.0,KRT
2026-04-23,KRT-038,0.0,KRT
2026-04-23,KRT-039,0.0,KRT
2026-04-23,KRT-040,0.0,KRT
2026-04-23,KRT-041,0.0,KRT
2026-04-23,KRT-042,0.0,KRT
2026-04-23,KRT-043,0.0,KRT
2026-04-23,KRT-044,0.0,KRT
2026-04-23,KRT-045,0.0,KRT
2026-04-23,KRT-046,0.0,KRT
2026-04-23,KRT-047,0.0,KRT
2026-04-23,KRT-048,0.0,KRT
2026-04-23,KRT-049,0.0,KRT
2026-04-23,KRT-050,0.0,KRT
2026-04-23,KRT-051,0.0,KRT
2026-04-23,KRT-052,0.0,KRT
2026-04-23,KRT-053,0.0,KRT
2026-04-23,KRT-054,0.0,KRT
2026-04-23,KRT-055,0.0,KRT
2026-04-23,KRT-056,0.0,KRT
2026-04-23,KRT-057,0.0,KRT
2026-04-23,KRT-058,0.0,KRT
2026-04-23,KRT-059,0.0,KRT
2026-04-23,KRT-060,0.0,KRT
2026-04-23,KRT-061,0.0,KRT
2026-04-23,KRT-062,0.0,KRT
2026-04-23,KRT-063,0.0,KRT
2026-04-23,KRT-064,0.0,KRT
2026-04-23,KRT-065,0.0,KRT
2026-04-23,KRT-066,0.0,KRT
2026-04-23,KRT-067,0.0,KRT
2026-04-23,KRT-068,0.0,KRT
2026-04-23,KRT-069,0.0,KRT
2026-04-23,KRT-070,0.0,KRT
2026-04-23,KRT-071,0.0,KRT
2026-04-23,KRT-072,0.0,KRT
2026-04-23,KRT-073,0.0,KRT
2026-04-23,KRT-074,0.0,KRT
2026-04-23,RDM-101,0.0,RDM
2026-04-23,RDM-102,0.0,RDM
2026-04-23,RDM-103,0.0,RDM
2026-04-23,RDM-104,0.0,RDM
2026-04-23,RDM-105,0.0,RDM
2026-04-23,RDM-106,0.0,RDM
2026-04-23,RDM-107,0.0,RDM
2026-04-23,RDM-108,0.0,RDM
2026-04-23,RDM-109,0.0,RDM
2026-04-23,RDM-110,0.0,RDM
2026-04-23,RDM-112,0.0,RDM
2026-04-23,RDM-113,0.0,RDM
2026-04-23,RDM-114,0.0,RDM
2026-04-23,RDM-115,0.0,RDM
2026-04-23,RDM-116,0.0,RDM
2026-04-23,RDM-117,0.0,RDM
2026-04-23,RDM-118,0.0,RDM
2026-04-23,RDM-119,0.0,RDM
2026-04-23,RDM-120,0.0,RDM
2026-04-23,RDM-121,0.0,RDM
2026-04-23,RDM-122,0.0,RDM
2026-04-23,RDM-123,0.0,RDM
2026-04-23,RDM-124,0.0,RDM
2026-04-23,RDM-125,0.0,RDM
2026-04-23,RDM-126,0.0,RDM
2026-04-23,RDM-127,0.0,RDM
2026-04-23,RDM-128,0.0,RDM
2026-04-23,RDM-129,0.0,RDM
2026-04-23,RDM-130,0.0,RDM
2026-04-23,RDM-131,0.0,RDM
2026-04-23,RDM-132,0.0,RDM
2026-04-23,RDM-133,0.0,RDM
2026-04-24,KRT-001,0.0,KRT
2026-04-24,KRT-002,0.0,KRT
2026-04-24,KRT-003,0.0,KRT
2026-04-24,KRT-004,0.0,KRT
2026-04-24,KRT-005,0.0,KRT
2026-04-24,KRT-006,0.0,KRT
2026-04-24,KRT-007,0.0,KRT
2026-04-24,KRT-008,0.0,KRT
2026-04-24,KRT-009,0.0,KRT
2026-04-24,KRT-010,0.0,KRT
2026-04-24,KRT-011,0.0,KRT
2026-04-24,KRT-012,0.0,KRT
2026-04-24,KRT-013,0.0,KRT
2026-04-24,KRT-014,0.0,KRT
2026-04-24,KRT-015,0.0,KRT
2026-04-24,KRT-016,0.0,KRT
2026-04-24,KRT-017,0.0,KRT
2026-04-24,KRT-018,0.0,KRT
2026-04-24,KRT-019,0.0,KRT
2026-04-24,KRT-020,0.0,KRT
2026-04-24,KRT-021,0.0,KRT
2026-04-24,KRT-022,0.0,KRT
2026-04-24,KRT-023,0.0,KRT
2026-04-24,KRT-024,0.0,KRT
2026-04-24,KRT-025,0.0,KRT
2026-04-24,KRT-026,0.0,KRT
2026-04-24,KRT-027,0.0,KRT
2026-04-24,KRT-028,0.0,KRT
2026-04-24,KRT-029,0.0,KRT
2026-04-24,KRT-030,0.0,KRT
2026-04-24,KRT-031,0.0,KRT
2026-04-24,KRT-032,0.0,KRT
2026-04-24,KRT-033,0.0,KRT
2026-04-24,KRT-034,0.0,KRT
2026-04-24,KRT-035,0.0,KRT
2026-04-24,KRT-036,0.0,KRT
2026-04-24,KRT-037,0.0,KRT
2026-04-24,KRT-038,0.0,KRT
2026-04-24,KRT-039,0.0,KRT
2026-04-24,KRT-040,0.0,KRT
2026-04-24,KRT-041,0.0,KRT
2026-04-24,KRT-042,0.0,KRT
2026-04-24,KRT-043,0.0,KRT
2026-04-24,KRT-044,0.0,KRT
2026-04-24,KRT-045,0.0,KRT
2026-04-24,KRT-046,0.0,KRT
2026-04-24,KRT-047,0.0,KRT
2026-04-24,KRT-048,0.0,KRT
2026-04-24,KRT-049,0.0,KRT
2026-04-24,KRT-050,0.0,KRT
2026-04-24,KRT-051,0.0,KRT
2026-04-24,KRT-052,0.0,KRT
2026-04-24,KRT-053,0.0,KRT
2026-04-24,KRT-054,0.0,KRT
2026-04-24,KRT-055,0.0,KRT
2026-04-24,KRT-056,0.0,KRT
2026-04-24,KRT-057,0.0,KRT
2026-04-24,KRT-058,0.0,KRT
2026-04-24,KRT-059,0.0,KRT
2026-04-24,KRT-060,0.0,KRT
2026-04-24,KRT-061,0.0,KRT
2026-04-24,KRT-062,0.0,KRT
2026-04-24,KRT-063,0.0,KRT
2026-04-24,KRT-064,0.0,KRT
2026-04-24,KRT-065,0.0,KRT
2026-04-24,KRT-066,0.0,KRT
2026-04-24,KRT-067,0.0,KRT
2026-04-24,KRT-068,0.0,KRT
2026-04-24,KRT-069,0.0,KRT
2026-04-24,KRT-070,0.0,KRT
2026-04-24,KRT-071,0.0,KRT
2026-04-24,KRT-072,0.0,KRT
2026-04-24,KRT-073,0.0,KRT
2026-04-24,KRT-074,0.0,KRT
2026-04-24,RDM-101,0.0,RDM
2026-04-24,RDM-102,0.0,RDM
2026-04-24,RDM-103,0.0,RDM
2026-04-24,RDM-104,0.0,RDM
2026-04-24,RDM-105,0.0,RDM
2026-04-24,RDM-106,0.0,RDM
2026-04-24,RDM-107,0.0,RDM
2026-04-24,RDM-108,0.0,RDM
2026-04-24,RDM-109,0.0,RDM
2026-04-24,RDM-110,0.0,RDM
2026-04-24,RDM-112,0.0,RDM
2026-04-24,RDM-113,0.0,RDM
2026-04-24,RDM-114,0.0,RDM
2026-04-24,RDM-115,0.0,RDM
2026-04-24,RDM-116,0.0,RDM
2026-04-24,RDM-117,0.0,RDM
2026-04-24,RDM-118,0.0,RDM
2026-04-24,RDM-119,0.0,RDM
2026-04-24,RDM-120,0.0,RDM
2026-04-24,RDM-121,0.0,RDM
2026-04-24,RDM-122,0.0,RDM
2026-04-24,RDM-123,0.0,RDM
2026-04-24,RDM-124,0.0,RDM
2026-04-24,RDM-125,0.0,RDM
2026-04-24,RDM-126,0.0,RDM
2026-04-24,RDM-127,0.0,RDM
2026-04-24,RDM-128,0.0,RDM
2026-04-24,RDM-129,0.0,RDM
2026-04-24,RDM-130,0.0,RDM
2026-04-24,RDM-131,0.0,RDM
2026-04-24,RDM-132,0.0,RDM
2026-04-24,RDM-133,0.0,RDM
2026-04-25,KRT-001,0.0,KRT
2026-04-25,KRT-002,0.0,KRT
2026-04-25,KRT-003,0.0,KRT
2026-04-25,KRT-004,0.0,KRT
2026-04-25,KRT-005,0.0,KRT
2026-04-25,KRT-006,0.0,KRT
2026-04-25,KRT-007,0.0,KRT
2026-04-25,KRT-008,0.0,KRT
2026-04-25,KRT-009,0.0,KRT
2026-04-25,KRT-010,0.0,KRT
2026-04-25,KRT-011,0.0,KRT
2026-04-25,KRT-012,0.0,KRT
2026-04-25,KRT-013,0.0,KRT
2026-04-25,KRT-014,0.0,KRT
2026-04-25,KRT-015,0.0,KRT
2026-04-25,KRT-016,0.0,KRT
2026-04-25,KRT-017,0.0,KRT
2026-04-25,KRT-018,0.0,KRT
2026-04-25,KRT-019,0.0,KRT
2026-04-25,KRT-020,0.0,KRT
2026-04-25,KRT-021,0.0,KRT
2026-04-25,KRT-022,0.0,KRT
2026-04-25,KRT-023,0.0,KRT
2026-04-25,KRT-024,0.0,KRT
2026-04-25,KRT-025,0.0,KRT
2026-04-25,KRT-026,0.0,KRT
2026-04-25,KRT-027,0.0,KRT
2026-04-25,KRT-028,0.0,KRT
2026-04-25,KRT-029,0.0,KRT
2026-04-25,KRT-030,0.0,KRT
2026-04-25,KRT-031,0.0,KRT
2026-04-25,KRT-032,0.0,KRT
2026-04-25,KRT-033,0.0,KRT
2026-04-25,KRT-034,0.0,KRT
2026-04-25,KRT-035,0.0,KRT
2026-04-25,KRT-036,0.0,KRT
2026-04-25,KRT-037,0.0,KRT
2026-04-25,KRT-038,0.0,KRT
2026-04-25,KRT-039,0.0,KRT
2026-04-25,KRT-040,0.0,KRT
2026-04-25,KRT-041,0.0,KRT
2026-04-25,KRT-042,0.0,KRT
2026-04-25,KRT-043,0.0,KRT
2026-04-25,KRT-044,0.0,KRT
2026-04-25,KRT-045,0.0,KRT
2026-04-25,KRT-046,0.0,KRT
2026-04-25,KRT-047,0.0,KRT
2026-04-25,KRT-048,0.0,KRT
2026-04-25,KRT-049,0.0,KRT
2026-04-25,KRT-050,0.0,KRT
2026-04-25,KRT-051,0.0,KRT
2026-04-25,KRT-052,0.0,KRT
2026-04-25,KRT-053,0.0,KRT
2026-04-25,KRT-054,0.0,KRT
2026-04-25,KRT-055,0.0,KRT
2026-04-25,KRT-056,0.0,KRT
2026-04-25,KRT-057,0.0,KRT
2026-04-25,KRT-058,0.0,KRT
2026-04-25,KRT-059,0.0,KRT
2026-04-25,KRT-060,0.0,KRT
2026-04-25,KRT-061,0.0,KRT
2026-04-25,KRT-062,0.0,KRT
2026-04-25,KRT-063,0.0,KRT
2026-04-25,KRT-064,0.0,KRT
2026-04-25,KRT-065,0.0,KRT
2026-04-25,KRT-066,0.0,KRT
2026-04-25,KRT-067,0.0,KRT
2026-04-25,KRT-068,0.0,KRT
2026-04-25,KRT-069,0.0,KRT
2026-04-25,KRT-070,0.0,KRT
2026-04-25,KRT-071,0.0,KRT
2026-04-25,KRT-072,0.0,KRT
2026-04-25,KRT-073,0.0,KRT
2026-04-25,KRT-074,0.0,KRT
2026-04-25,RDM-101,0.0,RDM
2026-04-25,RDM-102,0.0,RDM
2026-04-25,RDM-103,0.0,RDM
2026-04-25,RDM-104,0.0,RDM
2026-04-25,RDM-105,0.0,RDM
2026-04-25,RDM-106,0.0,RDM
2026-04-25,RDM-107,0.0,RDM
2026-04-25,RDM-108,0.0,RDM
2026-04-25,RDM-109,0.0,RDM
2026-04-25,RDM-110,0.0,RDM
2026-04-25,RDM-112,0.0,RDM
2026-04-25,RDM-113,0.0,RDM
2026-04-25,RDM-114,0.0,RDM
2026-04-25,RDM-115,0.0,RDM
2026-04-25,RDM-116,0.0,RDM
2026-04-25,RDM-117,0.0,RDM
2026-04-25,RDM-118,0.0,RDM
2026-04-25,RDM-119,0.0,RDM
2026-04-25,RDM-120,0.0,RDM
2026-04-25,RDM-121,0.0,RDM
2026-04-25,RDM-122,0.0,RDM
2026-04-25,RDM-123,0.0,RDM
2026-04-25,RDM-124,0.0,RDM
2026-04-25,RDM-125,0.0,RDM
2026-04-25,RDM-126,0.0,RDM
2026-04-25,RDM-127,0.0,RDM
2026-04-25,RDM-128,0.0,RDM
2026-04-25,RDM-129,0.0,RDM
2026-04-25,RDM-130,0.0,RDM
2026-04-25,RDM-131,0.0,RDM
2026-04-25,RDM-132,3.6,RDM
2026-04-25,RDM-133,0.0,RDM
2026-04-26,KRT-001,0.0,KRT
2026-04-26,KRT-002,0.0,KRT
2026-04-26,KRT-003,0.0,KRT
2026-04-26,KRT-004,0.0,KRT
2026-04-26,KRT-005,0.0,KRT
2026-04-26,KRT-006,0.0,KRT
2026-04-26,KRT-007,0.0,KRT
2026-04-26,KRT-008,0.0,KRT
2026-04-26,KRT-009,0.0,KRT
2026-04-26,KRT-010,0.0,KRT
2026-04-26,KRT-011,0.0,KRT
2026-04-26,KRT-012,0.0,KRT
2026-04-26,KRT-013,0.0,KRT
2026-04-26,KRT-014,0.0,KRT
2026-04-26,KRT-015,0.0,KRT
2026-04-26,KRT-016,0.0,KRT
2026-04-26,KRT-017,0.0,KRT
2026-04-26,KRT-018,0.0,KRT
2026-04-26,KRT-019,0.0,KRT
2026-04-26,KRT-020,0.0,KRT
2026-04-26,KRT-021,0.0,KRT
2026-04-26,KRT-022,0.0,KRT
2026-04-26,KRT-023,0.0,KRT
2026-04-26,KRT-024,0.0,KRT
2026-04-26,KRT-025,0.0,KRT
2026-04-26,KRT-026,0.0,KRT
2026-04-26,KRT-027,0.0,KRT
2026-04-26,KRT-028,0.0,KRT
2026-04-26,KRT-029,0.0,KRT
2026-04-26,KRT-030,0.0,KRT
2026-04-26,KRT-031,0.0,KRT
2026-04-26,KRT-032,0.0,KRT
2026-04-26,KRT-033,0.0,KRT
2026-04-26,KRT-034,0.0,KRT
2026-04-26,KRT-035,0.0,KRT
2026-04-26,KRT-036,0.0,KRT
2026-04-26,KRT-037,0.0,KRT
2026-04-26,KRT-038,0.0,KRT
2026-04-26,KRT-039,0.0,KRT
2026-04-26,KRT-040,0.0,KRT
2026-04-26,KRT-041,0.0,KRT
2026-04-26,KRT-042,0.0,KRT
2026-04-26,KRT-043,0.0,KRT
2026-04-26,KRT-044,0.0,KRT
2026-04-26,KRT-045,0.0,KRT
2026-04-26,KRT-046,0.0,KRT
2026-04-26,KRT-047,0.0,KRT
2026-04-26,KRT-048,0.0,KRT
2026-04-26,KRT-049,0.0,KRT
2026-04-26,KRT-050,0.0,KRT
2026-04-26,KRT-051,0.0,KRT
2026-04-26,KRT-052,0.0,KRT
2026-04-26,KRT-053,0.0,KRT
2026-04-26,KRT-054,0.0,KRT
2026-04-26,KRT-055,0.0,KRT
2026-04-26,KRT-056,0.0,KRT
2026-04-26,KRT-057,0.0,KRT
2026-04-26,KRT-058,0.0,KRT
2026-04-26,KRT-059,0.0,KRT
2026-04-26,KRT-060,0.0,KRT
2026-04-26,KRT-061,0.0,KRT
2026-04-26,KRT-062,0.0,KRT
2026-04-26,KRT-063,0.0,KRT
2026-04-26,KRT-064,0.0,KRT
2026-04-26,KRT-065,0.0,KRT
2026-04-26,KRT-066,0.0,KRT
2026-04-26,KRT-067,0.0,KRT
2026-04-26,KRT-068,0.0,KRT
2026-04-26,KRT-069,0.0,KRT
2026-04-26,KRT-070,0.0,KRT
2026-04-26,KRT-071,0.0,KRT
2026-04-26,KRT-072,0.0,KRT
2026-04-26,KRT-073,0.0,KRT
2026-04-26,KRT-074,0.0,KRT
2026-04-26,RDM-101,0.0,RDM
2026-04-26,RDM-102,0.0,RDM
2026-04-26,RDM-103,0.0,RDM
2026-04-26,RDM-104,0.0,RDM
2026-04-26,RDM-105,0.0,RDM
2026-04-26,RDM-106,0.0,RDM
2026-04-26,RDM-107,0.0,RDM
2026-04-26,RDM-108,0.0,RDM
2026-04-26,RDM-109,0.0,RDM
2026-04-26,RDM-110,0.0,RDM
2026-04-26,RDM-112,0.0,RDM
2026-04-26,RDM-113,0.0,RDM
2026-04-26,RDM-114,0.0,RDM
2026-04-26,RDM-115,0.0,RDM
2026-04-26,RDM-116,0.0,RDM
2026-04-26,RDM-117,0.0,RDM
2026-04-26,RDM-118,0.0,RDM
2026-04-26,RDM-119,0.0,RDM
2026-04-26,RDM-120,0.0,RDM
2026-04-26,RDM-121,0.0,RDM
2026-04-26,RDM-122,0.0,RDM
2026-04-26,RDM-123,0.0,RDM
2026-04-26,RDM-124,0.0,RDM
2026-04-26,RDM-125,0.0,RDM
2026-04-26,RDM-126,0.0,RDM
2026-04-26,RDM-127,0.0,RDM
2026-04-26,RDM-128,0.0,RDM
2026-04-26,RDM-129,0.0,RDM
2026-04-26,RDM-130,0.0,RDM
2026-04-26,RDM-131,0.0,RDM
2026-04-26,RDM-132,0.0,RDM
2026-04-26,RDM-133,0.0,RDM
2026-04-27,KRT-001,0.0,KRT
2026-04-27,KRT-002,0.0,KRT
2026-04-27,KRT-003,0.0,KRT
2026-04-27,KRT-004,0.0,KRT
2026-04-27,KRT-005,0.0,KRT
2026-04-27,KRT-006,0.0,KRT
2026-04-27,KRT-007,0.0,KRT
2026-04-27,KRT-008,0.0,KRT
2026-04-27,KRT-009,0.0,KRT
2026-04-27,KRT-010,0.0,KRT
2026-04-27,KRT-011,0.0,KRT
2026-04-27,KRT-012,0.0,KRT
2026-04-27,KRT-013,0.0,KRT
2026-04-27,KRT-014,0.0,KRT
2026-04-27,KRT-015,0.0,KRT
2026-04-27,KRT-016,0.0,KRT
2026-04-27,KRT-017,0.0,KRT
2026-04-27,KRT-018,0.0,KRT
2026-04-27,KRT-019,0.0,KRT
2026-04-27,KRT-020,0.0,KRT
2026-04-27,KRT-021,0.0,KRT
2026-04-27,KRT-022,0.0,KRT
2026-04-27,KRT-023,0.0,KRT
2026-04-27,KRT-024,0.0,KRT
2026-04-27,KRT-025,0.0,KRT
2026-04-27,KRT-026,0.0,KRT
2026-04-27,KRT-027,0.0,KRT
2026-04-27,KRT-028,0.0,KRT
2026-04-27,KRT-029,0.0,KRT
2026-04-27,KRT-030,0.0,KRT
2026-04-27,KRT-031,0.0,KRT
2026-04-27,KRT-032,0.0,KRT
2026-04-27,KRT-033,0.0,KRT
2026-04-27,KRT-034,0.0,KRT
2026-04-27,KRT-035,0.0,KRT
2026-04-27,KRT-036,0.0,KRT
2026-04-27,KRT-037,0.0,KRT
2026-04-27,KRT-038,0.0,KRT
2026-04-27,KRT-039,0.0,KRT
2026-04-27,KRT-040,0.0,KRT
2026-04-27,KRT-041,0.0,KRT
2026-04-27,KRT-042,0.0,KRT
2026-04-27,KRT-043,0.0,KRT
2026-04-27,KRT-044,0.0,KRT
2026-04-27,KRT-045,0.0,KRT
2026-04-27,KRT-046,0.0,KRT
2026-04-27,KRT-047,0.0,KRT
2026-04-27,KRT-048,0.0,KRT
2026-04-27,KRT-049,0.0,KRT
2026-04-27,KRT-050,0.0,KRT
2026-04-27,KRT-051,0.0,KRT
2026-04-27,KRT-052,0.0,KRT
2026-04-27,KRT-053,0.0,KRT
2026-04-27,KRT-054,0.0,KRT
2026-04-27,KRT-055,0.0,KRT
2026-04-27,KRT-056,0.0,KRT
2026-04-27,KRT-057,0.0,KRT
2026-04-27,KRT-058,0.0,KRT
2026-04-27,KRT-059,0.0,KRT
2026-04-27,KRT-060,0.0,KRT
2026-04-27,KRT-061,0.0,KRT
2026-04-27,KRT-062,0.0,KRT
2026-04-27,KRT-063,0.0,KRT
2026-04-27,KRT-064,0.0,KRT
2026-04-27,KRT-065,0.0,KRT
2026-04-27,KRT-066,0.0,KRT
2026-04-27,KRT-067,0.0,KRT
2026-04-27,KRT-068,0.0,KRT
2026-04-27,KRT-069,0.0,KRT
2026-04-27,KRT-070,0.0,KRT
2026-04-27,KRT-071,0.0,KRT
2026-04-27,KRT-072,0.0,KRT
2026-04-27,KRT-073,0.0,KRT
2026-04-27,KRT-074,0.0,KRT
2026-04-27,RDM-101,0.0,RDM
2026-04-27,RDM-102,0.0,RDM
2026-04-27,RDM-103,0.0,RDM
2026-04-27,RDM-104,0.0,RDM
2026-04-27,RDM-105,0.0,RDM
2026-04-27,RDM-106,0.0,RDM
2026-04-27,RDM-107,0.0,RDM
2026-04-27,RDM-108,0.0,RDM
2026-04-27,RDM-109,0.0,RDM
2026-04-27,RDM-110,0.0,RDM
2026-04-27,RDM-112,0.0,RDM
2026-04-27,RDM-113,0.0,RDM
2026-04-27,RDM-114,0.0,RDM
2026-04-27,RDM-115,0.0,RDM
2026-04-27,RDM-116,0.0,RDM
2026-04-27,RDM-117,0.0,RDM
2026-04-27,RDM-118,0.0,RDM
2026-04-27,RDM-119,0.0,RDM
2026-04-27,RDM-120,0.0,RDM
2026-04-27,RDM-121,0.0,RDM
2026-04-27,RDM-122,0.0,RDM
2026-04-27,RDM-123,0.0,RDM
2026-04-27,RDM-124,0.0,RDM
2026-04-27,RDM-125,0.0,RDM
2026-04-27,RDM-126,0.0,RDM
2026-04-27,RDM-127,0.0,RDM
2026-04-27,RDM-128,0.0,RDM
2026-04-27,RDM-129,0.0,RDM
2026-04-27,RDM-130,0.0,RDM
2026-04-27,RDM-131,0.0,RDM
2026-04-27,RDM-132,0.0,RDM
2026-04-27,RDM-133,0.0,RDM
2026-04-28,KRT-001,0.0,KRT
2026-04-28,KRT-002,0.0,KRT
2026-04-28,KRT-003,0.0,KRT
2026-04-28,KRT-004,0.0,KRT
2026-04-28,KRT-005,0.0,KRT
2026-04-28,KRT-006,0.0,KRT
2026-04-28,KRT-007,0.0,KRT
2026-04-28,KRT-008,0.0,KRT
2026-04-28,KRT-009,0.0,KRT
2026-04-28,KRT-010,0.0,KRT
2026-04-28,KRT-011,0.0,KRT
2026-04-28,KRT-012,0.0,KRT
2026-04-28,KRT-013,0.0,KRT
2026-04-28,KRT-014,0.0,KRT
2026-04-28,KRT-015,0.0,KRT
2026-04-28,KRT-016,0.0,KRT
2026-04-28,KRT-017,0.0,KRT
2026-04-28,KRT-018,0.0,KRT
2026-04-28,KRT-019,0.0,KRT
2026-04-28,KRT-020,0.0,KRT
2026-04-28,KRT-021,0.0,KRT
2026-04-28,KRT-022,0.0,KRT
2026-04-28,KRT-023,0.0,KRT
2026-04-28,KRT-024,0.0,KRT
2026-04-28,KRT-025,0.0,KRT
2026-04-28,KRT-026,0.0,KRT
2026-04-28,KRT-027,0.0,KRT
2026-04-28,KRT-028,0.0,KRT
2026-04-28,KRT-029,0.0,KRT
2026-04-28,KRT-030,0.0,KRT
2026-04-28,KRT-031,0.0,KRT
2026-04-28,KRT-032,0.0,KRT
2026-04-28,KRT-033,0.0,KRT
2026-04-28,KRT-034,0.0,KRT
2026-04-28,KRT-035,0.0,KRT
2026-04-28,KRT-036,0.0,KRT
2026-04-28,KRT-037,0.0,KRT
2026-04-28,KRT-038,0.0,KRT
2026-04-28,KRT-039,0.0,KRT
2026-04-28,KRT-040,0.0,KRT
2026-04-28,KRT-041,0.0,KRT
2026-04-28,KRT-042,0.0,KRT
2026-04-28,KRT-043,0.0,KRT
2026-04-28,KRT-044,0.0,KRT
2026-04-28,KRT-045,0.0,KRT
2026-04-28,KRT-046,0.0,KRT
2026-04-28,KRT-047,0.0,KRT
2026-04-28,KRT-048,0.0,KRT
2026-04-28,KRT-049,0.0,KRT
2026-04-28,KRT-050,0.0,KRT
2026-04-28,KRT-051,0.0,KRT
2026-04-28,KRT-052,0.0,KRT
2026-04-28,KRT-053,0.0,KRT
2026-04-28,KRT-054,0.0,KRT
2026-04-28,KRT-055,0.0,KRT
2026-04-28,KRT-056,0.0,KRT
2026-04-28,KRT-057,0.0,KRT
2026-04-28,KRT-058,0.0,KRT
2026-04-28,KRT-059,0.0,KRT
2026-04-28,KRT-060,0.0,KRT
2026-04-28,KRT-061,0.0,KRT
2026-04-28,KRT-062,0.0,KRT
2026-04-28,KRT-063,0.0,KRT
2026-04-28,KRT-064,0.0,KRT
2026-04-28,KRT-065,0.0,KRT
2026-04-28,KRT-066,0.0,KRT
2026-04-28,KRT-067,0.0,KRT
2026-04-28,KRT-068,0.0,KRT
2026-04-28,KRT-069,0.0,KRT
2026-04-28,KRT-070,0.0,KRT
2026-04-28,KRT-071,0.0,KRT
2026-04-28,KRT-072,0.0,KRT
2026-04-28,KRT-073,0.0,KRT
2026-04-28,KRT-074,0.0,KRT
2026-04-28,RDM-101,0.0,RDM
2026-04-28,RDM-102,0.0,RDM
2026-04-28,RDM-103,0.0,RDM
2026-04-28,RDM-104,0.0,RDM
2026-04-28,RDM-105,0.0,RDM
2026-04-28,RDM-106,0.0,RDM
2026-04-28,RDM-107,0.0,RDM
2026-04-28,RDM-108,0.0,RDM
2026-04-28,RDM-109,0.0,RDM
2026-04-28,RDM-110,0.0,RDM
2026-04-28,RDM-112,0.0,RDM
2026-04-28,RDM-113,0.0,RDM
2026-04-28,RDM-114,0.0,RDM
2026-04-28,RDM-115,0.0,RDM
2026-04-28,RDM-116,0.0,RDM
2026-04-28,RDM-117,0.0,RDM
2026-04-28,RDM-118,0.0,RDM
2026-04-28,RDM-119,0.0,RDM
2026-04-28,RDM-120,0.0,RDM
2026-04-28,RDM-121,0.0,RDM
2026-04-28,RDM-122,0.0,RDM
2026-04-28,RDM-123,0.0,RDM
2026-04-28,RDM-124,0.0,RDM
2026-04-28,RDM-125,0.0,RDM
2026-04-28,RDM-126,0.0,RDM
2026-04-28,RDM-127,0.0,RDM
2026-04-28,RDM-128,0.0,RDM
2026-04-28,RDM-129,0.0,RDM
2026-04-28,RDM-130,0.0,RDM
2026-04-28,RDM-131,0.0,RDM
2026-04-28,RDM-132,0.0,RDM
2026-04-28,RDM-133,0.0,RDM
2026-04-29,KRT-001,0.0,KRT
2026-04-29,KRT-002,0.0,KRT
2026-04-29,KRT-003,0.0,KRT
2026-04-29,KRT-004,0.0,KRT
2026-04-29,KRT-005,0.0,KRT
2026-04-29,KRT-006,0.0,KRT
2026-04-29,KRT-007,0.0,KRT
2026-04-29,KRT-008,0.0,KRT
2026-04-29,KRT-009,0.0,KRT
2026-04-29,KRT-010,0.0,KRT
2026-04-29,KRT-011,0.0,KRT
2026-04-29,KRT-012,0.0,KRT
2026-04-29,KRT-013,0.0,KRT
2026-04-29,KRT-014,0.0,KRT
2026-04-29,KRT-015,0.0,KRT
2026-04-29,KRT-016,0.0,KRT
2026-04-29,KRT-017,0.0,KRT
2026-04-29,KRT-018,0.0,KRT
2026-04-29,KRT-019,0.0,KRT
2026-04-29,KRT-020,0.0,KRT
2026-04-29,KRT-021,0.0,KRT
2026-04-29,KRT-022,0.0,KRT
2026-04-29,KRT-023,0.0,KRT
2026-04-29,KRT-024,0.0,KRT
2026-04-29,KRT-025,0.0,KRT
2026-04-29,KRT-026,0.0,KRT
2026-04-29,KRT-027,0.0,KRT
2026-04-29,KRT-028,0.0,KRT
2026-04-29,KRT-029,0.0,KRT
2026-04-29,KRT-030,0.0,KRT
2026-04-29,KRT-031,0.0,KRT
2026-04-29,KRT-032,0.0,KRT
2026-04-29,KRT-033,0.0,KRT
2026-04-29,KRT-034,0.0,KRT
2026-04-29,KRT-035,0.0,KRT
2026-04-29,KRT-036,0.0,KRT
2026-04-29,KRT-037,0.0,KRT
2026-04-29,KRT-038,0.0,KRT
2026-04-29,KRT-039,0.0,KRT
2026-04-29,KRT-040,0.0,KRT
2026-04-29,KRT-041,0.0,KRT
2026-04-29,KRT-042,0.0,KRT
2026-04-29,KRT-043,0.0,KRT
2026-04-29,KRT-044,0.0,KRT
2026-04-29,KRT-045,0.0,KRT
2026-04-29,KRT-046,0.0,KRT
2026-04-29,KRT-047,0.0,KRT
2026-04-29,KRT-048,0.0,KRT
2026-04-29,KRT-049,0.0,KRT
2026-04-29,KRT-050,0.0,KRT
2026-04-29,KRT-051,0.0,KRT
2026-04-29,KRT-052,0.0,KRT
2026-04-29,KRT-053,0.0,KRT
2026-04-29,KRT-054,0.0,KRT
2026-04-29,KRT-055,0.0,KRT
2026-04-29,KRT-056,0.0,KRT
2026-04-29,KRT-057,0.0,KRT
2026-04-29,KRT-058,0.0,KRT
2026-04-29,KRT-059,0.0,KRT
2026-04-29,KRT-060,0.0,KRT
2026-04-29,KRT-061,0.0,KRT
2026-04-29,KRT-062,0.0,KRT
2026-04-29,KRT-063,0.0,KRT
2026-04-29,KRT-064,0.0,KRT
2026-04-29,KRT-065,0.0,KRT
2026-04-29,KRT-066,0.0,KRT
2026-04-29,KRT-067,0.0,KRT
2026-04-29,KRT-068,0.0,KRT
2026-04-29,KRT-069,0.0,KRT
2026-04-29,KRT-070,0.0,KRT
2026-04-29,KRT-071,0.0,KRT
2026-04-29,KRT-072,0.0,KRT
2026-04-29,KRT-073,0.0,KRT
2026-04-29,KRT-074,0.0,KRT
2026-04-29,RDM-101,0.0,RDM
2026-04-29,RDM-102,0.0,RDM
2026-04-29,RDM-103,0.0,RDM
2026-04-29,RDM-104,0.0,RDM
2026-04-29,RDM-105,0.0,RDM
2026-04-29,RDM-106,0.0,RDM
2026-04-29,RDM-107,0.0,RDM
2026-04-29,RDM-108,0.0,RDM
2026-04-29,RDM-109,0.0,RDM
2026-04-29,RDM-110,0.0,RDM
2026-04-29,RDM-112,0.0,RDM
2026-04-29,RDM-113,0.0,RDM
2026-04-29,RDM-114,0.0,RDM
2026-04-29,RDM-115,0.0,RDM
2026-04-29,RDM-116,0.0,RDM
2026-04-29,RDM-117,0.0,RDM
2026-04-29,RDM-118,0.0,RDM
2026-04-29,RDM-119,0.0,RDM
2026-04-29,RDM-120,0.0,RDM
2026-04-29,RDM-121,0.0,RDM
2026-04-29,RDM-122,0.0,RDM
2026-04-29,RDM-123,0.0,RDM
2026-04-29,RDM-124,0.0,RDM
2026-04-29,RDM-125,0.0,RDM
2026-04-29,RDM-126,0.0,RDM
2026-04-29,RDM-127,0.0,RDM
2026-04-29,RDM-128,0.0,RDM
2026-04-29,RDM-129,0.0,RDM
2026-04-29,RDM-130,0.0,RDM
2026-04-29,RDM-131,0.0,RDM
2026-04-29,RDM-132,0.0,RDM
2026-04-29,RDM-133,0.0,RDM
2026-04-30,KRT-001,0.0,KRT
2026-04-30,KRT-002,0.0,KRT
2026-04-30,KRT-003,0.0,KRT
2026-04-30,KRT-004,0.0,KRT
2026-04-30,KRT-005,0.0,KRT
2026-04-30,KRT-006,0.0,KRT
2026-04-30,KRT-007,0.0,KRT
2026-04-30,KRT-008,0.0,KRT
2026-04-30,KRT-009,0.0,KRT
2026-04-30,KRT-010,0.0,KRT
2026-04-30,KRT-011,0.0,KRT
2026-04-30,KRT-012,0.0,KRT
2026-04-30,KRT-013,0.0,KRT
2026-04-30,KRT-014,0.0,KRT
2026-04-30,KRT-015,0.0,KRT
2026-04-30,KRT-016,0.0,KRT
2026-04-30,KRT-017,0.0,KRT
2026-04-30,KRT-018,0.0,KRT
2026-04-30,KRT-019,0.0,KRT
2026-04-30,KRT-020,0.0,KRT
2026-04-30,KRT-021,0.0,KRT
2026-04-30,KRT-022,0.0,KRT
2026-04-30,KRT-023,0.0,KRT
2026-04-30,KRT-024,0.0,KRT
2026-04-30,KRT-025,0.0,KRT
2026-04-30,KRT-026,0.0,KRT
2026-04-30,KRT-027,0.0,KRT
2026-04-30,KRT-028,0.0,KRT
2026-04-30,KRT-029,0.0,KRT
2026-04-30,KRT-030,0.0,KRT
2026-04-30,KRT-031,0.0,KRT
2026-04-30,KRT-032,0.0,KRT
2026-04-30,KRT-033,0.0,KRT
2026-04-30,KRT-034,0.0,KRT
2026-04-30,KRT-035,0.0,KRT
2026-04-30,KRT-036,0.0,KRT
2026-04-30,KRT-037,0.0,KRT
2026-04-30,KRT-038,0.0,KRT
2026-04-30,KRT-039,0.0,KRT
2026-04-30,KRT-040,0.0,KRT
2026-04-30,KRT-041,0.0,KRT
2026-04-30,KRT-042,0.0,KRT
2026-04-30,KRT-043,0.0,KRT
2026-04-30,KRT-044,0.0,KRT
2026-04-30,KRT-045,0.0,KRT
2026-04-30,KRT-046,0.0,KRT
2026-04-30,KRT-047,0.0,KRT
2026-04-30,KRT-048,0.0,KRT
2026-04-30,KRT-049,0.0,KRT
2026-04-30,KRT-050,0.0,KRT
2026-04-30,KRT-051,0.0,KRT
2026-04-30,KRT-052,0.0,KRT
2026-04-30,KRT-053,0.0,KRT
2026-04-30,KRT-054,0.0,KRT
2026-04-30,KRT-055,0.0,KRT
2026-04-30,KRT-056,0.0,KRT
2026-04-30,KRT-057,0.0,KRT
2026-04-30,KRT-058,0.0,KRT
2026-04-30,KRT-059,0.0,KRT
2026-04-30,KRT-060,0.0,KRT
2026-04-30,KRT-061,0.0,KRT
2026-04-30,KRT-062,0.0,KRT
2026-04-30,KRT-063,0.0,KRT
2026-04-30,KRT-064,0.0,KRT
2026-04-30,KRT-065,0.0,KRT
2026-04-30,KRT-066,0.0,KRT
2026-04-30,KRT-067,0.0,KRT
2026-04-30,KRT-068,0.0,KRT
2026-04-30,KRT-069,0.0,KRT
2026-04-30,KRT-070,0.0,KRT
2026-04-30,KRT-071,0.0,KRT
2026-04-30,KRT-072,0.0,KRT
2026-04-30,KRT-073,0.0,KRT
2026-04-30,KRT-074,0.0,KRT
2026-04-30,RDM-101,0.0,RDM
2026-04-30,RDM-102,0.0,RDM
2026-04-30,RDM-103,0.0,RDM
2026-04-30,RDM-104,0.0,RDM
2026-04-30,RDM-105,0.0,RDM
2026-04-30,RDM-106,0.0,RDM
2026-04-30,RDM-107,0.0,RDM
2026-04-30,RDM-108,0.0,RDM
2026-04-30,RDM-109,0.0,RDM
2026-04-30,RDM-110,0.0,RDM
2026-04-30,RDM-112,0.0,RDM
2026-04-30,RDM-113,0.0,RDM
2026-04-30,RDM-114,0.0,RDM
2026-04-30,RDM-115,0.0,RDM
2026-04-30,RDM-116,0.0,RDM
2026-04-30,RDM-117,0.0,RDM
2026-04-30,RDM-118,0.0,RDM
2026-04-30,RDM-119,0.0,RDM
2026-04-30,RDM-120,0.0,RDM
2026-04-30,RDM-121,0.0,RDM
2026-04-30,RDM-122,0.0,RDM
2026-04-30,RDM-123,0.0,RDM
2026-04-30,RDM-124,0.0,RDM
2026-04-30,RDM-125,0.0,RDM
2026-04-30,RDM-126,0.0,RDM
2026-04-30,RDM-127,0.0,RDM
2026-04-30,RDM-128,0.0,RDM
2026-04-30,RDM-129,0.0,RDM
2026-04-30,RDM-130,0.0,RDM
2026-04-30,RDM-131,0.0,RDM
2026-04-30,RDM-132,0.0,RDM
2026-04-30,RDM-133,0.0,RDM
2026-05-01,KRT-001,0.0,KRT
2026-05-01,KRT-002,0.0,KRT
2026-05-01,KRT-003,0.0,KRT
2026-05-01,KRT-004,0.0,KRT
2026-05-01,KRT-005,0.0,KRT
2026-05-01,KRT-006,0.0,KRT
2026-05-01,KRT-007,0.0,KRT
2026-05-01,KRT-008,0.0,KRT
2026-05-01,KRT-009,0.0,KRT
2026-05-01,KRT-010,0.0,KRT
2026-05-01,KRT-011,0.0,KRT
2026-05-01,KRT-012,0.0,KRT
2026-05-01,KRT-013,0.0,KRT
2026-05-01,KRT-014,0.0,KRT
2026-05-01,KRT-015,0.0,KRT
2026-05-01,KRT-016,0.0,KRT
2026-05-01,KRT-017,0.0,KRT
2026-05-01,KRT-018,0.0,KRT
2026-05-01,KRT-019,0.0,KRT
2026-05-01,KRT-020,0.0,KRT
2026-05-01,KRT-021,0.0,KRT
2026-05-01,KRT-022,0.0,KRT
2026-05-01,KRT-023,0.0,KRT
2026-05-01,KRT-024,0.0,KRT
2026-05-01,KRT-025,0.0,KRT
2026-05-01,KRT-026,0.0,KRT
2026-05-01,KRT-027,0.0,KRT
2026-05-01,KRT-028,0.0,KRT
2026-05-01,KRT-029,0.0,KRT
2026-05-01,KRT-030,0.0,KRT
2026-05-01,KRT-031,0.0,KRT
2026-05-01,KRT-032,0.0,KRT
2026-05-01,KRT-033,0.0,KRT
2026-05-01,KRT-034,0.0,KRT
2026-05-01,KRT-035,0.0,KRT
2026-05-01,KRT-036,0.0,KRT
2026-05-01,KRT-037,0.0,KRT
2026-05-01,KRT-038,0.0,KRT
2026-05-01,KRT-039,0.0,KRT
2026-05-01,KRT-040,0.0,KRT
2026-05-01,KRT-041,0.0,KRT
2026-05-01,KRT-042,0.0,KRT
2026-05-01,KRT-043,0.0,KRT
2026-05-01,KRT-044,0.0,KRT
2026-05-01,KRT-045,0.0,KRT
2026-05-01,KRT-046,0.0,KRT
2026-05-01,KRT-047,0.0,KRT
2026-05-01,KRT-048,0.0,KRT
2026-05-01,KRT-049,0.0,KRT
2026-05-01,KRT-050,0.0,KRT
2026-05-01,KRT-051,0.0,KRT
2026-05-01,KRT-052,0.0,KRT
2026-05-01,KRT-053,0.0,KRT
2026-05-01,KRT-054,0.0,KRT
2026-05-01,KRT-055,0.0,KRT
2026-05-01,KRT-056,0.0,KRT
2026-05-01,KRT-057,0.0,KRT
2026-05-01,KRT-058,0.0,KRT
2026-05-01,KRT-059,0.0,KRT
2026-05-01,KRT-060,0.0,KRT
2026-05-01,KRT-061,0.0,KRT
2026-05-01,KRT-062,0.0,KRT
2026-05-01,KRT-063,0.0,KRT
2026-05-01,KRT-064,0.0,KRT
2026-05-01,KRT-065,0.0,KRT
2026-05-01,KRT-066,0.0,KRT
2026-05-01,KRT-067,0.0,KRT
2026-05-01,KRT-068,0.0,KRT
2026-05-01,KRT-069,0.0,KRT
2026-05-01,KRT-070,0.0,KRT
2026-05-01,KRT-071,0.0,KRT
2026-05-01,KRT-072,0.0,KRT
2026-05-01,KRT-073,0.0,KRT
2026-05-01,KRT-074,0.0,KRT
2026-05-01,RDM-101,0.0,RDM
2026-05-01,RDM-102,0.0,RDM
2026-05-01,RDM-103,0.0,RDM
2026-05-01,RDM-104,0.0,RDM
2026-05-01,RDM-105,0.0,RDM
2026-05-01,RDM-106,0.0,RDM
2026-05-01,RDM-107,0.0,RDM
2026-05-01,RDM-108,0.0,RDM
2026-05-01,RDM-109,0.0,RDM
2026-05-01,RDM-110,0.0,RDM
2026-05-01,RDM-112,0.0,RDM
2026-05-01,RDM-113,0.0,RDM
2026-05-01,RDM-114,0.0,RDM
2026-05-01,RDM-115,0.0,RDM
2026-05-01,RDM-116,0.0,RDM
2026-05-01,RDM-117,0.0,RDM
2026-05-01,RDM-118,0.0,RDM
2026-05-01,RDM-119,0.0,RDM
2026-05-01,RDM-120,0.0,RDM
2026-05-01,RDM-121,0.0,RDM
2026-05-01,RDM-122,0.0,RDM
2026-05-01,RDM-123,0.0,RDM
2026-05-01,RDM-124,0.0,RDM
2026-05-01,RDM-125,0.0,RDM
2026-05-01,RDM-126,0.0,RDM
2026-05-01,RDM-127,0.0,RDM
2026-05-01,RDM-128,0.0,RDM
2026-05-01,RDM-129,0.0,RDM
2026-05-01,RDM-130,0.0,RDM
2026-05-01,RDM-131,0.0,RDM
2026-05-01,RDM-132,0.0,RDM
2026-05-01,RDM-133,0.0,RDM
2026-05-02,KRT-001,0.0,KRT
2026-05-02,KRT-002,0.0,KRT
2026-05-02,KRT-003,0.0,KRT
2026-05-02,KRT-004,0.0,KRT
2026-05-02,KRT-005,0.0,KRT
2026-05-02,KRT-006,0.0,KRT
2026-05-02,KRT-007,0.0,KRT
2026-05-02,KRT-008,0.0,KRT
2026-05-02,KRT-009,0.0,KRT
2026-05-02,KRT-010,0.0,KRT
2026-05-02,KRT-011,0.0,KRT
2026-05-02,KRT-012,0.0,KRT
2026-05-02,KRT-013,0.0,KRT
2026-05-02,KRT-014,0.0,KRT
2026-05-02,KRT-015,0.0,KRT
2026-05-02,KRT-016,0.0,KRT
2026-05-02,KRT-017,0.0,KRT
2026-05-02,KRT-018,0.0,KRT
2026-05-02,KRT-019,0.0,KRT
2026-05-02,KRT-020,0.0,KRT
2026-05-02,KRT-021,0.0,KRT
2026-05-02,KRT-022,0.0,KRT
2026-05-02,KRT-023,0.0,KRT
2026-05-02,KRT-024,0.0,KRT
2026-05-02,KRT-025,0.0,KRT
2026-05-02,KRT-026,0.0,KRT
2026-05-02,KRT-027,0.0,KRT
2026-05-02,KRT-028,0.0,KRT
2026-05-02,KRT-029,0.0,KRT
2026-05-02,KRT-030,0.0,KRT
2026-05-02,KRT-031,0.0,KRT
2026-05-02,KRT-032,0.0,KRT
2026-05-02,KRT-033,0.0,KRT
2026-05-02,KRT-034,0.0,KRT
2026-05-02,KRT-035,0.0,KRT
2026-05-02,KRT-036,0.0,KRT
2026-05-02,KRT-037,0.0,KRT
2026-05-02,KRT-038,0.0,KRT
2026-05-02,KRT-039,0.0,KRT
2026-05-02,KRT-040,0.0,KRT
2026-05-02,KRT-041,0.0,KRT
2026-05-02,KRT-042,0.0,KRT
2026-05-02,KRT-043,0.0,KRT
2026-05-02,KRT-044,0.0,KRT
2026-05-02,KRT-045,0.0,KRT
2026-05-02,KRT-046,0.0,KRT
2026-05-02,KRT-047,0.0,KRT
2026-05-02,KRT-048,0.0,KRT
2026-05-02,KRT-049,0.0,KRT
2026-05-02,KRT-050,0.0,KRT
2026-05-02,KRT-051,0.0,KRT
2026-05-02,KRT-052,0.0,KRT
2026-05-02,KRT-053,0.0,KRT
2026-05-02,KRT-054,0.0,KRT
2026-05-02,KRT-055,0.0,KRT
2026-05-02,KRT-056,0.0,KRT
2026-05-02,KRT-057,0.0,KRT
2026-05-02,KRT-058,0.0,KRT
2026-05-02,KRT-059,0.0,KRT
2026-05-02,KRT-060,0.0,KRT
2026-05-02,KRT-061,0.0,KRT
2026-05-02,KRT-062,0.0,KRT
2026-05-02,KRT-063,0.0,KRT
2026-05-02,KRT-064,0.0,KRT
2026-05-02,KRT-065,0.0,KRT
2026-05-02,KRT-066,0.0,KRT
2026-05-02,KRT-067,0.0,KRT
2026-05-02,KRT-068,0.0,KRT
2026-05-02,KRT-069,0.0,KRT
2026-05-02,KRT-070,0.0,KRT
2026-05-02,KRT-071,0.0,KRT
2026-05-02,KRT-072,0.0,KRT
2026-05-02,KRT-073,0.0,KRT
2026-05-02,KRT-074,0.0,KRT
2026-05-02,RDM-101,0.0,RDM
2026-05-02,RDM-102,0.0,RDM
2026-05-02,RDM-103,0.0,RDM
2026-05-02,RDM-104,0.0,RDM
2026-05-02,RDM-105,0.0,RDM
2026-05-02,RDM-106,0.0,RDM
2026-05-02,RDM-107,0.0,RDM
2026-05-02,RDM-108,0.0,RDM
2026-05-02,RDM-109,0.0,RDM
2026-05-02,RDM-110,0.0,RDM
2026-05-02,RDM-112,0.0,RDM
2026-05-02,RDM-113,0.0,RDM
2026-05-02,RDM-114,0.0,RDM
2026-05-02,RDM-115,0.0,RDM
2026-05-02,RDM-116,0.0,RDM
2026-05-02,RDM-117,0.0,RDM
2026-05-02,RDM-118,0.0,RDM
2026-05-02,RDM-119,0.0,RDM
2026-05-02,RDM-120,0.0,RDM
2026-05-02,RDM-121,0.0,RDM
2026-05-02,RDM-122,0.0,RDM
2026-05-02,RDM-123,0.0,RDM
2026-05-02,RDM-124,0.0,RDM
2026-05-02,RDM-125,0.0,RDM
2026-05-02,RDM-126,0.0,RDM
2026-05-02,RDM-127,0.0,RDM
2026-05-02,RDM-128,0.0,RDM
2026-05-02,RDM-129,0.0,RDM
2026-05-02,RDM-130,0.0,RDM
2026-05-02,RDM-131,0.0,RDM
2026-05-02,RDM-132,0.0,RDM
2026-05-02,RDM-133,0.0,RDM
2026-05-03,KRT-001,0.0,KRT
2026-05-03,KRT-002,0.0,KRT
2026-05-03,KRT-003,0.0,KRT
2026-05-03,KRT-004,0.0,KRT
2026-05-03,KRT-005,0.0,KRT
2026-05-03,KRT-006,0.0,KRT
2026-05-03,KRT-007,0.0,KRT
2026-05-03,KRT-008,0.0,KRT
2026-05-03,KRT-009,0.0,KRT
2026-05-03,KRT-010,0.0,KRT
2026-05-03,KRT-011,0.0,KRT
2026-05-03,KRT-012,0.0,KRT
2026-05-03,KRT-013,0.0,KRT
2026-05-03,KRT-014,0.0,KRT
2026-05-03,KRT-015,0.0,KRT
2026-05-03,KRT-016,0.0,KRT
2026-05-03,KRT-017,0.0,KRT
2026-05-03,KRT-018,0.0,KRT
2026-05-03,KRT-019,0.0,KRT
2026-05-03,KRT-020,0.0,KRT
2026-05-03,KRT-021,0.0,KRT
2026-05-03,KRT-022,0.0,KRT
2026-05-03,KRT-023,0.0,KRT
2026-05-03,KRT-024,0.0,KRT
2026-05-03,KRT-025,0.0,KRT
2026-05-03,KRT-026,0.0,KRT
2026-05-03,KRT-027,0.0,KRT
2026-05-03,KRT-028,0.0,KRT
2026-05-03,KRT-029,0.0,KRT
2026-05-03,KRT-030,0.0,KRT
2026-05-03,KRT-031,0.0,KRT
2026-05-03,KRT-032,0.0,KRT
2026-05-03,KRT-033,0.0,KRT
2026-05-03,KRT-034,0.0,KRT
2026-05-03,KRT-035,0.0,KRT
2026-05-03,KRT-036,0.0,KRT
2026-05-03,KRT-037,0.0,KRT
2026-05-03,KRT-038,0.0,KRT
2026-05-03,KRT-039,0.0,KRT
2026-05-03,KRT-040,0.0,KRT
2026-05-03,KRT-041,0.0,KRT
2026-05-03,KRT-042,0.0,KRT
2026-05-03,KRT-043,0.0,KRT
2026-05-03,KRT-044,0.0,KRT
2026-05-03,KRT-045,0.0,KRT
2026-05-03,KRT-046,0.0,KRT
2026-05-03,KRT-047,0.0,KRT
2026-05-03,KRT-048,0.0,KRT
2026-05-03,KRT-049,0.0,KRT
2026-05-03,KRT-050,0.0,KRT
2026-05-03,KRT-051,0.0,KRT
2026-05-03,KRT-052,0.0,KRT
2026-05-03,KRT-053,0.0,KRT
2026-05-03,KRT-054,0.0,KRT
2026-05-03,KRT-055,0.0,KRT
2026-05-03,KRT-056,0.0,KRT
2026-05-03,KRT-057,0.0,KRT
2026-05-03,KRT-058,0.0,KRT
2026-05-03,KRT-059,0.0,KRT
2026-05-03,KRT-060,0.0,KRT
2026-05-03,KRT-061,0.0,KRT
2026-05-03,KRT-062,0.0,KRT
2026-05-03,KRT-063,0.0,KRT
2026-05-03,KRT-064,0.0,KRT
2026-05-03,KRT-065,0.0,KRT
2026-05-03,KRT-066,0.0,KRT
2026-05-03,KRT-067,0.0,KRT
2026-05-03,KRT-068,0.0,KRT
2026-05-03,KRT-069,0.0,KRT
2026-05-03,KRT-070,0.0,KRT
2026-05-03,KRT-071,0.0,KRT
2026-05-03,KRT-072,0.0,KRT
2026-05-03,KRT-073,0.0,KRT
2026-05-03,KRT-074,0.0,KRT
2026-05-03,RDM-101,0.0,RDM
2026-05-03,RDM-102,0.0,RDM
2026-05-03,RDM-103,0.0,RDM
2026-05-03,RDM-104,0.0,RDM
2026-05-03,RDM-105,0.0,RDM
2026-05-03,RDM-106,0.0,RDM
2026-05-03,RDM-107,0.0,RDM
2026-05-03,RDM-108,0.0,RDM
2026-05-03,RDM-109,0.0,RDM
2026-05-03,RDM-110,0.0,RDM
2026-05-03,RDM-112,0.0,RDM
2026-05-03,RDM-113,0.0,RDM
2026-05-03,RDM-114,0.0,RDM
2026-05-03,RDM-115,0.0,RDM
2026-05-03,RDM-116,0.0,RDM
2026-05-03,RDM-117,0.0,RDM
2026-05-03,RDM-118,0.0,RDM
2026-05-03,RDM-119,0.0,RDM
2026-05-03,RDM-120,0.0,RDM
2026-05-03,RDM-121,0.0,RDM
2026-05-03,RDM-122,0.0,RDM
2026-05-03,RDM-123,0.0,RDM
2026-05-03,RDM-124,0.0,RDM
2026-05-03,RDM-125,0.0,RDM
2026-05-03,RDM-126,0.0,RDM
2026-05-03,RDM-127,0.0,RDM
2026-05-03,RDM-128,0.0,RDM
2026-05-03,RDM-129,0.0,RDM
2026-05-03,RDM-130,0.0,RDM
2026-05-03,RDM-131,0.0,RDM
2026-05-03,RDM-132,0.0,RDM
2026-05-03,RDM-133,0.0,RDM
2026-05-04,KRT-001,0.0,KRT
2026-05-04,KRT-002,0.0,KRT
2026-05-04,KRT-003,0.0,KRT
2026-05-04,KRT-004,0.0,KRT
2026-05-04,KRT-005,0.0,KRT
2026-05-04,KRT-006,0.0,KRT
2026-05-04,KRT-007,0.0,KRT
2026-05-04,KRT-008,0.0,KRT
2026-05-04,KRT-009,0.0,KRT
2026-05-04,KRT-010,0.0,KRT
2026-05-04,KRT-011,0.0,KRT
2026-05-04,KRT-012,0.0,KRT
2026-05-04,KRT-013,0.0,KRT
2026-05-04,KRT-014,0.0,KRT
2026-05-04,KRT-015,0.0,KRT
2026-05-04,KRT-016,0.0,KRT
2026-05-04,KRT-017,0.0,KRT
2026-05-04,KRT-018,0.0,KRT
2026-05-04,KRT-019,0.0,KRT
2026-05-04,KRT-020,0.0,KRT
2026-05-04,KRT-021,0.0,KRT
2026-05-04,KRT-022,0.0,KRT
2026-05-04,KRT-023,0.0,KRT
2026-05-04,KRT-024,0.0,KRT
2026-05-04,KRT-025,0.0,KRT
2026-05-04,KRT-026,0.0,KRT
2026-05-04,KRT-027,0.0,KRT
2026-05-04,KRT-028,0.0,KRT
2026-05-04,KRT-029,0.0,KRT
2026-05-04,KRT-030,0.0,KRT
2026-05-04,KRT-031,0.0,KRT
2026-05-04,KRT-032,0.0,KRT
2026-05-04,KRT-033,0.0,KRT
2026-05-04,KRT-034,0.0,KRT
2026-05-04,KRT-035,0.0,KRT
2026-05-04,KRT-036,0.0,KRT
2026-05-04,KRT-037,0.0,KRT
2026-05-04,KRT-038,0.0,KRT
2026-05-04,KRT-039,0.0,KRT
2026-05-04,KRT-040,0.0,KRT
2026-05-04,KRT-041,0.0,KRT
2026-05-04,KRT-042,0.0,KRT
2026-05-04,KRT-043,0.0,KRT
2026-05-04,KRT-044,0.0,KRT
2026-05-04,KRT-045,0.0,KRT
2026-05-04,KRT-046,0.0,KRT
2026-05-04,KRT-047,0.0,KRT
2026-05-04,KRT-048,0.0,KRT
2026-05-04,KRT-049,0.0,KRT
2026-05-04,KRT-050,0.0,KRT
2026-05-04,KRT-051,0.0,KRT
2026-05-04,KRT-052,0.0,KRT
2026-05-04,KRT-053,0.0,KRT
2026-05-04,KRT-054,0.0,KRT
2026-05-04,KRT-055,0.0,KRT
2026-05-04,KRT-056,0.0,KRT
2026-05-04,KRT-057,0.0,KRT
2026-05-04,KRT-058,0.0,KRT
2026-05-04,KRT-059,0.0,KRT
2026-05-04,KRT-060,0.0,KRT
2026-05-04,KRT-061,0.0,KRT
2026-05-04,KRT-062,0.0,KRT
2026-05-04,KRT-063,0.0,KRT
2026-05-04,KRT-064,0.0,KRT
2026-05-04,KRT-065,0.0,KRT
2026-05-04,KRT-066,0.0,KRT
2026-05-04,KRT-067,0.0,KRT
2026-05-04,KRT-068,0.0,KRT
2026-05-04,KRT-069,0.0,KRT
2026-05-04,KRT-070,0.0,KRT
2026-05-04,KRT-071,0.0,KRT
2026-05-04,KRT-072,0.0,KRT
2026-05-04,KRT-073,0.0,KRT
2026-05-04,KRT-074,0.0,KRT
2026-05-04,RDM-101,0.0,RDM
2026-05-04,RDM-102,0.0,RDM
2026-05-04,RDM-103,0.0,RDM
2026-05-04,RDM-104,0.0,RDM
2026-05-04,RDM-105,0.0,RDM
2026-05-04,RDM-106,0.0,RDM
2026-05-04,RDM-107,0.0,RDM
2026-05-04,RDM-108,0.0,RDM
2026-05-04,RDM-109,0.0,RDM
2026-05-04,RDM-110,0.0,RDM
2026-05-04,RDM-112,0.0,RDM
2026-05-04,RDM-113,0.0,RDM
2026-05-04,RDM-114,0.0,RDM
2026-05-04,RDM-115,0.0,RDM
2026-05-04,RDM-116,0.0,RDM
2026-05-04,RDM-117,0.0,RDM
2026-05-04,RDM-118,0.0,RDM
2026-05-04,RDM-119,0.0,RDM
2026-05-04,RDM-120,0.0,RDM
2026-05-04,RDM-121,0.0,RDM
2026-05-04,RDM-122,0.0,RDM
2026-05-04,RDM-123,0.0,RDM
2026-05-04,RDM-124,0.0,RDM
2026-05-04,RDM-125,0.0,RDM
2026-05-04,RDM-126,0.0,RDM
2026-05-04,RDM-127,0.0,RDM
2026-05-04,RDM-128,0.0,RDM
2026-05-04,RDM-129,0.0,RDM
2026-05-04,RDM-130,0.0,RDM
2026-05-04,RDM-131,0.0,RDM
2026-05-04,RDM-132,0.0,RDM
2026-05-04,RDM-133,0.0,RDM
2026-05-05,KRT-001,0.0,KRT
2026-05-05,KRT-002,0.0,KRT
2026-05-05,KRT-003,0.0,KRT
2026-05-05,KRT-004,0.0,KRT
2026-05-05,KRT-005,0.0,KRT
2026-05-05,KRT-006,0.0,KRT
2026-05-05,KRT-007,0.0,KRT
2026-05-05,KRT-008,0.0,KRT
2026-05-05,KRT-009,0.0,KRT
2026-05-05,KRT-010,0.0,KRT
2026-05-05,KRT-011,0.0,KRT
2026-05-05,KRT-012,0.0,KRT
2026-05-05,KRT-013,0.0,KRT
2026-05-05,KRT-014,0.0,KRT
2026-05-05,KRT-015,0.0,KRT
2026-05-05,KRT-016,0.0,KRT
2026-05-05,KRT-017,0.0,KRT
2026-05-05,KRT-018,0.0,KRT
2026-05-05,KRT-019,0.0,KRT
2026-05-05,KRT-020,0.0,KRT
2026-05-05,KRT-021,0.0,KRT
2026-05-05,KRT-022,0.0,KRT
2026-05-05,KRT-023,0.0,KRT
2026-05-05,KRT-024,0.0,KRT
2026-05-05,KRT-025,0.0,KRT
2026-05-05,KRT-026,0.0,KRT
2026-05-05,KRT-027,0.0,KRT
2026-05-05,KRT-028,0.0,KRT
2026-05-05,KRT-029,0.0,KRT
2026-05-05,KRT-030,0.0,KRT
2026-05-05,KRT-031,0.0,KRT
2026-05-05,KRT-032,0.0,KRT
2026-05-05,KRT-033,0.0,KRT
2026-05-05,KRT-034,0.0,KRT
2026-05-05,KRT-035,0.0,KRT
2026-05-05,KRT-036,0.0,KRT
2026-05-05,KRT-037,0.0,KRT
2026-05-05,KRT-038,0.0,KRT
2026-05-05,KRT-039,0.0,KRT
2026-05-05,KRT-040,0.0,KRT
2026-05-05,KRT-041,0.0,KRT
2026-05-05,KRT-042,0.0,KRT
2026-05-05,KRT-043,0.0,KRT
2026-05-05,KRT-044,0.0,KRT
2026-05-05,KRT-045,0.0,KRT
2026-05-05,KRT-046,0.0,KRT
2026-05-05,KRT-047,0.0,KRT
2026-05-05,KRT-048,0.0,KRT
2026-05-05,KRT-049,0.0,KRT
2026-05-05,KRT-050,0.0,KRT
2026-05-05,KRT-051,0.0,KRT
2026-05-05,KRT-052,0.0,KRT
2026-05-05,KRT-053,0.0,KRT
2026-05-05,KRT-054,0.0,KRT
2026-05-05,KRT-055,0.0,KRT
2026-05-05,KRT-056,0.0,KRT
2026-05-05,KRT-057,0.0,KRT
2026-05-05,KRT-058,0.0,KRT
2026-05-05,KRT-059,0.0,KRT
2026-05-05,KRT-060,0.0,KRT
2026-05-05,KRT-061,0.0,KRT
2026-05-05,KRT-062,0.0,KRT
2026-05-05,KRT-063,0.0,KRT
2026-05-05,KRT-064,0.0,KRT
2026-05-05,KRT-065,0.0,KRT
2026-05-05,KRT-066,0.0,KRT
2026-05-05,KRT-067,0.0,KRT
2026-05-05,KRT-068,0.0,KRT
2026-05-05,KRT-069,0.0,KRT
2026-05-05,KRT-070,0.0,KRT
2026-05-05,KRT-071,0.0,KRT
2026-05-05,KRT-072,0.0,KRT
2026-05-05,KRT-073,0.0,KRT
2026-05-05,KRT-074,0.0,KRT
2026-05-05,RDM-101,0.0,RDM
2026-05-05,RDM-102,0.0,RDM
2026-05-05,RDM-103,0.0,RDM
2026-05-05,RDM-104,0.0,RDM
2026-05-05,RDM-105,0.0,RDM
2026-05-05,RDM-106,0.0,RDM
2026-05-05,RDM-107,0.0,RDM
2026-05-05,RDM-108,0.0,RDM
2026-05-05,RDM-109,0.0,RDM
2026-05-05,RDM-110,0.0,RDM
2026-05-05,RDM-112,0.0,RDM
2026-05-05,RDM-113,0.0,RDM
2026-05-05,RDM-114,0.0,RDM
2026-05-05,RDM-115,0.0,RDM
2026-05-05,RDM-116,0.0,RDM
2026-05-05,RDM-117,0.0,RDM
2026-05-05,RDM-118,0.0,RDM
2026-05-05,RDM-119,0.0,RDM
2026-05-05,RDM-120,0.0,RDM
2026-05-05,RDM-121,0.0,RDM
2026-05-05,RDM-122,0.0,RDM
2026-05-05,RDM-123,0.0,RDM
2026-05-05,RDM-124,0.0,RDM
2026-05-05,RDM-125,0.0,RDM
2026-05-05,RDM-126,0.0,RDM
2026-05-05,RDM-127,0.0,RDM
2026-05-05,RDM-128,0.0,RDM
2026-05-05,RDM-129,0.0,RDM
2026-05-05,RDM-130,0.0,RDM
2026-05-05,RDM-131,0.0,RDM
2026-05-05,RDM-132,0.0,RDM
2026-05-05,RDM-133,0.0,RDM
2026-05-06,KRT-001,0.0,KRT
2026-05-06,KRT-002,0.0,KRT
2026-05-06,KRT-003,0.0,KRT
2026-05-06,KRT-004,0.0,KRT
2026-05-06,KRT-005,0.0,KRT
2026-05-06,KRT-006,0.0,KRT
2026-05-06,KRT-007,0.0,KRT
2026-05-06,KRT-008,0.0,KRT
2026-05-06,KRT-009,0.0,KRT
2026-05-06,KRT-010,0.0,KRT
2026-05-06,KRT-011,0.0,KRT
2026-05-06,KRT-012,0.0,KRT
2026-05-06,KRT-013,0.0,KRT
2026-05-06,KRT-014,0.0,KRT
2026-05-06,KRT-015,0.0,KRT
2026-05-06,KRT-016,0.0,KRT
2026-05-06,KRT-017,0.0,KRT
2026-05-06,KRT-018,0.0,KRT
2026-05-06,KRT-019,0.0,KRT
2026-05-06,KRT-020,0.0,KRT
2026-05-06,KRT-021,0.0,KRT
2026-05-06,KRT-022,0.0,KRT
2026-05-06,KRT-023,0.0,KRT
2026-05-06,KRT-024,0.0,KRT
2026-05-06,KRT-025,0.0,KRT
2026-05-06,KRT-026,0.0,KRT
2026-05-06,KRT-027,0.0,KRT
2026-05-06,KRT-028,0.0,KRT
2026-05-06,KRT-029,0.0,KRT
2026-05-06,KRT-030,0.0,KRT
2026-05-06,KRT-031,0.0,KRT
2026-05-06,KRT-032,0.0,KRT
2026-05-06,KRT-033,0.0,KRT
2026-05-06,KRT-034,0.0,KRT
2026-05-06,KRT-035,0.0,KRT
2026-05-06,KRT-036,0.0,KRT
2026-05-06,KRT-037,0.0,KRT
2026-05-06,KRT-038,0.0,KRT
2026-05-06,KRT-039,0.0,KRT
2026-05-06,KRT-040,0.0,KRT
2026-05-06,KRT-041,0.0,KRT
2026-05-06,KRT-042,0.0,KRT
2026-05-06,KRT-043,0.0,KRT
2026-05-06,KRT-044,0.0,KRT
2026-05-06,KRT-045,0.0,KRT
2026-05-06,KRT-046,0.0,KRT
2026-05-06,KRT-047,0.0,KRT
2026-05-06,KRT-048,0.0,KRT
2026-05-06,KRT-049,0.0,KRT
2026-05-06,KRT-050,0.0,KRT
2026-05-06,KRT-051,0.0,KRT
2026-05-06,KRT-052,0.0,KRT
2026-05-06,KRT-053,0.0,KRT
2026-05-06,KRT-054,0.0,KRT
2026-05-06,KRT-055,0.0,KRT
2026-05-06,KRT-056,0.0,KRT
2026-05-06,KRT-057,0.0,KRT
2026-05-06,KRT-058,0.0,KRT
2026-05-06,KRT-059,0.0,KRT
2026-05-06,KRT-060,0.0,KRT
2026-05-06,KRT-061,0.0,KRT
2026-05-06,KRT-062,0.0,KRT
2026-05-06,KRT-063,0.0,KRT
2026-05-06,KRT-064,0.0,KRT
2026-05-06,KRT-065,0.0,KRT
2026-05-06,KRT-066,0.0,KRT
2026-05-06,KRT-067,0.0,KRT
2026-05-06,KRT-068,0.0,KRT
2026-05-06,KRT-069,0.0,KRT
2026-05-06,KRT-070,0.0,KRT
2026-05-06,KRT-071,0.0,KRT
2026-05-06,KRT-072,0.0,KRT
2026-05-06,KRT-073,0.0,KRT
2026-05-06,KRT-074,0.0,KRT
2026-05-06,RDM-101,0.0,RDM
2026-05-06,RDM-102,0.0,RDM
2026-05-06,RDM-103,0.0,RDM
2026-05-06,RDM-104,0.0,RDM
2026-05-06,RDM-105,0.0,RDM
2026-05-06,RDM-106,0.0,RDM
2026-05-06,RDM-107,0.0,RDM
2026-05-06,RDM-108,0.0,RDM
2026-05-06,RDM-109,0.0,RDM
2026-05-06,RDM-110,0.0,RDM
2026-05-06,RDM-112,0.0,RDM
2026-05-06,RDM-113,0.0,RDM
2026-05-06,RDM-114,0.0,RDM
2026-05-06,RDM-115,0.0,RDM
2026-05-06,RDM-116,0.0,RDM
2026-05-06,RDM-117,0.0,RDM
2026-05-06,RDM-118,0.0,RDM
2026-05-06,RDM-119,0.0,RDM
2026-05-06,RDM-120,0.0,RDM
2026-05-06,RDM-121,0.0,RDM
2026-05-06,RDM-122,0.0,RDM
2026-05-06,RDM-123,0.0,RDM
2026-05-06,RDM-124,0.0,RDM
2026-05-06,RDM-125,0.0,RDM
2026-05-06,RDM-126,0.0,RDM
2026-05-06,RDM-127,0.0,RDM
2026-05-06,RDM-128,0.0,RDM
2026-05-06,RDM-129,0.0,RDM
2026-05-06,RDM-130,0.0,RDM
2026-05-06,RDM-131,0.0,RDM
2026-05-06,RDM-132,0.0,RDM
2026-05-06,RDM-133,0.0,RDM
2026-05-07,KRT-001,0.0,KRT
2026-05-07,KRT-002,0.0,KRT
2026-05-07,KRT-003,0.0,KRT
2026-05-07,KRT-004,0.0,KRT
2026-05-07,KRT-005,0.0,KRT
2026-05-07,KRT-006,0.0,KRT
2026-05-07,KRT-007,0.0,KRT
2026-05-07,KRT-008,0.0,KRT
2026-05-07,KRT-009,0.0,KRT
2026-05-07,KRT-010,0.0,KRT
2026-05-07,KRT-011,0.0,KRT
2026-05-07,KRT-012,0.0,KRT
2026-05-07,KRT-013,0.0,KRT
2026-05-07,KRT-014,0.0,KRT
2026-05-07,KRT-015,0.0,KRT
2026-05-07,KRT-016,0.0,KRT
2026-05-07,KRT-017,0.0,KRT
2026-05-07,KRT-018,0.0,KRT
2026-05-07,KRT-019,0.0,KRT
2026-05-07,KRT-020,0.0,KRT
2026-05-07,KRT-021,0.0,KRT
2026-05-07,KRT-022,0.0,KRT
2026-05-07,KRT-023,0.0,KRT
2026-05-07,KRT-024,0.0,KRT
2026-05-07,KRT-025,0.0,KRT
2026-05-07,KRT-026,0.0,KRT
2026-05-07,KRT-027,0.0,KRT
2026-05-07,KRT-028,0.0,KRT
2026-05-07,KRT-029,0.0,KRT
2026-05-07,KRT-030,0.0,KRT
2026-05-07,KRT-031,0.0,KRT
2026-05-07,KRT-032,0.0,KRT
2026-05-07,KRT-033,0.0,KRT
2026-05-07,KRT-034,0.0,KRT
2026-05-07,KRT-035,0.0,KRT
2026-05-07,KRT-036,0.0,KRT
2026-05-07,KRT-037,0.0,KRT
2026-05-07,KRT-038,0.0,KRT
2026-05-07,KRT-039,0.0,KRT
2026-05-07,KRT-040,0.0,KRT
2026-05-07,KRT-041,0.0,KRT
2026-05-07,KRT-042,0.0,KRT
2026-05-07,KRT-043,0.0,KRT
2026-05-07,KRT-044,0.0,KRT
2026-05-07,KRT-045,0.0,KRT
2026-05-07,KRT-046,0.0,KRT
2026-05-07,KRT-047,0.0,KRT
2026-05-07,KRT-048,0.0,KRT
2026-05-07,KRT-049,0.0,KRT
2026-05-07,KRT-050,0.0,KRT
2026-05-07,KRT-051,0.0,KRT
2026-05-07,KRT-052,0.0,KRT
2026-05-07,KRT-053,0.0,KRT
2026-05-07,KRT-054,0.0,KRT
2026-05-07,KRT-055,0.0,KRT
2026-05-07,KRT-056,0.0,KRT
2026-05-07,KRT-057,0.0,KRT
2026-05-07,KRT-058,0.0,KRT
2026-05-07,KRT-059,0.0,KRT
2026-05-07,KRT-060,0.0,KRT
2026-05-07,KRT-061,0.0,KRT
2026-05-07,KRT-062,0.0,KRT
2026-05-07,KRT-063,0.0,KRT
2026-05-07,KRT-064,0.0,KRT
2026-05-07,KRT-065,0.0,KRT
2026-05-07,KRT-066,0.0,KRT
2026-05-07,KRT-067,0.0,KRT
2026-05-07,KRT-068,0.0,KRT
2026-05-07,KRT-069,0.0,KRT
2026-05-07,KRT-070,0.0,KRT
2026-05-07,KRT-071,0.0,KRT
2026-05-07,KRT-072,0.0,KRT
2026-05-07,KRT-073,0.0,KRT
2026-05-07,KRT-074,0.0,KRT
2026-05-07,RDM-101,0.0,RDM
2026-05-07,RDM-102,0.0,RDM
2026-05-07,RDM-103,0.0,RDM
2026-05-07,RDM-104,0.0,RDM
2026-05-07,RDM-105,0.0,RDM
2026-05-07,RDM-106,0.0,RDM
2026-05-07,RDM-107,0.0,RDM
2026-05-07,RDM-108,0.0,RDM
2026-05-07,RDM-109,0.0,RDM
2026-05-07,RDM-110,0.0,RDM
2026-05-07,RDM-112,0.0,RDM
2026-05-07,RDM-113,0.0,RDM
2026-05-07,RDM-114,0.0,RDM
2026-05-07,RDM-115,0.0,RDM
2026-05-07,RDM-116,0.0,RDM
2026-05-07,RDM-117,0.0,RDM
2026-05-07,RDM-118,0.0,RDM
2026-05-07,RDM-119,0.0,RDM
2026-05-07,RDM-120,0.0,RDM
2026-05-07,RDM-121,0.0,RDM
2026-05-07,RDM-122,0.0,RDM
2026-05-07,RDM-123,0.0,RDM
2026-05-07,RDM-124,0.0,RDM
2026-05-07,RDM-125,0.0,RDM
2026-05-07,RDM-126,0.0,RDM
2026-05-07,RDM-127,0.0,RDM
2026-05-07,RDM-128,0.0,RDM
2026-05-07,RDM-129,0.0,RDM
2026-05-07,RDM-130,0.0,RDM
2026-05-07,RDM-131,0.0,RDM
2026-05-07,RDM-132,0.0,RDM
2026-05-07,RDM-133,0.0,RDM
2026-05-08,KRT-001,0.0,KRT
2026-05-08,KRT-002,0.0,KRT
2026-05-08,KRT-003,0.0,KRT
2026-05-08,KRT-004,0.0,KRT
2026-05-08,KRT-005,0.0,KRT
2026-05-08,KRT-006,0.0,KRT
2026-05-08,KRT-007,0.0,KRT
2026-05-08,KRT-008,0.0,KRT
2026-05-08,KRT-009,0.0,KRT
2026-05-08,KRT-010,0.0,KRT
2026-05-08,KRT-011,0.0,KRT
2026-05-08,KRT-012,0.0,KRT
2026-05-08,KRT-013,0.0,KRT
2026-05-08,KRT-014,0.0,KRT
2026-05-08,KRT-015,0.0,KRT
2026-05-08,KRT-016,0.0,KRT
2026-05-08,KRT-017,0.0,KRT
2026-05-08,KRT-018,0.0,KRT
2026-05-08,KRT-019,0.0,KRT
2026-05-08,KRT-020,0.0,KRT
2026-05-08,KRT-021,0.0,KRT
2026-05-08,KRT-022,0.0,KRT
2026-05-08,KRT-023,0.0,KRT
2026-05-08,KRT-024,0.0,KRT
2026-05-08,KRT-025,0.0,KRT
2026-05-08,KRT-026,0.0,KRT
2026-05-08,KRT-027,0.0,KRT
2026-05-08,KRT-028,0.0,KRT
2026-05-08,KRT-029,0.0,KRT
2026-05-08,KRT-030,0.0,KRT
2026-05-08,KRT-031,0.0,KRT
2026-05-08,KRT-032,0.0,KRT
2026-05-08,KRT-033,0.0,KRT
2026-05-08,KRT-034,0.0,KRT
2026-05-08,KRT-035,0.0,KRT
2026-05-08,KRT-036,0.0,KRT
2026-05-08,KRT-037,0.0,KRT
2026-05-08,KRT-038,0.0,KRT
2026-05-08,KRT-039,0.0,KRT
2026-05-08,KRT-040,0.0,KRT
2026-05-08,KRT-041,0.0,KRT
2026-05-08,KRT-042,0.0,KRT
2026-05-08,KRT-043,0.0,KRT
2026-05-08,KRT-044,0.0,KRT
2026-05-08,KRT-045,0.0,KRT
2026-05-08,KRT-046,0.0,KRT
2026-05-08,KRT-047,0.0,KRT
2026-05-08,KRT-048,0.0,KRT
2026-05-08,KRT-049,0.0,KRT
2026-05-08,KRT-050,0.0,KRT
2026-05-08,KRT-051,0.0,KRT
2026-05-08,KRT-052,0.0,KRT
2026-05-08,KRT-053,0.0,KRT
2026-05-08,KRT-054,0.0,KRT
2026-05-08,KRT-055,0.0,KRT
2026-05-08,KRT-056,0.0,KRT
2026-05-08,KRT-057,0.0,KRT
2026-05-08,KRT-058,0.0,KRT
2026-05-08,KRT-059,0.0,KRT
2026-05-08,KRT-060,0.0,KRT
2026-05-08,KRT-061,0.0,KRT
2026-05-08,KRT-062,0.0,KRT
2026-05-08,KRT-063,0.0,KRT
2026-05-08,KRT-064,0.0,KRT
2026-05-08,KRT-065,0.0,KRT
2026-05-08,KRT-066,0.0,KRT
2026-05-08,KRT-067,0.0,KRT
2026-05-08,KRT-068,0.0,KRT
2026-05-08,KRT-069,0.0,KRT
2026-05-08,KRT-070,0.0,KRT
2026-05-08,KRT-071,0.0,KRT
2026-05-08,KRT-072,0.0,KRT
2026-05-08,KRT-073,0.0,KRT
2026-05-08,KRT-074,0.0,KRT
2026-05-08,RDM-101,0.0,RDM
2026-05-08,RDM-102,0.0,RDM
2026-05-08,RDM-103,0.0,RDM
2026-05-08,RDM-104,0.0,RDM
2026-05-08,RDM-105,0.0,RDM
2026-05-08,RDM-106,0.0,RDM
2026-05-08,RDM-107,0.0,RDM
2026-05-08,RDM-108,0.0,RDM
2026-05-08,RDM-109,0.0,RDM
2026-05-08,RDM-110,0.0,RDM
2026-05-08,RDM-112,0.0,RDM
2026-05-08,RDM-113,0.0,RDM
2026-05-08,RDM-114,0.0,RDM
2026-05-08,RDM-115,0.0,RDM
2026-05-08,RDM-116,0.0,RDM
2026-05-08,RDM-117,0.0,RDM
2026-05-08,RDM-118,0.0,RDM
2026-05-08,RDM-119,0.0,RDM
2026-05-08,RDM-120,0.0,RDM
2026-05-08,RDM-121,0.0,RDM
2026-05-08,RDM-122,0.0,RDM
2026-05-08,RDM-123,0.0,RDM
2026-05-08,RDM-124,0.0,RDM
2026-05-08,RDM-125,0.0,RDM
2026-05-08,RDM-126,0.0,RDM
2026-05-08,RDM-127,0.0,RDM
2026-05-08,RDM-128,0.0,RDM
2026-05-08,RDM-129,0.0,RDM
2026-05-08,RDM-130,0.0,RDM
2026-05-08,RDM-131,0.0,RDM
2026-05-08,RDM-132,0.0,RDM
2026-05-08,RDM-133,0.0,RDM
2026-05-09,KRT-001,0.0,KRT
2026-05-09,KRT-002,0.0,KRT
2026-05-09,KRT-003,0.0,KRT
2026-05-09,KRT-004,0.0,KRT
2026-05-09,KRT-005,0.0,KRT
2026-05-09,KRT-006,0.0,KRT
2026-05-09,KRT-007,0.0,KRT
2026-05-09,KRT-008,0.0,KRT
2026-05-09,KRT-009,0.0,KRT
2026-05-09,KRT-010,0.0,KRT
2026-05-09,KRT-011,0.0,KRT
2026-05-09,KRT-012,0.0,KRT
2026-05-09,KRT-013,0.0,KRT
2026-05-09,KRT-014,0.0,KRT
2026-05-09,KRT-015,0.0,KRT
2026-05-09,KRT-016,0.0,KRT
2026-05-09,KRT-017,0.0,KRT
2026-05-09,KRT-018,0.0,KRT
2026-05-09,KRT-019,0.0,KRT
2026-05-09,KRT-020,0.0,KRT
2026-05-09,KRT-021,0.0,KRT
2026-05-09,KRT-022,0.0,KRT
2026-05-09,KRT-023,0.0,KRT
2026-05-09,KRT-024,0.0,KRT
2026-05-09,KRT-025,0.0,KRT
2026-05-09,KRT-026,0.0,KRT
2026-05-09,KRT-027,0.0,KRT
2026-05-09,KRT-028,0.0,KRT
2026-05-09,KRT-029,0.0,KRT
2026-05-09,KRT-030,0.0,KRT
2026-05-09,KRT-031,0.0,KRT
2026-05-09,KRT-032,0.0,KRT
2026-05-09,KRT-033,0.0,KRT
2026-05-09,KRT-034,0.0,KRT
2026-05-09,KRT-035,0.0,KRT
2026-05-09,KRT-036,0.0,KRT
2026-05-09,KRT-037,0.0,KRT
2026-05-09,KRT-038,0.0,KRT
2026-05-09,KRT-039,0.0,KRT
2026-05-09,KRT-040,0.0,KRT
2026-05-09,KRT-041,0.0,KRT
2026-05-09,KRT-042,0.0,KRT
2026-05-09,KRT-043,0.0,KRT
2026-05-09,KRT-044,0.0,KRT
2026-05-09,KRT-045,0.0,KRT
2026-05-09,KRT-046,0.0,KRT
2026-05-09,KRT-047,0.0,KRT
2026-05-09,KRT-048,0.0,KRT
2026-05-09,KRT-049,0.0,KRT
2026-05-09,KRT-050,0.0,KRT
2026-05-09,KRT-051,0.0,KRT
2026-05-09,KRT-052,0.0,KRT
2026-05-09,KRT-053,0.0,KRT
2026-05-09,KRT-054,0.0,KRT
2026-05-09,KRT-055,0.0,KRT
2026-05-09,KRT-056,0.0,KRT
2026-05-09,KRT-057,0.0,KRT
2026-05-09,KRT-058,0.0,KRT
2026-05-09,KRT-059,0.0,KRT
2026-05-09,KRT-060,0.0,KRT
2026-05-09,KRT-061,0.0,KRT
2026-05-09,KRT-062,0.0,KRT
2026-05-09,KRT-063,0.0,KRT
2026-05-09,KRT-064,0.0,KRT
2026-05-09,KRT-065,0.0,KRT
2026-05-09,KRT-066,0.0,KRT
2026-05-09,KRT-067,0.0,KRT
2026-05-09,KRT-068,0.0,KRT
2026-05-09,KRT-069,0.0,KRT
2026-05-09,KRT-070,0.0,KRT
2026-05-09,KRT-071,0.0,KRT
2026-05-09,KRT-072,0.0,KRT
2026-05-09,KRT-073,0.0,KRT
2026-05-09,KRT-074,0.0,KRT
2026-05-09,RDM-101,0.0,RDM
2026-05-09,RDM-102,0.0,RDM
2026-05-09,RDM-103,0.0,RDM
2026-05-09,RDM-104,0.0,RDM
2026-05-09,RDM-105,0.0,RDM
2026-05-09,RDM-106,0.0,RDM
2026-05-09,RDM-107,0.0,RDM
2026-05-09,RDM-108,0.0,RDM
2026-05-09,RDM-109,0.0,RDM
2026-05-09,RDM-110,0.0,RDM
2026-05-09,RDM-112,0.0,RDM
2026-05-09,RDM-113,0.0,RDM
2026-05-09,RDM-114,0.0,RDM
2026-05-09,RDM-115,0.0,RDM
2026-05-09,RDM-116,0.0,RDM
2026-05-09,RDM-117,0.0,RDM
2026-05-09,RDM-118,0.0,RDM
2026-05-09,RDM-119,0.0,RDM
2026-05-09,RDM-120,0.0,RDM
2026-05-09,RDM-121,0.0,RDM
2026-05-09,RDM-122,0.0,RDM
2026-05-09,RDM-123,0.0,RDM
2026-05-09,RDM-124,0.0,RDM
2026-05-09,RDM-125,0.0,RDM
2026-05-09,RDM-126,0.0,RDM
2026-05-09,RDM-127,0.0,RDM
2026-05-09,RDM-128,0.0,RDM
2026-05-09,RDM-129,0.0,RDM
2026-05-09,RDM-130,0.0,RDM
2026-05-09,RDM-131,0.0,RDM
2026-05-09,RDM-132,0.0,RDM
2026-05-09,RDM-133,0.0,RDM
2026-05-10,KRT-001,0.0,KRT
2026-05-10,KRT-002,0.0,KRT
2026-05-10,KRT-003,0.0,KRT
2026-05-10,KRT-004,0.0,KRT
2026-05-10,KRT-005,0.0,KRT
2026-05-10,KRT-006,0.0,KRT
2026-05-10,KRT-007,0.0,KRT
2026-05-10,KRT-008,0.0,KRT
2026-05-10,KRT-009,0.0,KRT
2026-05-10,KRT-010,0.0,KRT
2026-05-10,KRT-011,0.0,KRT
2026-05-10,KRT-012,0.0,KRT
2026-05-10,KRT-013,0.0,KRT
2026-05-10,KRT-014,0.0,KRT
2026-05-10,KRT-015,0.0,KRT
2026-05-10,KRT-016,0.0,KRT
2026-05-10,KRT-017,0.0,KRT
2026-05-10,KRT-018,0.0,KRT
2026-05-10,KRT-019,0.0,KRT
2026-05-10,KRT-020,0.0,KRT
2026-05-10,KRT-021,0.0,KRT
2026-05-10,KRT-022,0.0,KRT
2026-05-10,KRT-023,0.0,KRT
2026-05-10,KRT-024,0.0,KRT
2026-05-10,KRT-025,0.0,KRT
2026-05-10,KRT-026,0.0,KRT
2026-05-10,KRT-027,0.0,KRT
2026-05-10,KRT-028,0.0,KRT
2026-05-10,KRT-029,0.0,KRT
2026-05-10,KRT-030,0.0,KRT
2026-05-10,KRT-031,0.0,KRT
2026-05-10,KRT-032,0.0,KRT
2026-05-10,KRT-033,0.0,KRT
2026-05-10,KRT-034,0.0,KRT
2026-05-10,KRT-035,0.0,KRT
2026-05-10,KRT-036,0.0,KRT
2026-05-10,KRT-037,0.0,KRT
2026-05-10,KRT-038,0.0,KRT
2026-05-10,KRT-039,0.0,KRT
2026-05-10,KRT-040,0.0,KRT
2026-05-10,KRT-041,0.0,KRT
2026-05-10,KRT-042,0.0,KRT
2026-05-10,KRT-043,0.0,KRT
2026-05-10,KRT-044,0.0,KRT
2026-05-10,KRT-045,0.0,KRT
2026-05-10,KRT-046,0.0,KRT
2026-05-10,KRT-047,0.0,KRT
2026-05-10,KRT-048,0.0,KRT
2026-05-10,KRT-049,0.0,KRT
2026-05-10,KRT-050,0.0,KRT
2026-05-10,KRT-051,0.0,KRT
2026-05-10,KRT-052,0.0,KRT
2026-05-10,KRT-053,0.0,KRT
2026-05-10,KRT-054,0.0,KRT
2026-05-10,KRT-055,0.0,KRT
2026-05-10,KRT-056,0.0,KRT
2026-05-10,KRT-057,0.0,KRT
2026-05-10,KRT-058,0.0,KRT
2026-05-10,KRT-059,0.0,KRT
2026-05-10,KRT-060,0.0,KRT
2026-05-10,KRT-061,0.0,KRT
2026-05-10,KRT-062,0.0,KRT
2026-05-10,KRT-063,0.0,KRT
2026-05-10,KRT-064,0.0,KRT
2026-05-10,KRT-065,0.0,KRT
2026-05-10,KRT-066,0.0,KRT
2026-05-10,KRT-067,0.0,KRT
2026-05-10,KRT-068,0.0,KRT
2026-05-10,KRT-069,0.0,KRT
2026-05-10,KRT-070,0.0,KRT
2026-05-10,KRT-071,0.0,KRT
2026-05-10,KRT-072,0.0,KRT
2026-05-10,KRT-073,0.0,KRT
2026-05-10,KRT-074,0.0,KRT
2026-05-10,RDM-101,0.0,RDM
2026-05-10,RDM-102,0.0,RDM
2026-05-10,RDM-103,0.0,RDM
2026-05-10,RDM-104,0.0,RDM
2026-05-10,RDM-105,0.0,RDM
2026-05-10,RDM-106,0.0,RDM
2026-05-10,RDM-107,0.0,RDM
2026-05-10,RDM-108,0.0,RDM
2026-05-10,RDM-109,0.0,RDM
2026-05-10,RDM-110,0.0,RDM
2026-05-10,RDM-112,0.0,RDM
2026-05-10,RDM-113,0.0,RDM
2026-05-10,RDM-114,0.0,RDM
2026-05-10,RDM-115,0.0,RDM
2026-05-10,RDM-116,0.0,RDM
2026-05-10,RDM-117,0.0,RDM
2026-05-10,RDM-118,0.0,RDM
2026-05-10,RDM-119,0.0,RDM
2026-05-10,RDM-120,0.0,RDM
2026-05-10,RDM-121,0.0,RDM
2026-05-10,RDM-122,0.0,RDM
2026-05-10,RDM-123,0.0,RDM
2026-05-10,RDM-124,0.0,RDM
2026-05-10,RDM-125,0.0,RDM
2026-05-10,RDM-126,0.0,RDM
2026-05-10,RDM-127,0.0,RDM
2026-05-10,RDM-128,0.0,RDM
2026-05-10,RDM-129,0.0,RDM
2026-05-10,RDM-130,0.0,RDM
2026-05-10,RDM-131,0.0,RDM
2026-05-10,RDM-132,0.0,RDM
2026-05-10,RDM-133,0.0,RDM
2026-05-11,KRT-001,0.0,KRT
2026-05-11,KRT-002,0.0,KRT
2026-05-11,KRT-003,0.0,KRT
2026-05-11,KRT-004,0.0,KRT
2026-05-11,KRT-005,0.0,KRT
2026-05-11,KRT-006,0.0,KRT
2026-05-11,KRT-007,0.0,KRT
2026-05-11,KRT-008,0.0,KRT
2026-05-11,KRT-009,0.0,KRT
2026-05-11,KRT-010,0.0,KRT
2026-05-11,KRT-011,0.0,KRT
2026-05-11,KRT-012,0.0,KRT
2026-05-11,KRT-013,0.0,KRT
2026-05-11,KRT-014,0.0,KRT
2026-05-11,KRT-015,0.0,KRT
2026-05-11,KRT-016,0.0,KRT
2026-05-11,KRT-017,0.0,KRT
2026-05-11,KRT-018,0.0,KRT
2026-05-11,KRT-019,0.0,KRT
2026-05-11,KRT-020,0.0,KRT
2026-05-11,KRT-021,0.0,KRT
2026-05-11,KRT-022,0.0,KRT
2026-05-11,KRT-023,0.0,KRT
2026-05-11,KRT-024,0.0,KRT
2026-05-11,KRT-025,0.0,KRT
2026-05-11,KRT-026,0.0,KRT
2026-05-11,KRT-027,0.0,KRT
2026-05-11,KRT-028,0.0,KRT
2026-05-11,KRT-029,0.0,KRT
2026-05-11,KRT-030,0.0,KRT
2026-05-11,KRT-031,0.0,KRT
2026-05-11,KRT-032,0.0,KRT
2026-05-11,KRT-033,0.0,KRT
2026-05-11,KRT-034,0.0,KRT
2026-05-11,KRT-035,0.0,KRT
2026-05-11,KRT-036,0.0,KRT
2026-05-11,KRT-037,0.0,KRT
2026-05-11,KRT-038,0.0,KRT
2026-05-11,KRT-039,0.0,KRT
2026-05-11,KRT-040,0.0,KRT
2026-05-11,KRT-041,0.0,KRT
2026-05-11,KRT-042,0.0,KRT
2026-05-11,KRT-043,0.0,KRT
2026-05-11,KRT-044,0.0,KRT
2026-05-11,KRT-045,0.0,KRT
2026-05-11,KRT-046,0.0,KRT
2026-05-11,KRT-047,0.0,KRT
2026-05-11,KRT-048,0.0,KRT
2026-05-11,KRT-049,0.0,KRT
2026-05-11,KRT-050,0.0,KRT
2026-05-11,KRT-051,0.0,KRT
2026-05-11,KRT-052,0.0,KRT
2026-05-11,KRT-053,0.0,KRT
2026-05-11,KRT-054,0.0,KRT
2026-05-11,KRT-055,0.0,KRT
2026-05-11,KRT-056,0.0,KRT
2026-05-11,KRT-057,0.0,KRT
2026-05-11,KRT-058,0.0,KRT
2026-05-11,KRT-059,0.0,KRT
2026-05-11,KRT-060,0.0,KRT
2026-05-11,KRT-061,0.0,KRT
2026-05-11,KRT-062,0.0,KRT
2026-05-11,KRT-063,0.0,KRT
2026-05-11,KRT-064,0.0,KRT
2026-05-11,KRT-065,0.0,KRT
2026-05-11,KRT-066,0.0,KRT
2026-05-11,KRT-067,0.0,KRT
2026-05-11,KRT-068,0.0,KRT
2026-05-11,KRT-069,0.0,KRT
2026-05-11,KRT-070,0.0,KRT
2026-05-11,KRT-071,0.0,KRT
2026-05-11,KRT-072,0.0,KRT
2026-05-11,KRT-073,0.0,KRT
2026-05-11,KRT-074,0.0,KRT
2026-05-11,RDM-101,0.0,RDM
2026-05-11,RDM-102,0.0,RDM
2026-05-11,RDM-103,0.0,RDM
2026-05-11,RDM-104,0.0,RDM
2026-05-11,RDM-105,0.0,RDM
2026-05-11,RDM-106,0.0,RDM
2026-05-11,RDM-107,0.0,RDM
2026-05-11,RDM-108,0.0,RDM
2026-05-11,RDM-109,0.0,RDM
2026-05-11,RDM-110,0.0,RDM
2026-05-11,RDM-112,0.0,RDM
2026-05-11,RDM-113,0.0,RDM
2026-05-11,RDM-114,0.0,RDM
2026-05-11,RDM-115,0.0,RDM
2026-05-11,RDM-116,0.0,RDM
2026-05-11,RDM-117,0.0,RDM
2026-05-11,RDM-118,0.0,RDM
2026-05-11,RDM-119,0.0,RDM
2026-05-11,RDM-120,0.0,RDM
2026-05-11,RDM-121,0.0,RDM
2026-05-11,RDM-122,0.0,RDM
2026-05-11,RDM-123,0.0,RDM
2026-05-11,RDM-124,0.0,RDM
2026-05-11,RDM-125,0.0,RDM
2026-05-11,RDM-126,0.0,RDM
2026-05-11,RDM-127,0.0,RDM
2026-05-11,RDM-128,0.0,RDM
2026-05-11,RDM-129,0.0,RDM
2026-05-11,RDM-130,0.0,RDM
2026-05-11,RDM-131,0.0,RDM
2026-05-11,RDM-132,0.0,RDM
2026-05-11,RDM-133,0.0,RDM
2026-05-12,KRT-001,0.0,KRT
2026-05-12,KRT-002,0.0,KRT
2026-05-12,KRT-003,0.0,KRT
2026-05-12,KRT-004,0.0,KRT
2026-05-12,KRT-005,0.0,KRT
2026-05-12,KRT-006,0.0,KRT
2026-05-12,KRT-007,0.0,KRT
2026-05-12,KRT-008,0.0,KRT
2026-05-12,KRT-009,0.0,KRT
2026-05-12,KRT-010,0.0,KRT
2026-05-12,KRT-011,0.0,KRT
2026-05-12,KRT-012,0.0,KRT
2026-05-12,KRT-013,0.0,KRT
2026-05-12,KRT-014,0.0,KRT
2026-05-12,KRT-015,0.0,KRT
2026-05-12,KRT-016,0.0,KRT
2026-05-12,KRT-017,0.0,KRT
2026-05-12,KRT-018,0.0,KRT
2026-05-12,KRT-019,0.0,KRT
2026-05-12,KRT-020,0.0,KRT
2026-05-12,KRT-021,0.0,KRT
2026-05-12,KRT-022,0.0,KRT
2026-05-12,KRT-023,0.0,KRT
2026-05-12,KRT-024,0.0,KRT
2026-05-12,KRT-025,0.0,KRT
2026-05-12,KRT-026,0.0,KRT
2026-05-12,KRT-027,0.0,KRT
2026-05-12,KRT-028,0.0,KRT
2026-05-12,KRT-029,0.0,KRT
2026-05-12,KRT-030,0.0,KRT
2026-05-12,KRT-031,0.0,KRT
2026-05-12,KRT-032,0.0,KRT
2026-05-12,KRT-033,0.0,KRT
2026-05-12,KRT-034,0.0,KRT
2026-05-12,KRT-035,0.0,KRT
2026-05-12,KRT-036,0.0,KRT
2026-05-12,KRT-037,0.0,KRT
2026-05-12,KRT-038,0.0,KRT
2026-05-12,KRT-039,0.0,KRT
2026-05-12,KRT-040,0.0,KRT
2026-05-12,KRT-041,0.0,KRT
2026-05-12,KRT-042,0.0,KRT
2026-05-12,KRT-043,0.0,KRT
2026-05-12,KRT-044,0.0,KRT
2026-05-12,KRT-045,0.0,KRT
2026-05-12,KRT-046,0.0,KRT
2026-05-12,KRT-047,0.0,KRT
2026-05-12,KRT-048,0.0,KRT
2026-05-12,KRT-049,0.0,KRT
2026-05-12,KRT-050,0.0,KRT
2026-05-12,KRT-051,0.0,KRT
2026-05-12,KRT-052,0.0,KRT
2026-05-12,KRT-053,0.0,KRT
2026-05-12,KRT-054,0.0,KRT
2026-05-12,KRT-055,0.0,KRT
2026-05-12,KRT-056,0.0,KRT
2026-05-12,KRT-057,0.0,KRT
2026-05-12,KRT-058,0.0,KRT
2026-05-12,KRT-059,0.0,KRT
2026-05-12,KRT-060,0.0,KRT
2026-05-12,KRT-061,0.0,KRT
2026-05-12,KRT-062,0.0,KRT
2026-05-12,KRT-063,0.0,KRT
2026-05-12,KRT-064,0.0,KRT
2026-05-12,KRT-065,0.0,KRT
2026-05-12,KRT-066,0.0,KRT
2026-05-12,KRT-067,0.0,KRT
2026-05-12,KRT-068,0.0,KRT
2026-05-12,KRT-069,0.0,KRT
2026-05-12,KRT-070,0.0,KRT
2026-05-12,KRT-071,0.0,KRT
2026-05-12,KRT-072,0.0,KRT
2026-05-12,KRT-073,0.0,KRT
2026-05-12,KRT-074,0.0,KRT
2026-05-12,RDM-101,0.0,RDM
2026-05-12,RDM-102,0.0,RDM
2026-05-12,RDM-103,0.0,RDM
2026-05-12,RDM-104,0.0,RDM
2026-05-12,RDM-105,0.0,RDM
2026-05-12,RDM-106,0.0,RDM
2026-05-12,RDM-107,0.0,RDM
2026-05-12,RDM-108,0.0,RDM
2026-05-12,RDM-109,0.0,RDM
2026-05-12,RDM-110,0.0,RDM
2026-05-12,RDM-112,0.0,RDM
2026-05-12,RDM-113,0.0,RDM
2026-05-12,RDM-114,0.0,RDM
2026-05-12,RDM-115,0.0,RDM
2026-05-12,RDM-116,0.0,RDM
2026-05-12,RDM-117,0.0,RDM
2026-05-12,RDM-118,0.0,RDM
2026-05-12,RDM-119,0.0,RDM
2026-05-12,RDM-120,0.0,RDM
2026-05-12,RDM-121,0.0,RDM
2026-05-12,RDM-122,0.0,RDM
2026-05-12,RDM-123,0.0,RDM
2026-05-12,RDM-124,0.0,RDM
2026-05-12,RDM-125,0.0,RDM
2026-05-12,RDM-126,0.0,RDM
2026-05-12,RDM-127,0.0,RDM
2026-05-12,RDM-128,0.0,RDM
2026-05-12,RDM-129,0.0,RDM
2026-05-12,RDM-130,0.0,RDM
2026-05-12,RDM-131,0.0,RDM
2026-05-12,RDM-132,0.0,RDM
2026-05-12,RDM-133,0.0,RDM
2026-05-13,KRT-001,0.0,KRT
2026-05-13,KRT-002,0.0,KRT
2026-05-13,KRT-003,0.0,KRT
2026-05-13,KRT-004,0.0,KRT
2026-05-13,KRT-005,0.0,KRT
2026-05-13,KRT-006,0.0,KRT
2026-05-13,KRT-007,0.0,KRT
2026-05-13,KRT-008,0.0,KRT
2026-05-13,KRT-009,0.0,KRT
2026-05-13,KRT-010,0.0,KRT
2026-05-13,KRT-011,0.0,KRT
2026-05-13,KRT-012,0.0,KRT
2026-05-13,KRT-013,0.0,KRT
2026-05-13,KRT-014,0.0,KRT
2026-05-13,KRT-015,0.0,KRT
2026-05-13,KRT-016,0.0,KRT
2026-05-13,KRT-017,0.0,KRT
2026-05-13,KRT-018,0.0,KRT
2026-05-13,KRT-019,0.0,KRT
2026-05-13,KRT-020,0.0,KRT
2026-05-13,KRT-021,0.0,KRT
2026-05-13,KRT-022,0.0,KRT
2026-05-13,KRT-023,0.0,KRT
2026-05-13,KRT-024,0.0,KRT
2026-05-13,KRT-025,0.0,KRT
2026-05-13,KRT-026,0.0,KRT
2026-05-13,KRT-027,0.0,KRT
2026-05-13,KRT-028,0.0,KRT
2026-05-13,KRT-029,0.0,KRT
2026-05-13,KRT-030,0.0,KRT
2026-05-13,KRT-031,0.0,KRT
2026-05-13,KRT-032,0.0,KRT
2026-05-13,KRT-033,0.0,KRT
2026-05-13,KRT-034,0.0,KRT
2026-05-13,KRT-035,0.0,KRT
2026-05-13,KRT-036,0.0,KRT
2026-05-13,KRT-037,0.0,KRT
2026-05-13,KRT-038,0.0,KRT
2026-05-13,KRT-039,0.0,KRT
2026-05-13,KRT-040,0.0,KRT
2026-05-13,KRT-041,0.0,KRT
2026-05-13,KRT-042,0.0,KRT
2026-05-13,KRT-043,0.0,KRT
2026-05-13,KRT-044,0.0,KRT
2026-05-13,KRT-045,0.0,KRT
2026-05-13,KRT-046,0.0,KRT
2026-05-13,KRT-047,0.0,KRT
2026-05-13,KRT-048,0.0,KRT
2026-05-13,KRT-049,0.0,KRT
2026-05-13,KRT-050,0.0,KRT
2026-05-13,KRT-051,0.0,KRT
2026-05-13,KRT-052,0.0,KRT
2026-05-13,KRT-053,0.0,KRT
2026-05-13,KRT-054,0.0,KRT
2026-05-13,KRT-055,0.0,KRT
2026-05-13,KRT-056,0.0,KRT
2026-05-13,KRT-057,0.0,KRT
2026-05-13,KRT-058,0.0,KRT
2026-05-13,KRT-059,0.0,KRT
2026-05-13,KRT-060,0.0,KRT
2026-05-13,KRT-061,0.0,KRT
2026-05-13,KRT-062,0.0,KRT
2026-05-13,KRT-063,0.0,KRT
2026-05-13,KRT-064,0.0,KRT
2026-05-13,KRT-065,0.0,KRT
2026-05-13,KRT-066,0.0,KRT
2026-05-13,KRT-067,0.0,KRT
2026-05-13,KRT-068,0.0,KRT
2026-05-13,KRT-069,0.0,KRT
2026-05-13,KRT-070,0.0,KRT
2026-05-13,KRT-071,0.0,KRT
2026-05-13,KRT-072,0.0,KRT
2026-05-13,KRT-073,0.0,KRT
2026-05-13,KRT-074,0.0,KRT
2026-05-13,RDM-101,0.0,RDM
2026-05-13,RDM-102,0.0,RDM
2026-05-13,RDM-103,0.0,RDM
2026-05-13,RDM-104,0.0,RDM
2026-05-13,RDM-105,0.0,RDM
2026-05-13,RDM-106,0.0,RDM
2026-05-13,RDM-107,0.0,RDM
2026-05-13,RDM-108,0.0,RDM
2026-05-13,RDM-109,0.0,RDM
2026-05-13,RDM-110,0.0,RDM
2026-05-13,RDM-112,0.0,RDM
2026-05-13,RDM-113,0.0,RDM
2026-05-13,RDM-114,0.0,RDM
2026-05-13,RDM-115,0.0,RDM
2026-05-13,RDM-116,0.0,RDM
2026-05-13,RDM-117,0.0,RDM
2026-05-13,RDM-118,0.0,RDM
2026-05-13,RDM-119,0.0,RDM
2026-05-13,RDM-120,0.0,RDM
2026-05-13,RDM-121,0.0,RDM
2026-05-13,RDM-122,0.0,RDM
2026-05-13,RDM-123,0.0,RDM
2026-05-13,RDM-124,0.0,RDM
2026-05-13,RDM-125,0.0,RDM
2026-05-13,RDM-126,0.0,RDM
2026-05-13,RDM-127,0.0,RDM
2026-05-13,RDM-128,0.0,RDM
2026-05-13,RDM-129,0.0,RDM
2026-05-13,RDM-130,0.0,RDM
2026-05-13,RDM-131,0.0,RDM
2026-05-13,RDM-132,0.0,RDM
2026-05-13,RDM-133,0.0,RDM
2026-05-14,KRT-001,0.0,KRT
2026-05-14,KRT-002,0.0,KRT
2026-05-14,KRT-003,0.0,KRT
2026-05-14,KRT-004,0.0,KRT
2026-05-14,KRT-005,0.0,KRT
2026-05-14,KRT-006,0.0,KRT
2026-05-14,KRT-007,0.0,KRT
2026-05-14,KRT-008,0.0,KRT
2026-05-14,KRT-009,0.0,KRT
2026-05-14,KRT-010,0.0,KRT
2026-05-14,KRT-011,0.0,KRT
2026-05-14,KRT-012,0.0,KRT
2026-05-14,KRT-013,0.0,KRT
2026-05-14,KRT-014,0.0,KRT
2026-05-14,KRT-015,0.0,KRT
2026-05-14,KRT-016,0.0,KRT
2026-05-14,KRT-017,0.0,KRT
2026-05-14,KRT-018,0.0,KRT
2026-05-14,KRT-019,0.0,KRT
2026-05-14,KRT-020,0.0,KRT
2026-05-14,KRT-021,0.0,KRT
2026-05-14,KRT-022,0.0,KRT
2026-05-14,KRT-023,0.0,KRT
2026-05-14,KRT-024,0.0,KRT
2026-05-14,KRT-025,0.0,KRT
2026-05-14,KRT-026,0.0,KRT
2026-05-14,KRT-027,0.0,KRT
2026-05-14,KRT-028,0.0,KRT
2026-05-14,KRT-029,0.0,KRT
2026-05-14,KRT-030,0.0,KRT
2026-05-14,KRT-031,0.0,KRT
2026-05-14,KRT-032,0.0,KRT
2026-05-14,KRT-033,0.0,KRT
2026-05-14,KRT-034,0.0,KRT
2026-05-14,KRT-035,0.0,KRT
2026-05-14,KRT-036,0.0,KRT
2026-05-14,KRT-037,0.0,KRT
2026-05-14,KRT-038,0.0,KRT
2026-05-14,KRT-039,0.0,KRT
2026-05-14,KRT-040,0.0,KRT
2026-05-14,KRT-041,0.0,KRT
2026-05-14,KRT-042,0.0,KRT
2026-05-14,KRT-043,0.0,KRT
2026-05-14,KRT-044,0.0,KRT
2026-05-14,KRT-045,0.0,KRT
2026-05-14,KRT-046,0.0,KRT
2026-05-14,KRT-047,0.0,KRT
2026-05-14,KRT-048,0.0,KRT
2026-05-14,KRT-049,0.0,KRT
2026-05-14,KRT-050,0.0,KRT
2026-05-14,KRT-051,0.0,KRT
2026-05-14,KRT-052,0.0,KRT
2026-05-14,KRT-053,0.0,KRT
2026-05-14,KRT-054,0.0,KRT
2026-05-14,KRT-055,0.0,KRT
2026-05-14,KRT-056,0.0,KRT
2026-05-14,KRT-057,0.0,KRT
2026-05-14,KRT-058,0.0,KRT
2026-05-14,KRT-059,0.0,KRT
2026-05-14,KRT-060,0.0,KRT
2026-05-14,KRT-061,0.0,KRT
2026-05-14,KRT-062,0.0,KRT
2026-05-14,KRT-063,0.0,KRT
2026-05-14,KRT-064,0.0,KRT
2026-05-14,KRT-065,0.0,KRT
2026-05-14,KRT-066,0.0,KRT
2026-05-14,KRT-067,0.0,KRT
2026-05-14,KRT-068,0.0,KRT
2026-05-14,KRT-069,0.0,KRT
2026-05-14,KRT-070,0.0,KRT
2026-05-14,KRT-071,0.0,KRT
2026-05-14,KRT-072,0.0,KRT
2026-05-14,KRT-073,0.0,KRT
2026-05-14,KRT-074,0.0,KRT
2026-05-14,RDM-101,0.0,RDM
2026-05-14,RDM-102,0.0,RDM
2026-05-14,RDM-103,0.0,RDM
2026-05-14,RDM-104,0.0,RDM
2026-05-14,RDM-105,0.0,RDM
2026-05-14,RDM-106,0.0,RDM
2026-05-14,RDM-107,0.0,RDM
2026-05-14,RDM-108,0.0,RDM
2026-05-14,RDM-109,0.0,RDM
2026-05-14,RDM-110,0.0,RDM
2026-05-14,RDM-112,0.0,RDM
2026-05-14,RDM-113,0.0,RDM
2026-05-14,RDM-114,0.0,RDM
2026-05-14,RDM-115,0.0,RDM
2026-05-14,RDM-116,0.0,RDM
2026-05-14,RDM-117,0.0,RDM
2026-05-14,RDM-118,0.0,RDM
2026-05-14,RDM-119,0.0,RDM
2026-05-14,RDM-120,0.0,RDM
2026-05-14,RDM-121,0.0,RDM
2026-05-14,RDM-122,0.0,RDM
2026-05-14,RDM-123,0.0,RDM
2026-05-14,RDM-124,0.0,RDM
2026-05-14,RDM-125,0.0,RDM
2026-05-14,RDM-126,0.0,RDM
2026-05-14,RDM-127,0.0,RDM
2026-05-14,RDM-128,0.0,RDM
2026-05-14,RDM-129,0.0,RDM
2026-05-14,RDM-130,0.0,RDM
2026-05-14,RDM-131,0.0,RDM
2026-05-14,RDM-132,0.0,RDM
2026-05-14,RDM-133,0.0,RDM
2026-05-15,KRT-001,0.0,KRT
2026-05-15,KRT-002,0.0,KRT
2026-05-15,KRT-003,0.0,KRT
2026-05-15,KRT-004,0.0,KRT
2026-05-15,KRT-005,0.0,KRT
2026-05-15,KRT-006,0.0,KRT
2026-05-15,KRT-007,0.0,KRT
2026-05-15,KRT-008,0.0,KRT
2026-05-15,KRT-009,0.0,KRT
2026-05-15,KRT-010,0.0,KRT
2026-05-15,KRT-011,0.0,KRT
2026-05-15,KRT-012,0.0,KRT
2026-05-15,KRT-013,0.0,KRT
2026-05-15,KRT-014,0.0,KRT
2026-05-15,KRT-015,0.0,KRT
2026-05-15,KRT-016,0.0,KRT
2026-05-15,KRT-017,0.0,KRT
2026-05-15,KRT-018,0.0,KRT
2026-05-15,KRT-019,0.0,KRT
2026-05-15,KRT-020,0.0,KRT
2026-05-15,KRT-021,0.0,KRT
2026-05-15,KRT-022,0.0,KRT
2026-05-15,KRT-023,0.0,KRT
2026-05-15,KRT-024,0.0,KRT
2026-05-15,KRT-025,0.0,KRT
2026-05-15,KRT-026,0.0,KRT
2026-05-15,KRT-027,0.0,KRT
2026-05-15,KRT-028,0.0,KRT
2026-05-15,KRT-029,0.0,KRT
2026-05-15,KRT-030,0.0,KRT
2026-05-15,KRT-031,0.0,KRT
2026-05-15,KRT-032,0.0,KRT
2026-05-15,KRT-033,0.0,KRT
2026-05-15,KRT-034,0.0,KRT
2026-05-15,KRT-035,0.0,KRT
2026-05-15,KRT-036,0.0,KRT
2026-05-15,KRT-037,0.0,KRT
2026-05-15,KRT-038,0.0,KRT
2026-05-15,KRT-039,0.0,KRT
2026-05-15,KRT-040,0.0,KRT
2026-05-15,KRT-041,0.0,KRT
2026-05-15,KRT-042,0.0,KRT
2026-05-15,KRT-043,0.0,KRT
2026-05-15,KRT-044,0.0,KRT
2026-05-15,KRT-045,0.0,KRT
2026-05-15,KRT-046,0.0,KRT
2026-05-15,KRT-047,0.0,KRT
2026-05-15,KRT-048,0.0,KRT
2026-05-15,KRT-049,0.0,KRT
2026-05-15,KRT-050,0.0,KRT
2026-05-15,KRT-051,0.0,KRT
2026-05-15,KRT-052,0.0,KRT
2026-05-15,KRT-053,0.0,KRT
2026-05-15,KRT-054,0.0,KRT
2026-05-15,KRT-055,0.0,KRT
2026-05-15,KRT-056,0.0,KRT
2026-05-15,KRT-057,0.0,KRT
2026-05-15,KRT-058,0.0,KRT
2026-05-15,KRT-059,0.0,KRT
2026-05-15,KRT-060,0.0,KRT
2026-05-15,KRT-061,0.0,KRT
2026-05-15,KRT-062,0.0,KRT
2026-05-15,KRT-063,0.0,KRT
2026-05-15,KRT-064,0.0,KRT
2026-05-15,KRT-065,0.0,KRT
2026-05-15,KRT-066,0.0,KRT
2026-05-15,KRT-067,0.0,KRT
2026-05-15,KRT-068,0.0,KRT
2026-05-15,KRT-069,0.0,KRT
2026-05-15,KRT-070,0.0,KRT
2026-05-15,KRT-071,0.0,KRT
2026-05-15,KRT-072,0.0,KRT
2026-05-15,KRT-073,0.0,KRT
2026-05-15,KRT-074,0.0,KRT
2026-05-15,RDM-101,0.0,RDM
2026-05-15,RDM-102,0.0,RDM
2026-05-15,RDM-103,0.0,RDM
2026-05-15,RDM-104,0.0,RDM
2026-05-15,RDM-105,0.0,RDM
2026-05-15,RDM-106,0.0,RDM
2026-05-15,RDM-107,0.0,RDM
2026-05-15,RDM-108,0.0,RDM
2026-05-15,RDM-109,0.0,RDM
2026-05-15,RDM-110,0.0,RDM
2026-05-15,RDM-112,0.0,RDM
2026-05-15,RDM-113,0.0,RDM
2026-05-15,RDM-114,0.0,RDM
2026-05-15,RDM-115,0.0,RDM
2026-05-15,RDM-116,0.0,RDM
2026-05-15,RDM-117,0.0,RDM
2026-05-15,RDM-118,0.0,RDM
2026-05-15,RDM-119,0.0,RDM
2026-05-15,RDM-120,0.0,RDM
2026-05-15,RDM-121,0.0,RDM
2026-05-15,RDM-122,0.0,RDM
2026-05-15,RDM-123,0.0,RDM
2026-05-15,RDM-124,0.0,RDM
2026-05-15,RDM-125,0.0,RDM
2026-05-15,RDM-126,0.0,RDM
2026-05-15,RDM-127,0.0,RDM
2026-05-15,RDM-128,0.0,RDM
2026-05-15,RDM-129,0.0,RDM
2026-05-15,RDM-130,0.0,RDM
2026-05-15,RDM-131,0.0,RDM
2026-05-15,RDM-132,0.0,RDM
2026-05-15,RDM-133,0.0,RDM
2026-05-16,KRT-001,0.0,KRT
2026-05-16,KRT-002,0.0,KRT
2026-05-16,KRT-003,0.0,KRT
2026-05-16,KRT-004,0.0,KRT
2026-05-16,KRT-005,0.0,KRT
2026-05-16,KRT-006,0.0,KRT
2026-05-16,KRT-007,0.0,KRT
2026-05-16,KRT-008,0.0,KRT
2026-05-16,KRT-009,0.0,KRT
2026-05-16,KRT-010,0.0,KRT
2026-05-16,KRT-011,0.0,KRT
2026-05-16,KRT-012,0.0,KRT
2026-05-16,KRT-013,0.0,KRT
2026-05-16,KRT-014,0.0,KRT
2026-05-16,KRT-015,0.0,KRT
2026-05-16,KRT-016,0.0,KRT
2026-05-16,KRT-017,0.0,KRT
2026-05-16,KRT-018,0.0,KRT
2026-05-16,KRT-019,0.0,KRT
2026-05-16,KRT-020,0.0,KRT
2026-05-16,KRT-021,0.0,KRT
2026-05-16,KRT-022,0.0,KRT
2026-05-16,KRT-023,0.0,KRT
2026-05-16,KRT-024,0.0,KRT
2026-05-16,KRT-025,0.0,KRT
2026-05-16,KRT-026,0.0,KRT
2026-05-16,KRT-027,0.0,KRT
2026-05-16,KRT-028,0.0,KRT
2026-05-16,KRT-029,0.0,KRT
2026-05-16,KRT-030,0.0,KRT
2026-05-16,KRT-031,0.0,KRT
2026-05-16,KRT-032,0.0,KRT
2026-05-16,KRT-033,0.0,KRT
2026-05-16,KRT-034,0.0,KRT
2026-05-16,KRT-035,0.0,KRT
2026-05-16,KRT-036,0.0,KRT
2026-05-16,KRT-037,0.0,KRT
2026-05-16,KRT-038,0.0,KRT
2026-05-16,KRT-039,0.0,KRT
2026-05-16,KRT-040,0.0,KRT
2026-05-16,KRT-041,0.0,KRT
2026-05-16,KRT-042,0.0,KRT
2026-05-16,KRT-043,0.0,KRT
2026-05-16,KRT-044,0.0,KRT
2026-05-16,KRT-045,0.0,KRT
2026-05-16,KRT-046,0.0,KRT
2026-05-16,KRT-047,0.0,KRT
2026-05-16,KRT-048,0.0,KRT
2026-05-16,KRT-049,0.0,KRT
2026-05-16,KRT-050,0.0,KRT
2026-05-16,KRT-051,0.0,KRT
2026-05-16,KRT-052,0.0,KRT
2026-05-16,KRT-053,0.0,KRT
2026-05-16,KRT-054,0.0,KRT
2026-05-16,KRT-055,0.0,KRT
2026-05-16,KRT-056,0.0,KRT
2026-05-16,KRT-057,0.0,KRT
2026-05-16,KRT-058,0.0,KRT
2026-05-16,KRT-059,0.0,KRT
2026-05-16,KRT-060,0.0,KRT
2026-05-16,KRT-061,0.0,KRT
2026-05-16,KRT-062,0.0,KRT
2026-05-16,KRT-063,0.0,KRT
2026-05-16,KRT-064,0.0,KRT
2026-05-16,KRT-065,0.0,KRT
2026-05-16,KRT-066,0.0,KRT
2026-05-16,KRT-067,0.0,KRT
2026-05-16,KRT-068,0.0,KRT
2026-05-16,KRT-069,0.0,KRT
2026-05-16,KRT-070,0.0,KRT
2026-05-16,KRT-071,0.0,KRT
2026-05-16,KRT-072,0.0,KRT
2026-05-16,KRT-073,0.0,KRT
2026-05-16,KRT-074,0.0,KRT
2026-05-16,RDM-101,0.0,RDM
2026-05-16,RDM-102,0.0,RDM
2026-05-16,RDM-103,0.0,RDM
2026-05-16,RDM-104,0.0,RDM
2026-05-16,RDM-105,0.0,RDM
2026-05-16,RDM-106,0.0,RDM
2026-05-16,RDM-107,0.0,RDM
2026-05-16,RDM-108,0.0,RDM
2026-05-16,RDM-109,0.0,RDM
2026-05-16,RDM-110,0.0,RDM
2026-05-16,RDM-112,0.0,RDM
2026-05-16,RDM-113,0.0,RDM
2026-05-16,RDM-114,0.0,RDM
2026-05-16,RDM-115,0.0,RDM
2026-05-16,RDM-116,0.0,RDM
2026-05-16,RDM-117,0.0,RDM
2026-05-16,RDM-118,0.0,RDM
2026-05-16,RDM-119,0.0,RDM
2026-05-16,RDM-120,0.0,RDM
2026-05-16,RDM-121,0.0,RDM
2026-05-16,RDM-122,0.0,RDM
2026-05-16,RDM-123,0.0,RDM
2026-05-16,RDM-124,0.0,RDM
2026-05-16,RDM-125,0.0,RDM
2026-05-16,RDM-126,0.0,RDM
2026-05-16,RDM-127,0.0,RDM
2026-05-16,RDM-128,0.0,RDM
2026-05-16,RDM-129,0.0,RDM
2026-05-16,RDM-130,0.0,RDM
2026-05-16,RDM-131,0.0,RDM
2026-05-16,RDM-132,0.0,RDM
2026-05-16,RDM-133,0.0,RDM
2026-05-17,KRT-001,0.0,KRT
2026-05-17,KRT-002,0.0,KRT
2026-05-17,KRT-003,0.0,KRT
2026-05-17,KRT-004,0.0,KRT
2026-05-17,KRT-005,0.0,KRT
2026-05-17,KRT-006,0.0,KRT
2026-05-17,KRT-007,0.0,KRT
2026-05-17,KRT-008,0.0,KRT
2026-05-17,KRT-009,0.0,KRT
2026-05-17,KRT-010,0.0,KRT
2026-05-17,KRT-011,0.0,KRT
2026-05-17,KRT-012,0.0,KRT
2026-05-17,KRT-013,0.0,KRT
2026-05-17,KRT-014,0.0,KRT
2026-05-17,KRT-015,0.0,KRT
2026-05-17,KRT-016,0.0,KRT
2026-05-17,KRT-017,0.0,KRT
2026-05-17,KRT-018,0.0,KRT
2026-05-17,KRT-019,0.0,KRT
2026-05-17,KRT-020,0.0,KRT
2026-05-17,KRT-021,0.0,KRT
2026-05-17,KRT-022,0.0,KRT
2026-05-17,KRT-023,0.0,KRT
2026-05-17,KRT-024,0.0,KRT
2026-05-17,KRT-025,0.0,KRT
2026-05-17,KRT-026,0.0,KRT
2026-05-17,KRT-027,0.0,KRT
2026-05-17,KRT-028,0.0,KRT
2026-05-17,KRT-029,0.0,KRT
2026-05-17,KRT-030,0.0,KRT
2026-05-17,KRT-031,0.0,KRT
2026-05-17,KRT-032,0.0,KRT
2026-05-17,KRT-033,0.0,KRT
2026-05-17,KRT-034,0.0,KRT
2026-05-17,KRT-035,0.0,KRT
2026-05-17,KRT-036,0.0,KRT
2026-05-17,KRT-037,0.0,KRT
2026-05-17,KRT-038,0.0,KRT
2026-05-17,KRT-039,0.0,KRT
2026-05-17,KRT-040,0.0,KRT
2026-05-17,KRT-041,0.0,KRT
2026-05-17,KRT-042,0.0,KRT
2026-05-17,KRT-043,0.0,KRT
2026-05-17,KRT-044,0.0,KRT
2026-05-17,KRT-045,0.0,KRT
2026-05-17,KRT-046,0.0,KRT
2026-05-17,KRT-047,0.0,KRT
2026-05-17,KRT-048,0.0,KRT
2026-05-17,KRT-049,0.0,KRT
2026-05-17,KRT-050,0.0,KRT
2026-05-17,KRT-051,0.0,KRT
2026-05-17,KRT-052,0.0,KRT
2026-05-17,KRT-053,0.0,KRT
2026-05-17,KRT-054,0.0,KRT
2026-05-17,KRT-055,0.0,KRT
2026-05-17,KRT-056,0.0,KRT
2026-05-17,KRT-057,0.0,KRT
2026-05-17,KRT-058,0.0,KRT
2026-05-17,KRT-059,0.0,KRT
2026-05-17,KRT-060,0.0,KRT
2026-05-17,KRT-061,0.0,KRT
2026-05-17,KRT-062,0.0,KRT
2026-05-17,KRT-063,0.0,KRT
2026-05-17,KRT-064,0.0,KRT
2026-05-17,KRT-065,0.0,KRT
2026-05-17,KRT-066,0.0,KRT
2026-05-17,KRT-067,0.0,KRT
2026-05-17,KRT-068,0.0,KRT
2026-05-17,KRT-069,0.0,KRT
2026-05-17,KRT-070,0.0,KRT
2026-05-17,KRT-071,0.0,KRT
2026-05-17,KRT-072,0.0,KRT
2026-05-17,KRT-073,0.0,KRT
2026-05-17,KRT-074,0.0,KRT
2026-05-17,RDM-101,0.0,RDM
2026-05-17,RDM-102,0.0,RDM
2026-05-17,RDM-103,0.0,RDM
2026-05-17,RDM-104,0.0,RDM
2026-05-17,RDM-105,0.0,RDM
2026-05-17,RDM-106,0.0,RDM
2026-05-17,RDM-107,0.0,RDM
2026-05-17,RDM-108,0.0,RDM
2026-05-17,RDM-109,0.0,RDM
2026-05-17,RDM-110,0.0,RDM
2026-05-17,RDM-112,0.0,RDM
2026-05-17,RDM-113,0.0,RDM
2026-05-17,RDM-114,0.0,RDM
2026-05-17,RDM-115,0.0,RDM
2026-05-17,RDM-116,0.0,RDM
2026-05-17,RDM-117,0.0,RDM
2026-05-17,RDM-118,0.0,RDM
2026-05-17,RDM-119,0.0,RDM
2026-05-17,RDM-120,0.0,RDM
2026-05-17,RDM-121,0.0,RDM
2026-05-17,RDM-122,0.0,RDM
2026-05-17,RDM-123,0.0,RDM
2026-05-17,RDM-124,0.0,RDM
2026-05-17,RDM-125,0.0,RDM
2026-05-17,RDM-126,0.0,RDM
2026-05-17,RDM-127,0.0,RDM
2026-05-17,RDM-128,0.0,RDM
2026-05-17,RDM-129,0.0,RDM
2026-05-17,RDM-130,0.0,RDM
2026-05-17,RDM-131,0.0,RDM
2026-05-17,RDM-132,0.0,RDM
2026-05-17,RDM-133,0.0,RDM
2026-05-18,KRT-001,0.0,KRT
2026-05-18,KRT-002,0.0,KRT
2026-05-18,KRT-003,0.0,KRT
2026-05-18,KRT-004,0.0,KRT
2026-05-18,KRT-005,0.0,KRT
2026-05-18,KRT-006,0.0,KRT
2026-05-18,KRT-007,0.0,KRT
2026-05-18,KRT-008,0.0,KRT
2026-05-18,KRT-009,0.0,KRT
2026-05-18,KRT-010,0.0,KRT
2026-05-18,KRT-011,0.0,KRT
2026-05-18,KRT-012,0.0,KRT
2026-05-18,KRT-013,0.0,KRT
2026-05-18,KRT-014,0.0,KRT
2026-05-18,KRT-015,0.0,KRT
2026-05-18,KRT-016,0.0,KRT
2026-05-18,KRT-017,0.0,KRT
2026-05-18,KRT-018,0.0,KRT
2026-05-18,KRT-019,0.0,KRT
2026-05-18,KRT-020,0.0,KRT
2026-05-18,KRT-021,0.0,KRT
2026-05-18,KRT-022,0.0,KRT
2026-05-18,KRT-023,0.0,KRT
2026-05-18,KRT-024,0.0,KRT
2026-05-18,KRT-025,0.0,KRT
2026-05-18,KRT-026,0.0,KRT
2026-05-18,KRT-027,0.0,KRT
2026-05-18,KRT-028,0.0,KRT
2026-05-18,KRT-029,0.0,KRT
2026-05-18,KRT-030,0.0,KRT
2026-05-18,KRT-031,0.0,KRT
2026-05-18,KRT-032,0.0,KRT
2026-05-18,KRT-033,0.0,KRT
2026-05-18,KRT-034,0.0,KRT
2026-05-18,KRT-035,0.0,KRT
2026-05-18,KRT-036,0.0,KRT
2026-05-18,KRT-037,0.0,KRT
2026-05-18,KRT-038,0.0,KRT
2026-05-18,KRT-039,0.0,KRT
2026-05-18,KRT-040,0.0,KRT
2026-05-18,KRT-041,0.0,KRT
2026-05-18,KRT-042,0.0,KRT
2026-05-18,KRT-043,0.0,KRT
2026-05-18,KRT-044,0.0,KRT
2026-05-18,KRT-045,0.0,KRT
2026-05-18,KRT-046,0.0,KRT
2026-05-18,KRT-047,0.0,KRT
2026-05-18,KRT-048,0.0,KRT
2026-05-18,KRT-049,0.0,KRT
2026-05-18,KRT-050,0.0,KRT
2026-05-18,KRT-051,0.0,KRT
2026-05-18,KRT-052,0.0,KRT
2026-05-18,KRT-053,0.0,KRT
2026-05-18,KRT-054,0.0,KRT
2026-05-18,KRT-055,0.0,KRT
2026-05-18,KRT-056,0.0,KRT
2026-05-18,KRT-057,0.0,KRT
2026-05-18,KRT-058,0.0,KRT
2026-05-18,KRT-059,0.0,KRT
2026-05-18,KRT-060,0.0,KRT
2026-05-18,KRT-061,0.0,KRT
2026-05-18,KRT-062,0.0,KRT
2026-05-18,KRT-063,0.0,KRT
2026-05-18,KRT-064,0.0,KRT
2026-05-18,KRT-065,0.0,KRT
2026-05-18,KRT-066,0.0,KRT
2026-05-18,KRT-067,0.0,KRT
2026-05-18,KRT-068,0.0,KRT
2026-05-18,KRT-069,0.0,KRT
2026-05-18,KRT-070,0.0,KRT
2026-05-18,KRT-071,0.0,KRT
2026-05-18,KRT-072,0.0,KRT
2026-05-18,KRT-073,0.0,KRT
2026-05-18,KRT-074,0.0,KRT
2026-05-18,RDM-101,0.0,RDM
2026-05-18,RDM-102,0.0,RDM
2026-05-18,RDM-103,0.0,RDM
2026-05-18,RDM-104,0.0,RDM
2026-05-18,RDM-105,0.0,RDM
2026-05-18,RDM-106,0.0,RDM
2026-05-18,RDM-107,0.0,RDM
2026-05-18,RDM-108,0.0,RDM
2026-05-18,RDM-109,0.0,RDM
2026-05-18,RDM-110,0.0,RDM
2026-05-18,RDM-112,0.0,RDM
2026-05-18,RDM-113,0.0,RDM
2026-05-18,RDM-114,0.0,RDM
2026-05-18,RDM-115,0.0,RDM
2026-05-18,RDM-116,0.0,RDM
2026-05-18,RDM-117,0.0,RDM
2026-05-18,RDM-118,0.0,RDM
2026-05-18,RDM-119,0.0,RDM
2026-05-18,RDM-120,0.0,RDM
2026-05-18,RDM-121,0.0,RDM
2026-05-18,RDM-122,0.0,RDM
2026-05-18,RDM-123,0.0,RDM
2026-05-18,RDM-124,0.0,RDM
2026-05-18,RDM-125,0.0,RDM
2026-05-18,RDM-126,0.0,RDM
2026-05-18,RDM-127,0.0,RDM
2026-05-18,RDM-128,0.0,RDM
2026-05-18,RDM-129,0.0,RDM
2026-05-18,RDM-130,0.0,RDM
2026-05-18,RDM-131,0.0,RDM
2026-05-18,RDM-132,0.0,RDM
2026-05-18,RDM-133,0.0,RDM
2026-05-19,KRT-001,0.0,KRT
2026-05-19,KRT-002,0.0,KRT
2026-05-19,KRT-003,0.0,KRT
2026-05-19,KRT-004,0.0,KRT
2026-05-19,KRT-005,0.0,KRT
2026-05-19,KRT-006,0.0,KRT
2026-05-19,KRT-007,0.0,KRT
2026-05-19,KRT-008,0.0,KRT
2026-05-19,KRT-009,0.0,KRT
2026-05-19,KRT-010,0.0,KRT
2026-05-19,KRT-011,0.0,KRT
2026-05-19,KRT-012,0.0,KRT
2026-05-19,KRT-013,0.0,KRT
2026-05-19,KRT-014,0.0,KRT
2026-05-19,KRT-015,0.0,KRT
2026-05-19,KRT-016,0.0,KRT
2026-05-19,KRT-017,0.0,KRT
2026-05-19,KRT-018,0.0,KRT
2026-05-19,KRT-019,0.0,KRT
2026-05-19,KRT-020,0.0,KRT
2026-05-19,KRT-021,0.0,KRT
2026-05-19,KRT-022,0.0,KRT
2026-05-19,KRT-023,0.0,KRT
2026-05-19,KRT-024,0.0,KRT
2026-05-19,KRT-025,0.0,KRT
2026-05-19,KRT-026,0.0,KRT
2026-05-19,KRT-027,0.0,KRT
2026-05-19,KRT-028,0.0,KRT
2026-05-19,KRT-029,0.0,KRT
2026-05-19,KRT-030,0.0,KRT
2026-05-19,KRT-031,0.0,KRT
2026-05-19,KRT-032,0.0,KRT
2026-05-19,KRT-033,0.0,KRT
2026-05-19,KRT-034,0.0,KRT
2026-05-19,KRT-035,0.0,KRT
2026-05-19,KRT-036,0.0,KRT
2026-05-19,KRT-037,0.0,KRT
2026-05-19,KRT-038,0.0,KRT
2026-05-19,KRT-039,0.0,KRT
2026-05-19,KRT-040,0.0,KRT
2026-05-19,KRT-041,0.0,KRT
2026-05-19,KRT-042,0.0,KRT
2026-05-19,KRT-043,0.0,KRT
2026-05-19,KRT-044,0.0,KRT
2026-05-19,KRT-045,0.0,KRT
2026-05-19,KRT-046,0.0,KRT
2026-05-19,KRT-047,0.0,KRT
2026-05-19,KRT-048,0.0,KRT
2026-05-19,KRT-049,0.0,KRT
2026-05-19,KRT-050,0.0,KRT
2026-05-19,KRT-051,0.0,KRT
2026-05-19,KRT-052,0.0,KRT
2026-05-19,KRT-053,0.0,KRT
2026-05-19,KRT-054,0.0,KRT
2026-05-19,KRT-055,0.0,KRT
2026-05-19,KRT-056,0.0,KRT
2026-05-19,KRT-057,0.0,KRT
2026-05-19,KRT-058,0.0,KRT
2026-05-19,KRT-059,0.0,KRT
2026-05-19,KRT-060,0.0,KRT
2026-05-19,KRT-061,0.0,KRT
2026-05-19,KRT-062,0.0,KRT
2026-05-19,KRT-063,0.0,KRT
2026-05-19,KRT-064,0.0,KRT
2026-05-19,KRT-065,0.0,KRT
2026-05-19,KRT-066,0.0,KRT
2026-05-19,KRT-067,0.0,KRT
2026-05-19,KRT-068,0.0,KRT
2026-05-19,KRT-069,0.0,KRT
2026-05-19,KRT-070,0.0,KRT
2026-05-19,KRT-071,0.0,KRT
2026-05-19,KRT-072,0.0,KRT
2026-05-19,KRT-073,0.0,KRT
2026-05-19,KRT-074,0.0,KRT
2026-05-19,RDM-101,0.0,RDM
2026-05-19,RDM-102,0.0,RDM
2026-05-19,RDM-103,0.0,RDM
2026-05-19,RDM-104,0.0,RDM
2026-05-19,RDM-105,0.0,RDM
2026-05-19,RDM-106,0.0,RDM
2026-05-19,RDM-107,0.0,RDM
2026-05-19,RDM-108,0.0,RDM
2026-05-19,RDM-109,0.0,RDM
2026-05-19,RDM-110,0.0,RDM
2026-05-19,RDM-112,0.0,RDM
2026-05-19,RDM-113,0.0,RDM
2026-05-19,RDM-114,0.0,RDM
2026-05-19,RDM-115,0.0,RDM
2026-05-19,RDM-116,0.0,RDM
2026-05-19,RDM-117,0.0,RDM
2026-05-19,RDM-118,0.0,RDM
2026-05-19,RDM-119,0.0,RDM
2026-05-19,RDM-120,0.0,RDM
2026-05-19,RDM-121,0.0,RDM
2026-05-19,RDM-122,0.0,RDM
2026-05-19,RDM-123,0.0,RDM
2026-05-19,RDM-124,0.0,RDM
2026-05-19,RDM-125,0.0,RDM
2026-05-19,RDM-126,0.0,RDM
2026-05-19,RDM-127,0.0,RDM
2026-05-19,RDM-128,0.0,RDM
2026-05-19,RDM-129,0.0,RDM
2026-05-19,RDM-130,0.0,RDM
2026-05-19,RDM-131,0.0,RDM
2026-05-19,RDM-132,0.0,RDM
2026-05-19,RDM-133,0.0,RDM
2026-05-20,KRT-001,0.0,KRT
2026-05-20,KRT-002,0.0,KRT
2026-05-20,KRT-003,0.0,KRT
2026-05-20,KRT-004,0.0,KRT
2026-05-20,KRT-005,0.0,KRT
2026-05-20,KRT-006,0.0,KRT
2026-05-20,KRT-007,0.0,KRT
2026-05-20,KRT-008,0.0,KRT
2026-05-20,KRT-009,0.0,KRT
2026-05-20,KRT-010,0.0,KRT
2026-05-20,KRT-011,0.0,KRT
2026-05-20,KRT-012,0.0,KRT
2026-05-20,KRT-013,0.0,KRT
2026-05-20,KRT-014,0.0,KRT
2026-05-20,KRT-015,0.0,KRT
2026-05-20,KRT-016,0.0,KRT
2026-05-20,KRT-017,0.0,KRT
2026-05-20,KRT-018,0.0,KRT
2026-05-20,KRT-019,0.0,KRT
2026-05-20,KRT-020,0.0,KRT
2026-05-20,KRT-021,0.0,KRT
2026-05-20,KRT-022,0.0,KRT
2026-05-20,KRT-023,0.0,KRT
2026-05-20,KRT-024,0.0,KRT
2026-05-20,KRT-025,0.0,KRT
2026-05-20,KRT-026,0.0,KRT
2026-05-20,KRT-027,0.0,KRT
2026-05-20,KRT-028,0.0,KRT
2026-05-20,KRT-029,0.0,KRT
2026-05-20,KRT-030,0.0,KRT
2026-05-20,KRT-031,0.0,KRT
2026-05-20,KRT-032,0.0,KRT
2026-05-20,KRT-033,0.0,KRT
2026-05-20,KRT-034,0.0,KRT
2026-05-20,KRT-035,0.0,KRT
2026-05-20,KRT-036,0.0,KRT
2026-05-20,KRT-037,0.0,KRT
2026-05-20,KRT-038,0.0,KRT
2026-05-20,KRT-039,0.0,KRT
2026-05-20,KRT-040,0.0,KRT
2026-05-20,KRT-041,0.0,KRT
2026-05-20,KRT-042,0.0,KRT
2026-05-20,KRT-043,0.0,KRT
2026-05-20,KRT-044,0.0,KRT
2026-05-20,KRT-045,0.0,KRT
2026-05-20,KRT-046,0.0,KRT
2026-05-20,KRT-047,0.0,KRT
2026-05-20,KRT-048,0.0,KRT
2026-05-20,KRT-049,0.0,KRT
2026-05-20,KRT-050,0.0,KRT
2026-05-20,KRT-051,0.0,KRT
2026-05-20,KRT-052,0.0,KRT
2026-05-20,KRT-053,0.0,KRT
2026-05-20,KRT-054,0.0,KRT
2026-05-20,KRT-055,0.0,KRT
2026-05-20,KRT-056,0.0,KRT
2026-05-20,KRT-057,0.0,KRT
2026-05-20,KRT-058,0.0,KRT
2026-05-20,KRT-059,0.0,KRT
2026-05-20,KRT-060,0.0,KRT
2026-05-20,KRT-061,0.0,KRT
2026-05-20,KRT-062,0.0,KRT
2026-05-20,KRT-063,0.0,KRT
2026-05-20,KRT-064,0.0,KRT
2026-05-20,KRT-065,0.0,KRT
2026-05-20,KRT-066,0.0,KRT
2026-05-20,KRT-067,0.0,KRT
2026-05-20,KRT-068,0.0,KRT
2026-05-20,KRT-069,0.0,KRT
2026-05-20,KRT-070,0.0,KRT
2026-05-20,KRT-071,0.0,KRT
2026-05-20,KRT-072,0.0,KRT
2026-05-20,KRT-073,0.0,KRT
2026-05-20,KRT-074,0.0,KRT
2026-05-20,RDM-101,0.0,RDM
2026-05-20,RDM-102,0.0,RDM
2026-05-20,RDM-103,0.0,RDM
2026-05-20,RDM-104,0.0,RDM
2026-05-20,RDM-105,0.0,RDM
2026-05-20,RDM-106,0.0,RDM
2026-05-20,RDM-107,0.0,RDM
2026-05-20,RDM-108,0.0,RDM
2026-05-20,RDM-109,0.0,RDM
2026-05-20,RDM-110,0.0,RDM
2026-05-20,RDM-112,0.0,RDM
2026-05-20,RDM-113,0.0,RDM
2026-05-20,RDM-114,0.0,RDM
2026-05-20,RDM-115,0.0,RDM
2026-05-20,RDM-116,0.0,RDM
2026-05-20,RDM-117,0.0,RDM
2026-05-20,RDM-118,0.0,RDM
2026-05-20,RDM-119,0.0,RDM
2026-05-20,RDM-120,0.0,RDM
2026-05-20,RDM-121,0.0,RDM
2026-05-20,RDM-122,0.0,RDM
2026-05-20,RDM-123,0.0,RDM
2026-05-20,RDM-124,0.0,RDM
2026-05-20,RDM-125,0.0,RDM
2026-05-20,RDM-126,0.0,RDM
2026-05-20,RDM-127,0.0,RDM
2026-05-20,RDM-128,0.0,RDM
2026-05-20,RDM-129,0.0,RDM
2026-05-20,RDM-130,0.0,RDM
2026-05-20,RDM-131,0.0,RDM
2026-05-20,RDM-132,0.0,RDM
2026-05-20,RDM-133,0.0,RDM
2026-05-21,KRT-001,0.0,KRT
2026-05-21,KRT-002,0.0,KRT
2026-05-21,KRT-003,0.0,KRT
2026-05-21,KRT-004,0.0,KRT
2026-05-21,KRT-005,0.0,KRT
2026-05-21,KRT-006,0.0,KRT
2026-05-21,KRT-007,0.0,KRT
2026-05-21,KRT-008,0.0,KRT
2026-05-21,KRT-009,0.0,KRT
2026-05-21,KRT-010,0.0,KRT
2026-05-21,KRT-011,0.0,KRT
2026-05-21,KRT-012,0.0,KRT
2026-05-21,KRT-013,0.0,KRT
2026-05-21,KRT-014,0.0,KRT
2026-05-21,KRT-015,0.0,KRT
2026-05-21,KRT-016,0.0,KRT
2026-05-21,KRT-017,0.0,KRT
2026-05-21,KRT-018,0.0,KRT
2026-05-21,KRT-019,0.0,KRT
2026-05-21,KRT-020,0.0,KRT
2026-05-21,KRT-021,0.0,KRT
2026-05-21,KRT-022,0.0,KRT
2026-05-21,KRT-023,0.0,KRT
2026-05-21,KRT-024,0.0,KRT
2026-05-21,KRT-025,0.0,KRT
2026-05-21,KRT-026,0.0,KRT
2026-05-21,KRT-027,0.0,KRT
2026-05-21,KRT-028,0.0,KRT
2026-05-21,KRT-029,0.0,KRT
2026-05-21,KRT-030,0.0,KRT
2026-05-21,KRT-031,0.0,KRT
2026-05-21,KRT-032,0.0,KRT
2026-05-21,KRT-033,0.0,KRT
2026-05-21,KRT-034,0.0,KRT
2026-05-21,KRT-035,0.0,KRT
2026-05-21,KRT-036,0.0,KRT
2026-05-21,KRT-037,0.0,KRT
2026-05-21,KRT-038,0.0,KRT
2026-05-21,KRT-039,0.0,KRT
2026-05-21,KRT-040,0.0,KRT
2026-05-21,KRT-041,0.0,KRT
2026-05-21,KRT-042,0.0,KRT
2026-05-21,KRT-043,0.0,KRT
2026-05-21,KRT-044,0.0,KRT
2026-05-21,KRT-045,0.0,KRT
2026-05-21,KRT-046,0.0,KRT
2026-05-21,KRT-047,0.0,KRT
2026-05-21,KRT-048,0.0,KRT
2026-05-21,KRT-049,0.0,KRT
2026-05-21,KRT-050,0.0,KRT
2026-05-21,KRT-051,0.0,KRT
2026-05-21,KRT-052,0.0,KRT
2026-05-21,KRT-053,0.0,KRT
2026-05-21,KRT-054,0.0,KRT
2026-05-21,KRT-055,0.0,KRT
2026-05-21,KRT-056,0.0,KRT
2026-05-21,KRT-057,0.0,KRT
2026-05-21,KRT-058,0.0,KRT
2026-05-21,KRT-059,0.0,KRT
2026-05-21,KRT-060,0.0,KRT
2026-05-21,KRT-061,0.0,KRT
2026-05-21,KRT-062,0.0,KRT
2026-05-21,KRT-063,0.0,KRT
2026-05-21,KRT-064,0.0,KRT
2026-05-21,KRT-065,0.0,KRT
2026-05-21,KRT-066,0.0,KRT
2026-05-21,KRT-067,0.0,KRT
2026-05-21,KRT-068,0.0,KRT
2026-05-21,KRT-069,0.0,KRT
2026-05-21,KRT-070,0.0,KRT
2026-05-21,KRT-071,0.0,KRT
2026-05-21,KRT-072,0.0,KRT
2026-05-21,KRT-073,0.0,KRT
2026-05-21,KRT-074,0.0,KRT
2026-05-21,RDM-101,0.0,RDM
2026-05-21,RDM-102,0.0,RDM
2026-05-21,RDM-103,0.0,RDM
2026-05-21,RDM-104,0.0,RDM
2026-05-21,RDM-105,0.0,RDM
2026-05-21,RDM-106,0.0,RDM
2026-05-21,RDM-107,0.0,RDM
2026-05-21,RDM-108,0.0,RDM
2026-05-21,RDM-109,0.0,RDM
2026-05-21,RDM-110,0.0,RDM
2026-05-21,RDM-112,0.0,RDM
2026-05-21,RDM-113,0.0,RDM
2026-05-21,RDM-114,0.0,RDM
2026-05-21,RDM-115,0.0,RDM
2026-05-21,RDM-116,0.0,RDM
2026-05-21,RDM-117,0.0,RDM
2026-05-21,RDM-118,0.0,RDM
2026-05-21,RDM-119,0.0,RDM
2026-05-21,RDM-120,0.0,RDM
2026-05-21,RDM-121,0.0,RDM
2026-05-21,RDM-122,0.0,RDM
2026-05-21,RDM-123,0.0,RDM
2026-05-21,RDM-124,0.0,RDM
2026-05-21,RDM-125,0.0,RDM
2026-05-21,RDM-126,0.0,RDM
2026-05-21,RDM-127,0.0,RDM
2026-05-21,RDM-128,0.0,RDM
2026-05-21,RDM-129,0.0,RDM
2026-05-21,RDM-130,0.0,RDM
2026-05-21,RDM-131,0.0,RDM
2026-05-21,RDM-132,0.0,RDM
2026-05-21,RDM-133,0.0,RDM
2026-05-22,KRT-001,0.0,KRT
2026-05-22,KRT-002,0.0,KRT
2026-05-22,KRT-003,0.0,KRT
2026-05-22,KRT-004,0.0,KRT
2026-05-22,KRT-005,0.0,KRT
2026-05-22,KRT-006,0.0,KRT
2026-05-22,KRT-007,0.0,KRT
2026-05-22,KRT-008,0.0,KRT
2026-05-22,KRT-009,0.0,KRT
2026-05-22,KRT-010,0.0,KRT
2026-05-22,KRT-011,0.0,KRT
2026-05-22,KRT-012,0.0,KRT
2026-05-22,KRT-013,0.0,KRT
2026-05-22,KRT-014,0.0,KRT
2026-05-22,KRT-015,0.0,KRT
2026-05-22,KRT-016,0.0,KRT
2026-05-22,KRT-017,0.0,KRT
2026-05-22,KRT-018,0.0,KRT
2026-05-22,KRT-019,0.0,KRT
2026-05-22,KRT-020,0.0,KRT
2026-05-22,KRT-021,0.0,KRT
2026-05-22,KRT-022,0.0,KRT
2026-05-22,KRT-023,0.0,KRT
2026-05-22,KRT-024,0.0,KRT
2026-05-22,KRT-025,0.0,KRT
2026-05-22,KRT-026,0.0,KRT
2026-05-22,KRT-027,0.0,KRT
2026-05-22,KRT-028,0.0,KRT
2026-05-22,KRT-029,0.0,KRT
2026-05-22,KRT-030,0.0,KRT
2026-05-22,KRT-031,0.0,KRT
2026-05-22,KRT-032,0.0,KRT
2026-05-22,KRT-033,0.0,KRT
2026-05-22,KRT-034,0.0,KRT
2026-05-22,KRT-035,0.0,KRT
2026-05-22,KRT-036,0.0,KRT
2026-05-22,KRT-037,0.0,KRT
2026-05-22,KRT-038,0.0,KRT
2026-05-22,KRT-039,0.0,KRT
2026-05-22,KRT-040,0.0,KRT
2026-05-22,KRT-041,0.0,KRT
2026-05-22,KRT-042,0.0,KRT
2026-05-22,KRT-043,0.0,KRT
2026-05-22,KRT-044,0.0,KRT
2026-05-22,KRT-045,0.0,KRT
2026-05-22,KRT-046,0.0,KRT
2026-05-22,KRT-047,0.0,KRT
2026-05-22,KRT-048,0.0,KRT
2026-05-22,KRT-049,0.0,KRT
2026-05-22,KRT-050,0.0,KRT
2026-05-22,KRT-051,0.0,KRT
2026-05-22,KRT-052,0.0,KRT
2026-05-22,KRT-053,0.0,KRT
2026-05-22,KRT-054,0.0,KRT
2026-05-22,KRT-055,0.0,KRT
2026-05-22,KRT-056,0.0,KRT
2026-05-22,KRT-057,0.0,KRT
2026-05-22,KRT-058,0.0,KRT
2026-05-22,KRT-059,0.0,KRT
2026-05-22,KRT-060,0.0,KRT
2026-05-22,KRT-061,0.0,KRT
2026-05-22,KRT-062,0.0,KRT
2026-05-22,KRT-063,0.0,KRT
2026-05-22,KRT-064,0.0,KRT
2026-05-22,KRT-065,0.0,KRT
2026-05-22,KRT-066,0.0,KRT
2026-05-22,KRT-067,0.0,KRT
2026-05-22,KRT-068,0.0,KRT
2026-05-22,KRT-069,0.0,KRT
2026-05-22,KRT-070,0.0,KRT
2026-05-22,KRT-071,0.0,KRT
2026-05-22,KRT-072,0.0,KRT
2026-05-22,KRT-073,0.0,KRT
2026-05-22,KRT-074,0.0,KRT
2026-05-22,RDM-101,0.0,RDM
2026-05-22,RDM-102,0.0,RDM
2026-05-22,RDM-103,0.0,RDM
2026-05-22,RDM-104,0.0,RDM
2026-05-22,RDM-105,0.0,RDM
2026-05-22,RDM-106,0.0,RDM
2026-05-22,RDM-107,0.0,RDM
2026-05-22,RDM-108,0.0,RDM
2026-05-22,RDM-109,0.0,RDM
2026-05-22,RDM-110,0.0,RDM
2026-05-22,RDM-112,0.0,RDM
2026-05-22,RDM-113,0.0,RDM
2026-05-22,RDM-114,0.0,RDM
2026-05-22,RDM-115,0.0,RDM
2026-05-22,RDM-116,0.0,RDM
2026-05-22,RDM-117,0.0,RDM
2026-05-22,RDM-118,0.0,RDM
2026-05-22,RDM-119,0.0,RDM
2026-05-22,RDM-120,0.0,RDM
2026-05-22,RDM-121,0.0,RDM
2026-05-22,RDM-122,0.0,RDM
2026-05-22,RDM-123,0.0,RDM
2026-05-22,RDM-124,0.0,RDM
2026-05-22,RDM-125,0.0,RDM
2026-05-22,RDM-126,0.0,RDM
2026-05-22,RDM-127,0.0,RDM
2026-05-22,RDM-128,0.0,RDM
2026-05-22,RDM-129,0.0,RDM
2026-05-22,RDM-130,0.0,RDM
2026-05-22,RDM-131,0.0,RDM
2026-05-22,RDM-132,0.0,RDM
2026-05-22,RDM-133,0.0,RDM
2026-05-23,KRT-001,0.0,KRT
2026-05-23,KRT-002,0.0,KRT
2026-05-23,KRT-003,0.0,KRT
2026-05-23,KRT-004,0.0,KRT
2026-05-23,KRT-005,0.0,KRT
2026-05-23,KRT-006,0.0,KRT
2026-05-23,KRT-007,0.0,KRT
2026-05-23,KRT-008,0.0,KRT
2026-05-23,KRT-009,0.0,KRT
2026-05-23,KRT-010,0.0,KRT
2026-05-23,KRT-011,0.0,KRT
2026-05-23,KRT-012,0.0,KRT
2026-05-23,KRT-013,0.0,KRT
2026-05-23,KRT-014,0.0,KRT
2026-05-23,KRT-015,0.0,KRT
2026-05-23,KRT-016,0.0,KRT
2026-05-23,KRT-017,0.0,KRT
2026-05-23,KRT-018,0.0,KRT
2026-05-23,KRT-019,0.0,KRT
2026-05-23,KRT-020,0.0,KRT
2026-05-23,KRT-021,0.0,KRT
2026-05-23,KRT-022,0.0,KRT
2026-05-23,KRT-023,0.0,KRT
2026-05-23,KRT-024,0.0,KRT
2026-05-23,KRT-025,0.0,KRT
2026-05-23,KRT-026,0.0,KRT
2026-05-23,KRT-027,0.0,KRT
2026-05-23,KRT-028,0.0,KRT
2026-05-23,KRT-029,0.0,KRT
2026-05-23,KRT-030,0.0,KRT
2026-05-23,KRT-031,0.0,KRT
2026-05-23,KRT-032,0.0,KRT
2026-05-23,KRT-033,0.0,KRT
2026-05-23,KRT-034,0.0,KRT
2026-05-23,KRT-035,0.0,KRT
2026-05-23,KRT-036,0.0,KRT
2026-05-23,KRT-037,0.0,KRT
2026-05-23,KRT-038,0.0,KRT
2026-05-23,KRT-039,0.0,KRT
2026-05-23,KRT-040,0.0,KRT
2026-05-23,KRT-041,0.0,KRT
2026-05-23,KRT-042,0.0,KRT
2026-05-23,KRT-043,0.0,KRT
2026-05-23,KRT-044,0.0,KRT
2026-05-23,KRT-045,0.0,KRT
2026-05-23,KRT-046,0.0,KRT
2026-05-23,KRT-047,0.0,KRT
2026-05-23,KRT-048,0.0,KRT
2026-05-23,KRT-049,0.0,KRT
2026-05-23,KRT-050,0.0,KRT
2026-05-23,KRT-051,0.0,KRT
2026-05-23,KRT-052,0.0,KRT
2026-05-23,KRT-053,0.0,KRT
2026-05-23,KRT-054,0.0,KRT
2026-05-23,KRT-055,0.0,KRT
2026-05-23,KRT-056,0.0,KRT
2026-05-23,KRT-057,0.0,KRT
2026-05-23,KRT-058,0.0,KRT
2026-05-23,KRT-059,0.0,KRT
2026-05-23,KRT-060,0.0,KRT
2026-05-23,KRT-061,0.0,KRT
2026-05-23,KRT-062,0.0,KRT
2026-05-23,KRT-063,0.0,KRT
2026-05-23,KRT-064,0.0,KRT
2026-05-23,KRT-065,0.0,KRT
2026-05-23,KRT-066,0.0,KRT
2026-05-23,KRT-067,0.0,KRT
2026-05-23,KRT-068,0.0,KRT
2026-05-23,KRT-069,0.0,KRT
2026-05-23,KRT-070,0.0,KRT
2026-05-23,KRT-071,0.0,KRT
2026-05-23,KRT-072,0.0,KRT
2026-05-23,KRT-073,0.0,KRT
2026-05-23,KRT-074,0.0,KRT
2026-05-23,RDM-101,0.0,RDM
2026-05-23,RDM-102,0.0,RDM
2026-05-23,RDM-103,0.0,RDM
2026-05-23,RDM-104,0.0,RDM
2026-05-23,RDM-105,0.0,RDM
2026-05-23,RDM-106,0.0,RDM
2026-05-23,RDM-107,0.0,RDM
2026-05-23,RDM-108,0.0,RDM
2026-05-23,RDM-109,0.0,RDM
2026-05-23,RDM-110,0.0,RDM
2026-05-23,RDM-112,0.0,RDM
2026-05-23,RDM-113,0.0,RDM
2026-05-23,RDM-114,0.0,RDM
2026-05-23,RDM-115,0.0,RDM
2026-05-23,RDM-116,0.0,RDM
2026-05-23,RDM-117,0.0,RDM
2026-05-23,RDM-118,0.0,RDM
2026-05-23,RDM-119,0.0,RDM
2026-05-23,RDM-120,0.0,RDM
2026-05-23,RDM-121,0.0,RDM
2026-05-23,RDM-122,0.0,RDM
2026-05-23,RDM-123,0.0,RDM
2026-05-23,RDM-124,0.0,RDM
2026-05-23,RDM-125,0.0,RDM
2026-05-23,RDM-126,0.0,RDM
2026-05-23,RDM-127,0.0,RDM
2026-05-23,RDM-128,0.0,RDM
2026-05-23,RDM-129,0.0,RDM
2026-05-23,RDM-130,0.0,RDM
2026-05-23,RDM-131,0.0,RDM
2026-05-23,RDM-132,0.0,RDM
2026-05-23,RDM-133,0.0,RDM
2026-05-24,KRT-001,0.0,KRT
2026-05-24,KRT-002,0.0,KRT
2026-05-24,KRT-003,0.0,KRT
2026-05-24,KRT-004,0.0,KRT
2026-05-24,KRT-005,0.0,KRT
2026-05-24,KRT-006,0.0,KRT
2026-05-24,KRT-007,0.0,KRT
2026-05-24,KRT-008,0.0,KRT
2026-05-24,KRT-009,0.0,KRT
2026-05-24,KRT-010,0.0,KRT
2026-05-24,KRT-011,0.0,KRT
2026-05-24,KRT-012,0.0,KRT
2026-05-24,KRT-013,0.0,KRT
2026-05-24,KRT-014,0.0,KRT
2026-05-24,KRT-015,0.0,KRT
2026-05-24,KRT-016,0.0,KRT
2026-05-24,KRT-017,0.0,KRT
2026-05-24,KRT-018,0.0,KRT
2026-05-24,KRT-019,0.0,KRT
2026-05-24,KRT-020,0.0,KRT
2026-05-24,KRT-021,0.0,KRT
2026-05-24,KRT-022,0.0,KRT
2026-05-24,KRT-023,0.0,KRT
2026-05-24,KRT-024,0.0,KRT
2026-05-24,KRT-025,0.0,KRT
2026-05-24,KRT-026,0.0,KRT
2026-05-24,KRT-027,0.0,KRT
2026-05-24,KRT-028,0.0,KRT
2026-05-24,KRT-029,0.0,KRT
2026-05-24,KRT-030,0.0,KRT
2026-05-24,KRT-031,0.0,KRT
2026-05-24,KRT-032,0.0,KRT
2026-05-24,KRT-033,0.0,KRT
2026-05-24,KRT-034,0.0,KRT
2026-05-24,KRT-035,0.0,KRT
2026-05-24,KRT-036,0.0,KRT
2026-05-24,KRT-037,0.0,KRT
2026-05-24,KRT-038,0.0,KRT
2026-05-24,KRT-039,0.0,KRT
2026-05-24,KRT-040,0.0,KRT
2026-05-24,KRT-041,0.0,KRT
2026-05-24,KRT-042,0.0,KRT
2026-05-24,KRT-043,0.0,KRT
2026-05-24,KRT-044,0.0,KRT
2026-05-24,KRT-045,0.0,KRT
2026-05-24,KRT-046,0.0,KRT
2026-05-24,KRT-047,0.0,KRT
2026-05-24,KRT-048,0.0,KRT
2026-05-24,KRT-049,0.0,KRT
2026-05-24,KRT-050,0.0,KRT
2026-05-24,KRT-051,0.0,KRT
2026-05-24,KRT-052,0.0,KRT
2026-05-24,KRT-053,0.0,KRT
2026-05-24,KRT-054,0.0,KRT
2026-05-24,KRT-055,0.0,KRT
2026-05-24,KRT-056,0.0,KRT
2026-05-24,KRT-057,0.0,KRT
2026-05-24,KRT-058,0.0,KRT
2026-05-24,KRT-059,0.0,KRT
2026-05-24,KRT-060,0.0,KRT
2026-05-24,KRT-061,0.0,KRT
2026-05-24,KRT-062,0.0,KRT
2026-05-24,KRT-063,0.0,KRT
2026-05-24,KRT-064,0.0,KRT
2026-05-24,KRT-065,0.0,KRT
2026-05-24,KRT-066,0.0,KRT
2026-05-24,KRT-067,0.0,KRT
2026-05-24,KRT-068,0.0,KRT
2026-05-24,KRT-069,0.0,KRT
2026-05-24,KRT-070,0.0,KRT
2026-05-24,KRT-071,0.0,KRT
2026-05-24,KRT-072,0.0,KRT
2026-05-24,KRT-073,0.0,KRT
2026-05-24,KRT-074,0.0,KRT
2026-05-24,RDM-101,0.0,RDM
2026-05-24,RDM-102,0.0,RDM
2026-05-24,RDM-103,0.0,RDM
2026-05-24,RDM-104,0.0,RDM
2026-05-24,RDM-105,0.0,RDM
2026-05-24,RDM-106,0.0,RDM
2026-05-24,RDM-107,0.0,RDM
2026-05-24,RDM-108,0.0,RDM
2026-05-24,RDM-109,0.0,RDM
2026-05-24,RDM-110,0.0,RDM
2026-05-24,RDM-112,0.0,RDM
2026-05-24,RDM-113,0.0,RDM
2026-05-24,RDM-114,0.0,RDM
2026-05-24,RDM-115,0.0,RDM
2026-05-24,RDM-116,0.0,RDM
2026-05-24,RDM-117,0.0,RDM
2026-05-24,RDM-118,0.0,RDM
2026-05-24,RDM-119,0.0,RDM
2026-05-24,RDM-120,0.0,RDM
2026-05-24,RDM-121,0.0,RDM
2026-05-24,RDM-122,0.0,RDM
2026-05-24,RDM-123,0.0,RDM
2026-05-24,RDM-124,0.0,RDM
2026-05-24,RDM-125,0.0,RDM
2026-05-24,RDM-126,0.0,RDM
2026-05-24,RDM-127,0.0,RDM
2026-05-24,RDM-128,0.0,RDM
2026-05-24,RDM-129,0.0,RDM
2026-05-24,RDM-130,0.0,RDM
2026-05-24,RDM-131,0.0,RDM
2026-05-24,RDM-132,0.0,RDM
2026-05-24,RDM-133,0.0,RDM
2026-05-25,KRT-001,0.0,KRT
2026-05-25,KRT-002,0.0,KRT
2026-05-25,KRT-003,0.0,KRT
2026-05-25,KRT-004,0.0,KRT
2026-05-25,KRT-005,0.0,KRT
2026-05-25,KRT-006,0.0,KRT
2026-05-25,KRT-007,0.0,KRT
2026-05-25,KRT-008,0.0,KRT
2026-05-25,KRT-009,0.0,KRT
2026-05-25,KRT-010,0.0,KRT
2026-05-25,KRT-011,0.0,KRT
2026-05-25,KRT-012,0.0,KRT
2026-05-25,KRT-013,0.0,KRT
2026-05-25,KRT-014,0.0,KRT
2026-05-25,KRT-015,0.0,KRT
2026-05-25,KRT-016,0.0,KRT
2026-05-25,KRT-017,0.0,KRT
2026-05-25,KRT-018,0.0,KRT
2026-05-25,KRT-019,0.0,KRT
2026-05-25,KRT-020,0.0,KRT
2026-05-25,KRT-021,0.0,KRT
2026-05-25,KRT-022,0.0,KRT
2026-05-25,KRT-023,0.0,KRT
2026-05-25,KRT-024,0.0,KRT
2026-05-25,KRT-025,0.0,KRT
2026-05-25,KRT-026,0.0,KRT
2026-05-25,KRT-027,0.0,KRT
2026-05-25,KRT-028,0.0,KRT
2026-05-25,KRT-029,0.0,KRT
2026-05-25,KRT-030,0.0,KRT
2026-05-25,KRT-031,0.0,KRT
2026-05-25,KRT-032,0.0,KRT
2026-05-25,KRT-033,0.0,KRT
2026-05-25,KRT-034,0.0,KRT
2026-05-25,KRT-035,0.0,KRT
2026-05-25,KRT-036,0.0,KRT
2026-05-25,KRT-037,0.0,KRT
2026-05-25,KRT-038,0.0,KRT
2026-05-25,KRT-039,0.0,KRT
2026-05-25,KRT-040,0.0,KRT
2026-05-25,KRT-041,0.0,KRT
2026-05-25,KRT-042,0.0,KRT
2026-05-25,KRT-043,0.0,KRT
2026-05-25,KRT-044,0.0,KRT
2026-05-25,KRT-045,0.0,KRT
2026-05-25,KRT-046,0.0,KRT
2026-05-25,KRT-047,0.0,KRT
2026-05-25,KRT-048,0.0,KRT
2026-05-25,KRT-049,0.0,KRT
2026-05-25,KRT-050,0.0,KRT
2026-05-25,KRT-051,0.0,KRT
2026-05-25,KRT-052,0.0,KRT
2026-05-25,KRT-053,0.0,KRT
2026-05-25,KRT-054,0.0,KRT
2026-05-25,KRT-055,0.0,KRT
2026-05-25,KRT-056,0.0,KRT
2026-05-25,KRT-057,0.0,KRT
2026-05-25,KRT-058,0.0,KRT
2026-05-25,KRT-059,0.0,KRT
2026-05-25,KRT-060,0.0,KRT
2026-05-25,KRT-061,0.0,KRT
2026-05-25,KRT-062,0.0,KRT
2026-05-25,KRT-063,0.0,KRT
2026-05-25,KRT-064,0.0,KRT
2026-05-25,KRT-065,0.0,KRT
2026-05-25,KRT-066,0.0,KRT
2026-05-25,KRT-067,0.0,KRT
2026-05-25,KRT-068,0.0,KRT
2026-05-25,KRT-069,0.0,KRT
2026-05-25,KRT-070,0.0,KRT
2026-05-25,KRT-071,0.0,KRT
2026-05-25,KRT-072,0.0,KRT
2026-05-25,KRT-073,0.0,KRT
2026-05-25,KRT-074,0.0,KRT
2026-05-25,RDM-101,0.0,RDM
2026-05-25,RDM-102,0.0,RDM
2026-05-25,RDM-103,0.0,RDM
2026-05-25,RDM-104,0.0,RDM
2026-05-25,RDM-105,0.0,RDM
2026-05-25,RDM-106,0.0,RDM
2026-05-25,RDM-107,0.0,RDM
2026-05-25,RDM-108,0.0,RDM
2026-05-25,RDM-109,0.0,RDM
2026-05-25,RDM-110,0.0,RDM
2026-05-25,RDM-112,0.0,RDM
2026-05-25,RDM-113,0.0,RDM
2026-05-25,RDM-114,0.0,RDM
2026-05-25,RDM-115,0.0,RDM
2026-05-25,RDM-116,0.0,RDM
2026-05-25,RDM-117,0.0,RDM
2026-05-25,RDM-118,0.0,RDM
2026-05-25,RDM-119,0.0,RDM
2026-05-25,RDM-120,0.0,RDM
2026-05-25,RDM-121,0.0,RDM
2026-05-25,RDM-122,0.0,RDM
2026-05-25,RDM-123,0.0,RDM
2026-05-25,RDM-124,0.0,RDM
2026-05-25,RDM-125,0.0,RDM
2026-05-25,RDM-126,0.0,RDM
2026-05-25,RDM-127,0.0,RDM
2026-05-25,RDM-128,0.0,RDM
2026-05-25,RDM-129,0.0,RDM
2026-05-25,RDM-130,0.0,RDM
2026-05-25,RDM-131,0.0,RDM
2026-05-25,RDM-132,0.0,RDM
2026-05-25,RDM-133,0.0,RDM
2026-05-26,KRT-001,0.0,KRT
2026-05-26,KRT-002,0.0,KRT
2026-05-26,KRT-003,0.0,KRT
2026-05-26,KRT-004,0.0,KRT
2026-05-26,KRT-005,0.0,KRT
2026-05-26,KRT-006,0.0,KRT
2026-05-26,KRT-007,0.0,KRT
2026-05-26,KRT-008,0.0,KRT
2026-05-26,KRT-009,0.0,KRT
2026-05-26,KRT-010,0.0,KRT
2026-05-26,KRT-011,0.0,KRT
2026-05-26,KRT-012,0.0,KRT
2026-05-26,KRT-013,0.0,KRT
2026-05-26,KRT-014,0.0,KRT
2026-05-26,KRT-015,0.0,KRT
2026-05-26,KRT-016,0.0,KRT
2026-05-26,KRT-017,0.0,KRT
2026-05-26,KRT-018,0.0,KRT
2026-05-26,KRT-019,0.0,KRT
2026-05-26,KRT-020,0.0,KRT
2026-05-26,KRT-021,0.0,KRT
2026-05-26,KRT-022,0.0,KRT
2026-05-26,KRT-023,0.0,KRT
2026-05-26,KRT-024,0.0,KRT
2026-05-26,KRT-025,0.0,KRT
2026-05-26,KRT-026,0.0,KRT
2026-05-26,KRT-027,0.0,KRT
2026-05-26,KRT-028,0.0,KRT
2026-05-26,KRT-029,0.0,KRT
2026-05-26,KRT-030,0.0,KRT
2026-05-26,KRT-031,0.0,KRT
2026-05-26,KRT-032,0.0,KRT
2026-05-26,KRT-033,0.0,KRT
2026-05-26,KRT-034,0.0,KRT
2026-05-26,KRT-035,0.0,KRT
2026-05-26,KRT-036,0.0,KRT
2026-05-26,KRT-037,0.0,KRT
2026-05-26,KRT-038,0.0,KRT
2026-05-26,KRT-039,0.0,KRT
2026-05-26,KRT-040,0.0,KRT
2026-05-26,KRT-041,0.0,KRT
2026-05-26,KRT-042,0.0,KRT
2026-05-26,KRT-043,0.0,KRT
2026-05-26,KRT-044,0.0,KRT
2026-05-26,KRT-045,0.0,KRT
2026-05-26,KRT-046,0.0,KRT
2026-05-26,KRT-047,0.0,KRT
2026-05-26,KRT-048,0.0,KRT
2026-05-26,KRT-049,0.0,KRT
2026-05-26,KRT-050,0.0,KRT
2026-05-26,KRT-051,0.0,KRT
2026-05-26,KRT-052,0.0,KRT
2026-05-26,KRT-053,0.0,KRT
2026-05-26,KRT-054,0.0,KRT
2026-05-26,KRT-055,0.0,KRT
2026-05-26,KRT-056,0.0,KRT
2026-05-26,KRT-057,0.0,KRT
2026-05-26,KRT-058,0.0,KRT
2026-05-26,KRT-059,0.0,KRT
2026-05-26,KRT-060,0.0,KRT
2026-05-26,KRT-061,0.0,KRT
2026-05-26,KRT-062,0.0,KRT
2026-05-26,KRT-063,0.0,KRT
2026-05-26,KRT-064,0.0,KRT
2026-05-26,KRT-065,0.0,KRT
2026-05-26,KRT-066,0.0,KRT
2026-05-26,KRT-067,0.0,KRT
2026-05-26,KRT-068,0.0,KRT
2026-05-26,KRT-069,0.0,KRT
2026-05-26,KRT-070,0.0,KRT
2026-05-26,KRT-071,0.0,KRT
2026-05-26,KRT-072,0.0,KRT
2026-05-26,KRT-073,0.0,KRT
2026-05-26,KRT-074,0.0,KRT
2026-05-26,RDM-101,0.0,RDM
2026-05-26,RDM-102,0.0,RDM
2026-05-26,RDM-103,0.0,RDM
2026-05-26,RDM-104,0.0,RDM
2026-05-26,RDM-105,0.0,RDM
2026-05-26,RDM-106,0.0,RDM
2026-05-26,RDM-107,0.0,RDM
2026-05-26,RDM-108,0.0,RDM
2026-05-26,RDM-109,0.0,RDM
2026-05-26,RDM-110,0.0,RDM
2026-05-26,RDM-112,0.0,RDM
2026-05-26,RDM-113,0.0,RDM
2026-05-26,RDM-114,0.0,RDM
2026-05-26,RDM-115,0.0,RDM
2026-05-26,RDM-116,0.0,RDM
2026-05-26,RDM-117,0.0,RDM
2026-05-26,RDM-118,0.0,RDM
2026-05-26,RDM-119,0.0,RDM
2026-05-26,RDM-120,0.0,RDM
2026-05-26,RDM-121,0.0,RDM
2026-05-26,RDM-122,0.0,RDM
2026-05-26,RDM-123,0.0,RDM
2026-05-26,RDM-124,0.0,RDM
2026-05-26,RDM-125,0.0,RDM
2026-05-26,RDM-126,0.0,RDM
2026-05-26,RDM-127,0.0,RDM
2026-05-26,RDM-128,0.0,RDM
2026-05-26,RDM-129,0.0,RDM
2026-05-26,RDM-130,0.0,RDM
2026-05-26,RDM-131,0.0,RDM
2026-05-26,RDM-132,0.0,RDM
2026-05-26,RDM-133,0.0,RDM
2026-05-27,KRT-001,0.0,KRT
2026-05-27,KRT-002,0.0,KRT
2026-05-27,KRT-003,0.0,KRT
2026-05-27,KRT-004,0.0,KRT
2026-05-27,KRT-005,0.0,KRT
2026-05-27,KRT-006,0.0,KRT
2026-05-27,KRT-007,0.0,KRT
2026-05-27,KRT-008,0.0,KRT
2026-05-27,KRT-009,0.0,KRT
2026-05-27,KRT-010,0.0,KRT
2026-05-27,KRT-011,0.0,KRT
2026-05-27,KRT-012,0.0,KRT
2026-05-27,KRT-013,0.0,KRT
2026-05-27,KRT-014,0.0,KRT
2026-05-27,KRT-015,0.0,KRT
2026-05-27,KRT-016,0.0,KRT
2026-05-27,KRT-017,0.0,KRT
2026-05-27,KRT-018,0.0,KRT
2026-05-27,KRT-019,0.0,KRT
2026-05-27,KRT-020,0.0,KRT
2026-05-27,KRT-021,0.0,KRT
2026-05-27,KRT-022,0.0,KRT
2026-05-27,KRT-023,0.0,KRT
2026-05-27,KRT-024,0.0,KRT
2026-05-27,KRT-025,0.0,KRT
2026-05-27,KRT-026,0.0,KRT
2026-05-27,KRT-027,0.0,KRT
2026-05-27,KRT-028,0.0,KRT
2026-05-27,KRT-029,0.0,KRT
2026-05-27,KRT-030,0.0,KRT
2026-05-27,KRT-031,0.0,KRT
2026-05-27,KRT-032,0.0,KRT
2026-05-27,KRT-033,0.0,KRT
2026-05-27,KRT-034,0.0,KRT
2026-05-27,KRT-035,0.0,KRT
2026-05-27,KRT-036,0.0,KRT
2026-05-27,KRT-037,0.0,KRT
2026-05-27,KRT-038,0.0,KRT
2026-05-27,KRT-039,0.0,KRT
2026-05-27,KRT-040,0.0,KRT
2026-05-27,KRT-041,0.0,KRT
2026-05-27,KRT-042,0.0,KRT
2026-05-27,KRT-043,0.0,KRT
2026-05-27,KRT-044,0.0,KRT
2026-05-27,KRT-045,0.0,KRT
2026-05-27,KRT-046,0.0,KRT
2026-05-27,KRT-047,0.0,KRT
2026-05-27,KRT-048,0.0,KRT
2026-05-27,KRT-049,0.0,KRT
2026-05-27,KRT-050,0.0,KRT
2026-05-27,KRT-051,0.0,KRT
2026-05-27,KRT-052,0.0,KRT
2026-05-27,KRT-053,0.0,KRT
2026-05-27,KRT-054,0.0,KRT
2026-05-27,KRT-055,0.0,KRT
2026-05-27,KRT-056,0.0,KRT
2026-05-27,KRT-057,0.0,KRT
2026-05-27,KRT-058,0.0,KRT
2026-05-27,KRT-059,0.0,KRT
2026-05-27,KRT-060,0.0,KRT
2026-05-27,KRT-061,0.0,KRT
2026-05-27,KRT-062,0.0,KRT
2026-05-27,KRT-063,0.0,KRT
2026-05-27,KRT-064,0.0,KRT
2026-05-27,KRT-065,0.0,KRT
2026-05-27,KRT-066,0.0,KRT
2026-05-27,KRT-067,0.0,KRT
2026-05-27,KRT-068,0.0,KRT
2026-05-27,KRT-069,0.0,KRT
2026-05-27,KRT-070,0.0,KRT
2026-05-27,KRT-071,0.0,KRT
2026-05-27,KRT-072,0.0,KRT
2026-05-27,KRT-073,0.0,KRT
2026-05-27,KRT-074,0.0,KRT
2026-05-27,RDM-101,0.0,RDM
2026-05-27,RDM-102,0.0,RDM
2026-05-27,RDM-103,0.0,RDM
2026-05-27,RDM-104,0.0,RDM
2026-05-27,RDM-105,0.0,RDM
2026-05-27,RDM-106,0.0,RDM
2026-05-27,RDM-107,0.0,RDM
2026-05-27,RDM-108,0.0,RDM
2026-05-27,RDM-109,0.0,RDM
2026-05-27,RDM-110,0.0,RDM
2026-05-27,RDM-112,0.0,RDM
2026-05-27,RDM-113,0.0,RDM
2026-05-27,RDM-114,0.0,RDM
2026-05-27,RDM-115,0.0,RDM
2026-05-27,RDM-116,0.0,RDM
2026-05-27,RDM-117,0.0,RDM
2026-05-27,RDM-118,0.0,RDM
2026-05-27,RDM-119,0.0,RDM
2026-05-27,RDM-120,0.0,RDM
2026-05-27,RDM-121,0.0,RDM
2026-05-27,RDM-122,0.0,RDM
2026-05-27,RDM-123,0.0,RDM
2026-05-27,RDM-124,0.0,RDM
2026-05-27,RDM-125,0.0,RDM
2026-05-27,RDM-126,0.0,RDM
2026-05-27,RDM-127,0.0,RDM
2026-05-27,RDM-128,0.0,RDM
2026-05-27,RDM-129,0.0,RDM
2026-05-27,RDM-130,0.0,RDM
2026-05-27,RDM-131,0.0,RDM
2026-05-27,RDM-132,0.0,RDM
2026-05-27,RDM-133,0.0,RDM
2026-05-28,KRT-001,0.0,KRT
2026-05-28,KRT-002,0.0,KRT
2026-05-28,KRT-003,0.0,KRT
2026-05-28,KRT-004,0.0,KRT
2026-05-28,KRT-005,0.0,KRT
2026-05-28,KRT-006,0.0,KRT
2026-05-28,KRT-007,0.0,KRT
2026-05-28,KRT-008,0.0,KRT
2026-05-28,KRT-009,0.0,KRT
2026-05-28,KRT-010,0.0,KRT
2026-05-28,KRT-011,0.0,KRT
2026-05-28,KRT-012,0.0,KRT
2026-05-28,KRT-013,0.0,KRT
2026-05-28,KRT-014,0.0,KRT
2026-05-28,KRT-015,0.0,KRT
2026-05-28,KRT-016,0.0,KRT
2026-05-28,KRT-017,0.0,KRT
2026-05-28,KRT-018,0.0,KRT
2026-05-28,KRT-019,0.0,KRT
2026-05-28,KRT-020,0.0,KRT
2026-05-28,KRT-021,0.0,KRT
2026-05-28,KRT-022,0.0,KRT
2026-05-28,KRT-023,0.0,KRT
2026-05-28,KRT-024,0.0,KRT
2026-05-28,KRT-025,0.0,KRT
2026-05-28,KRT-026,0.0,KRT
2026-05-28,KRT-027,0.0,KRT
2026-05-28,KRT-028,0.0,KRT
2026-05-28,KRT-029,0.0,KRT
2026-05-28,KRT-030,0.0,KRT
2026-05-28,KRT-031,0.0,KRT
2026-05-28,KRT-032,0.0,KRT
2026-05-28,KRT-033,0.0,KRT
2026-05-28,KRT-034,0.0,KRT
2026-05-28,KRT-035,0.0,KRT
2026-05-28,KRT-036,0.0,KRT
2026-05-28,KRT-037,0.0,KRT
2026-05-28,KRT-038,0.0,KRT
2026-05-28,KRT-039,0.0,KRT
2026-05-28,KRT-040,0.0,KRT
2026-05-28,KRT-041,0.0,KRT
2026-05-28,KRT-042,0.0,KRT
2026-05-28,KRT-043,0.0,KRT
2026-05-28,KRT-044,0.0,KRT
2026-05-28,KRT-045,0.0,KRT
2026-05-28,KRT-046,0.0,KRT
2026-05-28,KRT-047,0.0,KRT
2026-05-28,KRT-048,0.0,KRT
2026-05-28,KRT-049,0.0,KRT
2026-05-28,KRT-050,0.0,KRT
2026-05-28,KRT-051,0.0,KRT
2026-05-28,KRT-052,0.0,KRT
2026-05-28,KRT-053,0.0,KRT
2026-05-28,KRT-054,0.0,KRT
2026-05-28,KRT-055,0.0,KRT
2026-05-28,KRT-056,0.0,KRT
2026-05-28,KRT-057,0.0,KRT
2026-05-28,KRT-058,0.0,KRT
2026-05-28,KRT-059,0.0,KRT
2026-05-28,KRT-060,0.0,KRT
2026-05-28,KRT-061,0.0,KRT
2026-05-28,KRT-062,0.0,KRT
2026-05-28,KRT-063,0.0,KRT
2026-05-28,KRT-064,0.0,KRT
2026-05-28,KRT-065,0.0,KRT
2026-05-28,KRT-066,0.0,KRT
2026-05-28,KRT-067,0.0,KRT
2026-05-28,KRT-068,0.0,KRT
2026-05-28,KRT-069,0.0,KRT
2026-05-28,KRT-070,0.0,KRT
2026-05-28,KRT-071,0.0,KRT
2026-05-28,KRT-072,0.0,KRT
2026-05-28,KRT-073,0.0,KRT
2026-05-28,KRT-074,0.0,KRT
2026-05-28,RDM-101,0.0,RDM
2026-05-28,RDM-102,0.0,RDM
2026-05-28,RDM-103,0.0,RDM
2026-05-28,RDM-104,0.0,RDM
2026-05-28,RDM-105,0.0,RDM
2026-05-28,RDM-106,0.0,RDM
2026-05-28,RDM-107,0.0,RDM
2026-05-28,RDM-108,0.0,RDM
2026-05-28,RDM-109,0.0,RDM
2026-05-28,RDM-110,0.0,RDM
2026-05-28,RDM-112,0.0,RDM
2026-05-28,RDM-113,0.0,RDM
2026-05-28,RDM-114,0.0,RDM
2026-05-28,RDM-115,0.0,RDM
2026-05-28,RDM-116,0.0,RDM
2026-05-28,RDM-117,0.0,RDM
2026-05-28,RDM-118,0.0,RDM
2026-05-28,RDM-119,0.0,RDM
2026-05-28,RDM-120,0.0,RDM
2026-05-28,RDM-121,0.0,RDM
2026-05-28,RDM-122,0.0,RDM
2026-05-28,RDM-123,0.0,RDM
2026-05-28,RDM-124,0.0,RDM
2026-05-28,RDM-125,0.0,RDM
2026-05-28,RDM-126,0.0,RDM
2026-05-28,RDM-127,0.0,RDM
2026-05-28,RDM-128,0.0,RDM
2026-05-28,RDM-129,0.0,RDM
2026-05-28,RDM-130,0.0,RDM
2026-05-28,RDM-131,0.0,RDM
2026-05-28,RDM-132,0.0,RDM
2026-05-28,RDM-133,0.0,RDM
2026-05-29,KRT-001,0.0,KRT
2026-05-29,KRT-002,0.0,KRT
2026-05-29,KRT-003,0.0,KRT
2026-05-29,KRT-004,0.0,KRT
2026-05-29,KRT-005,0.0,KRT
2026-05-29,KRT-006,0.0,KRT
2026-05-29,KRT-007,0.0,KRT
2026-05-29,KRT-008,0.0,KRT
2026-05-29,KRT-009,0.0,KRT
2026-05-29,KRT-010,0.0,KRT
2026-05-29,KRT-011,0.0,KRT
2026-05-29,KRT-012,0.0,KRT
2026-05-29,KRT-013,0.0,KRT
2026-05-29,KRT-014,0.0,KRT
2026-05-29,KRT-015,0.0,KRT
2026-05-29,KRT-016,0.0,KRT
2026-05-29,KRT-017,0.0,KRT
2026-05-29,KRT-018,0.0,KRT
2026-05-29,KRT-019,0.0,KRT
2026-05-29,KRT-020,0.0,KRT
2026-05-29,KRT-021,0.0,KRT
2026-05-29,KRT-022,0.0,KRT
2026-05-29,KRT-023,0.0,KRT
2026-05-29,KRT-024,0.0,KRT
2026-05-29,KRT-025,0.0,KRT
2026-05-29,KRT-026,0.0,KRT
2026-05-29,KRT-027,0.0,KRT
2026-05-29,KRT-028,0.0,KRT
2026-05-29,KRT-029,0.0,KRT
2026-05-29,KRT-030,0.0,KRT
2026-05-29,KRT-031,0.0,KRT
2026-05-29,KRT-032,0.0,KRT
2026-05-29,KRT-033,0.0,KRT
2026-05-29,KRT-034,0.0,KRT
2026-05-29,KRT-035,0.0,KRT
2026-05-29,KRT-036,0.0,KRT
2026-05-29,KRT-037,0.0,KRT
2026-05-29,KRT-038,0.0,KRT
2026-05-29,KRT-039,0.0,KRT
2026-05-29,KRT-040,0.0,KRT
2026-05-29,KRT-041,0.0,KRT
2026-05-29,KRT-042,0.0,KRT
2026-05-29,KRT-043,0.0,KRT
2026-05-29,KRT-044,0.0,KRT
2026-05-29,KRT-045,0.0,KRT
2026-05-29,KRT-046,0.0,KRT
2026-05-29,KRT-047,0.0,KRT
2026-05-29,KRT-048,0.0,KRT
2026-05-29,KRT-049,0.0,KRT
2026-05-29,KRT-050,0.0,KRT
2026-05-29,KRT-051,0.0,KRT
2026-05-29,KRT-052,0.0,KRT
2026-05-29,KRT-053,0.0,KRT
2026-05-29,KRT-054,0.0,KRT
2026-05-29,KRT-055,0.0,KRT
2026-05-29,KRT-056,0.0,KRT
2026-05-29,KRT-057,0.0,KRT
2026-05-29,KRT-058,0.0,KRT
2026-05-29,KRT-059,0.0,KRT
2026-05-29,KRT-060,0.0,KRT
2026-05-29,KRT-061,0.0,KRT
2026-05-29,KRT-062,0.0,KRT
2026-05-29,KRT-063,0.0,KRT
2026-05-29,KRT-064,0.0,KRT
2026-05-29,KRT-065,0.0,KRT
2026-05-29,KRT-066,0.0,KRT
2026-05-29,KRT-067,0.0,KRT
2026-05-29,KRT-068,0.0,KRT
2026-05-29,KRT-069,0.0,KRT
2026-05-29,KRT-070,0.0,KRT
2026-05-29,KRT-071,0.0,KRT
2026-05-29,KRT-072,0.0,KRT
2026-05-29,KRT-073,0.0,KRT
2026-05-29,KRT-074,0.0,KRT
2026-05-29,RDM-101,0.0,RDM
2026-05-29,RDM-102,0.0,RDM
2026-05-29,RDM-103,0.0,RDM
2026-05-29,RDM-104,0.0,RDM
2026-05-29,RDM-105,0.0,RDM
2026-05-29,RDM-106,0.0,RDM
2026-05-29,RDM-107,0.0,RDM
2026-05-29,RDM-108,0.0,RDM
2026-05-29,RDM-109,0.0,RDM
2026-05-29,RDM-110,0.0,RDM
2026-05-29,RDM-112,0.0,RDM
2026-05-29,RDM-113,0.0,RDM
2026-05-29,RDM-114,0.0,RDM
2026-05-29,RDM-115,0.0,RDM
2026-05-29,RDM-116,0.0,RDM
2026-05-29,RDM-117,0.0,RDM
2026-05-29,RDM-118,0.0,RDM
2026-05-29,RDM-119,0.0,RDM
2026-05-29,RDM-120,0.0,RDM
2026-05-29,RDM-121,0.0,RDM
2026-05-29,RDM-122,0.0,RDM
2026-05-29,RDM-123,0.0,RDM
2026-05-29,RDM-124,0.0,RDM
2026-05-29,RDM-125,0.0,RDM
2026-05-29,RDM-126,0.0,RDM
2026-05-29,RDM-127,0.0,RDM
2026-05-29,RDM-128,0.0,RDM
2026-05-29,RDM-129,0.0,RDM
2026-05-29,RDM-130,0.0,RDM
2026-05-29,RDM-131,0.0,RDM
2026-05-29,RDM-132,0.0,RDM
2026-05-29,RDM-133,0.0,RDM
2026-05-30,KRT-001,0.0,KRT
2026-05-30,KRT-002,0.0,KRT
2026-05-30,KRT-003,0.0,KRT
2026-05-30,KRT-004,0.0,KRT
2026-05-30,KRT-005,0.0,KRT
2026-05-30,KRT-006,0.0,KRT
2026-05-30,KRT-007,0.0,KRT
2026-05-30,KRT-008,0.0,KRT
2026-05-30,KRT-009,0.0,KRT
2026-05-30,KRT-010,0.0,KRT
2026-05-30,KRT-011,0.0,KRT
2026-05-30,KRT-012,0.0,KRT
2026-05-30,KRT-013,0.0,KRT
2026-05-30,KRT-014,0.0,KRT
2026-05-30,KRT-015,0.0,KRT
2026-05-30,KRT-016,0.0,KRT
2026-05-30,KRT-017,0.0,KRT
2026-05-30,KRT-018,0.0,KRT
2026-05-30,KRT-019,0.0,KRT
2026-05-30,KRT-020,0.0,KRT
2026-05-30,KRT-021,0.0,KRT
2026-05-30,KRT-022,0.0,KRT
2026-05-30,KRT-023,0.0,KRT
2026-05-30,KRT-024,0.0,KRT
2026-05-30,KRT-025,0.0,KRT
2026-05-30,KRT-026,0.0,KRT
2026-05-30,KRT-027,0.0,KRT
2026-05-30,KRT-028,0.0,KRT
2026-05-30,KRT-029,0.0,KRT
2026-05-30,KRT-030,0.0,KRT
2026-05-30,KRT-031,0.0,KRT
2026-05-30,KRT-032,0.0,KRT
2026-05-30,KRT-033,0.0,KRT
2026-05-30,KRT-034,0.0,KRT
2026-05-30,KRT-035,0.0,KRT
2026-05-30,KRT-036,0.0,KRT
2026-05-30,KRT-037,0.0,KRT
2026-05-30,KRT-038,0.0,KRT
2026-05-30,KRT-039,0.0,KRT
2026-05-30,KRT-040,0.0,KRT
2026-05-30,KRT-041,0.0,KRT
2026-05-30,KRT-042,0.0,KRT
2026-05-30,KRT-043,0.0,KRT
2026-05-30,KRT-044,0.0,KRT
2026-05-30,KRT-045,0.0,KRT
2026-05-30,KRT-046,0.0,KRT
2026-05-30,KRT-047,0.0,KRT
2026-05-30,KRT-048,0.0,KRT
2026-05-30,KRT-049,0.0,KRT
2026-05-30,KRT-050,0.0,KRT
2026-05-30,KRT-051,0.0,KRT
2026-05-30,KRT-052,0.0,KRT
2026-05-30,KRT-053,0.0,KRT
2026-05-30,KRT-054,0.0,KRT
2026-05-30,KRT-055,0.0,KRT
2026-05-30,KRT-056,0.0,KRT
2026-05-30,KRT-057,0.0,KRT
2026-05-30,KRT-058,0.0,KRT
2026-05-30,KRT-059,0.0,KRT
2026-05-30,KRT-060,0.0,KRT
2026-05-30,KRT-061,0.0,KRT
2026-05-30,KRT-062,0.0,KRT
2026-05-30,KRT-063,0.0,KRT
2026-05-30,KRT-064,0.0,KRT
2026-05-30,KRT-065,0.0,KRT
2026-05-30,KRT-066,0.0,KRT
2026-05-30,KRT-067,0.0,KRT
2026-05-30,KRT-068,0.0,KRT
2026-05-30,KRT-069,0.0,KRT
2026-05-30,KRT-070,0.0,KRT
2026-05-30,KRT-071,0.0,KRT
2026-05-30,KRT-072,0.0,KRT
2026-05-30,KRT-073,0.0,KRT
2026-05-30,KRT-074,0.0,KRT
2026-05-30,RDM-101,0.0,RDM
2026-05-30,RDM-102,0.0,RDM
2026-05-30,RDM-103,0.0,RDM
2026-05-30,RDM-104,0.0,RDM
2026-05-30,RDM-105,0.0,RDM
2026-05-30,RDM-106,0.0,RDM
2026-05-30,RDM-107,0.0,RDM
2026-05-30,RDM-108,0.0,RDM
2026-05-30,RDM-109,0.0,RDM
2026-05-30,RDM-110,0.0,RDM
2026-05-30,RDM-112,0.0,RDM
2026-05-30,RDM-113,0.0,RDM
2026-05-30,RDM-114,0.0,RDM
2026-05-30,RDM-115,0.0,RDM
2026-05-30,RDM-116,0.0,RDM
2026-05-30,RDM-117,0.0,RDM
2026-05-30,RDM-118,0.0,RDM
2026-05-30,RDM-119,0.0,RDM
2026-05-30,RDM-120,0.0,RDM
2026-05-30,RDM-121,0.0,RDM
2026-05-30,RDM-122,0.0,RDM
2026-05-30,RDM-123,0.0,RDM
2026-05-30,RDM-124,0.0,RDM
2026-05-30,RDM-125,0.0,RDM
2026-05-30,RDM-126,0.0,RDM
2026-05-30,RDM-127,0.0,RDM
2026-05-30,RDM-128,0.0,RDM
2026-05-30,RDM-129,0.0,RDM
2026-05-30,RDM-130,0.0,RDM
2026-05-30,RDM-131,0.0,RDM
2026-05-30,RDM-132,0.0,RDM
2026-05-30,RDM-133,0.0,RDM
2026-05-31,KRT-001,0.0,KRT
2026-05-31,KRT-002,0.0,KRT
2026-05-31,KRT-003,0.0,KRT
2026-05-31,KRT-004,0.0,KRT
2026-05-31,KRT-005,0.0,KRT
2026-05-31,KRT-006,0.0,KRT
2026-05-31,KRT-007,0.0,KRT
2026-05-31,KRT-008,0.0,KRT
2026-05-31,KRT-009,0.0,KRT
2026-05-31,KRT-010,0.0,KRT
2026-05-31,KRT-011,0.0,KRT
2026-05-31,KRT-012,0.0,KRT
2026-05-31,KRT-013,0.0,KRT
2026-05-31,KRT-014,0.0,KRT
2026-05-31,KRT-015,0.0,KRT
2026-05-31,KRT-016,0.0,KRT
2026-05-31,KRT-017,0.0,KRT
2026-05-31,KRT-018,0.0,KRT
2026-05-31,KRT-019,0.0,KRT
2026-05-31,KRT-020,0.0,KRT
2026-05-31,KRT-021,0.0,KRT
2026-05-31,KRT-022,0.0,KRT
2026-05-31,KRT-023,0.0,KRT
2026-05-31,KRT-024,0.0,KRT
2026-05-31,KRT-025,0.0,KRT
2026-05-31,KRT-026,0.0,KRT
2026-05-31,KRT-027,0.0,KRT
2026-05-31,KRT-028,0.0,KRT
2026-05-31,KRT-029,0.0,KRT
2026-05-31,KRT-030,0.0,KRT
2026-05-31,KRT-031,0.0,KRT
2026-05-31,KRT-032,0.0,KRT
2026-05-31,KRT-033,0.0,KRT
2026-05-31,KRT-034,0.0,KRT
2026-05-31,KRT-035,0.0,KRT
2026-05-31,KRT-036,0.0,KRT
2026-05-31,KRT-037,0.0,KRT
2026-05-31,KRT-038,0.0,KRT
2026-05-31,KRT-039,0.0,KRT
2026-05-31,KRT-040,0.0,KRT
2026-05-31,KRT-041,0.0,KRT
2026-05-31,KRT-042,0.0,KRT
2026-05-31,KRT-043,0.0,KRT
2026-05-31,KRT-044,0.0,KRT
2026-05-31,KRT-045,0.0,KRT
2026-05-31,KRT-046,0.0,KRT
2026-05-31,KRT-047,0.0,KRT
2026-05-31,KRT-048,0.0,KRT
2026-05-31,KRT-049,0.0,KRT
2026-05-31,KRT-050,0.0,KRT
2026-05-31,KRT-051,0.0,KRT
2026-05-31,KRT-052,0.0,KRT
2026-05-31,KRT-053,0.0,KRT
2026-05-31,KRT-054,0.0,KRT
2026-05-31,KRT-055,0.0,KRT
2026-05-31,KRT-056,0.0,KRT
2026-05-31,KRT-057,0.0,KRT
2026-05-31,KRT-058,0.0,KRT
2026-05-31,KRT-059,0.0,KRT
2026-05-31,KRT-060,0.0,KRT
2026-05-31,KRT-061,0.0,KRT
2026-05-31,KRT-062,0.0,KRT
2026-05-31,KRT-063,0.0,KRT
2026-05-31,KRT-064,0.0,KRT
2026-05-31,KRT-065,0.0,KRT
2026-05-31,KRT-066,0.0,KRT
2026-05-31,KRT-067,0.0,KRT
2026-05-31,KRT-068,0.0,KRT
2026-05-31,KRT-069,0.0,KRT
2026-05-31,KRT-070,0.0,KRT
2026-05-31,KRT-071,0.0,KRT
2026-05-31,KRT-072,0.0,KRT
2026-05-31,KRT-073,0.0,KRT
2026-05-31,KRT-074,0.0,KRT
2026-05-31,RDM-101,0.0,RDM
2026-05-31,RDM-102,0.0,RDM
2026-05-31,RDM-103,0.0,RDM
2026-05-31,RDM-104,0.0,RDM
2026-05-31,RDM-105,0.0,RDM
2026-05-31,RDM-106,0.0,RDM
2026-05-31,RDM-107,0.0,RDM
2026-05-31,RDM-108,0.0,RDM
2026-05-31,RDM-109,0.0,RDM
2026-05-31,RDM-110,0.0,RDM
2026-05-31,RDM-112,0.0,RDM
2026-05-31,RDM-113,0.0,RDM
2026-05-31,RDM-114,0.0,RDM
2026-05-31,RDM-115,0.0,RDM
2026-05-31,RDM-116,0.0,RDM
2026-05-31,RDM-117,0.0,RDM
2026-05-31,RDM-118,0.0,RDM
2026-05-31,RDM-119,0.0,RDM
2026-05-31,RDM-120,0.0,RDM
2026-05-31,RDM-121,0.0,RDM
2026-05-31,RDM-122,0.0,RDM
2026-05-31,RDM-123,0.0,RDM
2026-05-31,RDM-124,0.0,RDM
2026-05-31,RDM-125,0.0,RDM
2026-05-31,RDM-126,0.0,RDM
2026-05-31,RDM-127,0.0,RDM
2026-05-31,RDM-128,0.0,RDM
2026-05-31,RDM-129,0.0,RDM
2026-05-31,RDM-130,0.0,RDM
2026-05-31,RDM-131,0.0,RDM
2026-05-31,RDM-132,0.0,RDM
2026-05-31,RDM-133,0.0,RDM
2026-06-01,KRT-001,0.0,KRT
2026-06-01,KRT-002,0.0,KRT
2026-06-01,KRT-003,0.0,KRT
2026-06-01,KRT-004,0.0,KRT
2026-06-01,KRT-005,0.0,KRT
2026-06-01,KRT-006,0.0,KRT
2026-06-01,KRT-007,0.0,KRT
2026-06-01,KRT-008,0.0,KRT
2026-06-01,KRT-009,0.0,KRT
2026-06-01,KRT-010,0.0,KRT
2026-06-01,KRT-011,0.0,KRT
2026-06-01,KRT-012,0.0,KRT
2026-06-01,KRT-013,0.0,KRT
2026-06-01,KRT-014,0.0,KRT
2026-06-01,KRT-015,0.0,KRT
2026-06-01,KRT-016,0.0,KRT
2026-06-01,KRT-017,0.0,KRT
2026-06-01,KRT-018,0.0,KRT
2026-06-01,KRT-019,0.0,KRT
2026-06-01,KRT-020,0.0,KRT
2026-06-01,KRT-021,0.0,KRT
2026-06-01,KRT-022,0.0,KRT
2026-06-01,KRT-023,0.0,KRT
2026-06-01,KRT-024,0.0,KRT
2026-06-01,KRT-025,0.0,KRT
2026-06-01,KRT-026,0.0,KRT
2026-06-01,KRT-027,0.0,KRT
2026-06-01,KRT-028,0.0,KRT
2026-06-01,KRT-029,0.0,KRT
2026-06-01,KRT-030,0.0,KRT
2026-06-01,KRT-031,0.0,KRT
2026-06-01,KRT-032,0.0,KRT
2026-06-01,KRT-033,0.0,KRT
2026-06-01,KRT-034,0.0,KRT
2026-06-01,KRT-035,0.0,KRT
2026-06-01,KRT-036,0.0,KRT
2026-06-01,KRT-037,0.0,KRT
2026-06-01,KRT-038,0.0,KRT
2026-06-01,KRT-039,0.0,KRT
2026-06-01,KRT-040,0.0,KRT
2026-06-01,KRT-041,0.0,KRT
2026-06-01,KRT-042,0.0,KRT
2026-06-01,KRT-043,0.0,KRT
2026-06-01,KRT-044,0.0,KRT
2026-06-01,KRT-045,0.0,KRT
2026-06-01,KRT-046,0.0,KRT
2026-06-01,KRT-047,0.0,KRT
2026-06-01,KRT-048,0.0,KRT
2026-06-01,KRT-049,0.0,KRT
2026-06-01,KRT-050,0.0,KRT
2026-06-01,KRT-051,0.0,KRT
2026-06-01,KRT-052,0.0,KRT
2026-06-01,KRT-053,0.0,KRT
2026-06-01,KRT-054,0.0,KRT
2026-06-01,KRT-055,0.0,KRT
2026-06-01,KRT-056,0.0,KRT
2026-06-01,KRT-057,0.0,KRT
2026-06-01,KRT-058,0.0,KRT
2026-06-01,KRT-059,0.0,KRT
2026-06-01,KRT-060,0.0,KRT
2026-06-01,KRT-061,0.0,KRT
2026-06-01,KRT-062,0.0,KRT
2026-06-01,KRT-063,0.0,KRT
2026-06-01,KRT-064,0.0,KRT
2026-06-01,KRT-065,0.0,KRT
2026-06-01,KRT-066,0.0,KRT
2026-06-01,KRT-067,0.0,KRT
2026-06-01,KRT-068,0.0,KRT
2026-06-01,KRT-069,0.0,KRT
2026-06-01,KRT-070,0.0,KRT
2026-06-01,KRT-071,0.0,KRT
2026-06-01,KRT-072,0.0,KRT
2026-06-01,KRT-073,0.0,KRT
2026-06-01,KRT-074,0.0,KRT
2026-06-01,RDM-101,0.0,RDM
2026-06-01,RDM-102,0.0,RDM
2026-06-01,RDM-103,0.0,RDM
2026-06-01,RDM-104,0.0,RDM
2026-06-01,RDM-105,0.0,RDM
2026-06-01,RDM-106,0.0,RDM
2026-06-01,RDM-107,0.0,RDM
2026-06-01,RDM-108,0.0,RDM
2026-06-01,RDM-109,0.0,RDM
2026-06-01,RDM-110,0.0,RDM
2026-06-01,RDM-112,0.0,RDM
2026-06-01,RDM-113,0.0,RDM
2026-06-01,RDM-114,0.0,RDM
2026-06-01,RDM-115,0.0,RDM
2026-06-01,RDM-116,0.0,RDM
2026-06-01,RDM-117,0.0,RDM
2026-06-01,RDM-118,0.0,RDM
2026-06-01,RDM-119,0.0,RDM
2026-06-01,RDM-120,0.0,RDM
2026-06-01,RDM-121,0.0,RDM
2026-06-01,RDM-122,0.0,RDM
2026-06-01,RDM-123,0.0,RDM
2026-06-01,RDM-124,0.0,RDM
2026-06-01,RDM-125,0.0,RDM
2026-06-01,RDM-126,0.0,RDM
2026-06-01,RDM-127,0.0,RDM
2026-06-01,RDM-128,0.0,RDM
2026-06-01,RDM-129,0.0,RDM
2026-06-01,RDM-130,0.0,RDM
2026-06-01,RDM-131,0.0,RDM
2026-06-01,RDM-132,0.0,RDM
2026-06-01,RDM-133,0.0,RDM
2026-06-02,KRT-001,0.0,KRT
2026-06-02,KRT-002,0.0,KRT
2026-06-02,KRT-003,0.0,KRT
2026-06-02,KRT-004,0.0,KRT
2026-06-02,KRT-005,0.0,KRT
2026-06-02,KRT-006,0.0,KRT
2026-06-02,KRT-007,0.0,KRT
2026-06-02,KRT-008,0.0,KRT
2026-06-02,KRT-009,0.0,KRT
2026-06-02,KRT-010,0.0,KRT
2026-06-02,KRT-011,0.0,KRT
2026-06-02,KRT-012,0.0,KRT
2026-06-02,KRT-013,0.0,KRT
2026-06-02,KRT-014,0.0,KRT
2026-06-02,KRT-015,0.0,KRT
2026-06-02,KRT-016,0.0,KRT
2026-06-02,KRT-017,0.0,KRT
2026-06-02,KRT-018,0.0,KRT
2026-06-02,KRT-019,0.0,KRT
2026-06-02,KRT-020,0.0,KRT
2026-06-02,KRT-021,0.0,KRT
2026-06-02,KRT-022,0.0,KRT
2026-06-02,KRT-023,0.0,KRT
2026-06-02,KRT-024,0.0,KRT
2026-06-02,KRT-025,0.0,KRT
2026-06-02,KRT-026,0.0,KRT
2026-06-02,KRT-027,0.0,KRT
2026-06-02,KRT-028,0.0,KRT
2026-06-02,KRT-029,0.0,KRT
2026-06-02,KRT-030,0.0,KRT
2026-06-02,KRT-031,0.0,KRT
2026-06-02,KRT-032,0.0,KRT
2026-06-02,KRT-033,0.0,KRT
2026-06-02,KRT-034,0.0,KRT
2026-06-02,KRT-035,0.0,KRT
2026-06-02,KRT-036,0.0,KRT
2026-06-02,KRT-037,0.0,KRT
2026-06-02,KRT-038,0.0,KRT
2026-06-02,KRT-039,0.0,KRT
2026-06-02,KRT-040,0.0,KRT
2026-06-02,KRT-041,0.0,KRT
2026-06-02,KRT-042,0.0,KRT
2026-06-02,KRT-043,0.0,KRT
2026-06-02,KRT-044,0.0,KRT
2026-06-02,KRT-045,0.0,KRT
2026-06-02,KRT-046,0.0,KRT
2026-06-02,KRT-047,0.0,KRT
2026-06-02,KRT-048,0.0,KRT
2026-06-02,KRT-049,0.0,KRT
2026-06-02,KRT-050,0.0,KRT
2026-06-02,KRT-051,0.0,KRT
2026-06-02,KRT-052,0.0,KRT
2026-06-02,KRT-053,0.0,KRT
2026-06-02,KRT-054,0.0,KRT
2026-06-02,KRT-055,0.0,KRT
2026-06-02,KRT-056,0.0,KRT
2026-06-02,KRT-057,0.0,KRT
2026-06-02,KRT-058,0.0,KRT
2026-06-02,KRT-059,0.0,KRT
2026-06-02,KRT-060,0.0,KRT
2026-06-02,KRT-061,0.0,KRT
2026-06-02,KRT-062,0.0,KRT
2026-06-02,KRT-063,0.0,KRT
2026-06-02,KRT-064,0.0,KRT
2026-06-02,KRT-065,0.0,KRT
2026-06-02,KRT-066,0.0,KRT
2026-06-02,KRT-067,0.0,KRT
2026-06-02,KRT-068,0.0,KRT
2026-06-02,KRT-069,0.0,KRT
2026-06-02,KRT-070,0.0,KRT
2026-06-02,KRT-071,0.0,KRT
2026-06-02,KRT-072,0.0,KRT
2026-06-02,KRT-073,0.0,KRT
2026-06-02,KRT-074,0.0,KRT
2026-06-02,RDM-101,0.0,RDM
2026-06-02,RDM-102,0.0,RDM
2026-06-02,RDM-103,0.0,RDM
2026-06-02,RDM-104,0.0,RDM
2026-06-02,RDM-105,0.0,RDM
2026-06-02,RDM-106,0.0,RDM
2026-06-02,RDM-107,0.0,RDM
2026-06-02,RDM-108,0.0,RDM
2026-06-02,RDM-109,0.0,RDM
2026-06-02,RDM-110,0.0,RDM
2026-06-02,RDM-112,0.0,RDM
2026-06-02,RDM-113,0.0,RDM
2026-06-02,RDM-114,0.0,RDM
2026-06-02,RDM-115,0.0,RDM
2026-06-02,RDM-116,0.0,RDM
2026-06-02,RDM-117,0.0,RDM
2026-06-02,RDM-118,0.0,RDM
2026-06-02,RDM-119,0.0,RDM
2026-06-02,RDM-120,0.0,RDM
2026-06-02,RDM-121,0.0,RDM
2026-06-02,RDM-122,0.0,RDM
2026-06-02,RDM-123,0.0,RDM
2026-06-02,RDM-124,0.0,RDM
2026-06-02,RDM-125,0.0,RDM
2026-06-02,RDM-126,0.0,RDM
2026-06-02,RDM-127,0.0,RDM
2026-06-02,RDM-128,0.0,RDM
2026-06-02,RDM-129,0.0,RDM
2026-06-02,RDM-130,0.0,RDM
2026-06-02,RDM-131,0.0,RDM
2026-06-02,RDM-132,0.0,RDM
2026-06-02,RDM-133,0.0,RDM
2026-06-03,KRT-001,0.0,KRT
2026-06-03,KRT-002,0.0,KRT
2026-06-03,KRT-003,0.0,KRT
2026-06-03,KRT-004,0.0,KRT
2026-06-03,KRT-005,0.0,KRT
2026-06-03,KRT-006,0.0,KRT
2026-06-03,KRT-007,0.0,KRT
2026-06-03,KRT-008,0.0,KRT
2026-06-03,KRT-009,0.0,KRT
2026-06-03,KRT-010,0.0,KRT
2026-06-03,KRT-011,0.0,KRT
2026-06-03,KRT-012,0.0,KRT
2026-06-03,KRT-013,0.0,KRT
2026-06-03,KRT-014,0.0,KRT
2026-06-03,KRT-015,0.0,KRT
2026-06-03,KRT-016,0.0,KRT
2026-06-03,KRT-017,0.0,KRT
2026-06-03,KRT-018,0.0,KRT
2026-06-03,KRT-019,0.0,KRT
2026-06-03,KRT-020,0.0,KRT
2026-06-03,KRT-021,0.0,KRT
2026-06-03,KRT-022,0.0,KRT
2026-06-03,KRT-023,0.0,KRT
2026-06-03,KRT-024,0.0,KRT
2026-06-03,KRT-025,0.0,KRT
2026-06-03,KRT-026,0.0,KRT
2026-06-03,KRT-027,0.0,KRT
2026-06-03,KRT-028,0.0,KRT
2026-06-03,KRT-029,0.0,KRT
2026-06-03,KRT-030,0.0,KRT
2026-06-03,KRT-031,0.0,KRT
2026-06-03,KRT-032,0.0,KRT
2026-06-03,KRT-033,0.0,KRT
2026-06-03,KRT-034,0.0,KRT
2026-06-03,KRT-035,0.0,KRT
2026-06-03,KRT-036,0.0,KRT
2026-06-03,KRT-037,0.0,KRT
2026-06-03,KRT-038,0.0,KRT
2026-06-03,KRT-039,0.0,KRT
2026-06-03,KRT-040,0.0,KRT
2026-06-03,KRT-041,0.0,KRT
2026-06-03,KRT-042,0.0,KRT
2026-06-03,KRT-043,0.0,KRT
2026-06-03,KRT-044,0.0,KRT
2026-06-03,KRT-045,0.0,KRT
2026-06-03,KRT-046,0.0,KRT
2026-06-03,KRT-047,0.0,KRT
2026-06-03,KRT-048,0.0,KRT
2026-06-03,KRT-049,0.0,KRT
2026-06-03,KRT-050,0.0,KRT
2026-06-03,KRT-051,0.0,KRT
2026-06-03,KRT-052,0.0,KRT
2026-06-03,KRT-053,0.0,KRT
2026-06-03,KRT-054,0.0,KRT
2026-06-03,KRT-055,0.0,KRT
2026-06-03,KRT-056,0.0,KRT
2026-06-03,KRT-057,0.0,KRT
2026-06-03,KRT-058,0.0,KRT
2026-06-03,KRT-059,0.0,KRT
2026-06-03,KRT-060,0.0,KRT
2026-06-03,KRT-061,0.0,KRT
2026-06-03,KRT-062,0.0,KRT
2026-06-03,KRT-063,0.0,KRT
2026-06-03,KRT-064,0.0,KRT
2026-06-03,KRT-065,0.0,KRT
2026-06-03,KRT-066,0.0,KRT
2026-06-03,KRT-067,0.0,KRT
2026-06-03,KRT-068,0.0,KRT
2026-06-03,KRT-069,0.0,KRT
2026-06-03,KRT-070,0.0,KRT
2026-06-03,KRT-071,0.0,KRT
2026-06-03,KRT-072,0.0,KRT
2026-06-03,KRT-073,0.0,KRT
2026-06-03,KRT-074,0.0,KRT
2026-06-03,RDM-101,0.0,RDM
2026-06-03,RDM-102,0.0,RDM
2026-06-03,RDM-103,0.0,RDM
2026-06-03,RDM-104,0.0,RDM
2026-06-03,RDM-105,0.0,RDM
2026-06-03,RDM-106,0.0,RDM
2026-06-03,RDM-107,0.0,RDM
2026-06-03,RDM-108,0.0,RDM
2026-06-03,RDM-109,0.0,RDM
2026-06-03,RDM-110,0.0,RDM
2026-06-03,RDM-112,0.0,RDM
2026-06-03,RDM-113,0.0,RDM
2026-06-03,RDM-114,0.0,RDM
2026-06-03,RDM-115,0.0,RDM
2026-06-03,RDM-116,0.0,RDM
2026-06-03,RDM-117,0.0,RDM
2026-06-03,RDM-118,0.0,RDM
2026-06-03,RDM-119,0.0,RDM
2026-06-03,RDM-120,0.0,RDM
2026-06-03,RDM-121,0.0,RDM
2026-06-03,RDM-122,0.0,RDM
2026-06-03,RDM-123,0.0,RDM
2026-06-03,RDM-124,0.0,RDM
2026-06-03,RDM-125,0.0,RDM
2026-06-03,RDM-126,0.0,RDM
2026-06-03,RDM-127,0.0,RDM
2026-06-03,RDM-128,0.0,RDM
2026-06-03,RDM-129,0.0,RDM
2026-06-03,RDM-130,0.0,RDM
2026-06-03,RDM-131,0.0,RDM
2026-06-03,RDM-132,0.0,RDM
2026-06-03,RDM-133,0.0,RDM
2026-06-04,KRT-001,0.0,KRT
2026-06-04,KRT-002,0.0,KRT
2026-06-04,KRT-003,0.0,KRT
2026-06-04,KRT-004,0.0,KRT
2026-06-04,KRT-005,0.0,KRT
2026-06-04,KRT-006,0.0,KRT
2026-06-04,KRT-007,0.0,KRT
2026-06-04,KRT-008,0.0,KRT
2026-06-04,KRT-009,0.0,KRT
2026-06-04,KRT-010,0.0,KRT
2026-06-04,KRT-011,0.0,KRT
2026-06-04,KRT-012,0.0,KRT
2026-06-04,KRT-013,0.0,KRT
2026-06-04,KRT-014,0.0,KRT
2026-06-04,KRT-015,0.0,KRT
2026-06-04,KRT-016,0.0,KRT
2026-06-04,KRT-017,0.0,KRT
2026-06-04,KRT-018,0.0,KRT
2026-06-04,KRT-019,0.0,KRT
2026-06-04,KRT-020,0.0,KRT
2026-06-04,KRT-021,0.0,KRT
2026-06-04,KRT-022,0.0,KRT
2026-06-04,KRT-023,0.0,KRT
2026-06-04,KRT-024,0.0,KRT
2026-06-04,KRT-025,0.0,KRT
2026-06-04,KRT-026,0.0,KRT
2026-06-04,KRT-027,0.0,KRT
2026-06-04,KRT-028,0.0,KRT
2026-06-04,KRT-029,0.0,KRT
2026-06-04,KRT-030,0.0,KRT
2026-06-04,KRT-031,0.0,KRT
2026-06-04,KRT-032,0.0,KRT
2026-06-04,KRT-033,0.0,KRT
2026-06-04,KRT-034,0.0,KRT
2026-06-04,KRT-035,0.0,KRT
2026-06-04,KRT-036,0.0,KRT
2026-06-04,KRT-037,0.0,KRT
2026-06-04,KRT-038,0.0,KRT
2026-06-04,KRT-039,0.0,KRT
2026-06-04,KRT-040,0.0,KRT
2026-06-04,KRT-041,0.0,KRT
2026-06-04,KRT-042,0.0,KRT
2026-06-04,KRT-043,0.0,KRT
2026-06-04,KRT-044,0.0,KRT
2026-06-04,KRT-045,0.0,KRT
2026-06-04,KRT-046,0.0,KRT
2026-06-04,KRT-047,0.0,KRT
2026-06-04,KRT-048,0.0,KRT
2026-06-04,KRT-049,0.0,KRT
2026-06-04,KRT-050,0.0,KRT
2026-06-04,KRT-051,0.0,KRT
2026-06-04,KRT-052,0.0,KRT
2026-06-04,KRT-053,0.0,KRT
2026-06-04,KRT-054,0.0,KRT
2026-06-04,KRT-055,0.0,KRT
2026-06-04,KRT-056,0.0,KRT
2026-06-04,KRT-057,0.0,KRT
2026-06-04,KRT-058,0.0,KRT
2026-06-04,KRT-059,0.0,KRT
2026-06-04,KRT-060,0.0,KRT
2026-06-04,KRT-061,0.0,KRT
2026-06-04,KRT-062,0.0,KRT
2026-06-04,KRT-063,0.0,KRT
2026-06-04,KRT-064,0.0,KRT
2026-06-04,KRT-065,0.0,KRT
2026-06-04,KRT-066,0.0,KRT
2026-06-04,KRT-067,0.0,KRT
2026-06-04,KRT-068,0.0,KRT
2026-06-04,KRT-069,0.0,KRT
2026-06-04,KRT-070,0.0,KRT
2026-06-04,KRT-071,0.0,KRT
2026-06-04,KRT-072,0.0,KRT
2026-06-04,KRT-073,0.0,KRT
2026-06-04,KRT-074,0.0,KRT
2026-06-04,RDM-101,0.0,RDM
2026-06-04,RDM-102,0.0,RDM
2026-06-04,RDM-103,0.0,RDM
2026-06-04,RDM-104,0.0,RDM
2026-06-04,RDM-105,0.0,RDM
2026-06-04,RDM-106,0.0,RDM
2026-06-04,RDM-107,0.0,RDM
2026-06-04,RDM-108,0.0,RDM
2026-06-04,RDM-109,0.0,RDM
2026-06-04,RDM-110,0.0,RDM
2026-06-04,RDM-112,0.0,RDM
2026-06-04,RDM-113,0.0,RDM
2026-06-04,RDM-114,0.0,RDM
2026-06-04,RDM-115,0.0,RDM
2026-06-04,RDM-116,0.0,RDM
2026-06-04,RDM-117,0.0,RDM
2026-06-04,RDM-118,0.0,RDM
2026-06-04,RDM-119,0.0,RDM
2026-06-04,RDM-120,0.0,RDM
2026-06-04,RDM-121,0.0,RDM
2026-06-04,RDM-122,0.0,RDM
2026-06-04,RDM-123,0.0,RDM
2026-06-04,RDM-124,0.0,RDM
2026-06-04,RDM-125,0.0,RDM
2026-06-04,RDM-126,0.0,RDM
2026-06-04,RDM-127,0.0,RDM
2026-06-04,RDM-128,0.0,RDM
2026-06-04,RDM-129,0.0,RDM
2026-06-04,RDM-130,0.0,RDM
2026-06-04,RDM-131,0.0,RDM
2026-06-04,RDM-132,0.0,RDM
2026-06-04,RDM-133,0.0,RDM
2026-06-05,KRT-001,0.0,KRT
2026-06-05,KRT-002,0.0,KRT
2026-06-05,KRT-003,0.0,KRT
2026-06-05,KRT-004,0.0,KRT
2026-06-05,KRT-005,0.0,KRT
2026-06-05,KRT-006,0.0,KRT
2026-06-05,KRT-007,0.0,KRT
2026-06-05,KRT-008,0.0,KRT
2026-06-05,KRT-009,0.0,KRT
2026-06-05,KRT-010,0.0,KRT
2026-06-05,KRT-011,0.0,KRT
2026-06-05,KRT-012,0.0,KRT
2026-06-05,KRT-013,0.0,KRT
2026-06-05,KRT-014,0.0,KRT
2026-06-05,KRT-015,0.0,KRT
2026-06-05,KRT-016,0.0,KRT
2026-06-05,KRT-017,0.0,KRT
2026-06-05,KRT-018,0.0,KRT
2026-06-05,KRT-019,0.0,KRT
2026-06-05,KRT-020,0.0,KRT
2026-06-05,KRT-021,0.0,KRT
2026-06-05,KRT-022,0.0,KRT
2026-06-05,KRT-023,0.0,KRT
2026-06-05,KRT-024,0.0,KRT
2026-06-05,KRT-025,0.0,KRT
2026-06-05,KRT-026,0.0,KRT
2026-06-05,KRT-027,0.0,KRT
2026-06-05,KRT-028,0.0,KRT
2026-06-05,KRT-029,0.0,KRT
2026-06-05,KRT-030,0.0,KRT
2026-06-05,KRT-031,0.0,KRT
2026-06-05,KRT-032,0.0,KRT
2026-06-05,KRT-033,0.0,KRT
2026-06-05,KRT-034,0.0,KRT
2026-06-05,KRT-035,0.0,KRT
2026-06-05,KRT-036,0.0,KRT
2026-06-05,KRT-037,0.0,KRT
2026-06-05,KRT-038,0.0,KRT
2026-06-05,KRT-039,0.0,KRT
2026-06-05,KRT-040,0.0,KRT
2026-06-05,KRT-041,0.0,KRT
2026-06-05,KRT-042,0.0,KRT
2026-06-05,KRT-043,0.0,KRT
2026-06-05,KRT-044,0.0,KRT
2026-06-05,KRT-045,0.0,KRT
2026-06-05,KRT-046,0.0,KRT
2026-06-05,KRT-047,0.0,KRT
2026-06-05,KRT-048,0.0,KRT
2026-06-05,KRT-049,0.0,KRT
2026-06-05,KRT-050,0.0,KRT
2026-06-05,KRT-051,0.0,KRT
2026-06-05,KRT-052,0.0,KRT
2026-06-05,KRT-053,0.0,KRT
2026-06-05,KRT-054,0.0,KRT
2026-06-05,KRT-055,0.0,KRT
2026-06-05,KRT-056,0.0,KRT
2026-06-05,KRT-057,0.0,KRT
2026-06-05,KRT-058,0.0,KRT
2026-06-05,KRT-059,0.0,KRT
2026-06-05,KRT-060,0.0,KRT
2026-06-05,KRT-061,0.0,KRT
2026-06-05,KRT-062,0.0,KRT
2026-06-05,KRT-063,0.0,KRT
2026-06-05,KRT-064,0.0,KRT
2026-06-05,KRT-065,0.0,KRT
2026-06-05,KRT-066,0.0,KRT
2026-06-05,KRT-067,0.0,KRT
2026-06-05,KRT-068,0.0,KRT
2026-06-05,KRT-069,0.0,KRT
2026-06-05,KRT-070,0.0,KRT
2026-06-05,KRT-071,0.0,KRT
2026-06-05,KRT-072,0.0,KRT
2026-06-05,KRT-073,0.0,KRT
2026-06-05,KRT-074,0.0,KRT
2026-06-05,RDM-101,0.0,RDM
2026-06-05,RDM-102,0.0,RDM
2026-06-05,RDM-103,0.0,RDM
2026-06-05,RDM-104,0.0,RDM
2026-06-05,RDM-105,0.0,RDM
2026-06-05,RDM-106,0.0,RDM
2026-06-05,RDM-107,0.0,RDM
2026-06-05,RDM-108,0.0,RDM
2026-06-05,RDM-109,0.0,RDM
2026-06-05,RDM-110,0.0,RDM
2026-06-05,RDM-112,0.0,RDM
2026-06-05,RDM-113,0.0,RDM
2026-06-05,RDM-114,0.0,RDM
2026-06-05,RDM-115,0.0,RDM
2026-06-05,RDM-116,0.0,RDM
2026-06-05,RDM-117,0.0,RDM
2026-06-05,RDM-118,0.0,RDM
2026-06-05,RDM-119,0.0,RDM
2026-06-05,RDM-120,0.0,RDM
2026-06-05,RDM-121,0.0,RDM
2026-06-05,RDM-122,0.0,RDM
2026-06-05,RDM-123,0.0,RDM
2026-06-05,RDM-124,0.0,RDM
2026-06-05,RDM-125,0.0,RDM
2026-06-05,RDM-126,0.0,RDM
2026-06-05,RDM-127,0.0,RDM
2026-06-05,RDM-128,0.0,RDM
2026-06-05,RDM-129,0.0,RDM
2026-06-05,RDM-130,0.0,RDM
2026-06-05,RDM-131,0.0,RDM
2026-06-05,RDM-132,0.0,RDM
2026-06-05,RDM-133,0.0,RDM
2026-06-06,KRT-001,0.0,KRT
2026-06-06,KRT-002,0.0,KRT
2026-06-06,KRT-003,0.0,KRT
2026-06-06,KRT-004,0.0,KRT
2026-06-06,KRT-005,0.0,KRT
2026-06-06,KRT-006,0.0,KRT
2026-06-06,KRT-007,0.0,KRT
2026-06-06,KRT-008,0.0,KRT
2026-06-06,KRT-009,0.0,KRT
2026-06-06,KRT-010,0.0,KRT
2026-06-06,KRT-011,0.0,KRT
2026-06-06,KRT-012,0.0,KRT
2026-06-06,KRT-013,0.0,KRT
2026-06-06,KRT-014,0.0,KRT
2026-06-06,KRT-015,0.0,KRT
2026-06-06,KRT-016,0.0,KRT
2026-06-06,KRT-017,0.0,KRT
2026-06-06,KRT-018,0.0,KRT
2026-06-06,KRT-019,0.0,KRT
2026-06-06,KRT-020,0.0,KRT
2026-06-06,KRT-021,0.0,KRT
2026-06-06,KRT-022,0.0,KRT
2026-06-06,KRT-023,0.0,KRT
2026-06-06,KRT-024,0.0,KRT
2026-06-06,KRT-025,0.0,KRT
2026-06-06,KRT-026,0.0,KRT
2026-06-06,KRT-027,0.0,KRT
2026-06-06,KRT-028,0.0,KRT
2026-06-06,KRT-029,0.0,KRT
2026-06-06,KRT-030,0.0,KRT
2026-06-06,KRT-031,0.0,KRT
2026-06-06,KRT-032,0.0,KRT
2026-06-06,KRT-033,0.0,KRT
2026-06-06,KRT-034,0.0,KRT
2026-06-06,KRT-035,0.0,KRT
2026-06-06,KRT-036,0.0,KRT
2026-06-06,KRT-037,0.0,KRT
2026-06-06,KRT-038,0.0,KRT
2026-06-06,KRT-039,0.0,KRT
2026-06-06,KRT-040,0.0,KRT
2026-06-06,KRT-041,0.0,KRT
2026-06-06,KRT-042,0.0,KRT
2026-06-06,KRT-043,0.0,KRT
2026-06-06,KRT-044,0.0,KRT
2026-06-06,KRT-045,0.0,KRT
2026-06-06,KRT-046,0.0,KRT
2026-06-06,KRT-047,0.0,KRT
2026-06-06,KRT-048,0.0,KRT
2026-06-06,KRT-049,0.0,KRT
2026-06-06,KRT-050,0.0,KRT
2026-06-06,KRT-051,0.0,KRT
2026-06-06,KRT-052,0.0,KRT
2026-06-06,KRT-053,0.0,KRT
2026-06-06,KRT-054,0.0,KRT
2026-06-06,KRT-055,0.0,KRT
2026-06-06,KRT-056,0.0,KRT
2026-06-06,KRT-057,0.0,KRT
2026-06-06,KRT-058,0.0,KRT
2026-06-06,KRT-059,0.0,KRT
2026-06-06,KRT-060,0.0,KRT
2026-06-06,KRT-061,0.0,KRT
2026-06-06,KRT-062,0.0,KRT
2026-06-06,KRT-063,0.0,KRT
2026-06-06,KRT-064,0.0,KRT
2026-06-06,KRT-065,0.0,KRT
2026-06-06,KRT-066,0.0,KRT
2026-06-06,KRT-067,0.0,KRT
2026-06-06,KRT-068,0.0,KRT
2026-06-06,KRT-069,0.0,KRT
2026-06-06,KRT-070,0.0,KRT
2026-06-06,KRT-071,0.0,KRT
2026-06-06,KRT-072,0.0,KRT
2026-06-06,KRT-073,0.0,KRT
2026-06-06,KRT-074,0.0,KRT
2026-06-06,RDM-101,0.0,RDM
2026-06-06,RDM-102,0.0,RDM
2026-06-06,RDM-103,0.0,RDM
2026-06-06,RDM-104,0.0,RDM
2026-06-06,RDM-105,0.0,RDM
2026-06-06,RDM-106,0.0,RDM
2026-06-06,RDM-107,0.0,RDM
2026-06-06,RDM-108,0.0,RDM
2026-06-06,RDM-109,0.0,RDM
2026-06-06,RDM-110,0.0,RDM
2026-06-06,RDM-112,0.0,RDM
2026-06-06,RDM-113,0.0,RDM
2026-06-06,RDM-114,0.0,RDM
2026-06-06,RDM-115,0.0,RDM
2026-06-06,RDM-116,0.0,RDM
2026-06-06,RDM-117,0.0,RDM
2026-06-06,RDM-118,0.0,RDM
2026-06-06,RDM-119,0.0,RDM
2026-06-06,RDM-120,0.0,RDM
2026-06-06,RDM-121,0.0,RDM
2026-06-06,RDM-122,0.0,RDM
2026-06-06,RDM-123,0.0,RDM
2026-06-06,RDM-124,0.0,RDM
2026-06-06,RDM-125,0.0,RDM
2026-06-06,RDM-126,0.0,RDM
2026-06-06,RDM-127,0.0,RDM
2026-06-06,RDM-128,0.0,RDM
2026-06-06,RDM-129,0.0,RDM
2026-06-06,RDM-130,0.0,RDM
2026-06-06,RDM-131,0.0,RDM
2026-06-06,RDM-132,0.0,RDM
2026-06-06,RDM-133,0.0,RDM
2026-06-07,KRT-001,0.0,KRT
2026-06-07,KRT-002,0.0,KRT
2026-06-07,KRT-003,0.0,KRT
2026-06-07,KRT-004,0.0,KRT
2026-06-07,KRT-005,0.0,KRT
2026-06-07,KRT-006,0.0,KRT
2026-06-07,KRT-007,0.0,KRT
2026-06-07,KRT-008,0.0,KRT
2026-06-07,KRT-009,0.0,KRT
2026-06-07,KRT-010,0.0,KRT
2026-06-07,KRT-011,0.0,KRT
2026-06-07,KRT-012,0.0,KRT
2026-06-07,KRT-013,0.0,KRT
2026-06-07,KRT-014,0.0,KRT
2026-06-07,KRT-015,0.0,KRT
2026-06-07,KRT-016,0.0,KRT
2026-06-07,KRT-017,0.0,KRT
2026-06-07,KRT-018,0.0,KRT
2026-06-07,KRT-019,0.0,KRT
2026-06-07,KRT-020,0.0,KRT
2026-06-07,KRT-021,0.0,KRT
2026-06-07,KRT-022,0.0,KRT
2026-06-07,KRT-023,0.0,KRT
2026-06-07,KRT-024,0.0,KRT
2026-06-07,KRT-025,0.0,KRT
2026-06-07,KRT-026,0.0,KRT
2026-06-07,KRT-027,0.0,KRT
2026-06-07,KRT-028,0.0,KRT
2026-06-07,KRT-029,0.0,KRT
2026-06-07,KRT-030,0.0,KRT
2026-06-07,KRT-031,0.0,KRT
2026-06-07,KRT-032,0.0,KRT
2026-06-07,KRT-033,0.0,KRT
2026-06-07,KRT-034,0.0,KRT
2026-06-07,KRT-035,0.0,KRT
2026-06-07,KRT-036,0.0,KRT
2026-06-07,KRT-037,0.0,KRT
2026-06-07,KRT-038,0.0,KRT
2026-06-07,KRT-039,0.0,KRT
2026-06-07,KRT-040,0.0,KRT
2026-06-07,KRT-041,0.0,KRT
2026-06-07,KRT-042,0.0,KRT
2026-06-07,KRT-043,0.0,KRT
2026-06-07,KRT-044,0.0,KRT
2026-06-07,KRT-045,0.0,KRT
2026-06-07,KRT-046,0.0,KRT
2026-06-07,KRT-047,0.0,KRT
2026-06-07,KRT-048,0.0,KRT
2026-06-07,KRT-049,0.0,KRT
2026-06-07,KRT-050,0.0,KRT
2026-06-07,KRT-051,0.0,KRT
2026-06-07,KRT-052,0.0,KRT
2026-06-07,KRT-053,0.0,KRT
2026-06-07,KRT-054,0.0,KRT
2026-06-07,KRT-055,0.0,KRT
2026-06-07,KRT-056,0.0,KRT
2026-06-07,KRT-057,0.0,KRT
2026-06-07,KRT-058,0.0,KRT
2026-06-07,KRT-059,0.0,KRT
2026-06-07,KRT-060,0.0,KRT
2026-06-07,KRT-061,0.0,KRT
2026-06-07,KRT-062,0.0,KRT
2026-06-07,KRT-063,0.0,KRT
2026-06-07,KRT-064,0.0,KRT
2026-06-07,KRT-065,0.0,KRT
2026-06-07,KRT-066,0.0,KRT
2026-06-07,KRT-067,0.0,KRT
2026-06-07,KRT-068,0.0,KRT
2026-06-07,KRT-069,0.0,KRT
2026-06-07,KRT-070,0.0,KRT
2026-06-07,KRT-071,0.0,KRT
2026-06-07,KRT-072,0.0,KRT
2026-06-07,KRT-073,0.0,KRT
2026-06-07,KRT-074,0.0,KRT
2026-06-07,RDM-101,0.0,RDM
2026-06-07,RDM-102,0.0,RDM
2026-06-07,RDM-103,0.0,RDM
2026-06-07,RDM-104,0.0,RDM
2026-06-07,RDM-105,0.0,RDM
2026-06-07,RDM-106,0.0,RDM
2026-06-07,RDM-107,0.0,RDM
2026-06-07,RDM-108,0.0,RDM
2026-06-07,RDM-109,0.0,RDM
2026-06-07,RDM-110,0.0,RDM
2026-06-07,RDM-112,0.0,RDM
2026-06-07,RDM-113,0.0,RDM
2026-06-07,RDM-114,0.0,RDM
2026-06-07,RDM-115,0.0,RDM
2026-06-07,RDM-116,0.0,RDM
2026-06-07,RDM-117,0.0,RDM
2026-06-07,RDM-118,0.0,RDM
2026-06-07,RDM-119,0.0,RDM
2026-06-07,RDM-120,0.0,RDM
2026-06-07,RDM-121,0.0,RDM
2026-06-07,RDM-122,0.0,RDM
2026-06-07,RDM-123,0.0,RDM
2026-06-07,RDM-124,0.0,RDM
2026-06-07,RDM-125,0.0,RDM
2026-06-07,RDM-126,0.0,RDM
2026-06-07,RDM-127,0.0,RDM
2026-06-07,RDM-128,0.0,RDM
2026-06-07,RDM-129,0.0,RDM
2026-06-07,RDM-130,0.0,RDM
2026-06-07,RDM-131,0.0,RDM
2026-06-07,RDM-132,0.0,RDM
2026-06-07,RDM-133,0.0,RDM
2026-06-08,KRT-001,0.0,KRT
2026-06-08,KRT-002,0.0,KRT
2026-06-08,KRT-003,0.0,KRT
2026-06-08,KRT-004,0.0,KRT
2026-06-08,KRT-005,0.0,KRT
2026-06-08,KRT-006,0.0,KRT
2026-06-08,KRT-007,0.0,KRT
2026-06-08,KRT-008,0.0,KRT
2026-06-08,KRT-009,0.0,KRT
2026-06-08,KRT-010,0.0,KRT
2026-06-08,KRT-011,0.0,KRT
2026-06-08,KRT-012,0.0,KRT
2026-06-08,KRT-013,0.0,KRT
2026-06-08,KRT-014,0.0,KRT
2026-06-08,KRT-015,0.0,KRT
2026-06-08,KRT-016,0.0,KRT
2026-06-08,KRT-017,0.0,KRT
2026-06-08,KRT-018,0.0,KRT
2026-06-08,KRT-019,0.0,KRT
2026-06-08,KRT-020,0.0,KRT
2026-06-08,KRT-021,0.0,KRT
2026-06-08,KRT-022,0.0,KRT
2026-06-08,KRT-023,0.0,KRT
2026-06-08,KRT-024,0.0,KRT
2026-06-08,KRT-025,0.0,KRT
2026-06-08,KRT-026,0.0,KRT
2026-06-08,KRT-027,0.0,KRT
2026-06-08,KRT-028,0.0,KRT
2026-06-08,KRT-029,0.0,KRT
2026-06-08,KRT-030,0.0,KRT
2026-06-08,KRT-031,0.0,KRT
2026-06-08,KRT-032,0.0,KRT
2026-06-08,KRT-033,0.0,KRT
2026-06-08,KRT-034,0.0,KRT
2026-06-08,KRT-035,0.0,KRT
2026-06-08,KRT-036,0.0,KRT
2026-06-08,KRT-037,0.0,KRT
2026-06-08,KRT-038,0.0,KRT
2026-06-08,KRT-039,0.0,KRT
2026-06-08,KRT-040,0.0,KRT
2026-06-08,KRT-041,0.0,KRT
2026-06-08,KRT-042,0.0,KRT
2026-06-08,KRT-043,0.0,KRT
2026-06-08,KRT-044,0.0,KRT
2026-06-08,KRT-045,0.0,KRT
2026-06-08,KRT-046,0.0,KRT
2026-06-08,KRT-047,0.0,KRT
2026-06-08,KRT-048,0.0,KRT
2026-06-08,KRT-049,0.0,KRT
2026-06-08,KRT-050,0.0,KRT
2026-06-08,KRT-051,0.0,KRT
2026-06-08,KRT-052,0.0,KRT
2026-06-08,KRT-053,0.0,KRT
2026-06-08,KRT-054,0.0,KRT
2026-06-08,KRT-055,0.0,KRT
2026-06-08,KRT-056,0.0,KRT
2026-06-08,KRT-057,0.0,KRT
2026-06-08,KRT-058,0.0,KRT
2026-06-08,KRT-059,0.0,KRT
2026-06-08,KRT-060,0.0,KRT
2026-06-08,KRT-061,0.0,KRT
2026-06-08,KRT-062,0.0,KRT
2026-06-08,KRT-063,0.0,KRT
2026-06-08,KRT-064,0.0,KRT
2026-06-08,KRT-065,0.0,KRT
2026-06-08,KRT-066,0.0,KRT
2026-06-08,KRT-067,0.0,KRT
2026-06-08,KRT-068,0.0,KRT
2026-06-08,KRT-069,0.0,KRT
2026-06-08,KRT-070,0.0,KRT
2026-06-08,KRT-071,0.0,KRT
2026-06-08,KRT-072,0.0,KRT
2026-06-08,KRT-073,0.0,KRT
2026-06-08,KRT-074,0.0,KRT
2026-06-08,RDM-101,0.0,RDM
2026-06-08,RDM-102,0.0,RDM
2026-06-08,RDM-103,0.0,RDM
2026-06-08,RDM-104,0.0,RDM
2026-06-08,RDM-105,0.0,RDM
2026-06-08,RDM-106,0.0,RDM
2026-06-08,RDM-107,0.0,RDM
2026-06-08,RDM-108,0.0,RDM
2026-06-08,RDM-109,0.0,RDM
2026-06-08,RDM-110,0.0,RDM
2026-06-08,RDM-112,0.0,RDM
2026-06-08,RDM-113,0.0,RDM
2026-06-08,RDM-114,0.0,RDM
2026-06-08,RDM-115,0.0,RDM
2026-06-08,RDM-116,0.0,RDM
2026-06-08,RDM-117,0.0,RDM
2026-06-08,RDM-118,0.0,RDM
2026-06-08,RDM-119,0.0,RDM
2026-06-08,RDM-120,0.0,RDM
2026-06-08,RDM-121,0.0,RDM
2026-06-08,RDM-122,0.0,RDM
2026-06-08,RDM-123,0.0,RDM
2026-06-08,RDM-124,0.0,RDM
2026-06-08,RDM-125,0.0,RDM
2026-06-08,RDM-126,0.0,RDM
2026-06-08,RDM-127,0.0,RDM
2026-06-08,RDM-128,0.0,RDM
2026-06-08,RDM-129,0.0,RDM
2026-06-08,RDM-130,0.0,RDM
2026-06-08,RDM-131,0.0,RDM
2026-06-08,RDM-132,0.0,RDM
2026-06-08,RDM-133,0.0,RDM
2026-06-09,KRT-001,0.0,KRT
2026-06-09,KRT-002,0.0,KRT
2026-06-09,KRT-003,0.0,KRT
2026-06-09,KRT-004,0.0,KRT
2026-06-09,KRT-005,0.0,KRT
2026-06-09,KRT-006,0.0,KRT
2026-06-09,KRT-007,0.0,KRT
2026-06-09,KRT-008,0.0,KRT
2026-06-09,KRT-009,0.0,KRT
2026-06-09,KRT-010,0.0,KRT
2026-06-09,KRT-011,0.0,KRT
2026-06-09,KRT-012,0.0,KRT
2026-06-09,KRT-013,0.0,KRT
2026-06-09,KRT-014,0.0,KRT
2026-06-09,KRT-015,0.0,KRT
2026-06-09,KRT-016,0.0,KRT
2026-06-09,KRT-017,0.0,KRT
2026-06-09,KRT-018,0.0,KRT
2026-06-09,KRT-019,0.0,KRT
2026-06-09,KRT-020,0.0,KRT
2026-06-09,KRT-021,0.0,KRT
2026-06-09,KRT-022,0.0,KRT
2026-06-09,KRT-023,0.0,KRT
2026-06-09,KRT-024,0.0,KRT
2026-06-09,KRT-025,0.0,KRT
2026-06-09,KRT-026,0.0,KRT
2026-06-09,KRT-027,0.0,KRT
2026-06-09,KRT-028,0.0,KRT
2026-06-09,KRT-029,0.0,KRT
2026-06-09,KRT-030,0.0,KRT
2026-06-09,KRT-031,0.0,KRT
2026-06-09,KRT-032,0.0,KRT
2026-06-09,KRT-033,0.0,KRT
2026-06-09,KRT-034,0.0,KRT
2026-06-09,KRT-035,0.0,KRT
2026-06-09,KRT-036,0.0,KRT
2026-06-09,KRT-037,0.0,KRT
2026-06-09,KRT-038,0.0,KRT
2026-06-09,KRT-039,0.0,KRT
2026-06-09,KRT-040,0.0,KRT
2026-06-09,KRT-041,0.0,KRT
2026-06-09,KRT-042,0.0,KRT
2026-06-09,KRT-043,0.0,KRT
2026-06-09,KRT-044,0.0,KRT
2026-06-09,KRT-045,0.0,KRT
2026-06-09,KRT-046,0.0,KRT
2026-06-09,KRT-047,0.0,KRT
2026-06-09,KRT-048,0.0,KRT
2026-06-09,KRT-049,0.0,KRT
2026-06-09,KRT-050,0.0,KRT
2026-06-09,KRT-051,0.0,KRT
2026-06-09,KRT-052,0.0,KRT
2026-06-09,KRT-053,0.0,KRT
2026-06-09,KRT-054,0.0,KRT
2026-06-09,KRT-055,0.0,KRT
2026-06-09,KRT-056,0.0,KRT
2026-06-09,KRT-057,0.0,KRT
2026-06-09,KRT-058,0.0,KRT
2026-06-09,KRT-059,0.0,KRT
2026-06-09,KRT-060,0.0,KRT
2026-06-09,KRT-061,0.0,KRT
2026-06-09,KRT-062,0.0,KRT
2026-06-09,KRT-063,0.0,KRT
2026-06-09,KRT-064,0.0,KRT
2026-06-09,KRT-065,0.0,KRT
2026-06-09,KRT-066,0.0,KRT
2026-06-09,KRT-067,0.0,KRT
2026-06-09,KRT-068,0.0,KRT
2026-06-09,KRT-069,0.0,KRT
2026-06-09,KRT-070,0.0,KRT
2026-06-09,KRT-071,0.0,KRT
2026-06-09,KRT-072,0.0,KRT
2026-06-09,KRT-073,0.0,KRT
2026-06-09,KRT-074,0.0,KRT
2026-06-09,RDM-101,0.0,RDM
2026-06-09,RDM-102,0.0,RDM
2026-06-09,RDM-103,0.0,RDM
2026-06-09,RDM-104,0.0,RDM
2026-06-09,RDM-105,0.0,RDM
2026-06-09,RDM-106,0.0,RDM
2026-06-09,RDM-107,0.0,RDM
2026-06-09,RDM-108,0.0,RDM
2026-06-09,RDM-109,0.0,RDM
2026-06-09,RDM-110,0.0,RDM
2026-06-09,RDM-112,0.0,RDM
2026-06-09,RDM-113,0.0,RDM
2026-06-09,RDM-114,0.0,RDM
2026-06-09,RDM-115,0.0,RDM
2026-06-09,RDM-116,0.0,RDM
2026-06-09,RDM-117,0.0,RDM
2026-06-09,RDM-118,0.0,RDM
2026-06-09,RDM-119,0.0,RDM
2026-06-09,RDM-120,0.0,RDM
2026-06-09,RDM-121,0.0,RDM
2026-06-09,RDM-122,0.0,RDM
2026-06-09,RDM-123,0.0,RDM
2026-06-09,RDM-124,0.0,RDM
2026-06-09,RDM-125,0.0,RDM
2026-06-09,RDM-126,0.0,RDM
2026-06-09,RDM-127,0.0,RDM
2026-06-09,RDM-128,0.0,RDM
2026-06-09,RDM-129,0.0,RDM
2026-06-09,RDM-130,0.0,RDM
2026-06-09,RDM-131,0.0,RDM
2026-06-09,RDM-132,0.0,RDM
2026-06-09,RDM-133,0.0,RDM
2026-06-10,KRT-001,0.0,KRT
2026-06-10,KRT-002,0.0,KRT
2026-06-10,KRT-003,0.0,KRT
2026-06-10,KRT-004,0.0,KRT
2026-06-10,KRT-005,0.0,KRT
2026-06-10,KRT-006,0.0,KRT
2026-06-10,KRT-007,0.0,KRT
2026-06-10,KRT-008,0.0,KRT
2026-06-10,KRT-009,0.0,KRT
2026-06-10,KRT-010,0.0,KRT
2026-06-10,KRT-011,0.0,KRT
2026-06-10,KRT-012,0.0,KRT
2026-06-10,KRT-013,0.0,KRT
2026-06-10,KRT-014,0.0,KRT
2026-06-10,KRT-015,0.0,KRT
2026-06-10,KRT-016,0.0,KRT
2026-06-10,KRT-017,0.0,KRT
2026-06-10,KRT-018,0.0,KRT
2026-06-10,KRT-019,0.0,KRT
2026-06-10,KRT-020,0.0,KRT
2026-06-10,KRT-021,0.0,KRT
2026-06-10,KRT-022,0.0,KRT
2026-06-10,KRT-023,0.0,KRT
2026-06-10,KRT-024,0.0,KRT
2026-06-10,KRT-025,0.0,KRT
2026-06-10,KRT-026,0.0,KRT
2026-06-10,KRT-027,0.0,KRT
2026-06-10,KRT-028,0.0,KRT
2026-06-10,KRT-029,0.0,KRT
2026-06-10,KRT-030,0.0,KRT
2026-06-10,KRT-031,0.0,KRT
2026-06-10,KRT-032,0.0,KRT
2026-06-10,KRT-033,0.0,KRT
2026-06-10,KRT-034,0.0,KRT
2026-06-10,KRT-035,0.0,KRT
2026-06-10,KRT-036,0.0,KRT
2026-06-10,KRT-037,0.0,KRT
2026-06-10,KRT-038,0.0,KRT
2026-06-10,KRT-039,0.0,KRT
2026-06-10,KRT-040,0.0,KRT
2026-06-10,KRT-041,0.0,KRT
2026-06-10,KRT-042,0.0,KRT
2026-06-10,KRT-043,0.0,KRT
2026-06-10,KRT-044,0.0,KRT
2026-06-10,KRT-045,0.0,KRT
2026-06-10,KRT-046,0.0,KRT
2026-06-10,KRT-047,0.0,KRT
2026-06-10,KRT-048,0.0,KRT
2026-06-10,KRT-049,0.0,KRT
2026-06-10,KRT-050,0.0,KRT
2026-06-10,KRT-051,0.0,KRT
2026-06-10,KRT-052,0.0,KRT
2026-06-10,KRT-053,0.0,KRT
2026-06-10,KRT-054,0.0,KRT
2026-06-10,KRT-055,0.0,KRT
2026-06-10,KRT-056,0.0,KRT
2026-06-10,KRT-057,0.0,KRT
2026-06-10,KRT-058,0.0,KRT
2026-06-10,KRT-059,0.0,KRT
2026-06-10,KRT-060,0.0,KRT
2026-06-10,KRT-061,0.0,KRT
2026-06-10,KRT-062,0.0,KRT
2026-06-10,KRT-063,0.0,KRT
2026-06-10,KRT-064,0.0,KRT
2026-06-10,KRT-065,0.0,KRT
2026-06-10,KRT-066,0.0,KRT
2026-06-10,KRT-067,0.0,KRT
2026-06-10,KRT-068,0.0,KRT
2026-06-10,KRT-069,0.0,KRT
2026-06-10,KRT-070,0.0,KRT
2026-06-10,KRT-071,0.0,KRT
2026-06-10,KRT-072,0.0,KRT
2026-06-10,KRT-073,0.0,KRT
2026-06-10,KRT-074,0.0,KRT
2026-06-10,RDM-101,0.0,RDM
2026-06-10,RDM-102,0.0,RDM
2026-06-10,RDM-103,0.0,RDM
2026-06-10,RDM-104,0.0,RDM
2026-06-10,RDM-105,0.0,RDM
2026-06-10,RDM-106,0.0,RDM
2026-06-10,RDM-107,0.0,RDM
2026-06-10,RDM-108,0.0,RDM
2026-06-10,RDM-109,0.0,RDM
2026-06-10,RDM-110,0.0,RDM
2026-06-10,RDM-112,0.0,RDM
2026-06-10,RDM-113,0.0,RDM
2026-06-10,RDM-114,0.0,RDM
2026-06-10,RDM-115,0.0,RDM
2026-06-10,RDM-116,0.0,RDM
2026-06-10,RDM-117,0.0,RDM
2026-06-10,RDM-118,0.0,RDM
2026-06-10,RDM-119,0.0,RDM
2026-06-10,RDM-120,0.0,RDM
2026-06-10,RDM-121,0.0,RDM
2026-06-10,RDM-122,0.0,RDM
2026-06-10,RDM-123,0.0,RDM
2026-06-10,RDM-124,0.0,RDM
2026-06-10,RDM-125,0.0,RDM
2026-06-10,RDM-126,0.0,RDM
2026-06-10,RDM-127,0.0,RDM
2026-06-10,RDM-128,0.0,RDM
2026-06-10,RDM-129,0.0,RDM
2026-06-10,RDM-130,0.0,RDM
2026-06-10,RDM-131,0.0,RDM
2026-06-10,RDM-132,0.0,RDM
2026-06-10,RDM-133,0.0,RDM
2026-06-11,KRT-001,0.0,KRT
2026-06-11,KRT-002,0.0,KRT
2026-06-11,KRT-003,0.0,KRT
2026-06-11,KRT-004,0.0,KRT
2026-06-11,KRT-005,0.0,KRT
2026-06-11,KRT-006,0.0,KRT
2026-06-11,KRT-007,0.0,KRT
2026-06-11,KRT-008,0.0,KRT
2026-06-11,KRT-009,0.0,KRT
2026-06-11,KRT-010,0.0,KRT
2026-06-11,KRT-011,0.0,KRT
2026-06-11,KRT-012,0.0,KRT
2026-06-11,KRT-013,0.0,KRT
2026-06-11,KRT-014,0.0,KRT
2026-06-11,KRT-015,0.0,KRT
2026-06-11,KRT-016,0.0,KRT
2026-06-11,KRT-017,0.0,KRT
2026-06-11,KRT-018,0.0,KRT
2026-06-11,KRT-019,0.0,KRT
2026-06-11,KRT-020,0.0,KRT
2026-06-11,KRT-021,0.0,KRT
2026-06-11,KRT-022,0.0,KRT
2026-06-11,KRT-023,0.0,KRT
2026-06-11,KRT-024,0.0,KRT
2026-06-11,KRT-025,0.0,KRT
2026-06-11,KRT-026,0.0,KRT
2026-06-11,KRT-027,0.0,KRT
2026-06-11,KRT-028,0.0,KRT
2026-06-11,KRT-029,0.0,KRT
2026-06-11,KRT-030,0.0,KRT
2026-06-11,KRT-031,0.0,KRT
2026-06-11,KRT-032,0.0,KRT
2026-06-11,KRT-033,0.0,KRT
2026-06-11,KRT-034,0.0,KRT
2026-06-11,KRT-035,0.0,KRT
2026-06-11,KRT-036,0.0,KRT
2026-06-11,KRT-037,0.0,KRT
2026-06-11,KRT-038,0.0,KRT
2026-06-11,KRT-039,0.0,KRT
2026-06-11,KRT-040,0.0,KRT
2026-06-11,KRT-041,0.0,KRT
2026-06-11,KRT-042,0.0,KRT
2026-06-11,KRT-043,0.0,KRT
2026-06-11,KRT-044,0.0,KRT
2026-06-11,KRT-045,0.0,KRT
2026-06-11,KRT-046,0.0,KRT
2026-06-11,KRT-047,0.0,KRT
2026-06-11,KRT-048,0.0,KRT
2026-06-11,KRT-049,0.0,KRT
2026-06-11,KRT-050,0.0,KRT
2026-06-11,KRT-051,0.0,KRT
2026-06-11,KRT-052,0.0,KRT
2026-06-11,KRT-053,0.0,KRT
2026-06-11,KRT-054,0.0,KRT
2026-06-11,KRT-055,0.0,KRT
2026-06-11,KRT-056,0.0,KRT
2026-06-11,KRT-057,0.0,KRT
2026-06-11,KRT-058,0.0,KRT
2026-06-11,KRT-059,0.0,KRT
2026-06-11,KRT-060,0.0,KRT
2026-06-11,KRT-061,0.0,KRT
2026-06-11,KRT-062,0.0,KRT
2026-06-11,KRT-063,0.0,KRT
2026-06-11,KRT-064,0.0,KRT
2026-06-11,KRT-065,0.0,KRT
2026-06-11,KRT-066,0.0,KRT
2026-06-11,KRT-067,0.0,KRT
2026-06-11,KRT-068,0.0,KRT
2026-06-11,KRT-069,0.0,KRT
2026-06-11,KRT-070,0.0,KRT
2026-06-11,KRT-071,0.0,KRT
2026-06-11,KRT-072,0.0,KRT
2026-06-11,KRT-073,0.0,KRT
2026-06-11,KRT-074,0.0,KRT
2026-06-11,RDM-101,0.0,RDM
2026-06-11,RDM-102,0.0,RDM
2026-06-11,RDM-103,0.0,RDM
2026-06-11,RDM-104,0.0,RDM
2026-06-11,RDM-105,0.0,RDM
2026-06-11,RDM-106,0.0,RDM
2026-06-11,RDM-107,0.0,RDM
2026-06-11,RDM-108,0.0,RDM
2026-06-11,RDM-109,0.0,RDM
2026-06-11,RDM-110,0.0,RDM
2026-06-11,RDM-112,0.0,RDM
2026-06-11,RDM-113,0.0,RDM
2026-06-11,RDM-114,0.0,RDM
2026-06-11,RDM-115,0.0,RDM
2026-06-11,RDM-116,0.0,RDM
2026-06-11,RDM-117,0.0,RDM
2026-06-11,RDM-118,0.0,RDM
2026-06-11,RDM-119,0.0,RDM
2026-06-11,RDM-120,0.0,RDM
2026-06-11,RDM-121,0.0,RDM
2026-06-11,RDM-122,0.0,RDM
2026-06-11,RDM-123,0.0,RDM
2026-06-11,RDM-124,0.0,RDM
2026-06-11,RDM-125,0.0,RDM
2026-06-11,RDM-126,0.0,RDM
2026-06-11,RDM-127,0.0,RDM
2026-06-11,RDM-128,0.0,RDM
2026-06-11,RDM-129,0.0,RDM
2026-06-11,RDM-130,0.0,RDM
2026-06-11,RDM-131,0.0,RDM
2026-06-11,RDM-132,0.0,RDM
2026-06-11,RDM-133,0.0,RDM
2026-06-12,KRT-001,0.0,KRT
2026-06-12,KRT-002,0.0,KRT
2026-06-12,KRT-003,0.0,KRT
2026-06-12,KRT-004,0.0,KRT
2026-06-12,KRT-005,0.0,KRT
2026-06-12,KRT-006,0.0,KRT
2026-06-12,KRT-007,0.0,KRT
2026-06-12,KRT-008,0.0,KRT
2026-06-12,KRT-009,0.0,KRT
2026-06-12,KRT-010,0.0,KRT
2026-06-12,KRT-011,0.0,KRT
2026-06-12,KRT-012,0.0,KRT
2026-06-12,KRT-013,0.0,KRT
2026-06-12,KRT-014,0.0,KRT
2026-06-12,KRT-015,0.0,KRT
2026-06-12,KRT-016,0.0,KRT
2026-06-12,KRT-017,0.0,KRT
2026-06-12,KRT-018,0.0,KRT
2026-06-12,KRT-019,0.0,KRT
2026-06-12,KRT-020,0.0,KRT
2026-06-12,KRT-021,0.0,KRT
2026-06-12,KRT-022,0.0,KRT
2026-06-12,KRT-023,0.0,KRT
2026-06-12,KRT-024,0.0,KRT
2026-06-12,KRT-025,0.0,KRT
2026-06-12,KRT-026,0.0,KRT
2026-06-12,KRT-027,0.0,KRT
2026-06-12,KRT-028,0.0,KRT
2026-06-12,KRT-029,0.0,KRT
2026-06-12,KRT-030,0.0,KRT
2026-06-12,KRT-031,0.0,KRT
2026-06-12,KRT-032,0.0,KRT
2026-06-12,KRT-033,0.0,KRT
2026-06-12,KRT-034,0.0,KRT
2026-06-12,KRT-035,0.0,KRT
2026-06-12,KRT-036,0.0,KRT
2026-06-12,KRT-037,0.0,KRT
2026-06-12,KRT-038,0.0,KRT
2026-06-12,KRT-039,0.0,KRT
2026-06-12,KRT-040,0.0,KRT
2026-06-12,KRT-041,0.0,KRT
2026-06-12,KRT-042,0.0,KRT
2026-06-12,KRT-043,0.0,KRT
2026-06-12,KRT-044,0.0,KRT
2026-06-12,KRT-045,0.0,KRT
2026-06-12,KRT-046,0.0,KRT
2026-06-12,KRT-047,0.0,KRT
2026-06-12,KRT-048,0.0,KRT
2026-06-12,KRT-049,0.0,KRT
2026-06-12,KRT-050,0.0,KRT
2026-06-12,KRT-051,0.0,KRT
2026-06-12,KRT-052,0.0,KRT
2026-06-12,KRT-053,0.0,KRT
2026-06-12,KRT-054,0.0,KRT
2026-06-12,KRT-055,0.0,KRT
2026-06-12,KRT-056,0.0,KRT
2026-06-12,KRT-057,0.0,KRT
2026-06-12,KRT-058,0.0,KRT
2026-06-12,KRT-059,0.0,KRT
2026-06-12,KRT-060,0.0,KRT
2026-06-12,KRT-061,0.0,KRT
2026-06-12,KRT-062,0.0,KRT
2026-06-12,KRT-063,0.0,KRT
2026-06-12,KRT-064,0.0,KRT
2026-06-12,KRT-065,0.0,KRT
2026-06-12,KRT-066,0.0,KRT
2026-06-12,KRT-067,0.0,KRT
2026-06-12,KRT-068,0.0,KRT
2026-06-12,KRT-069,0.0,KRT
2026-06-12,KRT-070,0.0,KRT
2026-06-12,KRT-071,0.0,KRT
2026-06-12,KRT-072,0.0,KRT
2026-06-12,KRT-073,0.0,KRT
2026-06-12,KRT-074,0.0,KRT
2026-06-12,RDM-101,0.0,RDM
2026-06-12,RDM-102,0.0,RDM
2026-06-12,RDM-103,0.0,RDM
2026-06-12,RDM-104,0.0,RDM
2026-06-12,RDM-105,0.0,RDM
2026-06-12,RDM-106,0.0,RDM
2026-06-12,RDM-107,0.0,RDM
2026-06-12,RDM-108,0.0,RDM
2026-06-12,RDM-109,0.0,RDM
2026-06-12,RDM-110,0.0,RDM
2026-06-12,RDM-112,0.0,RDM
2026-06-12,RDM-113,0.0,RDM
2026-06-12,RDM-114,0.0,RDM
2026-06-12,RDM-115,0.0,RDM
2026-06-12,RDM-116,0.0,RDM
2026-06-12,RDM-117,0.0,RDM
2026-06-12,RDM-118,0.0,RDM
2026-06-12,RDM-119,0.0,RDM
2026-06-12,RDM-120,0.0,RDM
2026-06-12,RDM-121,0.0,RDM
2026-06-12,RDM-122,0.0,RDM
2026-06-12,RDM-123,0.0,RDM
2026-06-12,RDM-124,0.0,RDM
2026-06-12,RDM-125,0.0,RDM
2026-06-12,RDM-126,0.0,RDM
2026-06-12,RDM-127,0.0,RDM
2026-06-12,RDM-128,0.0,RDM
2026-06-12,RDM-129,0.0,RDM
2026-06-12,RDM-130,0.0,RDM
2026-06-12,RDM-131,0.0,RDM
2026-06-12,RDM-132,0.0,RDM
2026-06-12,RDM-133,0.0,RDM
2026-06-13,KRT-001,0.0,KRT
2026-06-13,KRT-002,0.0,KRT
2026-06-13,KRT-003,0.0,KRT
2026-06-13,KRT-004,0.0,KRT
2026-06-13,KRT-005,0.0,KRT
2026-06-13,KRT-006,0.0,KRT
2026-06-13,KRT-007,0.0,KRT
2026-06-13,KRT-008,0.0,KRT
2026-06-13,KRT-009,0.0,KRT
2026-06-13,KRT-010,0.0,KRT
2026-06-13,KRT-011,0.0,KRT
2026-06-13,KRT-012,0.0,KRT
2026-06-13,KRT-013,0.0,KRT
2026-06-13,KRT-014,0.0,KRT
2026-06-13,KRT-015,0.0,KRT
2026-06-13,KRT-016,0.0,KRT
2026-06-13,KRT-017,0.0,KRT
2026-06-13,KRT-018,0.0,KRT
2026-06-13,KRT-019,0.0,KRT
2026-06-13,KRT-020,0.0,KRT
2026-06-13,KRT-021,0.0,KRT
2026-06-13,KRT-022,0.0,KRT
2026-06-13,KRT-023,0.0,KRT
2026-06-13,KRT-024,0.0,KRT
2026-06-13,KRT-025,0.0,KRT
2026-06-13,KRT-026,0.0,KRT
2026-06-13,KRT-027,0.0,KRT
2026-06-13,KRT-028,0.0,KRT
2026-06-13,KRT-029,0.0,KRT
2026-06-13,KRT-030,0.0,KRT
2026-06-13,KRT-031,0.0,KRT
2026-06-13,KRT-032,0.0,KRT
2026-06-13,KRT-033,0.0,KRT
2026-06-13,KRT-034,0.0,KRT
2026-06-13,KRT-035,0.0,KRT
2026-06-13,KRT-036,0.0,KRT
2026-06-13,KRT-037,0.0,KRT
2026-06-13,KRT-038,0.0,KRT
2026-06-13,KRT-039,0.0,KRT
2026-06-13,KRT-040,0.0,KRT
2026-06-13,KRT-041,0.0,KRT
2026-06-13,KRT-042,0.0,KRT
2026-06-13,KRT-043,0.0,KRT
2026-06-13,KRT-044,0.0,KRT
2026-06-13,KRT-045,0.0,KRT
2026-06-13,KRT-046,0.0,KRT
2026-06-13,KRT-047,0.0,KRT
2026-06-13,KRT-048,0.0,KRT
2026-06-13,KRT-049,0.0,KRT
2026-06-13,KRT-050,0.0,KRT
2026-06-13,KRT-051,0.0,KRT
2026-06-13,KRT-052,0.0,KRT
2026-06-13,KRT-053,0.0,KRT
2026-06-13,KRT-054,0.0,KRT
2026-06-13,KRT-055,0.0,KRT
2026-06-13,KRT-056,0.0,KRT
2026-06-13,KRT-057,0.0,KRT
2026-06-13,KRT-058,0.0,KRT
2026-06-13,KRT-059,0.0,KRT
2026-06-13,KRT-060,0.0,KRT
2026-06-13,KRT-061,0.0,KRT
2026-06-13,KRT-062,0.0,KRT
2026-06-13,KRT-063,0.0,KRT
2026-06-13,KRT-064,0.0,KRT
2026-06-13,KRT-065,0.0,KRT
2026-06-13,KRT-066,0.0,KRT
2026-06-13,KRT-067,0.0,KRT
2026-06-13,KRT-068,0.0,KRT
2026-06-13,KRT-069,0.0,KRT
2026-06-13,KRT-070,0.0,KRT
2026-06-13,KRT-071,0.0,KRT
2026-06-13,KRT-072,0.0,KRT
2026-06-13,KRT-073,0.0,KRT
2026-06-13,KRT-074,0.0,KRT
2026-06-13,RDM-101,0.0,RDM
2026-06-13,RDM-102,0.0,RDM
2026-06-13,RDM-103,0.0,RDM
2026-06-13,RDM-104,0.0,RDM
2026-06-13,RDM-105,0.0,RDM
2026-06-13,RDM-106,0.0,RDM
2026-06-13,RDM-107,0.0,RDM
2026-06-13,RDM-108,0.0,RDM
2026-06-13,RDM-109,0.0,RDM
2026-06-13,RDM-110,0.0,RDM
2026-06-13,RDM-112,0.0,RDM
2026-06-13,RDM-113,0.0,RDM
2026-06-13,RDM-114,0.0,RDM
2026-06-13,RDM-115,0.0,RDM
2026-06-13,RDM-116,0.0,RDM
2026-06-13,RDM-117,0.0,RDM
2026-06-13,RDM-118,0.0,RDM
2026-06-13,RDM-119,0.0,RDM
2026-06-13,RDM-120,0.0,RDM
2026-06-13,RDM-121,0.0,RDM
2026-06-13,RDM-122,0.0,RDM
2026-06-13,RDM-123,0.0,RDM
2026-06-13,RDM-124,0.0,RDM
2026-06-13,RDM-125,0.0,RDM
2026-06-13,RDM-126,0.0,RDM
2026-06-13,RDM-127,0.0,RDM
2026-06-13,RDM-128,0.0,RDM
2026-06-13,RDM-129,0.0,RDM
2026-06-13,RDM-130,0.0,RDM
2026-06-13,RDM-131,0.0,RDM
2026-06-13,RDM-132,0.0,RDM
2026-06-13,RDM-133,0.0,RDM
2026-06-14,KRT-001,0.0,KRT
2026-06-14,KRT-002,0.0,KRT
2026-06-14,KRT-003,0.0,KRT
2026-06-14,KRT-004,0.0,KRT
2026-06-14,KRT-005,0.0,KRT
2026-06-14,KRT-006,0.0,KRT
2026-06-14,KRT-007,0.0,KRT
2026-06-14,KRT-008,0.0,KRT
2026-06-14,KRT-009,0.0,KRT
2026-06-14,KRT-010,0.0,KRT
2026-06-14,KRT-011,0.0,KRT
2026-06-14,KRT-012,0.0,KRT
2026-06-14,KRT-013,0.0,KRT
2026-06-14,KRT-014,0.0,KRT
2026-06-14,KRT-015,0.0,KRT
2026-06-14,KRT-016,0.0,KRT
2026-06-14,KRT-017,0.0,KRT
2026-06-14,KRT-018,0.0,KRT
2026-06-14,KRT-019,0.0,KRT
2026-06-14,KRT-020,0.0,KRT
2026-06-14,KRT-021,0.0,KRT
2026-06-14,KRT-022,0.0,KRT
2026-06-14,KRT-023,0.0,KRT
2026-06-14,KRT-024,0.0,KRT
2026-06-14,KRT-025,0.0,KRT
2026-06-14,KRT-026,0.0,KRT
2026-06-14,KRT-027,0.0,KRT
2026-06-14,KRT-028,0.0,KRT
2026-06-14,KRT-029,0.0,KRT
2026-06-14,KRT-030,0.0,KRT
2026-06-14,KRT-031,0.0,KRT
2026-06-14,KRT-032,0.0,KRT
2026-06-14,KRT-033,0.0,KRT
2026-06-14,KRT-034,0.0,KRT
2026-06-14,KRT-035,0.0,KRT
2026-06-14,KRT-036,0.0,KRT
2026-06-14,KRT-037,0.0,KRT
2026-06-14,KRT-038,0.0,KRT
2026-06-14,KRT-039,0.0,KRT
2026-06-14,KRT-040,0.0,KRT
2026-06-14,KRT-041,0.0,KRT
2026-06-14,KRT-042,0.0,KRT
2026-06-14,KRT-043,0.0,KRT
2026-06-14,KRT-044,0.0,KRT
2026-06-14,KRT-045,0.0,KRT
2026-06-14,KRT-046,0.0,KRT
2026-06-14,KRT-047,0.0,KRT
2026-06-14,KRT-048,0.0,KRT
2026-06-14,KRT-049,0.0,KRT
2026-06-14,KRT-050,0.0,KRT
2026-06-14,KRT-051,0.0,KRT
2026-06-14,KRT-052,0.0,KRT
2026-06-14,KRT-053,0.0,KRT
2026-06-14,KRT-054,0.0,KRT
2026-06-14,KRT-055,0.0,KRT
2026-06-14,KRT-056,0.0,KRT
2026-06-14,KRT-057,0.0,KRT
2026-06-14,KRT-058,0.0,KRT
2026-06-14,KRT-059,0.0,KRT
2026-06-14,KRT-060,0.0,KRT
2026-06-14,KRT-061,0.0,KRT
2026-06-14,KRT-062,0.0,KRT
2026-06-14,KRT-063,0.0,KRT
2026-06-14,KRT-064,0.0,KRT
2026-06-14,KRT-065,0.0,KRT
2026-06-14,KRT-066,0.0,KRT
2026-06-14,KRT-067,0.0,KRT
2026-06-14,KRT-068,0.0,KRT
2026-06-14,KRT-069,0.0,KRT
2026-06-14,KRT-070,0.0,KRT
2026-06-14,KRT-071,0.0,KRT
2026-06-14,KRT-072,0.0,KRT
2026-06-14,KRT-073,0.0,KRT
2026-06-14,KRT-074,0.0,KRT
2026-06-14,RDM-101,0.0,RDM
2026-06-14,RDM-102,0.0,RDM
2026-06-14,RDM-103,0.0,RDM
2026-06-14,RDM-104,0.0,RDM
2026-06-14,RDM-105,0.0,RDM
2026-06-14,RDM-106,0.0,RDM
2026-06-14,RDM-107,0.0,RDM
2026-06-14,RDM-108,0.0,RDM
2026-06-14,RDM-109,0.0,RDM
2026-06-14,RDM-110,0.0,RDM
2026-06-14,RDM-112,0.0,RDM
2026-06-14,RDM-113,0.0,RDM
2026-06-14,RDM-114,0.0,RDM
2026-06-14,RDM-115,0.0,RDM
2026-06-14,RDM-116,0.0,RDM
2026-06-14,RDM-117,0.0,RDM
2026-06-14,RDM-118,0.0,RDM
2026-06-14,RDM-119,0.0,RDM
2026-06-14,RDM-120,0.0,RDM
2026-06-14,RDM-121,0.0,RDM
2026-06-14,RDM-122,0.0,RDM
2026-06-14,RDM-123,0.0,RDM
2026-06-14,RDM-124,0.0,RDM
2026-06-14,RDM-125,0.0,RDM
2026-06-14,RDM-126,0.0,RDM
2026-06-14,RDM-127,0.0,RDM
2026-06-14,RDM-128,0.0,RDM
2026-06-14,RDM-129,0.0,RDM
2026-06-14,RDM-130,0.0,RDM
2026-06-14,RDM-131,0.0,RDM
2026-06-14,RDM-132,0.0,RDM
2026-06-14,RDM-133,0.0,RDM
2026-06-15,KRT-001,0.0,KRT
2026-06-15,KRT-002,0.0,KRT
2026-06-15,KRT-003,0.0,KRT
2026-06-15,KRT-004,0.0,KRT
2026-06-15,KRT-005,0.0,KRT
2026-06-15,KRT-006,0.0,KRT
2026-06-15,KRT-007,0.0,KRT
2026-06-15,KRT-008,0.0,KRT
2026-06-15,KRT-009,0.0,KRT
2026-06-15,KRT-010,0.0,KRT
2026-06-15,KRT-011,0.0,KRT
2026-06-15,KRT-012,0.0,KRT
2026-06-15,KRT-013,0.0,KRT
2026-06-15,KRT-014,0.0,KRT
2026-06-15,KRT-015,0.0,KRT
2026-06-15,KRT-016,0.0,KRT
2026-06-15,KRT-017,0.0,KRT
2026-06-15,KRT-018,0.0,KRT
2026-06-15,KRT-019,0.0,KRT
2026-06-15,KRT-020,0.0,KRT
2026-06-15,KRT-021,0.0,KRT
2026-06-15,KRT-022,0.0,KRT
2026-06-15,KRT-023,0.0,KRT
2026-06-15,KRT-024,0.0,KRT
2026-06-15,KRT-025,0.0,KRT
2026-06-15,KRT-026,0.0,KRT
2026-06-15,KRT-027,0.0,KRT
2026-06-15,KRT-028,0.0,KRT
2026-06-15,KRT-029,0.0,KRT
2026-06-15,KRT-030,0.0,KRT
2026-06-15,KRT-031,0.0,KRT
2026-06-15,KRT-032,0.0,KRT
2026-06-15,KRT-033,0.0,KRT
2026-06-15,KRT-034,0.0,KRT
2026-06-15,KRT-035,0.0,KRT
2026-06-15,KRT-036,0.0,KRT
2026-06-15,KRT-037,0.0,KRT
2026-06-15,KRT-038,0.0,KRT
2026-06-15,KRT-039,0.0,KRT
2026-06-15,KRT-040,0.0,KRT
2026-06-15,KRT-041,0.0,KRT
2026-06-15,KRT-042,0.0,KRT
2026-06-15,KRT-043,0.0,KRT
2026-06-15,KRT-044,0.0,KRT
2026-06-15,KRT-045,0.0,KRT
2026-06-15,KRT-046,0.0,KRT
2026-06-15,KRT-047,0.0,KRT
2026-06-15,KRT-048,0.0,KRT
2026-06-15,KRT-049,0.0,KRT
2026-06-15,KRT-050,0.0,KRT
2026-06-15,KRT-051,0.0,KRT
2026-06-15,KRT-052,0.0,KRT
2026-06-15,KRT-053,0.0,KRT
2026-06-15,KRT-054,0.0,KRT
2026-06-15,KRT-055,0.0,KRT
2026-06-15,KRT-056,0.0,KRT
2026-06-15,KRT-057,0.0,KRT
2026-06-15,KRT-058,0.0,KRT
2026-06-15,KRT-059,0.0,KRT
2026-06-15,KRT-060,0.0,KRT
2026-06-15,KRT-061,0.0,KRT
2026-06-15,KRT-062,0.0,KRT
2026-06-15,KRT-063,0.0,KRT
2026-06-15,KRT-064,0.0,KRT
2026-06-15,KRT-065,0.0,KRT
2026-06-15,KRT-066,0.0,KRT
2026-06-15,KRT-067,0.0,KRT
2026-06-15,KRT-068,0.0,KRT
2026-06-15,KRT-069,0.0,KRT
2026-06-15,KRT-070,0.0,KRT
2026-06-15,KRT-071,0.0,KRT
2026-06-15,KRT-072,0.0,KRT
2026-06-15,KRT-073,0.0,KRT
2026-06-15,KRT-074,0.0,KRT
2026-06-15,RDM-101,0.0,RDM
2026-06-15,RDM-102,0.0,RDM
2026-06-15,RDM-103,0.0,RDM
2026-06-15,RDM-104,0.0,RDM
2026-06-15,RDM-105,0.0,RDM
2026-06-15,RDM-106,0.0,RDM
2026-06-15,RDM-107,0.0,RDM
2026-06-15,RDM-108,0.0,RDM
2026-06-15,RDM-109,0.0,RDM
2026-06-15,RDM-110,0.0,RDM
2026-06-15,RDM-112,0.0,RDM
2026-06-15,RDM-113,0.0,RDM
2026-06-15,RDM-114,0.0,RDM
2026-06-15,RDM-115,0.0,RDM
2026-06-15,RDM-116,0.0,RDM
2026-06-15,RDM-117,0.0,RDM
2026-06-15,RDM-118,0.0,RDM
2026-06-15,RDM-119,0.0,RDM
2026-06-15,RDM-120,0.0,RDM
2026-06-15,RDM-121,0.0,RDM
2026-06-15,RDM-122,0.0,RDM
2026-06-15,RDM-123,0.0,RDM
2026-06-15,RDM-124,0.0,RDM
2026-06-15,RDM-125,0.0,RDM
2026-06-15,RDM-126,0.0,RDM
2026-06-15,RDM-127,0.0,RDM
2026-06-15,RDM-128,0.0,RDM
2026-06-15,RDM-129,0.0,RDM
2026-06-15,RDM-130,0.0,RDM
2026-06-15,RDM-131,0.0,RDM
2026-06-15,RDM-132,0.0,RDM
2026-06-15,RDM-133,0.0,RDM
2026-06-16,KRT-001,0.0,KRT
2026-06-16,KRT-002,0.0,KRT
2026-06-16,KRT-003,0.0,KRT
2026-06-16,KRT-004,0.0,KRT
2026-06-16,KRT-005,0.0,KRT
2026-06-16,KRT-006,0.0,KRT
2026-06-16,KRT-007,0.0,KRT
2026-06-16,KRT-008,0.0,KRT
2026-06-16,KRT-009,0.0,KRT
2026-06-16,KRT-010,0.0,KRT
2026-06-16,KRT-011,0.0,KRT
2026-06-16,KRT-012,0.0,KRT
2026-06-16,KRT-013,0.0,KRT
2026-06-16,KRT-014,0.0,KRT
2026-06-16,KRT-015,0.0,KRT
2026-06-16,KRT-016,0.0,KRT
2026-06-16,KRT-017,0.0,KRT
2026-06-16,KRT-018,0.0,KRT
2026-06-16,KRT-019,0.0,KRT
2026-06-16,KRT-020,0.0,KRT
2026-06-16,KRT-021,0.0,KRT
2026-06-16,KRT-022,0.0,KRT
2026-06-16,KRT-023,0.0,KRT
2026-06-16,KRT-024,0.0,KRT
2026-06-16,KRT-025,0.0,KRT
2026-06-16,KRT-026,0.0,KRT
2026-06-16,KRT-027,0.0,KRT
2026-06-16,KRT-028,0.0,KRT
2026-06-16,KRT-029,0.0,KRT
2026-06-16,KRT-030,0.0,KRT
2026-06-16,KRT-031,0.0,KRT
2026-06-16,KRT-032,0.0,KRT
2026-06-16,KRT-033,0.0,KRT
2026-06-16,KRT-034,0.0,KRT
2026-06-16,KRT-035,0.0,KRT
2026-06-16,KRT-036,0.0,KRT
2026-06-16,KRT-037,0.0,KRT
2026-06-16,KRT-038,0.0,KRT
2026-06-16,KRT-039,0.0,KRT
2026-06-16,KRT-040,0.0,KRT
2026-06-16,KRT-041,0.0,KRT
2026-06-16,KRT-042,0.0,KRT
2026-06-16,KRT-043,0.0,KRT
2026-06-16,KRT-044,0.0,KRT
2026-06-16,KRT-045,0.0,KRT
2026-06-16,KRT-046,0.0,KRT
2026-06-16,KRT-047,0.0,KRT
2026-06-16,KRT-048,0.0,KRT
2026-06-16,KRT-049,0.0,KRT
2026-06-16,KRT-050,0.0,KRT
2026-06-16,KRT-051,0.0,KRT
2026-06-16,KRT-052,0.0,KRT
2026-06-16,KRT-053,0.0,KRT
2026-06-16,KRT-054,0.0,KRT
2026-06-16,KRT-055,0.0,KRT
2026-06-16,KRT-056,0.0,KRT
2026-06-16,KRT-057,0.0,KRT
2026-06-16,KRT-058,0.0,KRT
2026-06-16,KRT-059,0.0,KRT
2026-06-16,KRT-060,0.0,KRT
2026-06-16,KRT-061,0.0,KRT
2026-06-16,KRT-062,0.0,KRT
2026-06-16,KRT-063,0.0,KRT
2026-06-16,KRT-064,0.0,KRT
2026-06-16,KRT-065,0.0,KRT
2026-06-16,KRT-066,0.0,KRT
2026-06-16,KRT-067,0.0,KRT
2026-06-16,KRT-068,0.0,KRT
2026-06-16,KRT-069,0.0,KRT
2026-06-16,KRT-070,0.0,KRT
2026-06-16,KRT-071,0.0,KRT
2026-06-16,KRT-072,0.0,KRT
2026-06-16,KRT-073,0.0,KRT
2026-06-16,KRT-074,0.0,KRT
2026-06-16,RDM-101,0.0,RDM
2026-06-16,RDM-102,0.0,RDM
2026-06-16,RDM-103,0.0,RDM
2026-06-16,RDM-104,0.0,RDM
2026-06-16,RDM-105,0.0,RDM
2026-06-16,RDM-106,0.0,RDM
2026-06-16,RDM-107,0.0,RDM
2026-06-16,RDM-108,0.0,RDM
2026-06-16,RDM-109,0.0,RDM
2026-06-16,RDM-110,0.0,RDM
2026-06-16,RDM-112,0.0,RDM
2026-06-16,RDM-113,0.0,RDM
2026-06-16,RDM-114,0.0,RDM
2026-06-16,RDM-115,0.0,RDM
2026-06-16,RDM-116,0.0,RDM
2026-06-16,RDM-117,0.0,RDM
2026-06-16,RDM-118,0.0,RDM
2026-06-16,RDM-119,0.0,RDM
2026-06-16,RDM-120,0.0,RDM
2026-06-16,RDM-121,0.0,RDM
2026-06-16,RDM-122,0.0,RDM
2026-06-16,RDM-123,0.0,RDM
2026-06-16,RDM-124,0.0,RDM
2026-06-16,RDM-125,0.0,RDM
2026-06-16,RDM-126,0.0,RDM
2026-06-16,RDM-127,0.0,RDM
2026-06-16,RDM-128,0.0,RDM
2026-06-16,RDM-129,0.0,RDM
2026-06-16,RDM-130,0.0,RDM
2026-06-16,RDM-131,0.0,RDM
2026-06-16,RDM-132,0.0,RDM
2026-06-16,RDM-133,0.0,RDM
2026-06-17,KRT-001,0.0,KRT
2026-06-17,KRT-002,0.0,KRT
2026-06-17,KRT-003,0.0,KRT
2026-06-17,KRT-004,0.0,KRT
2026-06-17,KRT-005,0.0,KRT
2026-06-17,KRT-006,0.0,KRT
2026-06-17,KRT-007,0.0,KRT
2026-06-17,KRT-008,0.0,KRT
2026-06-17,KRT-009,0.0,KRT
2026-06-17,KRT-010,0.0,KRT
2026-06-17,KRT-011,0.0,KRT
2026-06-17,KRT-012,0.0,KRT
2026-06-17,KRT-013,0.0,KRT
2026-06-17,KRT-014,0.0,KRT
2026-06-17,KRT-015,0.0,KRT
2026-06-17,KRT-016,0.0,KRT
2026-06-17,KRT-017,0.0,KRT
2026-06-17,KRT-018,0.0,KRT
2026-06-17,KRT-019,0.0,KRT
2026-06-17,KRT-020,0.0,KRT
2026-06-17,KRT-021,0.0,KRT
2026-06-17,KRT-022,0.0,KRT
2026-06-17,KRT-023,0.0,KRT
2026-06-17,KRT-024,0.0,KRT
2026-06-17,KRT-025,0.0,KRT
2026-06-17,KRT-026,0.0,KRT
2026-06-17,KRT-027,0.0,KRT
2026-06-17,KRT-028,0.0,KRT
2026-06-17,KRT-029,0.0,KRT
2026-06-17,KRT-030,0.0,KRT
2026-06-17,KRT-031,0.0,KRT
2026-06-17,KRT-032,0.0,KRT
2026-06-17,KRT-033,0.0,KRT
2026-06-17,KRT-034,0.0,KRT
2026-06-17,KRT-035,0.0,KRT
2026-06-17,KRT-036,0.0,KRT
2026-06-17,KRT-037,0.0,KRT
2026-06-17,KRT-038,0.0,KRT
2026-06-17,KRT-039,0.0,KRT
2026-06-17,KRT-040,0.0,KRT
2026-06-17,KRT-041,0.0,KRT
2026-06-17,KRT-042,0.0,KRT
2026-06-17,KRT-043,0.0,KRT
2026-06-17,KRT-044,0.0,KRT
2026-06-17,KRT-045,0.0,KRT
2026-06-17,KRT-046,0.0,KRT
2026-06-17,KRT-047,0.0,KRT
2026-06-17,KRT-048,0.0,KRT
2026-06-17,KRT-049,0.0,KRT
2026-06-17,KRT-050,0.0,KRT
2026-06-17,KRT-051,0.0,KRT
2026-06-17,KRT-052,0.0,KRT
2026-06-17,KRT-053,0.0,KRT
2026-06-17,KRT-054,0.0,KRT
2026-06-17,KRT-055,0.0,KRT
2026-06-17,KRT-056,0.0,KRT
2026-06-17,KRT-057,0.0,KRT
2026-06-17,KRT-058,0.0,KRT
2026-06-17,KRT-059,0.0,KRT
2026-06-17,KRT-060,0.0,KRT
2026-06-17,KRT-061,0.0,KRT
2026-06-17,KRT-062,0.0,KRT
2026-06-17,KRT-063,0.0,KRT
2026-06-17,KRT-064,0.0,KRT
2026-06-17,KRT-065,0.0,KRT
2026-06-17,KRT-066,0.0,KRT
2026-06-17,KRT-067,0.0,KRT
2026-06-17,KRT-068,0.0,KRT
2026-06-17,KRT-069,0.0,KRT
2026-06-17,KRT-070,0.0,KRT
2026-06-17,KRT-071,0.0,KRT
2026-06-17,KRT-072,0.0,KRT
2026-06-17,KRT-073,0.0,KRT
2026-06-17,KRT-074,0.0,KRT
2026-06-17,RDM-101,0.0,RDM
2026-06-17,RDM-102,0.0,RDM
2026-06-17,RDM-103,0.0,RDM
2026-06-17,RDM-104,0.0,RDM
2026-06-17,RDM-105,0.0,RDM
2026-06-17,RDM-106,0.0,RDM
2026-06-17,RDM-107,0.0,RDM
2026-06-17,RDM-108,0.0,RDM
2026-06-17,RDM-109,0.0,RDM
2026-06-17,RDM-110,0.0,RDM
2026-06-17,RDM-112,0.0,RDM
2026-06-17,RDM-113,0.0,RDM
2026-06-17,RDM-114,0.0,RDM
2026-06-17,RDM-115,0.0,RDM
2026-06-17,RDM-116,0.0,RDM
2026-06-17,RDM-117,0.0,RDM
2026-06-17,RDM-118,0.0,RDM
2026-06-17,RDM-119,0.0,RDM
2026-06-17,RDM-120,0.0,RDM
2026-06-17,RDM-121,0.0,RDM
2026-06-17,RDM-122,0.0,RDM
2026-06-17,RDM-123,0.0,RDM
2026-06-17,RDM-124,0.0,RDM
2026-06-17,RDM-125,0.0,RDM
2026-06-17,RDM-126,0.0,RDM
2026-06-17,RDM-127,0.0,RDM
2026-06-17,RDM-128,0.0,RDM
2026-06-17,RDM-129,0.0,RDM
2026-06-17,RDM-130,0.0,RDM
2026-06-17,RDM-131,0.0,RDM
2026-06-17,RDM-132,0.0,RDM
2026-06-17,RDM-133,0.0,RDM
2026-06-18,KRT-001,0.0,KRT
2026-06-18,KRT-002,0.0,KRT
2026-06-18,KRT-003,0.0,KRT
2026-06-18,KRT-004,0.0,KRT
2026-06-18,KRT-005,0.0,KRT
2026-06-18,KRT-006,0.0,KRT
2026-06-18,KRT-007,0.0,KRT
2026-06-18,KRT-008,0.0,KRT
2026-06-18,KRT-009,0.0,KRT
2026-06-18,KRT-010,0.0,KRT
2026-06-18,KRT-011,0.0,KRT
2026-06-18,KRT-012,0.0,KRT
2026-06-18,KRT-013,0.0,KRT
2026-06-18,KRT-014,0.0,KRT
2026-06-18,KRT-015,0.0,KRT
2026-06-18,KRT-016,0.0,KRT
2026-06-18,KRT-017,0.0,KRT
2026-06-18,KRT-018,0.0,KRT
2026-06-18,KRT-019,0.0,KRT
2026-06-18,KRT-020,0.0,KRT
2026-06-18,KRT-021,0.0,KRT
2026-06-18,KRT-022,0.0,KRT
2026-06-18,KRT-023,0.0,KRT
2026-06-18,KRT-024,0.0,KRT
2026-06-18,KRT-025,0.0,KRT
2026-06-18,KRT-026,0.0,KRT
2026-06-18,KRT-027,0.0,KRT
2026-06-18,KRT-028,0.0,KRT
2026-06-18,KRT-029,0.0,KRT
2026-06-18,KRT-030,0.0,KRT
2026-06-18,KRT-031,0.0,KRT
2026-06-18,KRT-032,0.0,KRT
2026-06-18,KRT-033,0.0,KRT
2026-06-18,KRT-034,0.0,KRT
2026-06-18,KRT-035,0.0,KRT
2026-06-18,KRT-036,0.0,KRT
2026-06-18,KRT-037,0.0,KRT
2026-06-18,KRT-038,0.0,KRT
2026-06-18,KRT-039,0.0,KRT
2026-06-18,KRT-040,0.0,KRT
2026-06-18,KRT-041,0.0,KRT
2026-06-18,KRT-042,0.0,KRT
2026-06-18,KRT-043,0.0,KRT
2026-06-18,KRT-044,0.0,KRT
2026-06-18,KRT-045,0.0,KRT
2026-06-18,KRT-046,0.0,KRT
2026-06-18,KRT-047,0.0,KRT
2026-06-18,KRT-048,0.0,KRT
2026-06-18,KRT-049,0.0,KRT
2026-06-18,KRT-050,0.0,KRT
2026-06-18,KRT-051,0.0,KRT
2026-06-18,KRT-052,0.0,KRT
2026-06-18,KRT-053,0.0,KRT
2026-06-18,KRT-054,0.0,KRT
2026-06-18,KRT-055,0.0,KRT
2026-06-18,KRT-056,0.0,KRT
2026-06-18,KRT-057,0.0,KRT
2026-06-18,KRT-058,0.0,KRT
2026-06-18,KRT-059,0.0,KRT
2026-06-18,KRT-060,0.0,KRT
2026-06-18,KRT-061,0.0,KRT
2026-06-18,KRT-062,0.0,KRT
2026-06-18,KRT-063,0.0,KRT
2026-06-18,KRT-064,0.0,KRT
2026-06-18,KRT-065,0.0,KRT
2026-06-18,KRT-066,0.0,KRT
2026-06-18,KRT-067,0.0,KRT
2026-06-18,KRT-068,0.0,KRT
2026-06-18,KRT-069,0.0,KRT
2026-06-18,KRT-070,0.0,KRT
2026-06-18,KRT-071,0.0,KRT
2026-06-18,KRT-072,0.0,KRT
2026-06-18,KRT-073,0.0,KRT
2026-06-18,KRT-074,0.0,KRT
2026-06-18,RDM-101,0.0,RDM
2026-06-18,RDM-102,0.0,RDM
2026-06-18,RDM-103,0.0,RDM
2026-06-18,RDM-104,0.0,RDM
2026-06-18,RDM-105,0.0,RDM
2026-06-18,RDM-106,0.0,RDM
2026-06-18,RDM-107,0.0,RDM
2026-06-18,RDM-108,0.0,RDM
2026-06-18,RDM-109,0.0,RDM
2026-06-18,RDM-110,0.0,RDM
2026-06-18,RDM-112,0.0,RDM
2026-06-18,RDM-113,0.0,RDM
2026-06-18,RDM-114,0.0,RDM
2026-06-18,RDM-115,0.0,RDM
2026-06-18,RDM-116,0.0,RDM
2026-06-18,RDM-117,0.0,RDM
2026-06-18,RDM-118,0.0,RDM
2026-06-18,RDM-119,0.0,RDM
2026-06-18,RDM-120,0.0,RDM
2026-06-18,RDM-121,0.0,RDM
2026-06-18,RDM-122,0.0,RDM
2026-06-18,RDM-123,0.0,RDM
2026-06-18,RDM-124,0.0,RDM
2026-06-18,RDM-125,0.0,RDM
2026-06-18,RDM-126,0.0,RDM
2026-06-18,RDM-127,0.0,RDM
2026-06-18,RDM-128,0.0,RDM
2026-06-18,RDM-129,0.0,RDM
2026-06-18,RDM-130,0.0,RDM
2026-06-18,RDM-131,0.0,RDM
2026-06-18,RDM-132,0.0,RDM
2026-06-18,RDM-133,0.0,RDM
2026-06-19,KRT-001,0.0,KRT
2026-06-19,KRT-002,0.0,KRT
2026-06-19,KRT-003,0.0,KRT
2026-06-19,KRT-004,0.0,KRT
2026-06-19,KRT-005,0.0,KRT
2026-06-19,KRT-006,0.0,KRT
2026-06-19,KRT-007,0.0,KRT
2026-06-19,KRT-008,0.0,KRT
2026-06-19,KRT-009,0.0,KRT
2026-06-19,KRT-010,0.0,KRT
2026-06-19,KRT-011,0.0,KRT
2026-06-19,KRT-012,0.0,KRT
2026-06-19,KRT-013,0.0,KRT
2026-06-19,KRT-014,0.0,KRT
2026-06-19,KRT-015,0.0,KRT
2026-06-19,KRT-016,0.0,KRT
2026-06-19,KRT-017,0.0,KRT
2026-06-19,KRT-018,0.0,KRT
2026-06-19,KRT-019,0.0,KRT
2026-06-19,KRT-020,0.0,KRT
2026-06-19,KRT-021,0.0,KRT
2026-06-19,KRT-022,0.0,KRT
2026-06-19,KRT-023,0.0,KRT
2026-06-19,KRT-024,0.0,KRT
2026-06-19,KRT-025,0.0,KRT
2026-06-19,KRT-026,0.0,KRT
2026-06-19,KRT-027,0.0,KRT
2026-06-19,KRT-028,0.0,KRT
2026-06-19,KRT-029,0.0,KRT
2026-06-19,KRT-030,0.0,KRT
2026-06-19,KRT-031,0.0,KRT
2026-06-19,KRT-032,0.0,KRT
2026-06-19,KRT-033,0.0,KRT
2026-06-19,KRT-034,0.0,KRT
2026-06-19,KRT-035,0.0,KRT
2026-06-19,KRT-036,0.0,KRT
2026-06-19,KRT-037,0.0,KRT
2026-06-19,KRT-038,0.0,KRT
2026-06-19,KRT-039,0.0,KRT
2026-06-19,KRT-040,0.0,KRT
2026-06-19,KRT-041,0.0,KRT
2026-06-19,KRT-042,0.0,KRT
2026-06-19,KRT-043,0.0,KRT
2026-06-19,KRT-044,0.0,KRT
2026-06-19,KRT-045,0.0,KRT
2026-06-19,KRT-046,0.0,KRT
2026-06-19,KRT-047,0.0,KRT
2026-06-19,KRT-048,0.0,KRT
2026-06-19,KRT-049,0.0,KRT
2026-06-19,KRT-050,0.0,KRT
2026-06-19,KRT-051,0.0,KRT
2026-06-19,KRT-052,0.0,KRT
2026-06-19,KRT-053,0.0,KRT
2026-06-19,KRT-054,0.0,KRT
2026-06-19,KRT-055,0.0,KRT
2026-06-19,KRT-056,0.0,KRT
2026-06-19,KRT-057,0.0,KRT
2026-06-19,KRT-058,0.0,KRT
2026-06-19,KRT-059,0.0,KRT
2026-06-19,KRT-060,0.0,KRT
2026-06-19,KRT-061,0.0,KRT
2026-06-19,KRT-062,0.0,KRT
2026-06-19,KRT-063,0.0,KRT
2026-06-19,KRT-064,0.0,KRT
2026-06-19,KRT-065,0.0,KRT
2026-06-19,KRT-066,0.0,KRT
2026-06-19,KRT-067,0.0,KRT
2026-06-19,KRT-068,0.0,KRT
2026-06-19,KRT-069,0.0,KRT
2026-06-19,KRT-070,0.0,KRT
2026-06-19,KRT-071,0.0,KRT
2026-06-19,KRT-072,0.0,KRT
2026-06-19,KRT-073,0.0,KRT
2026-06-19,KRT-074,0.0,KRT
2026-06-19,RDM-101,0.0,RDM
2026-06-19,RDM-102,0.0,RDM
2026-06-19,RDM-103,0.0,RDM
2026-06-19,RDM-104,0.0,RDM
2026-06-19,RDM-105,0.0,RDM
2026-06-19,RDM-106,0.0,RDM
2026-06-19,RDM-107,0.0,RDM
2026-06-19,RDM-108,0.0,RDM
2026-06-19,RDM-109,0.0,RDM
2026-06-19,RDM-110,0.0,RDM
2026-06-19,RDM-112,0.0,RDM
2026-06-19,RDM-113,0.0,RDM
2026-06-19,RDM-114,0.0,RDM
2026-06-19,RDM-115,0.0,RDM
2026-06-19,RDM-116,0.0,RDM
2026-06-19,RDM-117,0.0,RDM
2026-06-19,RDM-118,0.0,RDM
2026-06-19,RDM-119,0.0,RDM
2026-06-19,RDM-120,0.0,RDM
2026-06-19,RDM-121,0.0,RDM
2026-06-19,RDM-122,0.0,RDM
2026-06-19,RDM-123,0.0,RDM
2026-06-19,RDM-124,0.0,RDM
2026-06-19,RDM-125,0.0,RDM
2026-06-19,RDM-126,0.0,RDM
2026-06-19,RDM-127,0.0,RDM
2026-06-19,RDM-128,0.0,RDM
2026-06-19,RDM-129,0.0,RDM
2026-06-19,RDM-130,0.0,RDM
2026-06-19,RDM-131,0.0,RDM
2026-06-19,RDM-132,0.0,RDM
2026-06-19,RDM-133,0.0,RDM
2026-06-20,KRT-001,0.0,KRT
2026-06-20,KRT-002,0.0,KRT
2026-06-20,KRT-003,0.0,KRT
2026-06-20,KRT-004,0.0,KRT
2026-06-20,KRT-005,0.0,KRT
2026-06-20,KRT-006,0.0,KRT
2026-06-20,KRT-007,0.0,KRT
2026-06-20,KRT-008,0.0,KRT
2026-06-20,KRT-009,0.0,KRT
2026-06-20,KRT-010,0.0,KRT
2026-06-20,KRT-011,0.0,KRT
2026-06-20,KRT-012,0.0,KRT
2026-06-20,KRT-013,0.0,KRT
2026-06-20,KRT-014,0.0,KRT
2026-06-20,KRT-015,0.0,KRT
2026-06-20,KRT-016,0.0,KRT
2026-06-20,KRT-017,0.0,KRT
2026-06-20,KRT-018,0.0,KRT
2026-06-20,KRT-019,0.0,KRT
2026-06-20,KRT-020,0.0,KRT
2026-06-20,KRT-021,0.0,KRT
2026-06-20,KRT-022,0.0,KRT
2026-06-20,KRT-023,0.0,KRT
2026-06-20,KRT-024,0.0,KRT
2026-06-20,KRT-025,0.0,KRT
2026-06-20,KRT-026,0.0,KRT
2026-06-20,KRT-027,0.0,KRT
2026-06-20,KRT-028,0.0,KRT
2026-06-20,KRT-029,0.0,KRT
2026-06-20,KRT-030,0.0,KRT
2026-06-20,KRT-031,0.0,KRT
2026-06-20,KRT-032,0.0,KRT
2026-06-20,KRT-033,0.0,KRT
2026-06-20,KRT-034,0.0,KRT
2026-06-20,KRT-035,0.0,KRT
2026-06-20,KRT-036,0.0,KRT
2026-06-20,KRT-037,0.0,KRT
2026-06-20,KRT-038,0.0,KRT
2026-06-20,KRT-039,0.0,KRT
2026-06-20,KRT-040,0.0,KRT
2026-06-20,KRT-041,0.0,KRT
2026-06-20,KRT-042,0.0,KRT
2026-06-20,KRT-043,0.0,KRT
2026-06-20,KRT-044,0.0,KRT
2026-06-20,KRT-045,0.0,KRT
2026-06-20,KRT-046,0.0,KRT
2026-06-20,KRT-047,0.0,KRT
2026-06-20,KRT-048,0.0,KRT
2026-06-20,KRT-049,0.0,KRT
2026-06-20,KRT-050,0.0,KRT
2026-06-20,KRT-051,0.0,KRT
2026-06-20,KRT-052,0.0,KRT
2026-06-20,KRT-053,0.0,KRT
2026-06-20,KRT-054,0.0,KRT
2026-06-20,KRT-055,0.0,KRT
2026-06-20,KRT-056,0.0,KRT
2026-06-20,KRT-057,0.0,KRT
2026-06-20,KRT-058,0.0,KRT
2026-06-20,KRT-059,0.0,KRT
2026-06-20,KRT-060,0.0,KRT
2026-06-20,KRT-061,0.0,KRT
2026-06-20,KRT-062,0.0,KRT
2026-06-20,KRT-063,0.0,KRT
2026-06-20,KRT-064,0.0,KRT
2026-06-20,KRT-065,0.0,KRT
2026-06-20,KRT-066,0.0,KRT
2026-06-20,KRT-067,0.0,KRT
2026-06-20,KRT-068,0.0,KRT
2026-06-20,KRT-069,0.0,KRT
2026-06-20,KRT-070,0.0,KRT
2026-06-20,KRT-071,0.0,KRT
2026-06-20,KRT-072,0.0,KRT
2026-06-20,KRT-073,0.0,KRT
2026-06-20,KRT-074,0.0,KRT
2026-06-20,RDM-101,0.0,RDM
2026-06-20,RDM-102,0.0,RDM
2026-06-20,RDM-103,0.0,RDM
2026-06-20,RDM-104,0.0,RDM
2026-06-20,RDM-105,0.0,RDM
2026-06-20,RDM-106,0.0,RDM
2026-06-20,RDM-107,0.0,RDM
2026-06-20,RDM-108,0.0,RDM
2026-06-20,RDM-109,0.0,RDM
2026-06-20,RDM-110,0.0,RDM
2026-06-20,RDM-112,0.0,RDM
2026-06-20,RDM-113,0.0,RDM
2026-06-20,RDM-114,0.0,RDM
2026-06-20,RDM-115,0.0,RDM
2026-06-20,RDM-116,0.0,RDM
2026-06-20,RDM-117,0.0,RDM
2026-06-20,RDM-118,0.0,RDM
2026-06-20,RDM-119,0.0,RDM
2026-06-20,RDM-120,0.0,RDM
2026-06-20,RDM-121,0.0,RDM
2026-06-20,RDM-122,0.0,RDM
2026-06-20,RDM-123,0.0,RDM
2026-06-20,RDM-124,0.0,RDM
2026-06-20,RDM-125,0.0,RDM
2026-06-20,RDM-126,0.0,RDM
2026-06-20,RDM-127,0.0,RDM
2026-06-20,RDM-128,0.0,RDM
2026-06-20,RDM-129,0.0,RDM
2026-06-20,RDM-130,0.0,RDM
2026-06-20,RDM-131,0.0,RDM
2026-06-20,RDM-132,0.0,RDM
2026-06-20,RDM-133,0.0,RDM
2026-06-21,KRT-001,0.0,KRT
2026-06-21,KRT-002,0.0,KRT
2026-06-21,KRT-003,0.0,KRT
2026-06-21,KRT-004,0.0,KRT
2026-06-21,KRT-005,0.0,KRT
2026-06-21,KRT-006,0.0,KRT
2026-06-21,KRT-007,0.0,KRT
2026-06-21,KRT-008,0.0,KRT
2026-06-21,KRT-009,0.0,KRT
2026-06-21,KRT-010,0.0,KRT
2026-06-21,KRT-011,0.0,KRT
2026-06-21,KRT-012,0.0,KRT
2026-06-21,KRT-013,0.0,KRT
2026-06-21,KRT-014,0.0,KRT
2026-06-21,KRT-015,0.0,KRT
2026-06-21,KRT-016,0.0,KRT
2026-06-21,KRT-017,0.0,KRT
2026-06-21,KRT-018,0.0,KRT
2026-06-21,KRT-019,0.0,KRT
2026-06-21,KRT-020,0.0,KRT
2026-06-21,KRT-021,0.0,KRT
2026-06-21,KRT-022,0.0,KRT
2026-06-21,KRT-023,0.0,KRT
2026-06-21,KRT-024,0.0,KRT
2026-06-21,KRT-025,0.0,KRT
2026-06-21,KRT-026,0.0,KRT
2026-06-21,KRT-027,0.0,KRT
2026-06-21,KRT-028,0.0,KRT
2026-06-21,KRT-029,0.0,KRT
2026-06-21,KRT-030,0.0,KRT
2026-06-21,KRT-031,0.0,KRT
2026-06-21,KRT-032,0.0,KRT
2026-06-21,KRT-033,0.0,KRT
2026-06-21,KRT-034,0.0,KRT
2026-06-21,KRT-035,0.0,KRT
2026-06-21,KRT-036,0.0,KRT
2026-06-21,KRT-037,0.0,KRT
2026-06-21,KRT-038,0.0,KRT
2026-06-21,KRT-039,0.0,KRT
2026-06-21,KRT-040,0.0,KRT
2026-06-21,KRT-041,0.0,KRT
2026-06-21,KRT-042,0.0,KRT
2026-06-21,KRT-043,0.0,KRT
2026-06-21,KRT-044,0.0,KRT
2026-06-21,KRT-045,0.0,KRT
2026-06-21,KRT-046,0.0,KRT
2026-06-21,KRT-047,0.0,KRT
2026-06-21,KRT-048,0.0,KRT
2026-06-21,KRT-049,0.0,KRT
2026-06-21,KRT-050,0.0,KRT
2026-06-21,KRT-051,0.0,KRT
2026-06-21,KRT-052,0.0,KRT
2026-06-21,KRT-053,0.0,KRT
2026-06-21,KRT-054,0.0,KRT
2026-06-21,KRT-055,0.0,KRT
2026-06-21,KRT-056,0.0,KRT
2026-06-21,KRT-057,0.0,KRT
2026-06-21,KRT-058,0.0,KRT
2026-06-21,KRT-059,0.0,KRT
2026-06-21,KRT-060,0.0,KRT
2026-06-21,KRT-061,0.0,KRT
2026-06-21,KRT-062,0.0,KRT
2026-06-21,KRT-063,0.0,KRT
2026-06-21,KRT-064,0.0,KRT
2026-06-21,KRT-065,0.0,KRT
2026-06-21,KRT-066,0.0,KRT
2026-06-21,KRT-067,0.0,KRT
2026-06-21,KRT-068,0.0,KRT
2026-06-21,KRT-069,0.0,KRT
2026-06-21,KRT-070,0.0,KRT
2026-06-21,KRT-071,0.0,KRT
2026-06-21,KRT-072,0.0,KRT
2026-06-21,KRT-073,0.0,KRT
2026-06-21,KRT-074,0.0,KRT
2026-06-21,RDM-101,0.0,RDM
2026-06-21,RDM-102,0.0,RDM
2026-06-21,RDM-103,0.0,RDM
2026-06-21,RDM-104,0.0,RDM
2026-06-21,RDM-105,0.0,RDM
2026-06-21,RDM-106,0.0,RDM
2026-06-21,RDM-107,0.0,RDM
2026-06-21,RDM-108,0.0,RDM
2026-06-21,RDM-109,0.0,RDM
2026-06-21,RDM-110,0.0,RDM
2026-06-21,RDM-112,0.0,RDM
2026-06-21,RDM-113,0.0,RDM
2026-06-21,RDM-114,0.0,RDM
2026-06-21,RDM-115,0.0,RDM
2026-06-21,RDM-116,0.0,RDM
2026-06-21,RDM-117,0.0,RDM
2026-06-21,RDM-118,0.0,RDM
2026-06-21,RDM-119,0.0,RDM
2026-06-21,RDM-120,0.0,RDM
2026-06-21,RDM-121,0.0,RDM
2026-06-21,RDM-122,0.0,RDM
2026-06-21,RDM-123,0.0,RDM
2026-06-21,RDM-124,0.0,RDM
2026-06-21,RDM-125,0.0,RDM
2026-06-21,RDM-126,0.0,RDM
2026-06-21,RDM-127,0.0,RDM
2026-06-21,RDM-128,0.0,RDM
2026-06-21,RDM-129,0.0,RDM
2026-06-21,RDM-130,0.0,RDM
2026-06-21,RDM-131,0.0,RDM
2026-06-21,RDM-132,0.0,RDM
2026-06-21,RDM-133,0.0,RDM
2026-06-22,KRT-001,0.0,KRT
2026-06-22,KRT-002,0.0,KRT
2026-06-22,KRT-003,0.0,KRT
2026-06-22,KRT-004,0.0,KRT
2026-06-22,KRT-005,0.0,KRT
2026-06-22,KRT-006,0.0,KRT
2026-06-22,KRT-007,0.0,KRT
2026-06-22,KRT-008,0.0,KRT
2026-06-22,KRT-009,0.0,KRT
2026-06-22,KRT-010,0.0,KRT
2026-06-22,KRT-011,0.0,KRT
2026-06-22,KRT-012,0.0,KRT
2026-06-22,KRT-013,0.0,KRT
2026-06-22,KRT-014,0.0,KRT
2026-06-22,KRT-015,0.0,KRT
2026-06-22,KRT-016,0.0,KRT
2026-06-22,KRT-017,0.0,KRT
2026-06-22,KRT-018,0.0,KRT
2026-06-22,KRT-019,0.0,KRT
2026-06-22,KRT-020,0.0,KRT
2026-06-22,KRT-021,0.0,KRT
2026-06-22,KRT-022,0.0,KRT
2026-06-22,KRT-023,0.0,KRT
2026-06-22,KRT-024,0.0,KRT
2026-06-22,KRT-025,0.0,KRT
2026-06-22,KRT-026,0.0,KRT
2026-06-22,KRT-027,0.0,KRT
2026-06-22,KRT-028,0.0,KRT
2026-06-22,KRT-029,0.0,KRT
2026-06-22,KRT-030,0.0,KRT
2026-06-22,KRT-031,0.0,KRT
2026-06-22,KRT-032,0.0,KRT
2026-06-22,KRT-033,0.0,KRT
2026-06-22,KRT-034,0.0,KRT
2026-06-22,KRT-035,0.0,KRT
2026-06-22,KRT-036,0.0,KRT
2026-06-22,KRT-037,0.0,KRT
2026-06-22,KRT-038,0.0,KRT
2026-06-22,KRT-039,0.0,KRT
2026-06-22,KRT-040,0.0,KRT
2026-06-22,KRT-041,0.0,KRT
2026-06-22,KRT-042,0.0,KRT
2026-06-22,KRT-043,0.0,KRT
2026-06-22,KRT-044,0.0,KRT
2026-06-22,KRT-045,0.0,KRT
2026-06-22,KRT-046,0.0,KRT
2026-06-22,KRT-047,0.0,KRT
2026-06-22,KRT-048,0.0,KRT
2026-06-22,KRT-049,0.0,KRT
2026-06-22,KRT-050,0.0,KRT
2026-06-22,KRT-051,0.0,KRT
2026-06-22,KRT-052,0.0,KRT
2026-06-22,KRT-053,0.0,KRT
2026-06-22,KRT-054,0.0,KRT
2026-06-22,KRT-055,0.0,KRT
2026-06-22,KRT-056,0.0,KRT
2026-06-22,KRT-057,0.0,KRT
2026-06-22,KRT-058,0.0,KRT
2026-06-22,KRT-059,0.0,KRT
2026-06-22,KRT-060,0.0,KRT
2026-06-22,KRT-061,0.0,KRT
2026-06-22,KRT-062,0.0,KRT
2026-06-22,KRT-063,0.0,KRT
2026-06-22,KRT-064,0.0,KRT
2026-06-22,KRT-065,0.0,KRT
2026-06-22,KRT-066,0.0,KRT
2026-06-22,KRT-067,0.0,KRT
2026-06-22,KRT-068,0.0,KRT
2026-06-22,KRT-069,0.0,KRT
2026-06-22,KRT-070,0.0,KRT
2026-06-22,KRT-071,0.0,KRT
2026-06-22,KRT-072,0.0,KRT
2026-06-22,KRT-073,0.0,KRT
2026-06-22,KRT-074,0.0,KRT
2026-06-22,RDM-101,0.0,RDM
2026-06-22,RDM-102,0.0,RDM
2026-06-22,RDM-103,0.0,RDM
2026-06-22,RDM-104,0.0,RDM
2026-06-22,RDM-105,0.0,RDM
2026-06-22,RDM-106,0.0,RDM
2026-06-22,RDM-107,0.0,RDM
2026-06-22,RDM-108,0.0,RDM
2026-06-22,RDM-109,0.0,RDM
2026-06-22,RDM-110,0.0,RDM
2026-06-22,RDM-112,0.0,RDM
2026-06-22,RDM-113,0.0,RDM
2026-06-22,RDM-114,0.0,RDM
2026-06-22,RDM-115,0.0,RDM
2026-06-22,RDM-116,0.0,RDM
2026-06-22,RDM-117,0.0,RDM
2026-06-22,RDM-118,0.0,RDM
2026-06-22,RDM-119,0.0,RDM
2026-06-22,RDM-120,0.0,RDM
2026-06-22,RDM-121,0.0,RDM
2026-06-22,RDM-122,0.0,RDM
2026-06-22,RDM-123,0.0,RDM
2026-06-22,RDM-124,0.0,RDM
2026-06-22,RDM-125,0.0,RDM
2026-06-22,RDM-126,0.0,RDM
2026-06-22,RDM-127,0.0,RDM
2026-06-22,RDM-128,0.0,RDM
2026-06-22,RDM-129,0.0,RDM
2026-06-22,RDM-130,0.0,RDM
2026-06-22,RDM-131,0.0,RDM
2026-06-22,RDM-132,0.0,RDM
2026-06-22,RDM-133,0.0,RDM
2026-06-23,KRT-001,0.0,KRT
2026-06-23,KRT-002,0.0,KRT
2026-06-23,KRT-003,0.0,KRT
2026-06-23,KRT-004,0.0,KRT
2026-06-23,KRT-005,0.0,KRT
2026-06-23,KRT-006,0.0,KRT
2026-06-23,KRT-007,0.0,KRT
2026-06-23,KRT-008,0.0,KRT
2026-06-23,KRT-009,0.0,KRT
2026-06-23,KRT-010,0.0,KRT
2026-06-23,KRT-011,0.0,KRT
2026-06-23,KRT-012,0.0,KRT
2026-06-23,KRT-013,0.0,KRT
2026-06-23,KRT-014,0.0,KRT
2026-06-23,KRT-015,0.0,KRT
2026-06-23,KRT-016,0.0,KRT
2026-06-23,KRT-017,0.0,KRT
2026-06-23,KRT-018,0.0,KRT
2026-06-23,KRT-019,0.0,KRT
2026-06-23,KRT-020,0.0,KRT
2026-06-23,KRT-021,0.0,KRT
2026-06-23,KRT-022,0.0,KRT
2026-06-23,KRT-023,0.0,KRT
2026-06-23,KRT-024,0.0,KRT
2026-06-23,KRT-025,0.0,KRT
2026-06-23,KRT-026,0.0,KRT
2026-06-23,KRT-027,0.0,KRT
2026-06-23,KRT-028,0.0,KRT
2026-06-23,KRT-029,0.0,KRT
2026-06-23,KRT-030,0.0,KRT
2026-06-23,KRT-031,0.0,KRT
2026-06-23,KRT-032,0.0,KRT
2026-06-23,KRT-033,0.0,KRT
2026-06-23,KRT-034,0.0,KRT
2026-06-23,KRT-035,0.0,KRT
2026-06-23,KRT-036,0.0,KRT
2026-06-23,KRT-037,0.0,KRT
2026-06-23,KRT-038,0.0,KRT
2026-06-23,KRT-039,0.0,KRT
2026-06-23,KRT-040,0.0,KRT
2026-06-23,KRT-041,0.0,KRT
2026-06-23,KRT-042,0.0,KRT
2026-06-23,KRT-043,0.0,KRT
2026-06-23,KRT-044,0.0,KRT
2026-06-23,KRT-045,0.0,KRT
2026-06-23,KRT-046,0.0,KRT
2026-06-23,KRT-047,0.0,KRT
2026-06-23,KRT-048,0.0,KRT
2026-06-23,KRT-049,0.0,KRT
2026-06-23,KRT-050,0.0,KRT
2026-06-23,KRT-051,0.0,KRT
2026-06-23,KRT-052,0.0,KRT
2026-06-23,KRT-053,0.0,KRT
2026-06-23,KRT-054,0.0,KRT
2026-06-23,KRT-055,0.0,KRT
2026-06-23,KRT-056,0.0,KRT
2026-06-23,KRT-057,0.0,KRT
2026-06-23,KRT-058,0.0,KRT
2026-06-23,KRT-059,0.0,KRT
2026-06-23,KRT-060,0.0,KRT
2026-06-23,KRT-061,0.0,KRT
2026-06-23,KRT-062,0.0,KRT
2026-06-23,KRT-063,0.0,KRT
2026-06-23,KRT-064,0.0,KRT
2026-06-23,KRT-065,0.0,KRT
2026-06-23,KRT-066,0.0,KRT
2026-06-23,KRT-067,0.0,KRT
2026-06-23,KRT-068,0.0,KRT
2026-06-23,KRT-069,0.0,KRT
2026-06-23,KRT-070,0.0,KRT
2026-06-23,KRT-071,0.0,KRT
2026-06-23,KRT-072,0.0,KRT
2026-06-23,KRT-073,0.0,KRT
2026-06-23,KRT-074,0.0,KRT
2026-06-23,RDM-101,0.0,RDM
2026-06-23,RDM-102,0.0,RDM
2026-06-23,RDM-103,0.0,RDM
2026-06-23,RDM-104,0.0,RDM
2026-06-23,RDM-105,0.0,RDM
2026-06-23,RDM-106,0.0,RDM
2026-06-23,RDM-107,0.0,RDM
2026-06-23,RDM-108,0.0,RDM
2026-06-23,RDM-109,0.0,RDM
2026-06-23,RDM-110,0.0,RDM
2026-06-23,RDM-112,0.0,RDM
2026-06-23,RDM-113,0.0,RDM
2026-06-23,RDM-114,0.0,RDM
2026-06-23,RDM-115,0.0,RDM
2026-06-23,RDM-116,0.0,RDM
2026-06-23,RDM-117,0.0,RDM
2026-06-23,RDM-118,0.0,RDM
2026-06-23,RDM-119,0.0,RDM
2026-06-23,RDM-120,0.0,RDM
2026-06-23,RDM-121,0.0,RDM
2026-06-23,RDM-122,0.0,RDM
2026-06-23,RDM-123,0.0,RDM
2026-06-23,RDM-124,0.0,RDM
2026-06-23,RDM-125,0.0,RDM
2026-06-23,RDM-126,0.0,RDM
2026-06-23,RDM-127,0.0,RDM
2026-06-23,RDM-128,0.0,RDM
2026-06-23,RDM-129,0.0,RDM
2026-06-23,RDM-130,0.0,RDM
2026-06-23,RDM-131,0.0,RDM
2026-06-23,RDM-132,0.0,RDM
2026-06-23,RDM-133,0.0,RDM
2026-06-24,KRT-001,0.0,KRT
2026-06-24,KRT-002,0.0,KRT
2026-06-24,KRT-003,0.0,KRT
2026-06-24,KRT-004,0.0,KRT
2026-06-24,KRT-005,0.0,KRT
2026-06-24,KRT-006,0.0,KRT
2026-06-24,KRT-007,0.0,KRT
2026-06-24,KRT-008,0.0,KRT
2026-06-24,KRT-009,0.0,KRT
2026-06-24,KRT-010,0.0,KRT
2026-06-24,KRT-011,0.0,KRT
2026-06-24,KRT-012,0.0,KRT
2026-06-24,KRT-013,0.0,KRT
2026-06-24,KRT-014,0.0,KRT
2026-06-24,KRT-015,0.0,KRT
2026-06-24,KRT-016,0.0,KRT
2026-06-24,KRT-017,0.0,KRT
2026-06-24,KRT-018,0.0,KRT
2026-06-24,KRT-019,0.0,KRT
2026-06-24,KRT-020,0.0,KRT
2026-06-24,KRT-021,0.0,KRT
2026-06-24,KRT-022,0.0,KRT
2026-06-24,KRT-023,0.0,KRT
2026-06-24,KRT-024,0.0,KRT
2026-06-24,KRT-025,0.0,KRT
2026-06-24,KRT-026,0.0,KRT
2026-06-24,KRT-027,0.0,KRT
2026-06-24,KRT-028,0.0,KRT
2026-06-24,KRT-029,0.0,KRT
2026-06-24,KRT-030,0.0,KRT
2026-06-24,KRT-031,0.0,KRT
2026-06-24,KRT-032,0.0,KRT
2026-06-24,KRT-033,0.0,KRT
2026-06-24,KRT-034,0.0,KRT
2026-06-24,KRT-035,0.0,KRT
2026-06-24,KRT-036,0.0,KRT
2026-06-24,KRT-037,0.0,KRT
2026-06-24,KRT-038,0.0,KRT
2026-06-24,KRT-039,0.0,KRT
2026-06-24,KRT-040,0.0,KRT
2026-06-24,KRT-041,0.0,KRT
2026-06-24,KRT-042,0.0,KRT
2026-06-24,KRT-043,0.0,KRT
2026-06-24,KRT-044,0.0,KRT
2026-06-24,KRT-045,0.0,KRT
2026-06-24,KRT-046,0.0,KRT
2026-06-24,KRT-047,0.0,KRT
2026-06-24,KRT-048,0.0,KRT
2026-06-24,KRT-049,0.0,KRT
2026-06-24,KRT-050,0.0,KRT
2026-06-24,KRT-051,0.0,KRT
2026-06-24,KRT-052,0.0,KRT
2026-06-24,KRT-053,0.0,KRT
2026-06-24,KRT-054,0.0,KRT
2026-06-24,KRT-055,0.0,KRT
2026-06-24,KRT-056,0.0,KRT
2026-06-24,KRT-057,0.0,KRT
2026-06-24,KRT-058,0.0,KRT
2026-06-24,KRT-059,0.0,KRT
2026-06-24,KRT-060,0.0,KRT
2026-06-24,KRT-061,0.0,KRT
2026-06-24,KRT-062,0.0,KRT
2026-06-24,KRT-063,0.0,KRT
2026-06-24,KRT-064,0.0,KRT
2026-06-24,KRT-065,0.0,KRT
2026-06-24,KRT-066,0.0,KRT
2026-06-24,KRT-067,0.0,KRT
2026-06-24,KRT-068,0.0,KRT
2026-06-24,KRT-069,0.0,KRT
2026-06-24,KRT-070,0.0,KRT
2026-06-24,KRT-071,0.0,KRT
2026-06-24,KRT-072,0.0,KRT
2026-06-24,KRT-073,0.0,KRT
2026-06-24,KRT-074,0.0,KRT
2026-06-24,RDM-101,0.0,RDM
2026-06-24,RDM-102,0.0,RDM
2026-06-24,RDM-103,0.0,RDM
2026-06-24,RDM-104,0.0,RDM
2026-06-24,RDM-105,0.0,RDM
2026-06-24,RDM-106,0.0,RDM
2026-06-24,RDM-107,0.0,RDM
2026-06-24,RDM-108,0.0,RDM
2026-06-24,RDM-109,0.0,RDM
2026-06-24,RDM-110,0.0,RDM
2026-06-24,RDM-112,0.0,RDM
2026-06-24,RDM-113,0.0,RDM
2026-06-24,RDM-114,0.0,RDM
2026-06-24,RDM-115,0.0,RDM
2026-06-24,RDM-116,0.0,RDM
2026-06-24,RDM-117,0.0,RDM
2026-06-24,RDM-118,0.0,RDM
2026-06-24,RDM-119,0.0,RDM
2026-06-24,RDM-120,0.0,RDM
2026-06-24,RDM-121,0.0,RDM
2026-06-24,RDM-122,0.0,RDM
2026-06-24,RDM-123,0.0,RDM
2026-06-24,RDM-124,0.0,RDM
2026-06-24,RDM-125,0.0,RDM
2026-06-24,RDM-126,0.0,RDM
2026-06-24,RDM-127,0.0,RDM
2026-06-24,RDM-128,0.0,RDM
2026-06-24,RDM-129,0.0,RDM
2026-06-24,RDM-130,0.0,RDM
2026-06-24,RDM-131,0.0,RDM
2026-06-24,RDM-132,0.0,RDM
2026-06-24,RDM-133,0.0,RDM
2026-06-25,KRT-001,0.0,KRT
2026-06-25,KRT-002,0.0,KRT
2026-06-25,KRT-003,0.0,KRT
2026-06-25,KRT-004,0.0,KRT
2026-06-25,KRT-005,0.0,KRT
2026-06-25,KRT-006,0.0,KRT
2026-06-25,KRT-007,0.0,KRT
2026-06-25,KRT-008,0.0,KRT
2026-06-25,KRT-009,0.0,KRT
2026-06-25,KRT-010,0.0,KRT
2026-06-25,KRT-011,0.0,KRT
2026-06-25,KRT-012,0.0,KRT
2026-06-25,KRT-013,0.0,KRT
2026-06-25,KRT-014,0.0,KRT
2026-06-25,KRT-015,0.0,KRT
2026-06-25,KRT-016,0.0,KRT
2026-06-25,KRT-017,0.0,KRT
2026-06-25,KRT-018,0.0,KRT
2026-06-25,KRT-019,0.0,KRT
2026-06-25,KRT-020,0.0,KRT
2026-06-25,KRT-021,0.0,KRT
2026-06-25,KRT-022,0.0,KRT
2026-06-25,KRT-023,0.0,KRT
2026-06-25,KRT-024,0.0,KRT
2026-06-25,KRT-025,0.0,KRT
2026-06-25,KRT-026,0.0,KRT
2026-06-25,KRT-027,0.0,KRT
2026-06-25,KRT-028,0.0,KRT
2026-06-25,KRT-029,0.0,KRT
2026-06-25,KRT-030,0.0,KRT
2026-06-25,KRT-031,0.0,KRT
2026-06-25,KRT-032,0.0,KRT
2026-06-25,KRT-033,0.0,KRT
2026-06-25,KRT-034,0.0,KRT
2026-06-25,KRT-035,0.0,KRT
2026-06-25,KRT-036,0.0,KRT
2026-06-25,KRT-037,0.0,KRT
2026-06-25,KRT-038,0.0,KRT
2026-06-25,KRT-039,0.0,KRT
2026-06-25,KRT-040,0.0,KRT
2026-06-25,KRT-041,0.0,KRT
2026-06-25,KRT-042,0.0,KRT
2026-06-25,KRT-043,0.0,KRT
2026-06-25,KRT-044,0.0,KRT
2026-06-25,KRT-045,0.0,KRT
2026-06-25,KRT-046,0.0,KRT
2026-06-25,KRT-047,0.0,KRT
2026-06-25,KRT-048,0.0,KRT
2026-06-25,KRT-049,0.0,KRT
2026-06-25,KRT-050,0.0,KRT
2026-06-25,KRT-051,0.0,KRT
2026-06-25,KRT-052,0.0,KRT
2026-06-25,KRT-053,0.0,KRT
2026-06-25,KRT-054,0.0,KRT
2026-06-25,KRT-055,0.0,KRT
2026-06-25,KRT-056,0.0,KRT
2026-06-25,KRT-057,0.0,KRT
2026-06-25,KRT-058,0.0,KRT
2026-06-25,KRT-059,0.0,KRT
2026-06-25,KRT-060,0.0,KRT
2026-06-25,KRT-061,0.0,KRT
2026-06-25,KRT-062,0.0,KRT
2026-06-25,KRT-063,0.0,KRT
2026-06-25,KRT-064,0.0,KRT
2026-06-25,KRT-065,0.0,KRT
2026-06-25,KRT-066,0.0,KRT
2026-06-25,KRT-067,0.0,KRT
2026-06-25,KRT-068,0.0,KRT
2026-06-25,KRT-069,0.0,KRT
2026-06-25,KRT-070,0.0,KRT
2026-06-25,KRT-071,0.0,KRT
2026-06-25,KRT-072,0.0,KRT
2026-06-25,KRT-073,0.0,KRT
2026-06-25,KRT-074,0.0,KRT
2026-06-25,RDM-101,0.0,RDM
2026-06-25,RDM-102,0.0,RDM
2026-06-25,RDM-103,0.0,RDM
2026-06-25,RDM-104,0.0,RDM
2026-06-25,RDM-105,0.0,RDM
2026-06-25,RDM-106,0.0,RDM
2026-06-25,RDM-107,0.0,RDM
2026-06-25,RDM-108,0.0,RDM
2026-06-25,RDM-109,0.0,RDM
2026-06-25,RDM-110,0.0,RDM
2026-06-25,RDM-112,0.0,RDM
2026-06-25,RDM-113,0.0,RDM
2026-06-25,RDM-114,0.0,RDM
2026-06-25,RDM-115,0.0,RDM
2026-06-25,RDM-116,0.0,RDM
2026-06-25,RDM-117,0.0,RDM
2026-06-25,RDM-118,0.0,RDM
2026-06-25,RDM-119,0.0,RDM
2026-06-25,RDM-120,0.0,RDM
2026-06-25,RDM-121,0.0,RDM
2026-06-25,RDM-122,0.0,RDM
2026-06-25,RDM-123,0.0,RDM
2026-06-25,RDM-124,0.0,RDM
2026-06-25,RDM-125,0.0,RDM
2026-06-25,RDM-126,0.0,RDM
2026-06-25,RDM-127,0.0,RDM
2026-06-25,RDM-128,0.0,RDM
2026-06-25,RDM-129,0.0,RDM
2026-06-25,RDM-130,0.0,RDM
2026-06-25,RDM-131,0.0,RDM
2026-06-25,RDM-132,0.0,RDM
2026-06-25,RDM-133,0.0,RDM
2026-06-26,KRT-001,0.0,KRT
2026-06-26,KRT-002,0.0,KRT
2026-06-26,KRT-003,0.0,KRT
2026-06-26,KRT-004,0.0,KRT
2026-06-26,KRT-005,0.0,KRT
2026-06-26,KRT-006,0.0,KRT
2026-06-26,KRT-007,0.0,KRT
2026-06-26,KRT-008,0.0,KRT
2026-06-26,KRT-009,0.0,KRT
2026-06-26,KRT-010,0.0,KRT
2026-06-26,KRT-011,0.0,KRT
2026-06-26,KRT-012,0.0,KRT
2026-06-26,KRT-013,0.0,KRT
2026-06-26,KRT-014,0.0,KRT
2026-06-26,KRT-015,0.0,KRT
2026-06-26,KRT-016,0.0,KRT
2026-06-26,KRT-017,0.0,KRT
2026-06-26,KRT-018,0.0,KRT
2026-06-26,KRT-019,0.0,KRT
2026-06-26,KRT-020,0.0,KRT
2026-06-26,KRT-021,0.0,KRT
2026-06-26,KRT-022,0.0,KRT
2026-06-26,KRT-023,0.0,KRT
2026-06-26,KRT-024,0.0,KRT
2026-06-26,KRT-025,0.0,KRT
2026-06-26,KRT-026,0.0,KRT
2026-06-26,KRT-027,0.0,KRT
2026-06-26,KRT-028,0.0,KRT
2026-06-26,KRT-029,0.0,KRT
2026-06-26,KRT-030,0.0,KRT
2026-06-26,KRT-031,0.0,KRT
2026-06-26,KRT-032,0.0,KRT
2026-06-26,KRT-033,0.0,KRT
2026-06-26,KRT-034,0.0,KRT
2026-06-26,KRT-035,0.0,KRT
2026-06-26,KRT-036,0.0,KRT
2026-06-26,KRT-037,0.0,KRT
2026-06-26,KRT-038,0.0,KRT
2026-06-26,KRT-039,0.0,KRT
2026-06-26,KRT-040,0.0,KRT
2026-06-26,KRT-041,0.0,KRT
2026-06-26,KRT-042,0.0,KRT
2026-06-26,KRT-043,0.0,KRT
2026-06-26,KRT-044,0.0,KRT
2026-06-26,KRT-045,0.0,KRT
2026-06-26,KRT-046,0.0,KRT
2026-06-26,KRT-047,0.0,KRT
2026-06-26,KRT-048,0.0,KRT
2026-06-26,KRT-049,0.0,KRT
2026-06-26,KRT-050,0.0,KRT
2026-06-26,KRT-051,0.0,KRT
2026-06-26,KRT-052,0.0,KRT
2026-06-26,KRT-053,0.0,KRT
2026-06-26,KRT-054,0.0,KRT
2026-06-26,KRT-055,0.0,KRT
2026-06-26,KRT-056,0.0,KRT
2026-06-26,KRT-057,0.0,KRT
2026-06-26,KRT-058,0.0,KRT
2026-06-26,KRT-059,0.0,KRT
2026-06-26,KRT-060,0.0,KRT
2026-06-26,KRT-061,0.0,KRT
2026-06-26,KRT-062,0.0,KRT
2026-06-26,KRT-063,0.0,KRT
2026-06-26,KRT-064,0.0,KRT
2026-06-26,KRT-065,0.0,KRT
2026-06-26,KRT-066,0.0,KRT
2026-06-26,KRT-067,0.0,KRT
2026-06-26,KRT-068,0.0,KRT
2026-06-26,KRT-069,0.0,KRT
2026-06-26,KRT-070,0.0,KRT
2026-06-26,KRT-071,0.0,KRT
2026-06-26,KRT-072,0.0,KRT
2026-06-26,KRT-073,0.0,KRT
2026-06-26,KRT-074,0.0,KRT
2026-06-26,RDM-101,0.0,RDM
2026-06-26,RDM-102,0.0,RDM
2026-06-26,RDM-103,0.0,RDM
2026-06-26,RDM-104,0.0,RDM
2026-06-26,RDM-105,0.0,RDM
2026-06-26,RDM-106,0.0,RDM
2026-06-26,RDM-107,0.0,RDM
2026-06-26,RDM-108,0.0,RDM
2026-06-26,RDM-109,0.0,RDM
2026-06-26,RDM-110,0.0,RDM
2026-06-26,RDM-112,0.0,RDM
2026-06-26,RDM-113,0.0,RDM
2026-06-26,RDM-114,0.0,RDM
2026-06-26,RDM-115,0.0,RDM
2026-06-26,RDM-116,0.0,RDM
2026-06-26,RDM-117,0.0,RDM
2026-06-26,RDM-118,0.0,RDM
2026-06-26,RDM-119,0.0,RDM
2026-06-26,RDM-120,0.0,RDM
2026-06-26,RDM-121,0.0,RDM
2026-06-26,RDM-122,0.0,RDM
2026-06-26,RDM-123,0.0,RDM
2026-06-26,RDM-124,0.0,RDM
2026-06-26,RDM-125,0.0,RDM
2026-06-26,RDM-126,0.0,RDM
2026-06-26,RDM-127,0.0,RDM
2026-06-26,RDM-128,0.0,RDM
2026-06-26,RDM-129,0.0,RDM
2026-06-26,RDM-130,0.0,RDM
2026-06-26,RDM-131,0.0,RDM
2026-06-26,RDM-132,0.0,RDM
2026-06-26,RDM-133,0.0,RDM
2026-06-27,KRT-001,0.0,KRT
2026-06-27,KRT-002,0.0,KRT
2026-06-27,KRT-003,0.0,KRT
2026-06-27,KRT-004,0.0,KRT
2026-06-27,KRT-005,0.0,KRT
2026-06-27,KRT-006,0.0,KRT
2026-06-27,KRT-007,0.0,KRT
2026-06-27,KRT-008,0.0,KRT
2026-06-27,KRT-009,0.0,KRT
2026-06-27,KRT-010,0.0,KRT
2026-06-27,KRT-011,0.0,KRT
2026-06-27,KRT-012,0.0,KRT
2026-06-27,KRT-013,0.0,KRT
2026-06-27,KRT-014,0.0,KRT
2026-06-27,KRT-015,0.0,KRT
2026-06-27,KRT-016,0.0,KRT
2026-06-27,KRT-017,0.0,KRT
2026-06-27,KRT-018,0.0,KRT
2026-06-27,KRT-019,0.0,KRT
2026-06-27,KRT-020,0.0,KRT
2026-06-27,KRT-021,0.0,KRT
2026-06-27,KRT-022,0.0,KRT
2026-06-27,KRT-023,0.0,KRT
2026-06-27,KRT-024,0.0,KRT
2026-06-27,KRT-025,0.0,KRT
2026-06-27,KRT-026,0.0,KRT
2026-06-27,KRT-027,0.0,KRT
2026-06-27,KRT-028,0.0,KRT
2026-06-27,KRT-029,0.0,KRT
2026-06-27,KRT-030,0.0,KRT
2026-06-27,KRT-031,0.0,KRT
2026-06-27,KRT-032,0.0,KRT
2026-06-27,KRT-033,0.0,KRT
2026-06-27,KRT-034,0.0,KRT
2026-06-27,KRT-035,0.0,KRT
2026-06-27,KRT-036,0.0,KRT
2026-06-27,KRT-037,0.0,KRT
2026-06-27,KRT-038,0.0,KRT
2026-06-27,KRT-039,0.0,KRT
2026-06-27,KRT-040,0.0,KRT
2026-06-27,KRT-041,0.0,KRT
2026-06-27,KRT-042,0.0,KRT
2026-06-27,KRT-043,0.0,KRT
2026-06-27,KRT-044,0.0,KRT
2026-06-27,KRT-045,0.0,KRT
2026-06-27,KRT-046,0.0,KRT
2026-06-27,KRT-047,0.0,KRT
2026-06-27,KRT-048,0.0,KRT
2026-06-27,KRT-049,0.0,KRT
2026-06-27,KRT-050,0.0,KRT
2026-06-27,KRT-051,0.0,KRT
2026-06-27,KRT-052,0.0,KRT
2026-06-27,KRT-053,0.0,KRT
2026-06-27,KRT-054,0.0,KRT
2026-06-27,KRT-055,0.0,KRT
2026-06-27,KRT-056,0.0,KRT
2026-06-27,KRT-057,0.0,KRT
2026-06-27,KRT-058,0.0,KRT
2026-06-27,KRT-059,0.0,KRT
2026-06-27,KRT-060,0.0,KRT
2026-06-27,KRT-061,0.0,KRT
2026-06-27,KRT-062,0.0,KRT
2026-06-27,KRT-063,0.0,KRT
2026-06-27,KRT-064,0.0,KRT
2026-06-27,KRT-065,0.0,KRT
2026-06-27,KRT-066,0.0,KRT
2026-06-27,KRT-067,0.0,KRT
2026-06-27,KRT-068,0.0,KRT
2026-06-27,KRT-069,0.0,KRT
2026-06-27,KRT-070,0.0,KRT
2026-06-27,KRT-071,0.0,KRT
2026-06-27,KRT-072,0.0,KRT
2026-06-27,KRT-073,0.0,KRT
2026-06-27,KRT-074,0.0,KRT
2026-06-27,RDM-101,0.0,RDM
2026-06-27,RDM-102,0.0,RDM
2026-06-27,RDM-103,0.0,RDM
2026-06-27,RDM-104,0.0,RDM
2026-06-27,RDM-105,0.0,RDM
2026-06-27,RDM-106,0.0,RDM
2026-06-27,RDM-107,0.0,RDM
2026-06-27,RDM-108,0.0,RDM
2026-06-27,RDM-109,0.0,RDM
2026-06-27,RDM-110,0.0,RDM
2026-06-27,RDM-112,0.0,RDM
2026-06-27,RDM-113,0.0,RDM
2026-06-27,RDM-114,0.0,RDM
2026-06-27,RDM-115,0.0,RDM
2026-06-27,RDM-116,0.0,RDM
2026-06-27,RDM-117,0.0,RDM
2026-06-27,RDM-118,0.0,RDM
2026-06-27,RDM-119,0.0,RDM
2026-06-27,RDM-120,0.0,RDM
2026-06-27,RDM-121,0.0,RDM
2026-06-27,RDM-122,0.0,RDM
2026-06-27,RDM-123,0.0,RDM
2026-06-27,RDM-124,0.0,RDM
2026-06-27,RDM-125,0.0,RDM
2026-06-27,RDM-126,0.0,RDM
2026-06-27,RDM-127,0.0,RDM
2026-06-27,RDM-128,0.0,RDM
2026-06-27,RDM-129,0.0,RDM
2026-06-27,RDM-130,0.0,RDM
2026-06-27,RDM-131,0.0,RDM
2026-06-27,RDM-132,0.0,RDM
2026-06-27,RDM-133,0.0,RDM
2026-06-28,KRT-001,0.0,KRT
2026-06-28,KRT-002,0.0,KRT
2026-06-28,KRT-003,0.0,KRT
2026-06-28,KRT-004,0.0,KRT
2026-06-28,KRT-005,0.0,KRT
2026-06-28,KRT-006,0.0,KRT
2026-06-28,KRT-007,0.0,KRT
2026-06-28,KRT-008,0.0,KRT
2026-06-28,KRT-009,0.0,KRT
2026-06-28,KRT-010,0.0,KRT
2026-06-28,KRT-011,0.0,KRT
2026-06-28,KRT-012,0.0,KRT
2026-06-28,KRT-013,0.0,KRT
2026-06-28,KRT-014,0.0,KRT
2026-06-28,KRT-015,0.0,KRT
2026-06-28,KRT-016,0.0,KRT
2026-06-28,KRT-017,0.0,KRT
2026-06-28,KRT-018,0.0,KRT
2026-06-28,KRT-019,0.0,KRT
2026-06-28,KRT-020,0.0,KRT
2026-06-28,KRT-021,0.0,KRT
2026-06-28,KRT-022,0.0,KRT
2026-06-28,KRT-023,0.0,KRT
2026-06-28,KRT-024,0.0,KRT
2026-06-28,KRT-025,0.0,KRT
2026-06-28,KRT-026,0.0,KRT
2026-06-28,KRT-027,0.0,KRT
2026-06-28,KRT-028,0.0,KRT
2026-06-28,KRT-029,0.0,KRT
2026-06-28,KRT-030,0.0,KRT
2026-06-28,KRT-031,0.0,KRT
2026-06-28,KRT-032,0.0,KRT
2026-06-28,KRT-033,0.0,KRT
2026-06-28,KRT-034,0.0,KRT
2026-06-28,KRT-035,0.0,KRT
2026-06-28,KRT-036,0.0,KRT
2026-06-28,KRT-037,0.0,KRT
2026-06-28,KRT-038,0.0,KRT
2026-06-28,KRT-039,0.0,KRT
2026-06-28,KRT-040,0.0,KRT
2026-06-28,KRT-041,0.0,KRT
2026-06-28,KRT-042,0.0,KRT
2026-06-28,KRT-043,0.0,KRT
2026-06-28,KRT-044,0.0,KRT
2026-06-28,KRT-045,0.0,KRT
2026-06-28,KRT-046,0.0,KRT
2026-06-28,KRT-047,0.0,KRT
2026-06-28,KRT-048,0.0,KRT
2026-06-28,KRT-049,0.0,KRT
2026-06-28,KRT-050,0.0,KRT
2026-06-28,KRT-051,0.0,KRT
2026-06-28,KRT-052,0.0,KRT
2026-06-28,KRT-053,0.0,KRT
2026-06-28,KRT-054,0.0,KRT
2026-06-28,KRT-055,0.0,KRT
2026-06-28,KRT-056,0.0,KRT
2026-06-28,KRT-057,0.0,KRT
2026-06-28,KRT-058,0.0,KRT
2026-06-28,KRT-059,0.0,KRT
2026-06-28,KRT-060,0.0,KRT
2026-06-28,KRT-061,0.0,KRT
2026-06-28,KRT-062,0.0,KRT
2026-06-28,KRT-063,0.0,KRT
2026-06-28,KRT-064,0.0,KRT
2026-06-28,KRT-065,0.0,KRT
2026-06-28,KRT-066,0.0,KRT
2026-06-28,KRT-067,0.0,KRT
2026-06-28,KRT-068,0.0,KRT
2026-06-28,KRT-069,0.0,KRT
2026-06-28,KRT-070,0.0,KRT
2026-06-28,KRT-071,0.0,KRT
2026-06-28,KRT-072,0.0,KRT
2026-06-28,KRT-073,0.0,KRT
2026-06-28,KRT-074,0.0,KRT
2026-06-28,RDM-101,0.0,RDM
2026-06-28,RDM-102,0.0,RDM
2026-06-28,RDM-103,0.0,RDM
2026-06-28,RDM-104,0.0,RDM
2026-06-28,RDM-105,0.0,RDM
2026-06-28,RDM-106,0.0,RDM
2026-06-28,RDM-107,0.0,RDM
2026-06-28,RDM-108,0.0,RDM
2026-06-28,RDM-109,0.0,RDM
2026-06-28,RDM-110,0.0,RDM
2026-06-28,RDM-112,0.0,RDM
2026-06-28,RDM-113,0.0,RDM
2026-06-28,RDM-114,0.0,RDM
2026-06-28,RDM-115,0.0,RDM
2026-06-28,RDM-116,0.0,RDM
2026-06-28,RDM-117,0.0,RDM
2026-06-28,RDM-118,0.0,RDM
2026-06-28,RDM-119,0.0,RDM
2026-06-28,RDM-120,0.0,RDM
2026-06-28,RDM-121,0.0,RDM
2026-06-28,RDM-122,0.0,RDM
2026-06-28,RDM-123,0.0,RDM
2026-06-28,RDM-124,0.0,RDM
2026-06-28,RDM-125,0.0,RDM
2026-06-28,RDM-126,0.0,RDM
2026-06-28,RDM-127,0.0,RDM
2026-06-28,RDM-128,0.0,RDM
2026-06-28,RDM-129,0.0,RDM
2026-06-28,RDM-130,0.0,RDM
2026-06-28,RDM-131,0.0,RDM
2026-06-28,RDM-132,0.0,RDM
2026-06-28,RDM-133,0.0,RDM
2026-06-29,KRT-001,0.0,KRT
2026-06-29,KRT-002,0.0,KRT
2026-06-29,KRT-003,0.0,KRT
2026-06-29,KRT-004,0.0,KRT
2026-06-29,KRT-005,0.0,KRT
2026-06-29,KRT-006,0.0,KRT
2026-06-29,KRT-007,0.0,KRT
2026-06-29,KRT-008,0.0,KRT
2026-06-29,KRT-009,0.0,KRT
2026-06-29,KRT-010,0.0,KRT
2026-06-29,KRT-011,0.0,KRT
2026-06-29,KRT-012,0.0,KRT
2026-06-29,KRT-013,0.0,KRT
2026-06-29,KRT-014,0.0,KRT
2026-06-29,KRT-015,0.0,KRT
2026-06-29,KRT-016,0.0,KRT
2026-06-29,KRT-017,0.0,KRT
2026-06-29,KRT-018,0.0,KRT
2026-06-29,KRT-019,0.0,KRT
2026-06-29,KRT-020,0.0,KRT
2026-06-29,KRT-021,0.0,KRT
2026-06-29,KRT-022,0.0,KRT
2026-06-29,KRT-023,0.0,KRT
2026-06-29,KRT-024,0.0,KRT
2026-06-29,KRT-025,0.0,KRT
2026-06-29,KRT-026,0.0,KRT
2026-06-29,KRT-027,0.0,KRT
2026-06-29,KRT-028,0.0,KRT
2026-06-29,KRT-029,0.0,KRT
2026-06-29,KRT-030,0.0,KRT
2026-06-29,KRT-031,0.0,KRT
2026-06-29,KRT-032,0.0,KRT
2026-06-29,KRT-033,0.0,KRT
2026-06-29,KRT-034,0.0,KRT
2026-06-29,KRT-035,0.0,KRT
2026-06-29,KRT-036,0.0,KRT
2026-06-29,KRT-037,0.0,KRT
2026-06-29,KRT-038,0.0,KRT
2026-06-29,KRT-039,0.0,KRT
2026-06-29,KRT-040,0.0,KRT
2026-06-29,KRT-041,0.0,KRT
2026-06-29,KRT-042,0.0,KRT
2026-06-29,KRT-043,0.0,KRT
2026-06-29,KRT-044,0.0,KRT
2026-06-29,KRT-045,0.0,KRT
2026-06-29,KRT-046,0.0,KRT
2026-06-29,KRT-047,0.0,KRT
2026-06-29,KRT-048,0.0,KRT
2026-06-29,KRT-049,0.0,KRT
2026-06-29,KRT-050,0.0,KRT
2026-06-29,KRT-051,0.0,KRT
2026-06-29,KRT-052,0.0,KRT
2026-06-29,KRT-053,0.0,KRT
2026-06-29,KRT-054,0.0,KRT
2026-06-29,KRT-055,0.0,KRT
2026-06-29,KRT-056,0.0,KRT
2026-06-29,KRT-057,0.0,KRT
2026-06-29,KRT-058,0.0,KRT
2026-06-29,KRT-059,0.0,KRT
2026-06-29,KRT-060,0.0,KRT
2026-06-29,KRT-061,0.0,KRT
2026-06-29,KRT-062,0.0,KRT
2026-06-29,KRT-063,0.0,KRT
2026-06-29,KRT-064,0.0,KRT
2026-06-29,KRT-065,0.0,KRT
2026-06-29,KRT-066,0.0,KRT
2026-06-29,KRT-067,0.0,KRT
2026-06-29,KRT-068,0.0,KRT
2026-06-29,KRT-069,0.0,KRT
2026-06-29,KRT-070,0.0,KRT
2026-06-29,KRT-071,0.0,KRT
2026-06-29,KRT-072,0.0,KRT
2026-06-29,KRT-073,0.0,KRT
2026-06-29,KRT-074,0.0,KRT
2026-06-29,RDM-101,0.0,RDM
2026-06-29,RDM-102,0.0,RDM
2026-06-29,RDM-103,0.0,RDM
2026-06-29,RDM-104,0.0,RDM
2026-06-29,RDM-105,0.0,RDM
2026-06-29,RDM-106,0.0,RDM
2026-06-29,RDM-107,0.0,RDM
2026-06-29,RDM-108,0.0,RDM
2026-06-29,RDM-109,0.0,RDM
2026-06-29,RDM-110,0.0,RDM
2026-06-29,RDM-112,0.0,RDM
2026-06-29,RDM-113,0.0,RDM
2026-06-29,RDM-114,0.0,RDM
2026-06-29,RDM-115,0.0,RDM
2026-06-29,RDM-116,0.0,RDM
2026-06-29,RDM-117,0.0,RDM
2026-06-29,RDM-118,0.0,RDM
2026-06-29,RDM-119,0.0,RDM
2026-06-29,RDM-120,0.0,RDM
2026-06-29,RDM-121,0.0,RDM
2026-06-29,RDM-122,0.0,RDM
2026-06-29,RDM-123,0.0,RDM
2026-06-29,RDM-124,0.0,RDM
2026-06-29,RDM-125,0.0,RDM
2026-06-29,RDM-126,0.0,RDM
2026-06-29,RDM-127,0.0,RDM
2026-06-29,RDM-128,0.0,RDM
2026-06-29,RDM-129,0.0,RDM
2026-06-29,RDM-130,0.0,RDM
2026-06-29,RDM-131,0.0,RDM
2026-06-29,RDM-132,0.0,RDM
2026-06-29,RDM-133,0.0,RDM
2026-06-30,KRT-001,0.0,KRT
2026-06-30,KRT-002,0.0,KRT
2026-06-30,KRT-003,0.0,KRT
2026-06-30,KRT-004,0.0,KRT
2026-06-30,KRT-005,0.0,KRT
2026-06-30,KRT-006,0.0,KRT
2026-06-30,KRT-007,0.0,KRT
2026-06-30,KRT-008,0.0,KRT
2026-06-30,KRT-009,0.0,KRT
2026-06-30,KRT-010,0.0,KRT
2026-06-30,KRT-011,0.0,KRT
2026-06-30,KRT-012,0.0,KRT
2026-06-30,KRT-013,0.0,KRT
2026-06-30,KRT-014,0.0,KRT
2026-06-30,KRT-015,0.0,KRT
2026-06-30,KRT-016,0.0,KRT
2026-06-30,KRT-017,0.0,KRT
2026-06-30,KRT-018,0.0,KRT
2026-06-30,KRT-019,0.0,KRT
2026-06-30,KRT-020,0.0,KRT
2026-06-30,KRT-021,0.0,KRT
2026-06-30,KRT-022,0.0,KRT
2026-06-30,KRT-023,0.0,KRT
2026-06-30,KRT-024,0.0,KRT
2026-06-30,KRT-025,0.0,KRT
2026-06-30,KRT-026,0.0,KRT
2026-06-30,KRT-027,0.0,KRT
2026-06-30,KRT-028,0.0,KRT
2026-06-30,KRT-029,0.0,KRT
2026-06-30,KRT-030,0.0,KRT
2026-06-30,KRT-031,0.0,KRT
2026-06-30,KRT-032,0.0,KRT
2026-06-30,KRT-033,0.0,KRT
2026-06-30,KRT-034,0.0,KRT
2026-06-30,KRT-035,0.0,KRT
2026-06-30,KRT-036,0.0,KRT
2026-06-30,KRT-037,0.0,KRT
2026-06-30,KRT-038,0.0,KRT
2026-06-30,KRT-039,0.0,KRT
2026-06-30,KRT-040,0.0,KRT
2026-06-30,KRT-041,0.0,KRT
2026-06-30,KRT-042,0.0,KRT
2026-06-30,KRT-043,0.0,KRT
2026-06-30,KRT-044,0.0,KRT
2026-06-30,KRT-045,0.0,KRT
2026-06-30,KRT-046,0.0,KRT
2026-06-30,KRT-047,0.0,KRT
2026-06-30,KRT-048,0.0,KRT
2026-06-30,KRT-049,0.0,KRT
2026-06-30,KRT-050,0.0,KRT
2026-06-30,KRT-051,0.0,KRT
2026-06-30,KRT-052,0.0,KRT
2026-06-30,KRT-053,0.0,KRT
2026-06-30,KRT-054,0.0,KRT
2026-06-30,KRT-055,0.0,KRT
2026-06-30,KRT-056,0.0,KRT
2026-06-30,KRT-057,0.0,KRT
2026-06-30,KRT-058,0.0,KRT
2026-06-30,KRT-059,0.0,KRT
2026-06-30,KRT-060,0.0,KRT
2026-06-30,KRT-061,0.0,KRT
2026-06-30,KRT-062,0.0,KRT
2026-06-30,KRT-063,0.0,KRT
2026-06-30,KRT-064,0.0,KRT
2026-06-30,KRT-065,0.0,KRT
2026-06-30,KRT-066,0.0,KRT
2026-06-30,KRT-067,0.0,KRT
2026-06-30,KRT-068,0.0,KRT
2026-06-30,KRT-069,0.0,KRT
2026-06-30,KRT-070,0.0,KRT
2026-06-30,KRT-071,0.0,KRT
2026-06-30,KRT-072,0.0,KRT
2026-06-30,KRT-073,0.0,KRT
2026-06-30,KRT-074,0.0,KRT
2026-06-30,RDM-101,0.0,RDM
2026-06-30,RDM-102,0.0,RDM
2026-06-30,RDM-103,0.0,RDM
2026-06-30,RDM-104,0.0,RDM
2026-06-30,RDM-105,0.0,RDM
2026-06-30,RDM-106,0.0,RDM
2026-06-30,RDM-107,0.0,RDM
2026-06-30,RDM-108,0.0,RDM
2026-06-30,RDM-109,0.0,RDM
2026-06-30,RDM-110,0.0,RDM
2026-06-30,RDM-112,0.0,RDM
2026-06-30,RDM-113,0.0,RDM
2026-06-30,RDM-114,0.0,RDM
2026-06-30,RDM-115,0.0,RDM
2026-06-30,RDM-116,0.0,RDM
2026-06-30,RDM-117,0.0,RDM
2026-06-30,RDM-118,0.0,RDM
2026-06-30,RDM-119,0.0,RDM
2026-06-30,RDM-120,0.0,RDM
2026-06-30,RDM-121,0.0,RDM
2026-06-30,RDM-122,0.0,RDM
2026-06-30,RDM-123,0.0,RDM
2026-06-30,RDM-124,0.0,RDM
2026-06-30,RDM-125,0.0,RDM
2026-06-30,RDM-126,0.0,RDM
2026-06-30,RDM-127,0.0,RDM
2026-06-30,RDM-128,0.0,RDM
2026-06-30,RDM-129,0.0,RDM
2026-06-30,RDM-130,0.0,RDM
2026-06-30,RDM-131,0.0,RDM
2026-06-30,RDM-132,0.0,RDM
2026-06-30,RDM-133,0.0,RDM
2026-07-01,KRT-001,0.0,KRT
2026-07-01,KRT-002,0.0,KRT
2026-07-01,KRT-003,0.0,KRT
2026-07-01,KRT-004,0.0,KRT
2026-07-01,KRT-005,0.0,KRT
2026-07-01,KRT-006,0.0,KRT
2026-07-01,KRT-007,0.0,KRT
2026-07-01,KRT-008,0.0,KRT
2026-07-01,KRT-009,0.0,KRT
2026-07-01,KRT-010,0.0,KRT
2026-07-01,KRT-011,0.0,KRT
2026-07-01,KRT-012,0.0,KRT
2026-07-01,KRT-013,0.0,KRT
2026-07-01,KRT-014,0.0,KRT
2026-07-01,KRT-015,0.0,KRT
2026-07-01,KRT-016,0.0,KRT
2026-07-01,KRT-017,0.0,KRT
2026-07-01,KRT-018,0.0,KRT
2026-07-01,KRT-019,0.0,KRT
2026-07-01,KRT-020,0.0,KRT
2026-07-01,KRT-021,0.0,KRT
2026-07-01,KRT-022,0.0,KRT
2026-07-01,KRT-023,0.0,KRT
2026-07-01,KRT-024,0.0,KRT
2026-07-01,KRT-025,0.0,KRT
2026-07-01,KRT-026,0.0,KRT
2026-07-01,KRT-027,0.0,KRT
2026-07-01,KRT-028,0.0,KRT
2026-07-01,KRT-029,0.0,KRT
2026-07-01,KRT-030,0.0,KRT
2026-07-01,KRT-031,0.0,KRT
2026-07-01,KRT-032,0.0,KRT
2026-07-01,KRT-033,0.0,KRT
2026-07-01,KRT-034,0.0,KRT
2026-07-01,KRT-035,0.0,KRT
2026-07-01,KRT-036,0.0,KRT
2026-07-01,KRT-037,0.0,KRT
2026-07-01,KRT-038,0.0,KRT
2026-07-01,KRT-039,0.0,KRT
2026-07-01,KRT-040,0.0,KRT
2026-07-01,KRT-041,0.0,KRT
2026-07-01,KRT-042,0.0,KRT
2026-07-01,KRT-043,0.0,KRT
2026-07-01,KRT-044,0.0,KRT
2026-07-01,KRT-045,0.0,KRT
2026-07-01,KRT-046,0.0,KRT
2026-07-01,KRT-047,0.0,KRT
2026-07-01,KRT-048,0.0,KRT
2026-07-01,KRT-049,0.0,KRT
2026-07-01,KRT-050,0.0,KRT
2026-07-01,KRT-051,0.0,KRT
2026-07-01,KRT-052,0.0,KRT
2026-07-01,KRT-053,0.0,KRT
2026-07-01,KRT-054,0.0,KRT
2026-07-01,KRT-055,0.0,KRT
2026-07-01,KRT-056,0.0,KRT
2026-07-01,KRT-057,0.0,KRT
2026-07-01,KRT-058,0.0,KRT
2026-07-01,KRT-059,0.0,KRT
2026-07-01,KRT-060,0.0,KRT
2026-07-01,KRT-061,0.0,KRT
2026-07-01,KRT-062,0.0,KRT
2026-07-01,KRT-063,0.0,KRT
2026-07-01,KRT-064,0.0,KRT
2026-07-01,KRT-065,0.0,KRT
2026-07-01,KRT-066,0.0,KRT
2026-07-01,KRT-067,0.0,KRT
2026-07-01,KRT-068,0.0,KRT
2026-07-01,KRT-069,0.0,KRT
2026-07-01,KRT-070,0.0,KRT
2026-07-01,KRT-071,0.0,KRT
2026-07-01,KRT-072,0.0,KRT
2026-07-01,KRT-073,0.0,KRT
2026-07-01,KRT-074,0.0,KRT
2026-07-01,RDM-101,0.0,RDM
2026-07-01,RDM-102,0.0,RDM
2026-07-01,RDM-103,0.0,RDM
2026-07-01,RDM-104,0.0,RDM
2026-07-01,RDM-105,0.0,RDM
2026-07-01,RDM-106,0.0,RDM
2026-07-01,RDM-107,0.0,RDM
2026-07-01,RDM-108,0.0,RDM
2026-07-01,RDM-109,0.0,RDM
2026-07-01,RDM-110,0.0,RDM
2026-07-01,RDM-112,0.0,RDM
2026-07-01,RDM-113,0.0,RDM
2026-07-01,RDM-114,0.0,RDM
2026-07-01,RDM-115,0.0,RDM
2026-07-01,RDM-116,0.0,RDM
2026-07-01,RDM-117,0.0,RDM
2026-07-01,RDM-118,0.0,RDM
2026-07-01,RDM-119,0.0,RDM
2026-07-01,RDM-120,0.0,RDM
2026-07-01,RDM-121,0.0,RDM
2026-07-01,RDM-122,0.0,RDM
2026-07-01,RDM-123,0.0,RDM
2026-07-01,RDM-124,0.0,RDM
2026-07-01,RDM-125,0.0,RDM
2026-07-01,RDM-126,0.0,RDM
2026-07-01,RDM-127,0.0,RDM
2026-07-01,RDM-128,0.0,RDM
2026-07-01,RDM-129,0.0,RDM
2026-07-01,RDM-130,0.0,RDM
2026-07-01,RDM-131,0.0,RDM
2026-07-01,RDM-132,0.0,RDM
2026-07-01,RDM-133,0.0,RDM
2026-07-02,KRT-001,0.0,KRT
2026-07-02,KRT-002,0.0,KRT
2026-07-02,KRT-003,0.0,KRT
2026-07-02,KRT-004,0.0,KRT
2026-07-02,KRT-005,0.0,KRT
2026-07-02,KRT-006,0.0,KRT
2026-07-02,KRT-007,0.0,KRT
2026-07-02,KRT-008,0.0,KRT
2026-07-02,KRT-009,0.0,KRT
2026-07-02,KRT-010,0.0,KRT
2026-07-02,KRT-011,0.0,KRT
2026-07-02,KRT-012,0.0,KRT
2026-07-02,KRT-013,0.0,KRT
2026-07-02,KRT-014,0.0,KRT
2026-07-02,KRT-015,0.0,KRT
2026-07-02,KRT-016,0.0,KRT
2026-07-02,KRT-017,0.0,KRT
2026-07-02,KRT-018,0.0,KRT
2026-07-02,KRT-019,0.0,KRT
2026-07-02,KRT-020,0.0,KRT
2026-07-02,KRT-021,0.0,KRT
2026-07-02,KRT-022,0.0,KRT
2026-07-02,KRT-023,0.0,KRT
2026-07-02,KRT-024,0.0,KRT
2026-07-02,KRT-025,0.0,KRT
2026-07-02,KRT-026,0.0,KRT
2026-07-02,KRT-027,0.0,KRT
2026-07-02,KRT-028,0.0,KRT
2026-07-02,KRT-029,0.0,KRT
2026-07-02,KRT-030,0.0,KRT
2026-07-02,KRT-031,0.0,KRT
2026-07-02,KRT-032,0.0,KRT
2026-07-02,KRT-033,0.0,KRT
2026-07-02,KRT-034,0.0,KRT
2026-07-02,KRT-035,0.0,KRT
2026-07-02,KRT-036,0.0,KRT
2026-07-02,KRT-037,0.0,KRT
2026-07-02,KRT-038,0.0,KRT
2026-07-02,KRT-039,0.0,KRT
2026-07-02,KRT-040,0.0,KRT
2026-07-02,KRT-041,0.0,KRT
2026-07-02,KRT-042,0.0,KRT
2026-07-02,KRT-043,0.0,KRT
2026-07-02,KRT-044,0.0,KRT
2026-07-02,KRT-045,0.0,KRT
2026-07-02,KRT-046,0.0,KRT
2026-07-02,KRT-047,0.0,KRT
2026-07-02,KRT-048,0.0,KRT
2026-07-02,KRT-049,0.0,KRT
2026-07-02,KRT-050,0.0,KRT
2026-07-02,KRT-051,0.0,KRT
2026-07-02,KRT-052,0.0,KRT
2026-07-02,KRT-053,0.0,KRT
2026-07-02,KRT-054,0.0,KRT
2026-07-02,KRT-055,0.0,KRT
2026-07-02,KRT-056,0.0,KRT
2026-07-02,KRT-057,0.0,KRT
2026-07-02,KRT-058,0.0,KRT
2026-07-02,KRT-059,0.0,KRT
2026-07-02,KRT-060,0.0,KRT
2026-07-02,KRT-061,0.0,KRT
2026-07-02,KRT-062,0.0,KRT
2026-07-02,KRT-063,0.0,KRT
2026-07-02,KRT-064,0.0,KRT
2026-07-02,KRT-065,0.0,KRT
2026-07-02,KRT-066,0.0,KRT
2026-07-02,KRT-067,0.0,KRT
2026-07-02,KRT-068,0.0,KRT
2026-07-02,KRT-069,0.0,KRT
2026-07-02,KRT-070,0.0,KRT
2026-07-02,KRT-071,0.0,KRT
2026-07-02,KRT-072,0.0,KRT
2026-07-02,KRT-073,0.0,KRT
2026-07-02,KRT-074,0.0,KRT
2026-07-02,RDM-101,0.0,RDM
2026-07-02,RDM-102,0.0,RDM
2026-07-02,RDM-103,0.0,RDM
2026-07-02,RDM-104,0.0,RDM
2026-07-02,RDM-105,0.0,RDM
2026-07-02,RDM-106,0.0,RDM
2026-07-02,RDM-107,0.0,RDM
2026-07-02,RDM-108,0.0,RDM
2026-07-02,RDM-109,0.0,RDM
2026-07-02,RDM-110,0.0,RDM
2026-07-02,RDM-112,0.0,RDM
2026-07-02,RDM-113,0.0,RDM
2026-07-02,RDM-114,0.0,RDM
2026-07-02,RDM-115,0.0,RDM
2026-07-02,RDM-116,0.0,RDM
2026-07-02,RDM-117,0.0,RDM
2026-07-02,RDM-118,0.0,RDM
2026-07-02,RDM-119,0.0,RDM
2026-07-02,RDM-120,0.0,RDM
2026-07-02,RDM-121,0.0,RDM
2026-07-02,RDM-122,0.0,RDM
2026-07-02,RDM-123,0.0,RDM
2026-07-02,RDM-124,0.0,RDM
2026-07-02,RDM-125,0.0,RDM
2026-07-02,RDM-126,0.0,RDM
2026-07-02,RDM-127,0.0,RDM
2026-07-02,RDM-128,0.0,RDM
2026-07-02,RDM-129,0.0,RDM
2026-07-02,RDM-130,0.0,RDM
2026-07-02,RDM-131,0.0,RDM
2026-07-02,RDM-132,0.0,RDM
2026-07-02,RDM-133,0.0,RDM
2026-07-03,KRT-001,0.0,KRT
2026-07-03,KRT-002,0.0,KRT
2026-07-03,KRT-003,0.0,KRT
2026-07-03,KRT-004,0.0,KRT
2026-07-03,KRT-005,0.0,KRT
2026-07-03,KRT-006,0.0,KRT
2026-07-03,KRT-007,0.0,KRT
2026-07-03,KRT-008,0.0,KRT
2026-07-03,KRT-009,0.0,KRT
2026-07-03,KRT-010,0.0,KRT
2026-07-03,KRT-011,0.0,KRT
2026-07-03,KRT-012,0.0,KRT
2026-07-03,KRT-013,0.0,KRT
2026-07-03,KRT-014,0.0,KRT
2026-07-03,KRT-015,0.0,KRT
2026-07-03,KRT-016,0.0,KRT
2026-07-03,KRT-017,0.0,KRT
2026-07-03,KRT-018,0.0,KRT
2026-07-03,KRT-019,0.0,KRT
2026-07-03,KRT-020,0.0,KRT
2026-07-03,KRT-021,0.0,KRT
2026-07-03,KRT-022,0.0,KRT
2026-07-03,KRT-023,0.0,KRT
2026-07-03,KRT-024,0.0,KRT
2026-07-03,KRT-025,0.0,KRT
2026-07-03,KRT-026,0.0,KRT
2026-07-03,KRT-027,0.0,KRT
2026-07-03,KRT-028,0.0,KRT
2026-07-03,KRT-029,0.0,KRT
2026-07-03,KRT-030,0.0,KRT
2026-07-03,KRT-031,0.0,KRT
2026-07-03,KRT-032,0.0,KRT
2026-07-03,KRT-033,0.0,KRT
2026-07-03,KRT-034,0.0,KRT
2026-07-03,KRT-035,0.0,KRT
2026-07-03,KRT-036,0.0,KRT
2026-07-03,KRT-037,0.0,KRT
2026-07-03,KRT-038,0.0,KRT
2026-07-03,KRT-039,0.0,KRT
2026-07-03,KRT-040,0.0,KRT
2026-07-03,KRT-041,0.0,KRT
2026-07-03,KRT-042,0.0,KRT
2026-07-03,KRT-043,0.0,KRT
2026-07-03,KRT-044,0.0,KRT
2026-07-03,KRT-045,0.0,KRT
2026-07-03,KRT-046,0.0,KRT
2026-07-03,KRT-047,0.0,KRT
2026-07-03,KRT-048,0.0,KRT
2026-07-03,KRT-049,0.0,KRT
2026-07-03,KRT-050,0.0,KRT
2026-07-03,KRT-051,0.0,KRT
2026-07-03,KRT-052,0.0,KRT
2026-07-03,KRT-053,0.0,KRT
2026-07-03,KRT-054,0.0,KRT
2026-07-03,KRT-055,0.0,KRT
2026-07-03,KRT-056,0.0,KRT
2026-07-03,KRT-057,0.0,KRT
2026-07-03,KRT-058,0.0,KRT
2026-07-03,KRT-059,0.0,KRT
2026-07-03,KRT-060,0.0,KRT
2026-07-03,KRT-061,0.0,KRT
2026-07-03,KRT-062,0.0,KRT
2026-07-03,KRT-063,0.0,KRT
2026-07-03,KRT-064,0.0,KRT
2026-07-03,KRT-065,0.0,KRT
2026-07-03,KRT-066,0.0,KRT
2026-07-03,KRT-067,0.0,KRT
2026-07-03,KRT-068,0.0,KRT
2026-07-03,KRT-069,0.0,KRT
2026-07-03,KRT-070,0.0,KRT
2026-07-03,KRT-071,0.0,KRT
2026-07-03,KRT-072,0.0,KRT
2026-07-03,KRT-073,0.0,KRT
2026-07-03,KRT-074,0.0,KRT
2026-07-03,RDM-101,0.0,RDM
2026-07-03,RDM-102,0.0,RDM
2026-07-03,RDM-103,0.0,RDM
2026-07-03,RDM-104,0.0,RDM
2026-07-03,RDM-105,0.0,RDM
2026-07-03,RDM-106,0.0,RDM
2026-07-03,RDM-107,0.0,RDM
2026-07-03,RDM-108,0.0,RDM
2026-07-03,RDM-109,0.0,RDM
2026-07-03,RDM-110,0.0,RDM
2026-07-03,RDM-112,0.0,RDM
2026-07-03,RDM-113,0.0,RDM
2026-07-03,RDM-114,0.0,RDM
2026-07-03,RDM-115,0.0,RDM
2026-07-03,RDM-116,0.0,RDM
2026-07-03,RDM-117,0.0,RDM
2026-07-03,RDM-118,0.0,RDM
2026-07-03,RDM-119,0.0,RDM
2026-07-03,RDM-120,0.0,RDM
2026-07-03,RDM-121,0.0,RDM
2026-07-03,RDM-122,0.0,RDM
2026-07-03,RDM-123,0.0,RDM
2026-07-03,RDM-124,0.0,RDM
2026-07-03,RDM-125,0.0,RDM
2026-07-03,RDM-126,0.0,RDM
2026-07-03,RDM-127,0.0,RDM
2026-07-03,RDM-128,0.0,RDM
2026-07-03,RDM-129,0.0,RDM
2026-07-03,RDM-130,0.0,RDM
2026-07-03,RDM-131,0.0,RDM
2026-07-03,RDM-132,0.0,RDM
2026-07-03,RDM-133,0.0,RDM
2026-07-04,KRT-001,0.0,KRT
2026-07-04,KRT-002,0.0,KRT
2026-07-04,KRT-003,0.0,KRT
2026-07-04,KRT-004,0.0,KRT
2026-07-04,KRT-005,0.0,KRT
2026-07-04,KRT-006,0.0,KRT
2026-07-04,KRT-007,0.0,KRT
2026-07-04,KRT-008,0.0,KRT
2026-07-04,KRT-009,0.0,KRT
2026-07-04,KRT-010,0.0,KRT
2026-07-04,KRT-011,0.0,KRT
2026-07-04,KRT-012,0.0,KRT
2026-07-04,KRT-013,0.0,KRT
2026-07-04,KRT-014,0.0,KRT
2026-07-04,KRT-015,0.0,KRT
2026-07-04,KRT-016,0.0,KRT
2026-07-04,KRT-017,0.0,KRT
2026-07-04,KRT-018,0.0,KRT
2026-07-04,KRT-019,0.0,KRT
2026-07-04,KRT-020,0.0,KRT
2026-07-04,KRT-021,0.0,KRT
2026-07-04,KRT-022,0.0,KRT
2026-07-04,KRT-023,0.0,KRT
2026-07-04,KRT-024,0.0,KRT
2026-07-04,KRT-025,0.0,KRT
2026-07-04,KRT-026,0.0,KRT
2026-07-04,KRT-027,0.0,KRT
2026-07-04,KRT-028,0.0,KRT
2026-07-04,KRT-029,0.0,KRT
2026-07-04,KRT-030,0.0,KRT
2026-07-04,KRT-031,0.0,KRT
2026-07-04,KRT-032,0.0,KRT
2026-07-04,KRT-033,0.0,KRT
2026-07-04,KRT-034,0.0,KRT
2026-07-04,KRT-035,0.0,KRT
2026-07-04,KRT-036,0.0,KRT
2026-07-04,KRT-037,0.0,KRT
2026-07-04,KRT-038,0.0,KRT
2026-07-04,KRT-039,0.0,KRT
2026-07-04,KRT-040,0.0,KRT
2026-07-04,KRT-041,0.0,KRT
2026-07-04,KRT-042,0.0,KRT
2026-07-04,KRT-043,0.0,KRT
2026-07-04,KRT-044,0.0,KRT
2026-07-04,KRT-045,0.0,KRT
2026-07-04,KRT-046,0.0,KRT
2026-07-04,KRT-047,0.0,KRT
2026-07-04,KRT-048,0.0,KRT
2026-07-04,KRT-049,0.0,KRT
2026-07-04,KRT-050,0.0,KRT
2026-07-04,KRT-051,0.0,KRT
2026-07-04,KRT-052,0.0,KRT
2026-07-04,KRT-053,0.0,KRT
2026-07-04,KRT-054,0.0,KRT
2026-07-04,KRT-055,0.0,KRT
2026-07-04,KRT-056,0.0,KRT
2026-07-04,KRT-057,0.0,KRT
2026-07-04,KRT-058,0.0,KRT
2026-07-04,KRT-059,0.0,KRT
2026-07-04,KRT-060,0.0,KRT
2026-07-04,KRT-061,0.0,KRT
2026-07-04,KRT-062,0.0,KRT
2026-07-04,KRT-063,0.0,KRT
2026-07-04,KRT-064,0.0,KRT
2026-07-04,KRT-065,0.0,KRT
2026-07-04,KRT-066,0.0,KRT
2026-07-04,KRT-067,0.0,KRT
2026-07-04,KRT-068,0.0,KRT
2026-07-04,KRT-069,0.0,KRT
2026-07-04,KRT-070,0.0,KRT
2026-07-04,KRT-071,0.0,KRT
2026-07-04,KRT-072,0.0,KRT
2026-07-04,KRT-073,0.0,KRT
2026-07-04,KRT-074,0.0,KRT
2026-07-04,RDM-101,0.0,RDM
2026-07-04,RDM-102,0.0,RDM
2026-07-04,RDM-103,0.0,RDM
2026-07-04,RDM-104,0.0,RDM
2026-07-04,RDM-105,0.0,RDM
2026-07-04,RDM-106,0.0,RDM
2026-07-04,RDM-107,0.0,RDM
2026-07-04,RDM-108,0.0,RDM
2026-07-04,RDM-109,0.0,RDM
2026-07-04,RDM-110,0.0,RDM
2026-07-04,RDM-112,0.0,RDM
2026-07-04,RDM-113,0.0,RDM
2026-07-04,RDM-114,0.0,RDM
2026-07-04,RDM-115,0.0,RDM
2026-07-04,RDM-116,0.0,RDM
2026-07-04,RDM-117,0.0,RDM
2026-07-04,RDM-118,0.0,RDM
2026-07-04,RDM-119,0.0,RDM
2026-07-04,RDM-120,0.0,RDM
2026-07-04,RDM-121,0.0,RDM
2026-07-04,RDM-122,0.0,RDM
2026-07-04,RDM-123,0.0,RDM
2026-07-04,RDM-124,0.0,RDM
2026-07-04,RDM-125,0.0,RDM
2026-07-04,RDM-126,0.0,RDM
2026-07-04,RDM-127,0.0,RDM
2026-07-04,RDM-128,0.0,RDM
2026-07-04,RDM-129,0.0,RDM
2026-07-04,RDM-130,0.0,RDM
2026-07-04,RDM-131,0.0,RDM
2026-07-04,RDM-132,0.0,RDM
2026-07-04,RDM-133,0.0,RDM
2026-07-05,KRT-001,0.0,KRT
2026-07-05,KRT-002,0.0,KRT
2026-07-05,KRT-003,0.0,KRT
2026-07-05,KRT-004,0.0,KRT
2026-07-05,KRT-005,0.0,KRT
2026-07-05,KRT-006,0.0,KRT
2026-07-05,KRT-007,0.0,KRT
2026-07-05,KRT-008,0.0,KRT
2026-07-05,KRT-009,0.0,KRT
2026-07-05,KRT-010,0.0,KRT
2026-07-05,KRT-011,0.0,KRT
2026-07-05,KRT-012,0.0,KRT
2026-07-05,KRT-013,0.0,KRT
2026-07-05,KRT-014,0.0,KRT
2026-07-05,KRT-015,0.0,KRT
2026-07-05,KRT-016,0.0,KRT
2026-07-05,KRT-017,0.0,KRT
2026-07-05,KRT-018,0.0,KRT
2026-07-05,KRT-019,0.0,KRT
2026-07-05,KRT-020,0.0,KRT
2026-07-05,KRT-021,0.0,KRT
2026-07-05,KRT-022,0.0,KRT
2026-07-05,KRT-023,0.0,KRT
2026-07-05,KRT-024,0.0,KRT
2026-07-05,KRT-025,0.0,KRT
2026-07-05,KRT-026,0.0,KRT
2026-07-05,KRT-027,0.0,KRT
2026-07-05,KRT-028,0.0,KRT
2026-07-05,KRT-029,0.0,KRT
2026-07-05,KRT-030,0.0,KRT
2026-07-05,KRT-031,0.0,KRT
2026-07-05,KRT-032,0.0,KRT
2026-07-05,KRT-033,0.0,KRT
2026-07-05,KRT-034,0.0,KRT
2026-07-05,KRT-035,0.0,KRT
2026-07-05,KRT-036,0.0,KRT
2026-07-05,KRT-037,0.0,KRT
2026-07-05,KRT-038,0.0,KRT
2026-07-05,KRT-039,0.0,KRT
2026-07-05,KRT-040,0.0,KRT
2026-07-05,KRT-041,0.0,KRT
2026-07-05,KRT-042,0.0,KRT
2026-07-05,KRT-043,0.0,KRT
2026-07-05,KRT-044,0.0,KRT
2026-07-05,KRT-045,0.0,KRT
2026-07-05,KRT-046,0.0,KRT
2026-07-05,KRT-047,0.0,KRT
2026-07-05,KRT-048,0.0,KRT
2026-07-05,KRT-049,0.0,KRT
2026-07-05,KRT-050,0.0,KRT
2026-07-05,KRT-051,0.0,KRT
2026-07-05,KRT-052,0.0,KRT
2026-07-05,KRT-053,0.0,KRT
2026-07-05,KRT-054,0.0,KRT
2026-07-05,KRT-055,0.0,KRT
2026-07-05,KRT-056,0.0,KRT
2026-07-05,KRT-057,0.0,KRT
2026-07-05,KRT-058,0.0,KRT
2026-07-05,KRT-059,0.0,KRT
2026-07-05,KRT-060,0.0,KRT
2026-07-05,KRT-061,0.0,KRT
2026-07-05,KRT-062,0.0,KRT
2026-07-05,KRT-063,0.0,KRT
2026-07-05,KRT-064,0.0,KRT
2026-07-05,KRT-065,0.0,KRT
2026-07-05,KRT-066,0.0,KRT
2026-07-05,KRT-067,0.0,KRT
2026-07-05,KRT-068,0.0,KRT
2026-07-05,KRT-069,0.0,KRT
2026-07-05,KRT-070,0.0,KRT
2026-07-05,KRT-071,0.0,KRT
2026-07-05,KRT-072,0.0,KRT
2026-07-05,KRT-073,0.0,KRT
2026-07-05,KRT-074,0.0,KRT
2026-07-05,RDM-101,0.0,RDM
2026-07-05,RDM-102,0.0,RDM
2026-07-05,RDM-103,0.0,RDM
2026-07-05,RDM-104,0.0,RDM
2026-07-05,RDM-105,0.0,RDM
2026-07-05,RDM-106,0.0,RDM
2026-07-05,RDM-107,0.0,RDM
2026-07-05,RDM-108,0.0,RDM
2026-07-05,RDM-109,0.0,RDM
2026-07-05,RDM-110,0.0,RDM
2026-07-05,RDM-112,0.0,RDM
2026-07-05,RDM-113,0.0,RDM
2026-07-05,RDM-114,0.0,RDM
2026-07-05,RDM-115,0.0,RDM
2026-07-05,RDM-116,0.0,RDM
2026-07-05,RDM-117,0.0,RDM
2026-07-05,RDM-118,0.0,RDM
2026-07-05,RDM-119,0.0,RDM
2026-07-05,RDM-120,0.0,RDM
2026-07-05,RDM-121,0.0,RDM
2026-07-05,RDM-122,0.0,RDM
2026-07-05,RDM-123,0.0,RDM
2026-07-05,RDM-124,0.0,RDM
2026-07-05,RDM-125,0.0,RDM
2026-07-05,RDM-126,0.0,RDM
2026-07-05,RDM-127,0.0,RDM
2026-07-05,RDM-128,0.0,RDM
2026-07-05,RDM-129,0.0,RDM
2026-07-05,RDM-130,0.0,RDM
2026-07-05,RDM-131,0.0,RDM
2026-07-05,RDM-132,0.0,RDM
2026-07-05,RDM-133,0.0,RDM
2026-07-06,KRT-001,0.0,KRT
2026-07-06,KRT-002,0.0,KRT
2026-07-06,KRT-003,0.0,KRT
2026-07-06,KRT-004,0.0,KRT
2026-07-06,KRT-005,0.0,KRT
2026-07-06,KRT-006,0.0,KRT
2026-07-06,KRT-007,0.0,KRT
2026-07-06,KRT-008,0.0,KRT
2026-07-06,KRT-009,0.0,KRT
2026-07-06,KRT-010,0.0,KRT
2026-07-06,KRT-011,0.0,KRT
2026-07-06,KRT-012,0.0,KRT
2026-07-06,KRT-013,0.0,KRT
2026-07-06,KRT-014,0.0,KRT
2026-07-06,KRT-015,0.0,KRT
2026-07-06,KRT-016,0.0,KRT
2026-07-06,KRT-017,0.0,KRT
2026-07-06,KRT-018,0.0,KRT
2026-07-06,KRT-019,0.0,KRT
2026-07-06,KRT-020,0.0,KRT
2026-07-06,KRT-021,0.0,KRT
2026-07-06,KRT-022,0.0,KRT
2026-07-06,KRT-023,0.0,KRT
2026-07-06,KRT-024,0.0,KRT
2026-07-06,KRT-025,0.0,KRT
2026-07-06,KRT-026,0.0,KRT
2026-07-06,KRT-027,0.0,KRT
2026-07-06,KRT-028,0.0,KRT
2026-07-06,KRT-029,0.0,KRT
2026-07-06,KRT-030,0.0,KRT
2026-07-06,KRT-031,0.0,KRT
2026-07-06,KRT-032,0.0,KRT
2026-07-06,KRT-033,0.0,KRT
2026-07-06,KRT-034,0.0,KRT
2026-07-06,KRT-035,0.0,KRT
2026-07-06,KRT-036,0.0,KRT
2026-07-06,KRT-037,0.0,KRT
2026-07-06,KRT-038,0.0,KRT
2026-07-06,KRT-039,0.0,KRT
2026-07-06,KRT-040,0.0,KRT
2026-07-06,KRT-041,0.0,KRT
2026-07-06,KRT-042,0.0,KRT
2026-07-06,KRT-043,0.0,KRT
2026-07-06,KRT-044,0.0,KRT
2026-07-06,KRT-045,0.0,KRT
2026-07-06,KRT-046,0.0,KRT
2026-07-06,KRT-047,0.0,KRT
2026-07-06,KRT-048,0.0,KRT
2026-07-06,KRT-049,0.0,KRT
2026-07-06,KRT-050,0.0,KRT
2026-07-06,KRT-051,0.0,KRT
2026-07-06,KRT-052,0.0,KRT
2026-07-06,KRT-053,0.0,KRT
2026-07-06,KRT-054,0.0,KRT
2026-07-06,KRT-055,0.0,KRT
2026-07-06,KRT-056,0.0,KRT
2026-07-06,KRT-057,0.0,KRT
2026-07-06,KRT-058,0.0,KRT
2026-07-06,KRT-059,0.0,KRT
2026-07-06,KRT-060,0.0,KRT
2026-07-06,KRT-061,0.0,KRT
2026-07-06,KRT-062,0.0,KRT
2026-07-06,KRT-063,0.0,KRT
2026-07-06,KRT-064,0.0,KRT
2026-07-06,KRT-065,0.0,KRT
2026-07-06,KRT-066,0.0,KRT
2026-07-06,KRT-067,0.0,KRT
2026-07-06,KRT-068,0.0,KRT
2026-07-06,KRT-069,0.0,KRT
2026-07-06,KRT-070,0.0,KRT
2026-07-06,KRT-071,0.0,KRT
2026-07-06,KRT-072,0.0,KRT
2026-07-06,KRT-073,0.0,KRT
2026-07-06,KRT-074,0.0,KRT
2026-07-06,RDM-101,0.0,RDM
2026-07-06,RDM-102,0.0,RDM
2026-07-06,RDM-103,0.0,RDM
2026-07-06,RDM-104,0.0,RDM
2026-07-06,RDM-105,0.0,RDM
2026-07-06,RDM-106,0.0,RDM
2026-07-06,RDM-107,0.0,RDM
2026-07-06,RDM-108,0.0,RDM
2026-07-06,RDM-109,0.0,RDM
2026-07-06,RDM-110,0.0,RDM
2026-07-06,RDM-112,0.0,RDM
2026-07-06,RDM-113,0.0,RDM
2026-07-06,RDM-114,0.0,RDM
2026-07-06,RDM-115,0.0,RDM
2026-07-06,RDM-116,0.0,RDM
2026-07-06,RDM-117,0.0,RDM
2026-07-06,RDM-118,0.0,RDM
2026-07-06,RDM-119,0.0,RDM
2026-07-06,RDM-120,0.0,RDM
2026-07-06,RDM-121,0.0,RDM
2026-07-06,RDM-122,0.0,RDM
2026-07-06,RDM-123,0.0,RDM
2026-07-06,RDM-124,0.0,RDM
2026-07-06,RDM-125,0.0,RDM
2026-07-06,RDM-126,0.0,RDM
2026-07-06,RDM-127,0.0,RDM
2026-07-06,RDM-128,0.0,RDM
2026-07-06,RDM-129,0.0,RDM
2026-07-06,RDM-130,0.0,RDM
2026-07-06,RDM-131,0.0,RDM
2026-07-06,RDM-132,0.0,RDM
2026-07-06,RDM-133,0.0,RDM
2026-07-07,KRT-001,0.0,KRT
2026-07-07,KRT-002,0.0,KRT
2026-07-07,KRT-003,0.0,KRT
2026-07-07,KRT-004,0.0,KRT
2026-07-07,KRT-005,0.0,KRT
2026-07-07,KRT-006,0.0,KRT
2026-07-07,KRT-007,0.0,KRT
2026-07-07,KRT-008,0.0,KRT
2026-07-07,KRT-009,0.0,KRT
2026-07-07,KRT-010,0.0,KRT
2026-07-07,KRT-011,0.0,KRT
2026-07-07,KRT-012,0.0,KRT
2026-07-07,KRT-013,0.0,KRT
2026-07-07,KRT-014,0.0,KRT
2026-07-07,KRT-015,0.0,KRT
2026-07-07,KRT-016,0.0,KRT
2026-07-07,KRT-017,0.0,KRT
2026-07-07,KRT-018,0.0,KRT
2026-07-07,KRT-019,0.0,KRT
2026-07-07,KRT-020,0.0,KRT
2026-07-07,KRT-021,0.0,KRT
2026-07-07,KRT-022,0.0,KRT
2026-07-07,KRT-023,0.0,KRT
2026-07-07,KRT-024,0.0,KRT
2026-07-07,KRT-025,0.0,KRT
2026-07-07,KRT-026,0.0,KRT
2026-07-07,KRT-027,0.0,KRT
2026-07-07,KRT-028,0.0,KRT
2026-07-07,KRT-029,0.0,KRT
2026-07-07,KRT-030,0.0,KRT
2026-07-07,KRT-031,0.0,KRT
2026-07-07,KRT-032,0.0,KRT
2026-07-07,KRT-033,0.0,KRT
2026-07-07,KRT-034,0.0,KRT
2026-07-07,KRT-035,0.0,KRT
2026-07-07,KRT-036,0.0,KRT
2026-07-07,KRT-037,0.0,KRT
2026-07-07,KRT-038,0.0,KRT
2026-07-07,KRT-039,0.0,KRT
2026-07-07,KRT-040,0.0,KRT
2026-07-07,KRT-041,0.0,KRT
2026-07-07,KRT-042,0.0,KRT
2026-07-07,KRT-043,0.0,KRT
2026-07-07,KRT-044,0.0,KRT
2026-07-07,KRT-045,0.0,KRT
2026-07-07,KRT-046,0.0,KRT
2026-07-07,KRT-047,0.0,KRT
2026-07-07,KRT-048,0.0,KRT
2026-07-07,KRT-049,0.0,KRT
2026-07-07,KRT-050,0.0,KRT
2026-07-07,KRT-051,0.0,KRT
2026-07-07,KRT-052,0.0,KRT
2026-07-07,KRT-053,0.0,KRT
2026-07-07,KRT-054,0.0,KRT
2026-07-07,KRT-055,0.0,KRT
2026-07-07,KRT-056,0.0,KRT
2026-07-07,KRT-057,0.0,KRT
2026-07-07,KRT-058,0.0,KRT
2026-07-07,KRT-059,0.0,KRT
2026-07-07,KRT-060,0.0,KRT
2026-07-07,KRT-061,0.0,KRT
2026-07-07,KRT-062,0.0,KRT
2026-07-07,KRT-063,0.0,KRT
2026-07-07,KRT-064,0.0,KRT
2026-07-07,KRT-065,0.0,KRT
2026-07-07,KRT-066,0.0,KRT
2026-07-07,KRT-067,0.0,KRT
2026-07-07,KRT-068,0.0,KRT
2026-07-07,KRT-069,0.0,KRT
2026-07-07,KRT-070,0.0,KRT
2026-07-07,KRT-071,0.0,KRT
2026-07-07,KRT-072,0.0,KRT
2026-07-07,KRT-073,0.0,KRT
2026-07-07,KRT-074,0.0,KRT
2026-07-07,RDM-101,0.0,RDM
2026-07-07,RDM-102,0.0,RDM
2026-07-07,RDM-103,0.0,RDM
2026-07-07,RDM-104,0.0,RDM
2026-07-07,RDM-105,0.0,RDM
2026-07-07,RDM-106,0.0,RDM
2026-07-07,RDM-107,0.0,RDM
2026-07-07,RDM-108,0.0,RDM
2026-07-07,RDM-109,0.0,RDM
2026-07-07,RDM-110,0.0,RDM
2026-07-07,RDM-112,0.0,RDM
2026-07-07,RDM-113,0.0,RDM
2026-07-07,RDM-114,0.0,RDM
2026-07-07,RDM-115,0.0,RDM
2026-07-07,RDM-116,0.0,RDM
2026-07-07,RDM-117,0.0,RDM
2026-07-07,RDM-118,0.0,RDM
2026-07-07,RDM-119,0.0,RDM
2026-07-07,RDM-120,0.0,RDM
2026-07-07,RDM-121,0.0,RDM
2026-07-07,RDM-122,0.0,RDM
2026-07-07,RDM-123,0.0,RDM
2026-07-07,RDM-124,0.0,RDM
2026-07-07,RDM-125,0.0,RDM
2026-07-07,RDM-126,0.0,RDM
2026-07-07,RDM-127,0.0,RDM
2026-07-07,RDM-128,0.0,RDM
2026-07-07,RDM-129,0.0,RDM
2026-07-07,RDM-130,0.0,RDM
2026-07-07,RDM-131,0.0,RDM
2026-07-07,RDM-132,0.0,RDM
2026-07-07,RDM-133,0.0,RDM
2026-07-08,KRT-001,0.0,KRT
2026-07-08,KRT-002,0.0,KRT
2026-07-08,KRT-003,0.0,KRT
2026-07-08,KRT-004,0.0,KRT
2026-07-08,KRT-005,0.0,KRT
2026-07-08,KRT-006,0.0,KRT
2026-07-08,KRT-007,0.0,KRT
2026-07-08,KRT-008,0.0,KRT
2026-07-08,KRT-009,0.0,KRT
2026-07-08,KRT-010,0.0,KRT
2026-07-08,KRT-011,0.0,KRT
2026-07-08,KRT-012,0.0,KRT
2026-07-08,KRT-013,0.0,KRT
2026-07-08,KRT-014,0.0,KRT
2026-07-08,KRT-015,0.0,KRT
2026-07-08,KRT-016,0.0,KRT
2026-07-08,KRT-017,0.0,KRT
2026-07-08,KRT-018,0.0,KRT
2026-07-08,KRT-019,0.0,KRT
2026-07-08,KRT-020,0.0,KRT
2026-07-08,KRT-021,0.0,KRT
2026-07-08,KRT-022,0.0,KRT
2026-07-08,KRT-023,0.0,KRT
2026-07-08,KRT-024,0.0,KRT
2026-07-08,KRT-025,0.0,KRT
2026-07-08,KRT-026,0.0,KRT
2026-07-08,KRT-027,0.0,KRT
2026-07-08,KRT-028,0.0,KRT
2026-07-08,KRT-029,0.0,KRT
2026-07-08,KRT-030,0.0,KRT
2026-07-08,KRT-031,0.0,KRT
2026-07-08,KRT-032,0.0,KRT
2026-07-08,KRT-033,0.0,KRT
2026-07-08,KRT-034,0.0,KRT
2026-07-08,KRT-035,0.0,KRT
2026-07-08,KRT-036,0.0,KRT
2026-07-08,KRT-037,0.0,KRT
2026-07-08,KRT-038,0.0,KRT
2026-07-08,KRT-039,0.0,KRT
2026-07-08,KRT-040,0.0,KRT
2026-07-08,KRT-041,0.0,KRT
2026-07-08,KRT-042,0.0,KRT
2026-07-08,KRT-043,0.0,KRT
2026-07-08,KRT-044,0.0,KRT
2026-07-08,KRT-045,0.0,KRT
2026-07-08,KRT-046,0.0,KRT
2026-07-08,KRT-047,0.0,KRT
2026-07-08,KRT-048,0.0,KRT
2026-07-08,KRT-049,0.0,KRT
2026-07-08,KRT-050,0.0,KRT
2026-07-08,KRT-051,0.0,KRT
2026-07-08,KRT-052,0.0,KRT
2026-07-08,KRT-053,0.0,KRT
2026-07-08,KRT-054,0.0,KRT
2026-07-08,KRT-055,0.0,KRT
2026-07-08,KRT-056,0.0,KRT
2026-07-08,KRT-057,0.0,KRT
2026-07-08,KRT-058,0.0,KRT
2026-07-08,KRT-059,0.0,KRT
2026-07-08,KRT-060,0.0,KRT
2026-07-08,KRT-061,0.0,KRT
2026-07-08,KRT-062,0.0,KRT
2026-07-08,KRT-063,0.0,KRT
2026-07-08,KRT-064,0.0,KRT
2026-07-08,KRT-065,0.0,KRT
2026-07-08,KRT-066,0.0,KRT
2026-07-08,KRT-067,0.0,KRT
2026-07-08,KRT-068,0.0,KRT
2026-07-08,KRT-069,0.0,KRT
2026-07-08,KRT-070,0.0,KRT
2026-07-08,KRT-071,0.0,KRT
2026-07-08,KRT-072,0.0,KRT
2026-07-08,KRT-073,0.0,KRT
2026-07-08,KRT-074,0.0,KRT
2026-07-08,RDM-101,0.0,RDM
2026-07-08,RDM-102,0.0,RDM
2026-07-08,RDM-103,0.0,RDM
2026-07-08,RDM-104,0.0,RDM
2026-07-08,RDM-105,0.0,RDM
2026-07-08,RDM-106,0.0,RDM
2026-07-08,RDM-107,0.0,RDM
2026-07-08,RDM-108,0.0,RDM
2026-07-08,RDM-109,0.0,RDM
2026-07-08,RDM-110,0.0,RDM
2026-07-08,RDM-112,0.0,RDM
2026-07-08,RDM-113,0.0,RDM
2026-07-08,RDM-114,0.0,RDM
2026-07-08,RDM-115,0.0,RDM
2026-07-08,RDM-116,0.0,RDM
2026-07-08,RDM-117,0.0,RDM
2026-07-08,RDM-118,0.0,RDM
2026-07-08,RDM-119,0.0,RDM
2026-07-08,RDM-120,0.0,RDM
2026-07-08,RDM-121,0.0,RDM
2026-07-08,RDM-122,0.0,RDM
2026-07-08,RDM-123,0.0,RDM
2026-07-08,RDM-124,0.0,RDM
2026-07-08,RDM-125,0.0,RDM
2026-07-08,RDM-126,0.0,RDM
2026-07-08,RDM-127,0.0,RDM
2026-07-08,RDM-128,0.0,RDM
2026-07-08,RDM-129,0.0,RDM
2026-07-08,RDM-130,0.0,RDM
2026-07-08,RDM-131,0.0,RDM
2026-07-08,RDM-132,0.0,RDM
2026-07-08,RDM-133,0.0,RDM
2026-07-09,KRT-001,0.0,KRT
2026-07-09,KRT-002,0.0,KRT
2026-07-09,KRT-003,0.0,KRT
2026-07-09,KRT-004,0.0,KRT
2026-07-09,KRT-005,0.0,KRT
2026-07-09,KRT-006,0.0,KRT
2026-07-09,KRT-007,0.0,KRT
2026-07-09,KRT-008,0.0,KRT
2026-07-09,KRT-009,0.0,KRT
2026-07-09,KRT-010,0.0,KRT
2026-07-09,KRT-011,0.0,KRT
2026-07-09,KRT-012,0.0,KRT
2026-07-09,KRT-013,0.0,KRT
2026-07-09,KRT-014,0.0,KRT
2026-07-09,KRT-015,0.0,KRT
2026-07-09,KRT-016,0.0,KRT
2026-07-09,KRT-017,0.0,KRT
2026-07-09,KRT-018,0.0,KRT
2026-07-09,KRT-019,0.0,KRT
2026-07-09,KRT-020,0.0,KRT
2026-07-09,KRT-021,0.0,KRT
2026-07-09,KRT-022,0.0,KRT
2026-07-09,KRT-023,0.0,KRT
2026-07-09,KRT-024,0.0,KRT
2026-07-09,KRT-025,0.0,KRT
2026-07-09,KRT-026,0.0,KRT
2026-07-09,KRT-027,0.0,KRT
2026-07-09,KRT-028,0.0,KRT
2026-07-09,KRT-029,0.0,KRT
2026-07-09,KRT-030,0.0,KRT
2026-07-09,KRT-031,0.0,KRT
2026-07-09,KRT-032,0.0,KRT
2026-07-09,KRT-033,0.0,KRT
2026-07-09,KRT-034,0.0,KRT
2026-07-09,KRT-035,0.0,KRT
2026-07-09,KRT-036,0.0,KRT
2026-07-09,KRT-037,0.0,KRT
2026-07-09,KRT-038,0.0,KRT
2026-07-09,KRT-039,0.0,KRT
2026-07-09,KRT-040,0.0,KRT
2026-07-09,KRT-041,0.0,KRT
2026-07-09,KRT-042,0.0,KRT
2026-07-09,KRT-043,0.0,KRT
2026-07-09,KRT-044,0.0,KRT
2026-07-09,KRT-045,0.0,KRT
2026-07-09,KRT-046,0.0,KRT
2026-07-09,KRT-047,0.0,KRT
2026-07-09,KRT-048,0.0,KRT
2026-07-09,KRT-049,0.0,KRT
2026-07-09,KRT-050,0.0,KRT
2026-07-09,KRT-051,0.0,KRT
2026-07-09,KRT-052,0.0,KRT
2026-07-09,KRT-053,0.0,KRT
2026-07-09,KRT-054,0.0,KRT
2026-07-09,KRT-055,0.0,KRT
2026-07-09,KRT-056,0.0,KRT
2026-07-09,KRT-057,0.0,KRT
2026-07-09,KRT-058,0.0,KRT
2026-07-09,KRT-059,0.0,KRT
2026-07-09,KRT-060,0.0,KRT
2026-07-09,KRT-061,0.0,KRT
2026-07-09,KRT-062,0.0,KRT
2026-07-09,KRT-063,0.0,KRT
2026-07-09,KRT-064,0.0,KRT
2026-07-09,KRT-065,0.0,KRT
2026-07-09,KRT-066,0.0,KRT
2026-07-09,KRT-067,0.0,KRT
2026-07-09,KRT-068,0.0,KRT
2026-07-09,KRT-069,0.0,KRT
2026-07-09,KRT-070,0.0,KRT
2026-07-09,KRT-071,0.0,KRT
2026-07-09,KRT-072,0.0,KRT
2026-07-09,KRT-073,0.0,KRT
2026-07-09,KRT-074,0.0,KRT
2026-07-09,RDM-101,0.0,RDM
2026-07-09,RDM-102,0.0,RDM
2026-07-09,RDM-103,0.0,RDM
2026-07-09,RDM-104,0.0,RDM
2026-07-09,RDM-105,0.0,RDM
2026-07-09,RDM-106,0.0,RDM
2026-07-09,RDM-107,0.0,RDM
2026-07-09,RDM-108,0.0,RDM
2026-07-09,RDM-109,0.0,RDM
2026-07-09,RDM-110,0.0,RDM
2026-07-09,RDM-112,0.0,RDM
2026-07-09,RDM-113,0.0,RDM
2026-07-09,RDM-114,0.0,RDM
2026-07-09,RDM-115,0.0,RDM
2026-07-09,RDM-116,0.0,RDM
2026-07-09,RDM-117,0.0,RDM
2026-07-09,RDM-118,0.0,RDM
2026-07-09,RDM-119,0.0,RDM
2026-07-09,RDM-120,0.0,RDM
2026-07-09,RDM-121,0.0,RDM
2026-07-09,RDM-122,0.0,RDM
2026-07-09,RDM-123,0.0,RDM
2026-07-09,RDM-124,0.0,RDM
2026-07-09,RDM-125,0.0,RDM
2026-07-09,RDM-126,0.0,RDM
2026-07-09,RDM-127,0.0,RDM
2026-07-09,RDM-128,0.0,RDM
2026-07-09,RDM-129,0.0,RDM
2026-07-09,RDM-130,0.0,RDM
2026-07-09,RDM-131,0.0,RDM
2026-07-09,RDM-132,0.0,RDM
2026-07-09,RDM-133,0.0,RDM
2026-07-10,KRT-001,0.0,KRT
2026-07-10,KRT-002,0.0,KRT
2026-07-10,KRT-003,0.0,KRT
2026-07-10,KRT-004,0.0,KRT
2026-07-10,KRT-005,0.0,KRT
2026-07-10,KRT-006,0.0,KRT
2026-07-10,KRT-007,0.0,KRT
2026-07-10,KRT-008,0.0,KRT
2026-07-10,KRT-009,0.0,KRT
2026-07-10,KRT-010,0.0,KRT
2026-07-10,KRT-011,0.0,KRT
2026-07-10,KRT-012,0.0,KRT
2026-07-10,KRT-013,0.0,KRT
2026-07-10,KRT-014,0.0,KRT
2026-07-10,KRT-015,0.0,KRT
2026-07-10,KRT-016,0.0,KRT
2026-07-10,KRT-017,0.0,KRT
2026-07-10,KRT-018,0.0,KRT
2026-07-10,KRT-019,0.0,KRT
2026-07-10,KRT-020,0.0,KRT
2026-07-10,KRT-021,0.0,KRT
2026-07-10,KRT-022,0.0,KRT
2026-07-10,KRT-023,0.0,KRT
2026-07-10,KRT-024,0.0,KRT
2026-07-10,KRT-025,0.0,KRT
2026-07-10,KRT-026,0.0,KRT
2026-07-10,KRT-027,0.0,KRT
2026-07-10,KRT-028,0.0,KRT
2026-07-10,KRT-029,0.0,KRT
2026-07-10,KRT-030,0.0,KRT
2026-07-10,KRT-031,0.0,KRT
2026-07-10,KRT-032,0.0,KRT
2026-07-10,KRT-033,0.0,KRT
2026-07-10,KRT-034,0.0,KRT
2026-07-10,KRT-035,0.0,KRT
2026-07-10,KRT-036,0.0,KRT
2026-07-10,KRT-037,0.0,KRT
2026-07-10,KRT-038,0.0,KRT
2026-07-10,KRT-039,0.0,KRT
2026-07-10,KRT-040,0.0,KRT
2026-07-10,KRT-041,0.0,KRT
2026-07-10,KRT-042,0.0,KRT
2026-07-10,KRT-043,0.0,KRT
2026-07-10,KRT-044,0.0,KRT
2026-07-10,KRT-045,0.0,KRT
2026-07-10,KRT-046,0.0,KRT
2026-07-10,KRT-047,0.0,KRT
2026-07-10,KRT-048,0.0,KRT
2026-07-10,KRT-049,0.0,KRT
2026-07-10,KRT-050,0.0,KRT
2026-07-10,KRT-051,0.0,KRT
2026-07-10,KRT-052,0.0,KRT
2026-07-10,KRT-053,0.0,KRT
2026-07-10,KRT-054,0.0,KRT
2026-07-10,KRT-055,0.0,KRT
2026-07-10,KRT-056,0.0,KRT
2026-07-10,KRT-057,0.0,KRT
2026-07-10,KRT-058,0.0,KRT
2026-07-10,KRT-059,0.0,KRT
2026-07-10,KRT-060,0.0,KRT
2026-07-10,KRT-061,0.0,KRT
2026-07-10,KRT-062,0.0,KRT
2026-07-10,KRT-063,0.0,KRT
2026-07-10,KRT-064,0.0,KRT
2026-07-10,KRT-065,0.0,KRT
2026-07-10,KRT-066,0.0,KRT
2026-07-10,KRT-067,0.0,KRT
2026-07-10,KRT-068,0.0,KRT
2026-07-10,KRT-069,0.0,KRT
2026-07-10,KRT-070,0.0,KRT
2026-07-10,KRT-071,0.0,KRT
2026-07-10,KRT-072,0.0,KRT
2026-07-10,KRT-073,0.0,KRT
2026-07-10,KRT-074,0.0,KRT
2026-07-10,RDM-101,0.0,RDM
2026-07-10,RDM-102,0.0,RDM
2026-07-10,RDM-103,0.0,RDM
2026-07-10,RDM-104,0.0,RDM
2026-07-10,RDM-105,0.0,RDM
2026-07-10,RDM-106,0.0,RDM
2026-07-10,RDM-107,0.0,RDM
2026-07-10,RDM-108,0.0,RDM
2026-07-10,RDM-109,0.0,RDM
2026-07-10,RDM-110,0.0,RDM
2026-07-10,RDM-112,0.0,RDM
2026-07-10,RDM-113,0.0,RDM
2026-07-10,RDM-114,0.0,RDM
2026-07-10,RDM-115,0.0,RDM
2026-07-10,RDM-116,0.0,RDM
2026-07-10,RDM-117,0.0,RDM
2026-07-10,RDM-118,0.0,RDM
2026-07-10,RDM-119,0.0,RDM
2026-07-10,RDM-120,0.0,RDM
2026-07-10,RDM-121,0.0,RDM
2026-07-10,RDM-122,0.0,RDM
2026-07-10,RDM-123,0.0,RDM
2026-07-10,RDM-124,0.0,RDM
2026-07-10,RDM-125,0.0,RDM
2026-07-10,RDM-126,0.0,RDM
2026-07-10,RDM-127,0.0,RDM
2026-07-10,RDM-128,0.0,RDM
2026-07-10,RDM-129,0.0,RDM
2026-07-10,RDM-130,0.0,RDM
2026-07-10,RDM-131,0.0,RDM
2026-07-10,RDM-132,0.0,RDM
2026-07-10,RDM-133,0.0,RDM
2026-07-11,KRT-001,0.0,KRT
2026-07-11,KRT-002,0.0,KRT
2026-07-11,KRT-003,0.0,KRT
2026-07-11,KRT-004,0.0,KRT
2026-07-11,KRT-005,0.0,KRT
2026-07-11,KRT-006,0.0,KRT
2026-07-11,KRT-007,0.0,KRT
2026-07-11,KRT-008,0.0,KRT
2026-07-11,KRT-009,0.0,KRT
2026-07-11,KRT-010,0.0,KRT
2026-07-11,KRT-011,0.0,KRT
2026-07-11,KRT-012,0.0,KRT
2026-07-11,KRT-013,0.0,KRT
2026-07-11,KRT-014,0.0,KRT
2026-07-11,KRT-015,0.0,KRT
2026-07-11,KRT-016,0.0,KRT
2026-07-11,KRT-017,0.0,KRT
2026-07-11,KRT-018,0.0,KRT
2026-07-11,KRT-019,0.0,KRT
2026-07-11,KRT-020,0.0,KRT
2026-07-11,KRT-021,0.0,KRT
2026-07-11,KRT-022,0.0,KRT
2026-07-11,KRT-023,0.0,KRT
2026-07-11,KRT-024,0.0,KRT
2026-07-11,KRT-025,0.0,KRT
2026-07-11,KRT-026,0.0,KRT
2026-07-11,KRT-027,0.0,KRT
2026-07-11,KRT-028,0.0,KRT
2026-07-11,KRT-029,0.0,KRT
2026-07-11,KRT-030,0.0,KRT
2026-07-11,KRT-031,0.0,KRT
2026-07-11,KRT-032,0.0,KRT
2026-07-11,KRT-033,0.0,KRT
2026-07-11,KRT-034,0.0,KRT
2026-07-11,KRT-035,0.0,KRT
2026-07-11,KRT-036,0.0,KRT
2026-07-11,KRT-037,0.0,KRT
2026-07-11,KRT-038,0.0,KRT
2026-07-11,KRT-039,0.0,KRT
2026-07-11,KRT-040,0.0,KRT
2026-07-11,KRT-041,0.0,KRT
2026-07-11,KRT-042,0.0,KRT
2026-07-11,KRT-043,0.0,KRT
2026-07-11,KRT-044,0.0,KRT
2026-07-11,KRT-045,0.0,KRT
2026-07-11,KRT-046,0.0,KRT
2026-07-11,KRT-047,0.0,KRT
2026-07-11,KRT-048,0.0,KRT
2026-07-11,KRT-049,0.0,KRT
2026-07-11,KRT-050,0.0,KRT
2026-07-11,KRT-051,0.0,KRT
2026-07-11,KRT-052,0.0,KRT
2026-07-11,KRT-053,0.0,KRT
2026-07-11,KRT-054,0.0,KRT
2026-07-11,KRT-055,0.0,KRT
2026-07-11,KRT-056,0.0,KRT
2026-07-11,KRT-057,0.0,KRT
2026-07-11,KRT-058,0.0,KRT
2026-07-11,KRT-059,0.0,KRT
2026-07-11,KRT-060,0.0,KRT
2026-07-11,KRT-061,0.0,KRT
2026-07-11,KRT-062,0.0,KRT
2026-07-11,KRT-063,0.0,KRT
2026-07-11,KRT-064,0.0,KRT
2026-07-11,KRT-065,0.0,KRT
2026-07-11,KRT-066,0.0,KRT
2026-07-11,KRT-067,0.0,KRT
2026-07-11,KRT-068,0.0,KRT
2026-07-11,KRT-069,0.0,KRT
2026-07-11,KRT-070,0.0,KRT
2026-07-11,KRT-071,0.0,KRT
2026-07-11,KRT-072,0.0,KRT
2026-07-11,KRT-073,0.0,KRT
2026-07-11,KRT-074,0.0,KRT
2026-07-11,RDM-101,0.0,RDM
2026-07-11,RDM-102,0.0,RDM
2026-07-11,RDM-103,0.0,RDM
2026-07-11,RDM-104,0.0,RDM
2026-07-11,RDM-105,0.0,RDM
2026-07-11,RDM-106,0.0,RDM
2026-07-11,RDM-107,0.0,RDM
2026-07-11,RDM-108,0.0,RDM
2026-07-11,RDM-109,0.0,RDM
2026-07-11,RDM-110,0.0,RDM
2026-07-11,RDM-112,0.0,RDM
2026-07-11,RDM-113,0.0,RDM
2026-07-11,RDM-114,0.0,RDM
2026-07-11,RDM-115,0.0,RDM
2026-07-11,RDM-116,0.0,RDM
2026-07-11,RDM-117,0.0,RDM
2026-07-11,RDM-118,0.0,RDM
2026-07-11,RDM-119,0.0,RDM
2026-07-11,RDM-120,0.0,RDM
2026-07-11,RDM-121,0.0,RDM
2026-07-11,RDM-122,0.0,RDM
2026-07-11,RDM-123,0.0,RDM
2026-07-11,RDM-124,0.0,RDM
2026-07-11,RDM-125,0.0,RDM
2026-07-11,RDM-126,0.0,RDM
2026-07-11,RDM-127,0.0,RDM
2026-07-11,RDM-128,0.0,RDM
2026-07-11,RDM-129,0.0,RDM
2026-07-11,RDM-130,0.0,RDM
2026-07-11,RDM-131,0.0,RDM
2026-07-11,RDM-132,0.0,RDM
2026-07-11,RDM-133,0.0,RDM
2026-07-12,KRT-001,0.0,KRT
2026-07-12,KRT-002,0.0,KRT
2026-07-12,KRT-003,0.0,KRT
2026-07-12,KRT-004,0.0,KRT
2026-07-12,KRT-005,0.0,KRT
2026-07-12,KRT-006,0.0,KRT
2026-07-12,KRT-007,0.0,KRT
2026-07-12,KRT-008,0.0,KRT
2026-07-12,KRT-009,0.0,KRT
2026-07-12,KRT-010,0.0,KRT
2026-07-12,KRT-011,0.0,KRT
2026-07-12,KRT-012,0.0,KRT
2026-07-12,KRT-013,0.0,KRT
2026-07-12,KRT-014,0.0,KRT
2026-07-12,KRT-015,0.0,KRT
2026-07-12,KRT-016,0.0,KRT
2026-07-12,KRT-017,0.0,KRT
2026-07-12,KRT-018,0.0,KRT
2026-07-12,KRT-019,0.0,KRT
2026-07-12,KRT-020,0.0,KRT
2026-07-12,KRT-021,0.0,KRT
2026-07-12,KRT-022,0.0,KRT
2026-07-12,KRT-023,0.0,KRT
2026-07-12,KRT-024,0.0,KRT
2026-07-12,KRT-025,0.0,KRT
2026-07-12,KRT-026,0.0,KRT
2026-07-12,KRT-027,0.0,KRT
2026-07-12,KRT-028,0.0,KRT
2026-07-12,KRT-029,0.0,KRT
2026-07-12,KRT-030,0.0,KRT
2026-07-12,KRT-031,0.0,KRT
2026-07-12,KRT-032,0.0,KRT
2026-07-12,KRT-033,0.0,KRT
2026-07-12,KRT-034,0.0,KRT
2026-07-12,KRT-035,0.0,KRT
2026-07-12,KRT-036,0.0,KRT
2026-07-12,KRT-037,0.0,KRT
2026-07-12,KRT-038,0.0,KRT
2026-07-12,KRT-039,0.0,KRT
2026-07-12,KRT-040,0.0,KRT
2026-07-12,KRT-041,0.0,KRT
2026-07-12,KRT-042,0.0,KRT
2026-07-12,KRT-043,0.0,KRT
2026-07-12,KRT-044,0.0,KRT
2026-07-12,KRT-045,0.0,KRT
2026-07-12,KRT-046,0.0,KRT
2026-07-12,KRT-047,0.0,KRT
2026-07-12,KRT-048,0.0,KRT
2026-07-12,KRT-049,0.0,KRT
2026-07-12,KRT-050,0.0,KRT
2026-07-12,KRT-051,0.0,KRT
2026-07-12,KRT-052,0.0,KRT
2026-07-12,KRT-053,0.0,KRT
2026-07-12,KRT-054,0.0,KRT
2026-07-12,KRT-055,0.0,KRT
2026-07-12,KRT-056,0.0,KRT
2026-07-12,KRT-057,0.0,KRT
2026-07-12,KRT-058,0.0,KRT
2026-07-12,KRT-059,0.0,KRT
2026-07-12,KRT-060,0.0,KRT
2026-07-12,KRT-061,0.0,KRT
2026-07-12,KRT-062,0.0,KRT
2026-07-12,KRT-063,0.0,KRT
2026-07-12,KRT-064,0.0,KRT
2026-07-12,KRT-065,0.0,KRT
2026-07-12,KRT-066,0.0,KRT
2026-07-12,KRT-067,0.0,KRT
2026-07-12,KRT-068,0.0,KRT
2026-07-12,KRT-069,0.0,KRT
2026-07-12,KRT-070,0.0,KRT
2026-07-12,KRT-071,0.0,KRT
2026-07-12,KRT-072,0.0,KRT
2026-07-12,KRT-073,0.0,KRT
2026-07-12,KRT-074,0.0,KRT
2026-07-12,RDM-101,0.0,RDM
2026-07-12,RDM-102,0.0,RDM
2026-07-12,RDM-103,0.0,RDM
2026-07-12,RDM-104,0.0,RDM
2026-07-12,RDM-105,0.0,RDM
2026-07-12,RDM-106,0.0,RDM
2026-07-12,RDM-107,0.0,RDM
2026-07-12,RDM-108,0.0,RDM
2026-07-12,RDM-109,0.0,RDM
2026-07-12,RDM-110,0.0,RDM
2026-07-12,RDM-112,0.0,RDM
2026-07-12,RDM-113,0.0,RDM
2026-07-12,RDM-114,0.0,RDM
2026-07-12,RDM-115,0.0,RDM
2026-07-12,RDM-116,0.0,RDM
2026-07-12,RDM-117,0.0,RDM
2026-07-12,RDM-118,0.0,RDM
2026-07-12,RDM-119,0.0,RDM
2026-07-12,RDM-120,0.0,RDM
2026-07-12,RDM-121,0.0,RDM
2026-07-12,RDM-122,0.0,RDM
2026-07-12,RDM-123,0.0,RDM
2026-07-12,RDM-124,0.0,RDM
2026-07-12,RDM-125,0.0,RDM
2026-07-12,RDM-126,0.0,RDM
2026-07-12,RDM-127,0.0,RDM
2026-07-12,RDM-128,0.0,RDM
2026-07-12,RDM-129,0.0,RDM
2026-07-12,RDM-130,0.0,RDM
2026-07-12,RDM-131,0.0,RDM
2026-07-12,RDM-132,0.0,RDM
2026-07-12,RDM-133,0.0,RDM
2026-07-13,KRT-001,0.0,KRT
2026-07-13,KRT-002,0.0,KRT
2026-07-13,KRT-003,0.0,KRT
2026-07-13,KRT-004,0.0,KRT
2026-07-13,KRT-005,0.0,KRT
2026-07-13,KRT-006,0.0,KRT
2026-07-13,KRT-007,0.0,KRT
2026-07-13,KRT-008,0.0,KRT
2026-07-13,KRT-009,0.0,KRT
2026-07-13,KRT-010,0.0,KRT
2026-07-13,KRT-011,0.0,KRT
2026-07-13,KRT-012,0.0,KRT
2026-07-13,KRT-013,0.0,KRT
2026-07-13,KRT-014,0.0,KRT
2026-07-13,KRT-015,0.0,KRT
2026-07-13,KRT-016,0.0,KRT
2026-07-13,KRT-017,0.0,KRT
2026-07-13,KRT-018,0.0,KRT
2026-07-13,KRT-019,0.0,KRT
2026-07-13,KRT-020,0.0,KRT
2026-07-13,KRT-021,0.0,KRT
2026-07-13,KRT-022,0.0,KRT
2026-07-13,KRT-023,0.0,KRT
2026-07-13,KRT-024,0.0,KRT
2026-07-13,KRT-025,0.0,KRT
2026-07-13,KRT-026,0.0,KRT
2026-07-13,KRT-027,0.0,KRT
2026-07-13,KRT-028,0.0,KRT
2026-07-13,KRT-029,0.0,KRT
2026-07-13,KRT-030,0.0,KRT
2026-07-13,KRT-031,0.0,KRT
2026-07-13,KRT-032,0.0,KRT
2026-07-13,KRT-033,0.0,KRT
2026-07-13,KRT-034,0.0,KRT
2026-07-13,KRT-035,0.0,KRT
2026-07-13,KRT-036,0.0,KRT
2026-07-13,KRT-037,0.0,KRT
2026-07-13,KRT-038,0.0,KRT
2026-07-13,KRT-039,0.0,KRT
2026-07-13,KRT-040,0.0,KRT
2026-07-13,KRT-041,0.0,KRT
2026-07-13,KRT-042,0.0,KRT
2026-07-13,KRT-043,0.0,KRT
2026-07-13,KRT-044,0.0,KRT
2026-07-13,KRT-045,0.0,KRT
2026-07-13,KRT-046,0.0,KRT
2026-07-13,KRT-047,0.0,KRT
2026-07-13,KRT-048,0.0,KRT
2026-07-13,KRT-049,0.0,KRT
2026-07-13,KRT-050,0.0,KRT
2026-07-13,KRT-051,0.0,KRT
2026-07-13,KRT-052,0.0,KRT
2026-07-13,KRT-053,0.0,KRT
2026-07-13,KRT-054,0.0,KRT
2026-07-13,KRT-055,0.0,KRT
2026-07-13,KRT-056,0.0,KRT
2026-07-13,KRT-057,0.0,KRT
2026-07-13,KRT-058,0.0,KRT
2026-07-13,KRT-059,0.0,KRT
2026-07-13,KRT-060,0.0,KRT
2026-07-13,KRT-061,0.0,KRT
2026-07-13,KRT-062,0.0,KRT
2026-07-13,KRT-063,0.0,KRT
2026-07-13,KRT-064,0.0,KRT
2026-07-13,KRT-065,0.0,KRT
2026-07-13,KRT-066,0.0,KRT
2026-07-13,KRT-067,0.0,KRT
2026-07-13,KRT-068,0.0,KRT
2026-07-13,KRT-069,0.0,KRT
2026-07-13,KRT-070,0.0,KRT
2026-07-13,KRT-071,0.0,KRT
2026-07-13,KRT-072,0.0,KRT
2026-07-13,KRT-073,0.0,KRT
2026-07-13,KRT-074,0.0,KRT
2026-07-13,RDM-101,0.0,RDM
2026-07-13,RDM-102,0.0,RDM
2026-07-13,RDM-103,0.0,RDM
2026-07-13,RDM-104,0.0,RDM
2026-07-13,RDM-105,0.0,RDM
2026-07-13,RDM-106,0.0,RDM
2026-07-13,RDM-107,0.0,RDM
2026-07-13,RDM-108,0.0,RDM
2026-07-13,RDM-109,0.0,RDM
2026-07-13,RDM-110,0.0,RDM
2026-07-13,RDM-112,0.0,RDM
2026-07-13,RDM-113,0.0,RDM
2026-07-13,RDM-114,0.0,RDM
2026-07-13,RDM-115,0.0,RDM
2026-07-13,RDM-116,0.0,RDM
2026-07-13,RDM-117,0.0,RDM
2026-07-13,RDM-118,0.0,RDM
2026-07-13,RDM-119,0.0,RDM
2026-07-13,RDM-120,0.0,RDM
2026-07-13,RDM-121,0.0,RDM
2026-07-13,RDM-122,0.0,RDM
2026-07-13,RDM-123,0.0,RDM
2026-07-13,RDM-124,0.0,RDM
2026-07-13,RDM-125,0.0,RDM
2026-07-13,RDM-126,0.0,RDM
2026-07-13,RDM-127,0.0,RDM
2026-07-13,RDM-128,0.0,RDM
2026-07-13,RDM-129,0.0,RDM
2026-07-13,RDM-130,0.0,RDM
2026-07-13,RDM-131,0.0,RDM
2026-07-13,RDM-132,0.0,RDM
2026-07-13,RDM-133,0.0,RDM
2026-07-14,KRT-001,0.0,KRT
2026-07-14,KRT-002,0.0,KRT
2026-07-14,KRT-003,0.0,KRT
2026-07-14,KRT-004,0.0,KRT
2026-07-14,KRT-005,0.0,KRT
2026-07-14,KRT-006,0.0,KRT
2026-07-14,KRT-007,0.0,KRT
2026-07-14,KRT-008,0.0,KRT
2026-07-14,KRT-009,0.0,KRT
2026-07-14,KRT-010,0.0,KRT
2026-07-14,KRT-011,0.0,KRT
2026-07-14,KRT-012,0.0,KRT
2026-07-14,KRT-013,0.0,KRT
2026-07-14,KRT-014,0.0,KRT
2026-07-14,KRT-015,0.0,KRT
2026-07-14,KRT-016,0.0,KRT
2026-07-14,KRT-017,0.0,KRT
2026-07-14,KRT-018,0.0,KRT
2026-07-14,KRT-019,0.0,KRT
2026-07-14,KRT-020,0.0,KRT
2026-07-14,KRT-021,0.0,KRT
2026-07-14,KRT-022,0.0,KRT
2026-07-14,KRT-023,0.0,KRT
2026-07-14,KRT-024,0.0,KRT
2026-07-14,KRT-025,0.0,KRT
2026-07-14,KRT-026,0.0,KRT
2026-07-14,KRT-027,0.0,KRT
2026-07-14,KRT-028,0.0,KRT
2026-07-14,KRT-029,0.0,KRT
2026-07-14,KRT-030,0.0,KRT
2026-07-14,KRT-031,0.0,KRT
2026-07-14,KRT-032,0.0,KRT
2026-07-14,KRT-033,0.0,KRT
2026-07-14,KRT-034,0.0,KRT
2026-07-14,KRT-035,0.0,KRT
2026-07-14,KRT-036,0.0,KRT
2026-07-14,KRT-037,0.0,KRT
2026-07-14,KRT-038,0.0,KRT
2026-07-14,KRT-039,0.0,KRT
2026-07-14,KRT-040,0.0,KRT
2026-07-14,KRT-041,0.0,KRT
2026-07-14,KRT-042,0.0,KRT
2026-07-14,KRT-043,0.0,KRT
2026-07-14,KRT-044,0.0,KRT
2026-07-14,KRT-045,0.0,KRT
2026-07-14,KRT-046,0.0,KRT
2026-07-14,KRT-047,0.0,KRT
2026-07-14,KRT-048,0.0,KRT
2026-07-14,KRT-049,0.0,KRT
2026-07-14,KRT-050,0.0,KRT
2026-07-14,KRT-051,0.0,KRT
2026-07-14,KRT-052,0.0,KRT
2026-07-14,KRT-053,0.0,KRT
2026-07-14,KRT-054,0.0,KRT
2026-07-14,KRT-055,0.0,KRT
2026-07-14,KRT-056,0.0,KRT
2026-07-14,KRT-057,0.0,KRT
2026-07-14,KRT-058,0.0,KRT
2026-07-14,KRT-059,0.0,KRT
2026-07-14,KRT-060,0.0,KRT
2026-07-14,KRT-061,0.0,KRT
2026-07-14,KRT-062,0.0,KRT
2026-07-14,KRT-063,0.0,KRT
2026-07-14,KRT-064,0.0,KRT
2026-07-14,KRT-065,0.0,KRT
2026-07-14,KRT-066,0.0,KRT
2026-07-14,KRT-067,0.0,KRT
2026-07-14,KRT-068,0.0,KRT
2026-07-14,KRT-069,0.0,KRT
2026-07-14,KRT-070,0.0,KRT
2026-07-14,KRT-071,0.0,KRT
2026-07-14,KRT-072,0.0,KRT
2026-07-14,KRT-073,0.0,KRT
2026-07-14,KRT-074,0.0,KRT
2026-07-14,RDM-101,0.0,RDM
2026-07-14,RDM-102,0.0,RDM
2026-07-14,RDM-103,0.0,RDM
2026-07-14,RDM-104,0.0,RDM
2026-07-14,RDM-105,0.0,RDM
2026-07-14,RDM-106,0.0,RDM
2026-07-14,RDM-107,0.0,RDM
2026-07-14,RDM-108,0.0,RDM
2026-07-14,RDM-109,0.0,RDM
2026-07-14,RDM-110,0.0,RDM
2026-07-14,RDM-112,0.0,RDM
2026-07-14,RDM-113,0.0,RDM
2026-07-14,RDM-114,0.0,RDM
2026-07-14,RDM-115,0.0,RDM
2026-07-14,RDM-116,0.0,RDM
2026-07-14,RDM-117,0.0,RDM
2026-07-14,RDM-118,0.0,RDM
2026-07-14,RDM-119,0.0,RDM
2026-07-14,RDM-120,0.0,RDM
2026-07-14,RDM-121,0.0,RDM
2026-07-14,RDM-122,0.0,RDM
2026-07-14,RDM-123,0.0,RDM
2026-07-14,RDM-124,0.0,RDM
2026-07-14,RDM-125,0.0,RDM
2026-07-14,RDM-126,0.0,RDM
2026-07-14,RDM-127,0.0,RDM
2026-07-14,RDM-128,0.0,RDM
2026-07-14,RDM-129,0.0,RDM
2026-07-14,RDM-130,0.0,RDM
2026-07-14,RDM-131,0.0,RDM
2026-07-14,RDM-132,0.0,RDM
2026-07-14,RDM-133,0.0,RDM
2026-07-15,KRT-001,0.0,KRT
2026-07-15,KRT-002,0.0,KRT
2026-07-15,KRT-003,0.0,KRT
2026-07-15,KRT-004,0.0,KRT
2026-07-15,KRT-005,0.0,KRT
2026-07-15,KRT-006,0.0,KRT
2026-07-15,KRT-007,0.0,KRT
2026-07-15,KRT-008,0.0,KRT
2026-07-15,KRT-009,0.0,KRT
2026-07-15,KRT-010,0.0,KRT
2026-07-15,KRT-011,0.0,KRT
2026-07-15,KRT-012,0.0,KRT
2026-07-15,KRT-013,0.0,KRT
2026-07-15,KRT-014,0.0,KRT
2026-07-15,KRT-015,0.0,KRT
2026-07-15,KRT-016,0.0,KRT
2026-07-15,KRT-017,0.0,KRT
2026-07-15,KRT-018,0.0,KRT
2026-07-15,KRT-019,0.0,KRT
2026-07-15,KRT-020,0.0,KRT
2026-07-15,KRT-021,0.0,KRT
2026-07-15,KRT-022,0.0,KRT
2026-07-15,KRT-023,0.0,KRT
2026-07-15,KRT-024,0.0,KRT
2026-07-15,KRT-025,0.0,KRT
2026-07-15,KRT-026,0.0,KRT
2026-07-15,KRT-027,0.0,KRT
2026-07-15,KRT-028,0.0,KRT
2026-07-15,KRT-029,0.0,KRT
2026-07-15,KRT-030,0.0,KRT
2026-07-15,KRT-031,0.0,KRT
2026-07-15,KRT-032,0.0,KRT
2026-07-15,KRT-033,0.0,KRT
2026-07-15,KRT-034,0.0,KRT
2026-07-15,KRT-035,0.0,KRT
2026-07-15,KRT-036,0.0,KRT
2026-07-15,KRT-037,0.0,KRT
2026-07-15,KRT-038,0.0,KRT
2026-07-15,KRT-039,0.0,KRT
2026-07-15,KRT-040,0.0,KRT
2026-07-15,KRT-041,0.0,KRT
2026-07-15,KRT-042,0.0,KRT
2026-07-15,KRT-043,0.0,KRT
2026-07-15,KRT-044,0.0,KRT
2026-07-15,KRT-045,0.0,KRT
2026-07-15,KRT-046,0.0,KRT
2026-07-15,KRT-047,0.0,KRT
2026-07-15,KRT-048,0.0,KRT
2026-07-15,KRT-049,0.0,KRT
2026-07-15,KRT-050,0.0,KRT
2026-07-15,KRT-051,0.0,KRT
2026-07-15,KRT-052,0.0,KRT
2026-07-15,KRT-053,0.0,KRT
2026-07-15,KRT-054,0.0,KRT
2026-07-15,KRT-055,0.0,KRT
2026-07-15,KRT-056,0.0,KRT
2026-07-15,KRT-057,0.0,KRT
2026-07-15,KRT-058,0.0,KRT
2026-07-15,KRT-059,0.0,KRT
2026-07-15,KRT-060,0.0,KRT
2026-07-15,KRT-061,0.0,KRT
2026-07-15,KRT-062,0.0,KRT
2026-07-15,KRT-063,0.0,KRT
2026-07-15,KRT-064,0.0,KRT
2026-07-15,KRT-065,0.0,KRT
2026-07-15,KRT-066,0.0,KRT
2026-07-15,KRT-067,0.0,KRT
2026-07-15,KRT-068,0.0,KRT
2026-07-15,KRT-069,0.0,KRT
2026-07-15,KRT-070,0.0,KRT
2026-07-15,KRT-071,0.0,KRT
2026-07-15,KRT-072,0.0,KRT
2026-07-15,KRT-073,0.0,KRT
2026-07-15,KRT-074,0.0,KRT
2026-07-15,RDM-101,0.0,RDM
2026-07-15,RDM-102,0.0,RDM
2026-07-15,RDM-103,0.0,RDM
2026-07-15,RDM-104,0.0,RDM
2026-07-15,RDM-105,0.0,RDM
2026-07-15,RDM-106,0.0,RDM
2026-07-15,RDM-107,0.0,RDM
2026-07-15,RDM-108,0.0,RDM
2026-07-15,RDM-109,0.0,RDM
2026-07-15,RDM-110,0.0,RDM
2026-07-15,RDM-112,0.0,RDM
2026-07-15,RDM-113,0.0,RDM
2026-07-15,RDM-114,0.0,RDM
2026-07-15,RDM-115,0.0,RDM
2026-07-15,RDM-116,0.0,RDM
2026-07-15,RDM-117,0.0,RDM
2026-07-15,RDM-118,0.0,RDM
2026-07-15,RDM-119,0.0,RDM
2026-07-15,RDM-120,0.0,RDM
2026-07-15,RDM-121,0.0,RDM
2026-07-15,RDM-122,0.0,RDM
2026-07-15,RDM-123,0.0,RDM
2026-07-15,RDM-124,0.0,RDM
2026-07-15,RDM-125,0.0,RDM
2026-07-15,RDM-126,0.0,RDM
2026-07-15,RDM-127,0.0,RDM
2026-07-15,RDM-128,0.0,RDM
2026-07-15,RDM-129,0.0,RDM
2026-07-15,RDM-130,0.0,RDM
2026-07-15,RDM-131,0.0,RDM
2026-07-15,RDM-132,0.0,RDM
2026-07-15,RDM-133,0.0,RDM
2026-07-16,KRT-001,0.0,KRT
2026-07-16,KRT-002,0.0,KRT
2026-07-16,KRT-003,0.0,KRT
2026-07-16,KRT-004,0.0,KRT
2026-07-16,KRT-005,0.0,KRT
2026-07-16,KRT-006,0.0,KRT
2026-07-16,KRT-007,0.0,KRT
2026-07-16,KRT-008,0.0,KRT
2026-07-16,KRT-009,0.0,KRT
2026-07-16,KRT-010,0.0,KRT
2026-07-16,KRT-011,0.0,KRT
2026-07-16,KRT-012,0.0,KRT
2026-07-16,KRT-013,0.0,KRT
2026-07-16,KRT-014,0.0,KRT
2026-07-16,KRT-015,0.0,KRT
2026-07-16,KRT-016,0.0,KRT
2026-07-16,KRT-017,0.0,KRT
2026-07-16,KRT-018,0.0,KRT
2026-07-16,KRT-019,0.0,KRT
2026-07-16,KRT-020,0.0,KRT
2026-07-16,KRT-021,0.0,KRT
2026-07-16,KRT-022,0.0,KRT
2026-07-16,KRT-023,0.0,KRT
2026-07-16,KRT-024,0.0,KRT
2026-07-16,KRT-025,0.0,KRT
2026-07-16,KRT-026,0.0,KRT
2026-07-16,KRT-027,0.0,KRT
2026-07-16,KRT-028,0.0,KRT
2026-07-16,KRT-029,0.0,KRT
2026-07-16,KRT-030,0.0,KRT
2026-07-16,KRT-031,0.0,KRT
2026-07-16,KRT-032,0.0,KRT
2026-07-16,KRT-033,0.0,KRT
2026-07-16,KRT-034,0.0,KRT
2026-07-16,KRT-035,0.0,KRT
2026-07-16,KRT-036,0.0,KRT
2026-07-16,KRT-037,0.0,KRT
2026-07-16,KRT-038,0.0,KRT
2026-07-16,KRT-039,0.0,KRT
2026-07-16,KRT-040,0.0,KRT
2026-07-16,KRT-041,0.0,KRT
2026-07-16,KRT-042,0.0,KRT
2026-07-16,KRT-043,0.0,KRT
2026-07-16,KRT-044,0.0,KRT
2026-07-16,KRT-045,0.0,KRT
2026-07-16,KRT-046,0.0,KRT
2026-07-16,KRT-047,0.0,KRT
2026-07-16,KRT-048,0.0,KRT
2026-07-16,KRT-049,0.0,KRT
2026-07-16,KRT-050,0.0,KRT
2026-07-16,KRT-051,0.0,KRT
2026-07-16,KRT-052,0.0,KRT
2026-07-16,KRT-053,0.0,KRT
2026-07-16,KRT-054,0.0,KRT
2026-07-16,KRT-055,0.0,KRT
2026-07-16,KRT-056,0.0,KRT
2026-07-16,KRT-057,0.0,KRT
2026-07-16,KRT-058,0.0,KRT
2026-07-16,KRT-059,0.0,KRT
2026-07-16,KRT-060,0.0,KRT
2026-07-16,KRT-061,0.0,KRT
2026-07-16,KRT-062,0.0,KRT
2026-07-16,KRT-063,0.0,KRT
2026-07-16,KRT-064,0.0,KRT
2026-07-16,KRT-065,0.0,KRT
2026-07-16,KRT-066,0.0,KRT
2026-07-16,KRT-067,0.0,KRT
2026-07-16,KRT-068,0.0,KRT
2026-07-16,KRT-069,0.0,KRT
2026-07-16,KRT-070,0.0,KRT
2026-07-16,KRT-071,0.0,KRT
2026-07-16,KRT-072,0.0,KRT
2026-07-16,KRT-073,0.0,KRT
2026-07-16,KRT-074,0.0,KRT
2026-07-16,RDM-101,0.0,RDM
2026-07-16,RDM-102,0.0,RDM
2026-07-16,RDM-103,0.0,RDM
2026-07-16,RDM-104,0.0,RDM
2026-07-16,RDM-105,0.0,RDM
2026-07-16,RDM-106,0.0,RDM
2026-07-16,RDM-107,0.0,RDM
2026-07-16,RDM-108,0.0,RDM
2026-07-16,RDM-109,0.0,RDM
2026-07-16,RDM-110,0.0,RDM
2026-07-16,RDM-112,0.0,RDM
2026-07-16,RDM-113,0.0,RDM
2026-07-16,RDM-114,0.0,RDM
2026-07-16,RDM-115,0.0,RDM
2026-07-16,RDM-116,0.0,RDM
2026-07-16,RDM-117,0.0,RDM
2026-07-16,RDM-118,0.0,RDM
2026-07-16,RDM-119,0.0,RDM
2026-07-16,RDM-120,0.0,RDM
2026-07-16,RDM-121,0.0,RDM
2026-07-16,RDM-122,0.0,RDM
2026-07-16,RDM-123,0.0,RDM
2026-07-16,RDM-124,0.0,RDM
2026-07-16,RDM-125,0.0,RDM
2026-07-16,RDM-126,0.0,RDM
2026-07-16,RDM-127,0.0,RDM
2026-07-16,RDM-128,0.0,RDM
2026-07-16,RDM-129,0.0,RDM
2026-07-16,RDM-130,0.0,RDM
2026-07-16,RDM-131,0.0,RDM
2026-07-16,RDM-132,0.0,RDM
2026-07-16,RDM-133,0.0,RDM
2026-07-17,KRT-001,0.0,KRT
2026-07-17,KRT-002,0.0,KRT
2026-07-17,KRT-003,0.0,KRT
2026-07-17,KRT-004,0.0,KRT
2026-07-17,KRT-005,0.0,KRT
2026-07-17,KRT-006,0.0,KRT
2026-07-17,KRT-007,0.0,KRT
2026-07-17,KRT-008,0.0,KRT
2026-07-17,KRT-009,0.0,KRT
2026-07-17,KRT-010,0.0,KRT
2026-07-17,KRT-011,0.0,KRT
2026-07-17,KRT-012,0.0,KRT
2026-07-17,KRT-013,0.0,KRT
2026-07-17,KRT-014,0.0,KRT
2026-07-17,KRT-015,0.0,KRT
2026-07-17,KRT-016,0.0,KRT
2026-07-17,KRT-017,0.0,KRT
2026-07-17,KRT-018,0.0,KRT
2026-07-17,KRT-019,0.0,KRT
2026-07-17,KRT-020,0.0,KRT
2026-07-17,KRT-021,0.0,KRT
2026-07-17,KRT-022,0.0,KRT
2026-07-17,KRT-023,0.0,KRT
2026-07-17,KRT-024,0.0,KRT
2026-07-17,KRT-025,0.0,KRT
2026-07-17,KRT-026,0.0,KRT
2026-07-17,KRT-027,0.0,KRT
2026-07-17,KRT-028,0.0,KRT
2026-07-17,KRT-029,0.0,KRT
2026-07-17,KRT-030,0.0,KRT
2026-07-17,KRT-031,0.0,KRT
2026-07-17,KRT-032,0.0,KRT
2026-07-17,KRT-033,0.0,KRT
2026-07-17,KRT-034,0.0,KRT
2026-07-17,KRT-035,0.0,KRT
2026-07-17,KRT-036,0.0,KRT
2026-07-17,KRT-037,0.0,KRT
2026-07-17,KRT-038,0.0,KRT
2026-07-17,KRT-039,0.0,KRT
2026-07-17,KRT-040,0.0,KRT
2026-07-17,KRT-041,0.0,KRT
2026-07-17,KRT-042,0.0,KRT
2026-07-17,KRT-043,0.0,KRT
2026-07-17,KRT-044,0.0,KRT
2026-07-17,KRT-045,0.0,KRT
2026-07-17,KRT-046,0.0,KRT
2026-07-17,KRT-047,0.0,KRT
2026-07-17,KRT-048,0.0,KRT
2026-07-17,KRT-049,0.0,KRT
2026-07-17,KRT-050,0.0,KRT
2026-07-17,KRT-051,0.0,KRT
2026-07-17,KRT-052,0.0,KRT
2026-07-17,KRT-053,0.0,KRT
2026-07-17,KRT-054,0.0,KRT
2026-07-17,KRT-055,0.0,KRT
2026-07-17,KRT-056,0.0,KRT
2026-07-17,KRT-057,0.0,KRT
2026-07-17,KRT-058,0.0,KRT
2026-07-17,KRT-059,0.0,KRT
2026-07-17,KRT-060,0.0,KRT
2026-07-17,KRT-061,0.0,KRT
2026-07-17,KRT-062,0.0,KRT
2026-07-17,KRT-063,0.0,KRT
2026-07-17,KRT-064,0.0,KRT
2026-07-17,KRT-065,0.0,KRT
2026-07-17,KRT-066,0.0,KRT
2026-07-17,KRT-067,0.0,KRT
2026-07-17,KRT-068,0.0,KRT
2026-07-17,KRT-069,0.0,KRT
2026-07-17,KRT-070,0.0,KRT
2026-07-17,KRT-071,0.0,KRT
2026-07-17,KRT-072,0.0,KRT
2026-07-17,KRT-073,0.0,KRT
2026-07-17,KRT-074,0.0,KRT
2026-07-17,RDM-101,0.0,RDM
2026-07-17,RDM-102,0.0,RDM
2026-07-17,RDM-103,0.0,RDM
2026-07-17,RDM-104,0.0,RDM
2026-07-17,RDM-105,0.0,RDM
2026-07-17,RDM-106,0.0,RDM
2026-07-17,RDM-107,0.0,RDM
2026-07-17,RDM-108,0.0,RDM
2026-07-17,RDM-109,0.0,RDM
2026-07-17,RDM-110,0.0,RDM
2026-07-17,RDM-112,0.0,RDM
2026-07-17,RDM-113,0.0,RDM
2026-07-17,RDM-114,0.0,RDM
2026-07-17,RDM-115,0.0,RDM
2026-07-17,RDM-116,0.0,RDM
2026-07-17,RDM-117,0.0,RDM
2026-07-17,RDM-118,0.0,RDM
2026-07-17,RDM-119,0.0,RDM
2026-07-17,RDM-120,0.0,RDM
2026-07-17,RDM-121,0.0,RDM
2026-07-17,RDM-122,0.0,RDM
2026-07-17,RDM-123,0.0,RDM
2026-07-17,RDM-124,0.0,RDM
2026-07-17,RDM-125,0.0,RDM
2026-07-17,RDM-126,0.0,RDM
2026-07-17,RDM-127,0.0,RDM
2026-07-17,RDM-128,0.0,RDM
2026-07-17,RDM-129,0.0,RDM
2026-07-17,RDM-130,0.0,RDM
2026-07-17,RDM-131,0.0,RDM
2026-07-17,RDM-132,0.0,RDM
2026-07-17,RDM-133,0.0,RDM
2026-07-18,KRT-001,0.0,KRT
2026-07-18,KRT-002,0.0,KRT
2026-07-18,KRT-003,0.0,KRT
2026-07-18,KRT-004,0.0,KRT
2026-07-18,KRT-005,0.0,KRT
2026-07-18,KRT-006,0.0,KRT
2026-07-18,KRT-007,0.0,KRT
2026-07-18,KRT-008,0.0,KRT
2026-07-18,KRT-009,0.0,KRT
2026-07-18,KRT-010,0.0,KRT
2026-07-18,KRT-011,0.0,KRT
2026-07-18,KRT-012,0.0,KRT
2026-07-18,KRT-013,0.0,KRT
2026-07-18,KRT-014,0.0,KRT
2026-07-18,KRT-015,0.0,KRT
2026-07-18,KRT-016,0.0,KRT
2026-07-18,KRT-017,0.0,KRT
2026-07-18,KRT-018,0.0,KRT
2026-07-18,KRT-019,0.0,KRT
2026-07-18,KRT-020,0.0,KRT
2026-07-18,KRT-021,0.0,KRT
2026-07-18,KRT-022,0.0,KRT
2026-07-18,KRT-023,0.0,KRT
2026-07-18,KRT-024,0.0,KRT
2026-07-18,KRT-025,0.0,KRT
2026-07-18,KRT-026,0.0,KRT
2026-07-18,KRT-027,0.0,KRT
2026-07-18,KRT-028,0.0,KRT
2026-07-18,KRT-029,0.0,KRT
2026-07-18,KRT-030,0.0,KRT
2026-07-18,KRT-031,0.0,KRT
2026-07-18,KRT-032,0.0,KRT
2026-07-18,KRT-033,0.0,KRT
2026-07-18,KRT-034,0.0,KRT
2026-07-18,KRT-035,0.0,KRT
2026-07-18,KRT-036,0.0,KRT
2026-07-18,KRT-037,0.0,KRT
2026-07-18,KRT-038,0.0,KRT
2026-07-18,KRT-039,0.0,KRT
2026-07-18,KRT-040,0.0,KRT
2026-07-18,KRT-041,0.0,KRT
2026-07-18,KRT-042,0.0,KRT
2026-07-18,KRT-043,0.0,KRT
2026-07-18,KRT-044,0.0,KRT
2026-07-18,KRT-045,0.0,KRT
2026-07-18,KRT-046,0.0,KRT
2026-07-18,KRT-047,0.0,KRT
2026-07-18,KRT-048,0.0,KRT
2026-07-18,KRT-049,0.0,KRT
2026-07-18,KRT-050,0.0,KRT
2026-07-18,KRT-051,0.0,KRT
2026-07-18,KRT-052,0.0,KRT
2026-07-18,KRT-053,0.0,KRT
2026-07-18,KRT-054,0.0,KRT
2026-07-18,KRT-055,0.0,KRT
2026-07-18,KRT-056,0.0,KRT
2026-07-18,KRT-057,0.0,KRT
2026-07-18,KRT-058,0.0,KRT
2026-07-18,KRT-059,0.0,KRT
2026-07-18,KRT-060,0.0,KRT
2026-07-18,KRT-061,0.0,KRT
2026-07-18,KRT-062,0.0,KRT
2026-07-18,KRT-063,0.0,KRT
2026-07-18,KRT-064,0.0,KRT
2026-07-18,KRT-065,0.0,KRT
2026-07-18,KRT-066,0.0,KRT
2026-07-18,KRT-067,0.0,KRT
2026-07-18,KRT-068,0.0,KRT
2026-07-18,KRT-069,0.0,KRT
2026-07-18,KRT-070,0.0,KRT
2026-07-18,KRT-071,0.0,KRT
2026-07-18,KRT-072,0.0,KRT
2026-07-18,KRT-073,0.0,KRT
2026-07-18,KRT-074,0.0,KRT
2026-07-18,RDM-101,0.0,RDM
2026-07-18,RDM-102,0.0,RDM
2026-07-18,RDM-103,0.0,RDM
2026-07-18,RDM-104,0.0,RDM
2026-07-18,RDM-105,0.0,RDM
2026-07-18,RDM-106,0.0,RDM
2026-07-18,RDM-107,0.0,RDM
2026-07-18,RDM-108,0.0,RDM
2026-07-18,RDM-109,0.0,RDM
2026-07-18,RDM-110,0.0,RDM
2026-07-18,RDM-112,0.0,RDM
2026-07-18,RDM-113,0.0,RDM
2026-07-18,RDM-114,0.0,RDM
2026-07-18,RDM-115,0.0,RDM
2026-07-18,RDM-116,0.0,RDM
2026-07-18,RDM-117,0.0,RDM
2026-07-18,RDM-118,0.0,RDM
2026-07-18,RDM-119,0.0,RDM
2026-07-18,RDM-120,0.0,RDM
2026-07-18,RDM-121,0.0,RDM
2026-07-18,RDM-122,0.0,RDM
2026-07-18,RDM-123,0.0,RDM
2026-07-18,RDM-124,0.0,RDM
2026-07-18,RDM-125,0.0,RDM
2026-07-18,RDM-126,0.0,RDM
2026-07-18,RDM-127,0.0,RDM
2026-07-18,RDM-128,0.0,RDM
2026-07-18,RDM-129,0.0,RDM
2026-07-18,RDM-130,0.0,RDM
2026-07-18,RDM-131,0.0,RDM
2026-07-18,RDM-132,0.0,RDM
2026-07-18,RDM-133,0.0,RDM
2026-07-19,KRT-001,0.0,KRT
2026-07-19,KRT-002,0.0,KRT
2026-07-19,KRT-003,0.0,KRT
2026-07-19,KRT-004,0.0,KRT
2026-07-19,KRT-005,0.0,KRT
2026-07-19,KRT-006,0.0,KRT
2026-07-19,KRT-007,0.0,KRT
2026-07-19,KRT-008,0.0,KRT
2026-07-19,KRT-009,0.0,KRT
2026-07-19,KRT-010,0.0,KRT
2026-07-19,KRT-011,0.0,KRT
2026-07-19,KRT-012,0.0,KRT
2026-07-19,KRT-013,0.0,KRT
2026-07-19,KRT-014,0.0,KRT
2026-07-19,KRT-015,0.0,KRT
2026-07-19,KRT-016,0.0,KRT
2026-07-19,KRT-017,0.0,KRT
2026-07-19,KRT-018,0.0,KRT
2026-07-19,KRT-019,0.0,KRT
2026-07-19,KRT-020,0.0,KRT
2026-07-19,KRT-021,0.0,KRT
2026-07-19,KRT-022,0.0,KRT
2026-07-19,KRT-023,0.0,KRT
2026-07-19,KRT-024,0.0,KRT
2026-07-19,KRT-025,0.0,KRT
2026-07-19,KRT-026,0.0,KRT
2026-07-19,KRT-027,0.0,KRT
2026-07-19,KRT-028,0.0,KRT
2026-07-19,KRT-029,0.0,KRT
2026-07-19,KRT-030,0.0,KRT
2026-07-19,KRT-031,0.0,KRT
2026-07-19,KRT-032,0.0,KRT
2026-07-19,KRT-033,0.0,KRT
2026-07-19,KRT-034,0.0,KRT
2026-07-19,KRT-035,0.0,KRT
2026-07-19,KRT-036,0.0,KRT
2026-07-19,KRT-037,0.0,KRT
2026-07-19,KRT-038,0.0,KRT
2026-07-19,KRT-039,0.0,KRT
2026-07-19,KRT-040,0.0,KRT
2026-07-19,KRT-041,0.0,KRT
2026-07-19,KRT-042,0.0,KRT
2026-07-19,KRT-043,0.0,KRT
2026-07-19,KRT-044,0.0,KRT
2026-07-19,KRT-045,0.0,KRT
2026-07-19,KRT-046,0.0,KRT
2026-07-19,KRT-047,0.0,KRT
2026-07-19,KRT-048,0.0,KRT
2026-07-19,KRT-049,0.0,KRT
2026-07-19,KRT-050,0.0,KRT
2026-07-19,KRT-051,0.0,KRT
2026-07-19,KRT-052,0.0,KRT
2026-07-19,KRT-053,0.0,KRT
2026-07-19,KRT-054,0.0,KRT
2026-07-19,KRT-055,0.0,KRT
2026-07-19,KRT-056,0.0,KRT
2026-07-19,KRT-057,0.0,KRT
2026-07-19,KRT-058,0.0,KRT
2026-07-19,KRT-059,0.0,KRT
2026-07-19,KRT-060,0.0,KRT
2026-07-19,KRT-061,0.0,KRT
2026-07-19,KRT-062,0.0,KRT
2026-07-19,KRT-063,0.0,KRT
2026-07-19,KRT-064,0.0,KRT
2026-07-19,KRT-065,0.0,KRT
2026-07-19,KRT-066,0.0,KRT
2026-07-19,KRT-067,0.0,KRT
2026-07-19,KRT-068,0.0,KRT
2026-07-19,KRT-069,0.0,KRT
2026-07-19,KRT-070,0.0,KRT
2026-07-19,KRT-071,0.0,KRT
2026-07-19,KRT-072,0.0,KRT
2026-07-19,KRT-073,0.0,KRT
2026-07-19,KRT-074,0.0,KRT
2026-07-19,RDM-101,0.0,RDM
2026-07-19,RDM-102,0.0,RDM
2026-07-19,RDM-103,0.0,RDM
2026-07-19,RDM-104,0.0,RDM
2026-07-19,RDM-105,0.0,RDM
2026-07-19,RDM-106,0.0,RDM
2026-07-19,RDM-107,0.0,RDM
2026-07-19,RDM-108,0.0,RDM
2026-07-19,RDM-109,0.0,RDM
2026-07-19,RDM-110,0.0,RDM
2026-07-19,RDM-112,0.0,RDM
2026-07-19,RDM-113,0.0,RDM
2026-07-19,RDM-114,0.0,RDM
2026-07-19,RDM-115,0.0,RDM
2026-07-19,RDM-116,0.0,RDM
2026-07-19,RDM-117,0.0,RDM
2026-07-19,RDM-118,0.0,RDM
2026-07-19,RDM-119,0.0,RDM
2026-07-19,RDM-120,0.0,RDM
2026-07-19,RDM-121,0.0,RDM
2026-07-19,RDM-122,0.0,RDM
2026-07-19,RDM-123,0.0,RDM
2026-07-19,RDM-124,0.0,RDM
2026-07-19,RDM-125,0.0,RDM
2026-07-19,RDM-126,0.0,RDM
2026-07-19,RDM-127,0.0,RDM
2026-07-19,RDM-128,0.0,RDM
2026-07-19,RDM-129,0.0,RDM
2026-07-19,RDM-130,0.0,RDM
2026-07-19,RDM-131,0.0,RDM
2026-07-19,RDM-132,0.0,RDM
2026-07-19,RDM-133,0.0,RDM
2026-07-20,KRT-001,0.0,KRT
2026-07-20,KRT-002,0.0,KRT
2026-07-20,KRT-003,0.0,KRT
2026-07-20,KRT-004,0.0,KRT
2026-07-20,KRT-005,0.0,KRT
2026-07-20,KRT-006,0.0,KRT
2026-07-20,KRT-007,0.0,KRT
2026-07-20,KRT-008,0.0,KRT
2026-07-20,KRT-009,0.0,KRT
2026-07-20,KRT-010,0.0,KRT
2026-07-20,KRT-011,0.0,KRT
2026-07-20,KRT-012,0.0,KRT
2026-07-20,KRT-013,0.0,KRT
2026-07-20,KRT-014,0.0,KRT
2026-07-20,KRT-015,0.0,KRT
2026-07-20,KRT-016,0.0,KRT
2026-07-20,KRT-017,0.0,KRT
2026-07-20,KRT-018,0.0,KRT
2026-07-20,KRT-019,0.0,KRT
2026-07-20,KRT-020,0.0,KRT
2026-07-20,KRT-021,0.0,KRT
2026-07-20,KRT-022,0.0,KRT
2026-07-20,KRT-023,0.0,KRT
2026-07-20,KRT-024,0.0,KRT
2026-07-20,KRT-025,0.0,KRT
2026-07-20,KRT-026,0.0,KRT
2026-07-20,KRT-027,0.0,KRT
2026-07-20,KRT-028,0.0,KRT
2026-07-20,KRT-029,0.0,KRT
2026-07-20,KRT-030,0.0,KRT
2026-07-20,KRT-031,0.0,KRT
2026-07-20,KRT-032,0.0,KRT
2026-07-20,KRT-033,0.0,KRT
2026-07-20,KRT-034,0.0,KRT
2026-07-20,KRT-035,0.0,KRT
2026-07-20,KRT-036,0.0,KRT
2026-07-20,KRT-037,0.0,KRT
2026-07-20,KRT-038,0.0,KRT
2026-07-20,KRT-039,0.0,KRT
2026-07-20,KRT-040,0.0,KRT
2026-07-20,KRT-041,0.0,KRT
2026-07-20,KRT-042,0.0,KRT
2026-07-20,KRT-043,0.0,KRT
2026-07-20,KRT-044,0.0,KRT
2026-07-20,KRT-045,0.0,KRT
2026-07-20,KRT-046,0.0,KRT
2026-07-20,KRT-047,0.0,KRT
2026-07-20,KRT-048,0.0,KRT
2026-07-20,KRT-049,0.0,KRT
2026-07-20,KRT-050,0.0,KRT
2026-07-20,KRT-051,0.0,KRT
2026-07-20,KRT-052,0.0,KRT
2026-07-20,KRT-053,0.0,KRT
2026-07-20,KRT-054,0.0,KRT
2026-07-20,KRT-055,0.0,KRT
2026-07-20,KRT-056,0.0,KRT
2026-07-20,KRT-057,0.0,KRT
2026-07-20,KRT-058,0.0,KRT
2026-07-20,KRT-059,0.0,KRT
2026-07-20,KRT-060,0.0,KRT
2026-07-20,KRT-061,0.0,KRT
2026-07-20,KRT-062,0.0,KRT
2026-07-20,KRT-063,0.0,KRT
2026-07-20,KRT-064,0.0,KRT
2026-07-20,KRT-065,0.0,KRT
2026-07-20,KRT-066,0.0,KRT
2026-07-20,KRT-067,0.0,KRT
2026-07-20,KRT-068,0.0,KRT
2026-07-20,KRT-069,0.0,KRT
2026-07-20,KRT-070,0.0,KRT
2026-07-20,KRT-071,0.0,KRT
2026-07-20,KRT-072,0.0,KRT
2026-07-20,KRT-073,0.0,KRT
2026-07-20,KRT-074,0.0,KRT
2026-07-20,RDM-101,0.0,RDM
2026-07-20,RDM-102,0.0,RDM
2026-07-20,RDM-103,0.0,RDM
2026-07-20,RDM-104,0.0,RDM
2026-07-20,RDM-105,0.0,RDM
2026-07-20,RDM-106,0.0,RDM
2026-07-20,RDM-107,0.0,RDM
2026-07-20,RDM-108,0.0,RDM
2026-07-20,RDM-109,0.0,RDM
2026-07-20,RDM-110,0.0,RDM
2026-07-20,RDM-112,0.0,RDM
2026-07-20,RDM-113,0.0,RDM
2026-07-20,RDM-114,0.0,RDM
2026-07-20,RDM-115,0.0,RDM
2026-07-20,RDM-116,0.0,RDM
2026-07-20,RDM-117,0.0,RDM
2026-07-20,RDM-118,0.0,RDM
2026-07-20,RDM-119,0.0,RDM
2026-07-20,RDM-120,0.0,RDM
2026-07-20,RDM-121,0.0,RDM
2026-07-20,RDM-122,0.0,RDM
2026-07-20,RDM-123,0.0,RDM
2026-07-20,RDM-124,0.0,RDM
2026-07-20,RDM-125,0.0,RDM
2026-07-20,RDM-126,0.0,RDM
2026-07-20,RDM-127,0.0,RDM
2026-07-20,RDM-128,0.0,RDM
2026-07-20,RDM-129,0.0,RDM
2026-07-20,RDM-130,0.0,RDM
2026-07-20,RDM-131,0.0,RDM
2026-07-20,RDM-132,0.0,RDM
2026-07-20,RDM-133,0.0,RDM
2026-07-21,KRT-001,0.0,KRT
2026-07-21,KRT-002,0.0,KRT
2026-07-21,KRT-003,0.0,KRT
2026-07-21,KRT-004,0.0,KRT
2026-07-21,KRT-005,0.0,KRT
2026-07-21,KRT-006,0.0,KRT
2026-07-21,KRT-007,0.0,KRT
2026-07-21,KRT-008,0.0,KRT
2026-07-21,KRT-009,0.0,KRT
2026-07-21,KRT-010,0.0,KRT
2026-07-21,KRT-011,0.0,KRT
2026-07-21,KRT-012,0.0,KRT
2026-07-21,KRT-013,0.0,KRT
2026-07-21,KRT-014,0.0,KRT
2026-07-21,KRT-015,0.0,KRT
2026-07-21,KRT-016,0.0,KRT
2026-07-21,KRT-017,0.0,KRT
2026-07-21,KRT-018,0.0,KRT
2026-07-21,KRT-019,0.0,KRT
2026-07-21,KRT-020,0.0,KRT
2026-07-21,KRT-021,0.0,KRT
2026-07-21,KRT-022,0.0,KRT
2026-07-21,KRT-023,0.0,KRT
2026-07-21,KRT-024,0.0,KRT
2026-07-21,KRT-025,0.0,KRT
2026-07-21,KRT-026,0.0,KRT
2026-07-21,KRT-027,0.0,KRT
2026-07-21,KRT-028,0.0,KRT
2026-07-21,KRT-029,0.0,KRT
2026-07-21,KRT-030,0.0,KRT
2026-07-21,KRT-031,0.0,KRT
2026-07-21,KRT-032,0.0,KRT
2026-07-21,KRT-033,0.0,KRT
2026-07-21,KRT-034,0.0,KRT
2026-07-21,KRT-035,0.0,KRT
2026-07-21,KRT-036,0.0,KRT
2026-07-21,KRT-037,0.0,KRT
2026-07-21,KRT-038,0.0,KRT
2026-07-21,KRT-039,0.0,KRT
2026-07-21,KRT-040,0.0,KRT
2026-07-21,KRT-041,0.0,KRT
2026-07-21,KRT-042,0.0,KRT
2026-07-21,KRT-043,0.0,KRT
2026-07-21,KRT-044,0.0,KRT
2026-07-21,KRT-045,0.0,KRT
2026-07-21,KRT-046,0.0,KRT
2026-07-21,KRT-047,0.0,KRT
2026-07-21,KRT-048,0.0,KRT
2026-07-21,KRT-049,0.0,KRT
2026-07-21,KRT-050,0.0,KRT
2026-07-21,KRT-051,0.0,KRT
2026-07-21,KRT-052,0.0,KRT
2026-07-21,KRT-053,0.0,KRT
2026-07-21,KRT-054,0.0,KRT
2026-07-21,KRT-055,0.0,KRT
2026-07-21,KRT-056,0.0,KRT
2026-07-21,KRT-057,0.0,KRT
2026-07-21,KRT-058,0.0,KRT
2026-07-21,KRT-059,0.0,KRT
2026-07-21,KRT-060,0.0,KRT
2026-07-21,KRT-061,0.0,KRT
2026-07-21,KRT-062,0.0,KRT
2026-07-21,KRT-063,0.0,KRT
2026-07-21,KRT-064,0.0,KRT
2026-07-21,KRT-065,0.0,KRT
2026-07-21,KRT-066,0.0,KRT
2026-07-21,KRT-067,0.0,KRT
2026-07-21,KRT-068,0.0,KRT
2026-07-21,KRT-069,0.0,KRT
2026-07-21,KRT-070,0.0,KRT
2026-07-21,KRT-071,0.0,KRT
2026-07-21,KRT-072,0.0,KRT
2026-07-21,KRT-073,0.0,KRT
2026-07-21,KRT-074,0.0,KRT
2026-07-21,RDM-101,0.0,RDM
2026-07-21,RDM-102,0.0,RDM
2026-07-21,RDM-103,0.0,RDM
2026-07-21,RDM-104,0.0,RDM
2026-07-21,RDM-105,0.0,RDM
2026-07-21,RDM-106,0.0,RDM
2026-07-21,RDM-107,0.0,RDM
2026-07-21,RDM-108,0.0,RDM
2026-07-21,RDM-109,0.0,RDM
2026-07-21,RDM-110,0.0,RDM
2026-07-21,RDM-112,0.0,RDM
2026-07-21,RDM-113,0.0,RDM
2026-07-21,RDM-114,0.0,RDM
2026-07-21,RDM-115,0.0,RDM
2026-07-21,RDM-116,0.0,RDM
2026-07-21,RDM-117,0.0,RDM
2026-07-21,RDM-118,0.0,RDM
2026-07-21,RDM-119,0.0,RDM
2026-07-21,RDM-120,0.0,RDM
2026-07-21,RDM-121,0.0,RDM
2026-07-21,RDM-122,0.0,RDM
2026-07-21,RDM-123,0.0,RDM
2026-07-21,RDM-124,0.0,RDM
2026-07-21,RDM-125,0.0,RDM
2026-07-21,RDM-126,0.0,RDM
2026-07-21,RDM-127,0.0,RDM
2026-07-21,RDM-128,0.0,RDM
2026-07-21,RDM-129,0.0,RDM
2026-07-21,RDM-130,0.0,RDM
2026-07-21,RDM-131,0.0,RDM
2026-07-21,RDM-132,0.0,RDM
2026-07-21,RDM-133,0.0,RDM
2026-07-22,KRT-001,0.0,KRT
2026-07-22,KRT-002,0.0,KRT
2026-07-22,KRT-003,0.0,KRT
2026-07-22,KRT-004,0.0,KRT
2026-07-22,KRT-005,0.0,KRT
2026-07-22,KRT-006,0.0,KRT
2026-07-22,KRT-007,0.0,KRT
2026-07-22,KRT-008,0.0,KRT
2026-07-22,KRT-009,0.0,KRT
2026-07-22,KRT-010,0.0,KRT
2026-07-22,KRT-011,0.0,KRT
2026-07-22,KRT-012,0.0,KRT
2026-07-22,KRT-013,0.0,KRT
2026-07-22,KRT-014,0.0,KRT
2026-07-22,KRT-015,0.0,KRT
2026-07-22,KRT-016,0.0,KRT
2026-07-22,KRT-017,0.0,KRT
2026-07-22,KRT-018,0.0,KRT
2026-07-22,KRT-019,0.0,KRT
2026-07-22,KRT-020,0.0,KRT
2026-07-22,KRT-021,0.0,KRT
2026-07-22,KRT-022,0.0,KRT
2026-07-22,KRT-023,0.0,KRT
2026-07-22,KRT-024,0.0,KRT
2026-07-22,KRT-025,0.0,KRT
2026-07-22,KRT-026,0.0,KRT
2026-07-22,KRT-027,0.0,KRT
2026-07-22,KRT-028,0.0,KRT
2026-07-22,KRT-029,0.0,KRT
2026-07-22,KRT-030,0.0,KRT
2026-07-22,KRT-031,0.0,KRT
2026-07-22,KRT-032,0.0,KRT
2026-07-22,KRT-033,0.0,KRT
2026-07-22,KRT-034,0.0,KRT
2026-07-22,KRT-035,0.0,KRT
2026-07-22,KRT-036,0.0,KRT
2026-07-22,KRT-037,0.0,KRT
2026-07-22,KRT-038,0.0,KRT
2026-07-22,KRT-039,0.0,KRT
2026-07-22,KRT-040,0.0,KRT
2026-07-22,KRT-041,0.0,KRT
2026-07-22,KRT-042,0.0,KRT
2026-07-22,KRT-043,0.0,KRT
2026-07-22,KRT-044,0.0,KRT
2026-07-22,KRT-045,0.0,KRT
2026-07-22,KRT-046,0.0,KRT
2026-07-22,KRT-047,0.0,KRT
2026-07-22,KRT-048,0.0,KRT
2026-07-22,KRT-049,0.0,KRT
2026-07-22,KRT-050,0.0,KRT
2026-07-22,KRT-051,0.0,KRT
2026-07-22,KRT-052,0.0,KRT
2026-07-22,KRT-053,0.0,KRT
2026-07-22,KRT-054,0.0,KRT
2026-07-22,KRT-055,0.0,KRT
2026-07-22,KRT-056,0.0,KRT
2026-07-22,KRT-057,0.0,KRT
2026-07-22,KRT-058,0.0,KRT
2026-07-22,KRT-059,0.0,KRT
2026-07-22,KRT-060,0.0,KRT
2026-07-22,KRT-061,0.0,KRT
2026-07-22,KRT-062,0.0,KRT
2026-07-22,KRT-063,0.0,KRT
2026-07-22,KRT-064,0.0,KRT
2026-07-22,KRT-065,0.0,KRT
2026-07-22,KRT-066,0.0,KRT
2026-07-22,KRT-067,0.0,KRT
2026-07-22,KRT-068,0.0,KRT
2026-07-22,KRT-069,0.0,KRT
2026-07-22,KRT-070,0.0,KRT
2026-07-22,KRT-071,0.0,KRT
2026-07-22,KRT-072,0.0,KRT
2026-07-22,KRT-073,0.0,KRT
2026-07-22,KRT-074,0.0,KRT
2026-07-22,RDM-101,0.0,RDM
2026-07-22,RDM-102,0.0,RDM
2026-07-22,RDM-103,0.0,RDM
2026-07-22,RDM-104,0.0,RDM
2026-07-22,RDM-105,0.0,RDM
2026-07-22,RDM-106,0.0,RDM
2026-07-22,RDM-107,0.0,RDM
2026-07-22,RDM-108,0.0,RDM
2026-07-22,RDM-109,0.0,RDM
2026-07-22,RDM-110,0.0,RDM
2026-07-22,RDM-112,0.0,RDM
2026-07-22,RDM-113,0.0,RDM
2026-07-22,RDM-114,0.0,RDM
2026-07-22,RDM-115,0.0,RDM
2026-07-22,RDM-116,0.0,RDM
2026-07-22,RDM-117,0.0,RDM
2026-07-22,RDM-118,0.0,RDM
2026-07-22,RDM-119,0.0,RDM
2026-07-22,RDM-120,0.0,RDM
2026-07-22,RDM-121,0.0,RDM
2026-07-22,RDM-122,0.0,RDM
2026-07-22,RDM-123,0.0,RDM
2026-07-22,RDM-124,0.0,RDM
2026-07-22,RDM-125,0.0,RDM
2026-07-22,RDM-126,0.0,RDM
2026-07-22,RDM-127,0.0,RDM
2026-07-22,RDM-128,0.0,RDM
2026-07-22,RDM-129,0.0,RDM
2026-07-22,RDM-130,0.0,RDM
2026-07-22,RDM-131,0.0,RDM
2026-07-22,RDM-132,0.0,RDM
2026-07-22,RDM-133,0.0,RDM
2026-07-23,KRT-001,0.0,KRT
2026-07-23,KRT-002,0.0,KRT
2026-07-23,KRT-003,0.0,KRT
2026-07-23,KRT-004,0.0,KRT
2026-07-23,KRT-005,0.0,KRT
2026-07-23,KRT-006,0.0,KRT
2026-07-23,KRT-007,0.0,KRT
2026-07-23,KRT-008,0.0,KRT
2026-07-23,KRT-009,0.0,KRT
2026-07-23,KRT-010,0.0,KRT
2026-07-23,KRT-011,0.0,KRT
2026-07-23,KRT-012,0.0,KRT
2026-07-23,KRT-013,0.0,KRT
2026-07-23,KRT-014,0.0,KRT
2026-07-23,KRT-015,0.0,KRT
2026-07-23,KRT-016,0.0,KRT
2026-07-23,KRT-017,0.0,KRT
2026-07-23,KRT-018,0.0,KRT
2026-07-23,KRT-019,0.0,KRT
2026-07-23,KRT-020,0.0,KRT
2026-07-23,KRT-021,0.0,KRT
2026-07-23,KRT-022,0.0,KRT
2026-07-23,KRT-023,0.0,KRT
2026-07-23,KRT-024,0.0,KRT
2026-07-23,KRT-025,0.0,KRT
2026-07-23,KRT-026,0.0,KRT
2026-07-23,KRT-027,0.0,KRT
2026-07-23,KRT-028,0.0,KRT
2026-07-23,KRT-029,0.0,KRT
2026-07-23,KRT-030,0.0,KRT
2026-07-23,KRT-031,0.0,KRT
2026-07-23,KRT-032,0.0,KRT
2026-07-23,KRT-033,0.0,KRT
2026-07-23,KRT-034,0.0,KRT
2026-07-23,KRT-035,0.0,KRT
2026-07-23,KRT-036,0.0,KRT
2026-07-23,KRT-037,0.0,KRT
2026-07-23,KRT-038,0.0,KRT
2026-07-23,KRT-039,0.0,KRT
2026-07-23,KRT-040,0.0,KRT
2026-07-23,KRT-041,0.0,KRT
2026-07-23,KRT-042,0.0,KRT
2026-07-23,KRT-043,0.0,KRT
2026-07-23,KRT-044,0.0,KRT
2026-07-23,KRT-045,0.0,KRT
2026-07-23,KRT-046,0.0,KRT
2026-07-23,KRT-047,0.0,KRT
2026-07-23,KRT-048,0.0,KRT
2026-07-23,KRT-049,0.0,KRT
2026-07-23,KRT-050,0.0,KRT
2026-07-23,KRT-051,0.0,KRT
2026-07-23,KRT-052,0.0,KRT
2026-07-23,KRT-053,0.0,KRT
2026-07-23,KRT-054,0.0,KRT
2026-07-23,KRT-055,0.0,KRT
2026-07-23,KRT-056,0.0,KRT
2026-07-23,KRT-057,0.0,KRT
2026-07-23,KRT-058,0.0,KRT
2026-07-23,KRT-059,0.0,KRT
2026-07-23,KRT-060,0.0,KRT
2026-07-23,KRT-061,0.0,KRT
2026-07-23,KRT-062,0.0,KRT
2026-07-23,KRT-063,0.0,KRT
2026-07-23,KRT-064,0.0,KRT
2026-07-23,KRT-065,0.0,KRT
2026-07-23,KRT-066,0.0,KRT
2026-07-23,KRT-067,0.0,KRT
2026-07-23,KRT-068,0.0,KRT
2026-07-23,KRT-069,0.0,KRT
2026-07-23,KRT-070,0.0,KRT
2026-07-23,KRT-071,0.0,KRT
2026-07-23,KRT-072,0.0,KRT
2026-07-23,KRT-073,0.0,KRT
2026-07-23,KRT-074,0.0,KRT
2026-07-23,RDM-101,0.0,RDM
2026-07-23,RDM-102,0.0,RDM
2026-07-23,RDM-103,0.0,RDM
2026-07-23,RDM-104,0.0,RDM
2026-07-23,RDM-105,0.0,RDM
2026-07-23,RDM-106,0.0,RDM
2026-07-23,RDM-107,0.0,RDM
2026-07-23,RDM-108,0.0,RDM
2026-07-23,RDM-109,0.0,RDM
2026-07-23,RDM-110,0.0,RDM
2026-07-23,RDM-112,0.0,RDM
2026-07-23,RDM-113,0.0,RDM
2026-07-23,RDM-114,0.0,RDM
2026-07-23,RDM-115,0.0,RDM
2026-07-23,RDM-116,0.0,RDM
2026-07-23,RDM-117,0.0,RDM
2026-07-23,RDM-118,0.0,RDM
2026-07-23,RDM-119,0.0,RDM
2026-07-23,RDM-120,0.0,RDM
2026-07-23,RDM-121,0.0,RDM
2026-07-23,RDM-122,0.0,RDM
2026-07-23,RDM-123,0.0,RDM
2026-07-23,RDM-124,0.0,RDM
2026-07-23,RDM-125,0.0,RDM
2026-07-23,RDM-126,0.0,RDM
2026-07-23,RDM-127,0.0,RDM
2026-07-23,RDM-128,0.0,RDM
2026-07-23,RDM-129,0.0,RDM
2026-07-23,RDM-130,0.0,RDM
2026-07-23,RDM-131,0.0,RDM
2026-07-23,RDM-132,0.0,RDM
2026-07-23,RDM-133,0.0,RDM
2026-07-24,KRT-001,0.0,KRT
2026-07-24,KRT-002,0.0,KRT
2026-07-24,KRT-003,0.0,KRT
2026-07-24,KRT-004,0.0,KRT
2026-07-24,KRT-005,0.0,KRT
2026-07-24,KRT-006,0.0,KRT
2026-07-24,KRT-007,0.0,KRT
2026-07-24,KRT-008,0.0,KRT
2026-07-24,KRT-009,0.0,KRT
2026-07-24,KRT-010,0.0,KRT
2026-07-24,KRT-011,0.0,KRT
2026-07-24,KRT-012,0.0,KRT
2026-07-24,KRT-013,0.0,KRT
2026-07-24,KRT-014,0.0,KRT
2026-07-24,KRT-015,0.0,KRT
2026-07-24,KRT-016,0.0,KRT
2026-07-24,KRT-017,0.0,KRT
2026-07-24,KRT-018,0.0,KRT
2026-07-24,KRT-019,0.0,KRT
2026-07-24,KRT-020,0.0,KRT
2026-07-24,KRT-021,0.0,KRT
2026-07-24,KRT-022,0.0,KRT
2026-07-24,KRT-023,0.0,KRT
2026-07-24,KRT-024,0.0,KRT
2026-07-24,KRT-025,0.0,KRT
2026-07-24,KRT-026,0.0,KRT
2026-07-24,KRT-027,0.0,KRT
2026-07-24,KRT-028,0.0,KRT
2026-07-24,KRT-029,0.0,KRT
2026-07-24,KRT-030,0.0,KRT
2026-07-24,KRT-031,0.0,KRT
2026-07-24,KRT-032,0.0,KRT
2026-07-24,KRT-033,0.0,KRT
2026-07-24,KRT-034,0.0,KRT
2026-07-24,KRT-035,0.0,KRT
2026-07-24,KRT-036,0.0,KRT
2026-07-24,KRT-037,0.0,KRT
2026-07-24,KRT-038,0.0,KRT
2026-07-24,KRT-039,0.0,KRT
2026-07-24,KRT-040,0.0,KRT
2026-07-24,KRT-041,0.0,KRT
2026-07-24,KRT-042,0.0,KRT
2026-07-24,KRT-043,0.0,KRT
2026-07-24,KRT-044,0.0,KRT
2026-07-24,KRT-045,0.0,KRT
2026-07-24,KRT-046,0.0,KRT
2026-07-24,KRT-047,0.0,KRT
2026-07-24,KRT-048,0.0,KRT
2026-07-24,KRT-049,0.0,KRT
2026-07-24,KRT-050,0.0,KRT
2026-07-24,KRT-051,0.0,KRT
2026-07-24,KRT-052,0.0,KRT
2026-07-24,KRT-053,0.0,KRT
2026-07-24,KRT-054,0.0,KRT
2026-07-24,KRT-055,0.0,KRT
2026-07-24,KRT-056,0.0,KRT
2026-07-24,KRT-057,0.0,KRT
2026-07-24,KRT-058,0.0,KRT
2026-07-24,KRT-059,0.0,KRT
2026-07-24,KRT-060,0.0,KRT
2026-07-24,KRT-061,0.0,KRT
2026-07-24,KRT-062,0.0,KRT
2026-07-24,KRT-063,0.0,KRT
2026-07-24,KRT-064,0.0,KRT
2026-07-24,KRT-065,0.0,KRT
2026-07-24,KRT-066,0.0,KRT
2026-07-24,KRT-067,0.0,KRT
2026-07-24,KRT-068,0.0,KRT
2026-07-24,KRT-069,0.0,KRT
2026-07-24,KRT-070,0.0,KRT
2026-07-24,KRT-071,0.0,KRT
2026-07-24,KRT-072,0.0,KRT
2026-07-24,KRT-073,0.0,KRT
2026-07-24,KRT-074,0.0,KRT
2026-07-24,RDM-101,0.0,RDM
2026-07-24,RDM-102,0.0,RDM
2026-07-24,RDM-103,0.0,RDM
2026-07-24,RDM-104,0.0,RDM
2026-07-24,RDM-105,0.0,RDM
2026-07-24,RDM-106,0.0,RDM
2026-07-24,RDM-107,0.0,RDM
2026-07-24,RDM-108,0.0,RDM
2026-07-24,RDM-109,0.0,RDM
2026-07-24,RDM-110,0.0,RDM
2026-07-24,RDM-112,0.0,RDM
2026-07-24,RDM-113,0.0,RDM
2026-07-24,RDM-114,0.0,RDM
2026-07-24,RDM-115,0.0,RDM
2026-07-24,RDM-116,0.0,RDM
2026-07-24,RDM-117,0.0,RDM
2026-07-24,RDM-118,0.0,RDM
2026-07-24,RDM-119,0.0,RDM
2026-07-24,RDM-120,0.0,RDM
2026-07-24,RDM-121,0.0,RDM
2026-07-24,RDM-122,0.0,RDM
2026-07-24,RDM-123,0.0,RDM
2026-07-24,RDM-124,0.0,RDM
2026-07-24,RDM-125,0.0,RDM
2026-07-24,RDM-126,0.0,RDM
2026-07-24,RDM-127,0.0,RDM
2026-07-24,RDM-128,0.0,RDM
2026-07-24,RDM-129,0.0,RDM
2026-07-24,RDM-130,0.0,RDM
2026-07-24,RDM-131,0.0,RDM
2026-07-24,RDM-132,0.0,RDM
2026-07-24,RDM-133,0.0,RDM
2026-07-25,KRT-001,0.0,KRT
2026-07-25,KRT-002,0.0,KRT
2026-07-25,KRT-003,0.0,KRT
2026-07-25,KRT-004,0.0,KRT
2026-07-25,KRT-005,0.0,KRT
2026-07-25,KRT-006,0.0,KRT
2026-07-25,KRT-007,0.0,KRT
2026-07-25,KRT-008,0.0,KRT
2026-07-25,KRT-009,0.0,KRT
2026-07-25,KRT-010,0.0,KRT
2026-07-25,KRT-011,0.0,KRT
2026-07-25,KRT-012,0.0,KRT
2026-07-25,KRT-013,0.0,KRT
2026-07-25,KRT-014,0.0,KRT
2026-07-25,KRT-015,0.0,KRT
2026-07-25,KRT-016,0.0,KRT
2026-07-25,KRT-017,0.0,KRT
2026-07-25,KRT-018,0.0,KRT
2026-07-25,KRT-019,0.0,KRT
2026-07-25,KRT-020,0.0,KRT
2026-07-25,KRT-021,0.0,KRT
2026-07-25,KRT-022,0.0,KRT
2026-07-25,KRT-023,0.0,KRT
2026-07-25,KRT-024,0.0,KRT
2026-07-25,KRT-025,0.0,KRT
2026-07-25,KRT-026,0.0,KRT
2026-07-25,KRT-027,0.0,KRT
2026-07-25,KRT-028,0.0,KRT
2026-07-25,KRT-029,0.0,KRT
2026-07-25,KRT-030,0.0,KRT
2026-07-25,KRT-031,0.0,KRT
2026-07-25,KRT-032,0.0,KRT
2026-07-25,KRT-033,0.0,KRT
2026-07-25,KRT-034,0.0,KRT
2026-07-25,KRT-035,0.0,KRT
2026-07-25,KRT-036,0.0,KRT
2026-07-25,KRT-037,0.0,KRT
2026-07-25,KRT-038,0.0,KRT
2026-07-25,KRT-039,0.0,KRT
2026-07-25,KRT-040,0.0,KRT
2026-07-25,KRT-041,0.0,KRT
2026-07-25,KRT-042,0.0,KRT
2026-07-25,KRT-043,0.0,KRT
2026-07-25,KRT-044,0.0,KRT
2026-07-25,KRT-045,0.0,KRT
2026-07-25,KRT-046,0.0,KRT
2026-07-25,KRT-047,0.0,KRT
2026-07-25,KRT-048,0.0,KRT
2026-07-25,KRT-049,0.0,KRT
2026-07-25,KRT-050,0.0,KRT
2026-07-25,KRT-051,0.0,KRT
2026-07-25,KRT-052,0.0,KRT
2026-07-25,KRT-053,0.0,KRT
2026-07-25,KRT-054,0.0,KRT
2026-07-25,KRT-055,0.0,KRT
2026-07-25,KRT-056,0.0,KRT
2026-07-25,KRT-057,0.0,KRT
2026-07-25,KRT-058,0.0,KRT
2026-07-25,KRT-059,0.0,KRT
2026-07-25,KRT-060,0.0,KRT
2026-07-25,KRT-061,0.0,KRT
2026-07-25,KRT-062,0.0,KRT
2026-07-25,KRT-063,0.0,KRT
2026-07-25,KRT-064,0.0,KRT
2026-07-25,KRT-065,0.0,KRT
2026-07-25,KRT-066,0.0,KRT
2026-07-25,KRT-067,0.0,KRT
2026-07-25,KRT-068,0.0,KRT
2026-07-25,KRT-069,0.0,KRT
2026-07-25,KRT-070,0.0,KRT
2026-07-25,KRT-071,0.0,KRT
2026-07-25,KRT-072,0.0,KRT
2026-07-25,KRT-073,0.0,KRT
2026-07-25,KRT-074,0.0,KRT
2026-07-25,RDM-101,0.0,RDM
2026-07-25,RDM-102,0.0,RDM
2026-07-25,RDM-103,0.0,RDM
2026-07-25,RDM-104,0.0,RDM
2026-07-25,RDM-105,0.0,RDM
2026-07-25,RDM-106,0.0,RDM
2026-07-25,RDM-107,0.0,RDM
2026-07-25,RDM-108,0.0,RDM
2026-07-25,RDM-109,0.0,RDM
2026-07-25,RDM-110,0.0,RDM
2026-07-25,RDM-112,0.0,RDM
2026-07-25,RDM-113,0.0,RDM
2026-07-25,RDM-114,0.0,RDM
2026-07-25,RDM-115,0.0,RDM
2026-07-25,RDM-116,0.0,RDM
2026-07-25,RDM-117,0.0,RDM
2026-07-25,RDM-118,0.0,RDM
2026-07-25,RDM-119,0.0,RDM
2026-07-25,RDM-120,0.0,RDM
2026-07-25,RDM-121,0.0,RDM
2026-07-25,RDM-122,0.0,RDM
2026-07-25,RDM-123,0.0,RDM
2026-07-25,RDM-124,0.0,RDM
2026-07-25,RDM-125,0.0,RDM
2026-07-25,RDM-126,0.0,RDM
2026-07-25,RDM-127,0.0,RDM
2026-07-25,RDM-128,0.0,RDM
2026-07-25,RDM-129,0.0,RDM
2026-07-25,RDM-130,0.0,RDM
2026-07-25,RDM-131,0.0,RDM
2026-07-25,RDM-132,0.0,RDM
2026-07-25,RDM-133,0.0,RDM
2026-07-26,KRT-001,0.0,KRT
2026-07-26,KRT-002,0.0,KRT
2026-07-26,KRT-003,0.0,KRT
2026-07-26,KRT-004,0.0,KRT
2026-07-26,KRT-005,0.0,KRT
2026-07-26,KRT-006,0.0,KRT
2026-07-26,KRT-007,0.0,KRT
2026-07-26,KRT-008,0.0,KRT
2026-07-26,KRT-009,0.0,KRT
2026-07-26,KRT-010,0.0,KRT
2026-07-26,KRT-011,0.0,KRT
2026-07-26,KRT-012,0.0,KRT
2026-07-26,KRT-013,0.0,KRT
2026-07-26,KRT-014,0.0,KRT
2026-07-26,KRT-015,0.0,KRT
2026-07-26,KRT-016,0.0,KRT
2026-07-26,KRT-017,0.0,KRT
2026-07-26,KRT-018,0.0,KRT
2026-07-26,KRT-019,0.0,KRT
2026-07-26,KRT-020,0.0,KRT
2026-07-26,KRT-021,0.0,KRT
2026-07-26,KRT-022,0.0,KRT
2026-07-26,KRT-023,0.0,KRT
2026-07-26,KRT-024,0.0,KRT
2026-07-26,KRT-025,0.0,KRT
2026-07-26,KRT-026,0.0,KRT
2026-07-26,KRT-027,0.0,KRT
2026-07-26,KRT-028,0.0,KRT
2026-07-26,KRT-029,0.0,KRT
2026-07-26,KRT-030,0.0,KRT
2026-07-26,KRT-031,0.0,KRT
2026-07-26,KRT-032,0.0,KRT
2026-07-26,KRT-033,0.0,KRT
2026-07-26,KRT-034,0.0,KRT
2026-07-26,KRT-035,0.0,KRT
2026-07-26,KRT-036,0.0,KRT
2026-07-26,KRT-037,0.0,KRT
2026-07-26,KRT-038,0.0,KRT
2026-07-26,KRT-039,0.0,KRT
2026-07-26,KRT-040,0.0,KRT
2026-07-26,KRT-041,0.0,KRT
2026-07-26,KRT-042,0.0,KRT
2026-07-26,KRT-043,0.0,KRT
2026-07-26,KRT-044,0.0,KRT
2026-07-26,KRT-045,0.0,KRT
2026-07-26,KRT-046,0.0,KRT
2026-07-26,KRT-047,0.0,KRT
2026-07-26,KRT-048,0.0,KRT
2026-07-26,KRT-049,0.0,KRT
2026-07-26,KRT-050,0.0,KRT
2026-07-26,KRT-051,0.0,KRT
2026-07-26,KRT-052,0.0,KRT
2026-07-26,KRT-053,0.0,KRT
2026-07-26,KRT-054,0.0,KRT
2026-07-26,KRT-055,0.0,KRT
2026-07-26,KRT-056,0.0,KRT
2026-07-26,KRT-057,0.0,KRT
2026-07-26,KRT-058,0.0,KRT
2026-07-26,KRT-059,0.0,KRT
2026-07-26,KRT-060,0.0,KRT
2026-07-26,KRT-061,0.0,KRT
2026-07-26,KRT-062,0.0,KRT
2026-07-26,KRT-063,0.0,KRT
2026-07-26,KRT-064,0.0,KRT
2026-07-26,KRT-065,0.0,KRT
2026-07-26,KRT-066,0.0,KRT
2026-07-26,KRT-067,0.0,KRT
2026-07-26,KRT-068,0.0,KRT
2026-07-26,KRT-069,0.0,KRT
2026-07-26,KRT-070,0.0,KRT
2026-07-26,KRT-071,0.0,KRT
2026-07-26,KRT-072,0.0,KRT
2026-07-26,KRT-073,0.0,KRT
2026-07-26,KRT-074,0.0,KRT
2026-07-26,RDM-101,0.0,RDM
2026-07-26,RDM-102,0.0,RDM
2026-07-26,RDM-103,0.0,RDM
2026-07-26,RDM-104,0.0,RDM
2026-07-26,RDM-105,0.0,RDM
2026-07-26,RDM-106,0.0,RDM
2026-07-26,RDM-107,0.0,RDM
2026-07-26,RDM-108,0.0,RDM
2026-07-26,RDM-109,0.0,RDM
2026-07-26,RDM-110,0.0,RDM
2026-07-26,RDM-112,0.0,RDM
2026-07-26,RDM-113,0.0,RDM
2026-07-26,RDM-114,0.0,RDM
2026-07-26,RDM-115,0.0,RDM
2026-07-26,RDM-116,0.0,RDM
2026-07-26,RDM-117,0.0,RDM
2026-07-26,RDM-118,0.0,RDM
2026-07-26,RDM-119,0.0,RDM
2026-07-26,RDM-120,0.0,RDM
2026-07-26,RDM-121,0.0,RDM
2026-07-26,RDM-122,0.0,RDM
2026-07-26,RDM-123,0.0,RDM
2026-07-26,RDM-124,0.0,RDM
2026-07-26,RDM-125,0.0,RDM
2026-07-26,RDM-126,0.0,RDM
2026-07-26,RDM-127,0.0,RDM
2026-07-26,RDM-128,0.0,RDM
2026-07-26,RDM-129,0.0,RDM
2026-07-26,RDM-130,0.0,RDM
2026-07-26,RDM-131,0.0,RDM
2026-07-26,RDM-132,0.0,RDM
2026-07-26,RDM-133,0.0,RDM
2026-07-27,KRT-001,0.0,KRT
2026-07-27,KRT-002,0.0,KRT
2026-07-27,KRT-003,0.0,KRT
2026-07-27,KRT-004,0.0,KRT
2026-07-27,KRT-005,0.0,KRT
2026-07-27,KRT-006,0.0,KRT
2026-07-27,KRT-007,0.0,KRT
2026-07-27,KRT-008,0.0,KRT
2026-07-27,KRT-009,0.0,KRT
2026-07-27,KRT-010,0.0,KRT
2026-07-27,KRT-011,0.0,KRT
2026-07-27,KRT-012,0.0,KRT
2026-07-27,KRT-013,0.0,KRT
2026-07-27,KRT-014,0.0,KRT
2026-07-27,KRT-015,0.0,KRT
2026-07-27,KRT-016,0.0,KRT
2026-07-27,KRT-017,0.0,KRT
2026-07-27,KRT-018,0.0,KRT
2026-07-27,KRT-019,0.0,KRT
2026-07-27,KRT-020,0.0,KRT
2026-07-27,KRT-021,0.0,KRT
2026-07-27,KRT-022,0.0,KRT
2026-07-27,KRT-023,0.0,KRT
2026-07-27,KRT-024,0.0,KRT
2026-07-27,KRT-025,0.0,KRT
2026-07-27,KRT-026,0.0,KRT
2026-07-27,KRT-027,0.0,KRT
2026-07-27,KRT-028,0.0,KRT
2026-07-27,KRT-029,0.0,KRT
2026-07-27,KRT-030,0.0,KRT
2026-07-27,KRT-031,0.0,KRT
2026-07-27,KRT-032,0.0,KRT
2026-07-27,KRT-033,0.0,KRT
2026-07-27,KRT-034,0.0,KRT
2026-07-27,KRT-035,0.0,KRT
2026-07-27,KRT-036,0.0,KRT
2026-07-27,KRT-037,0.0,KRT
2026-07-27,KRT-038,0.0,KRT
2026-07-27,KRT-039,0.0,KRT
2026-07-27,KRT-040,0.0,KRT
2026-07-27,KRT-041,0.0,KRT
2026-07-27,KRT-042,0.0,KRT
2026-07-27,KRT-043,0.0,KRT
2026-07-27,KRT-044,0.0,KRT
2026-07-27,KRT-045,0.0,KRT
2026-07-27,KRT-046,0.0,KRT
2026-07-27,KRT-047,0.0,KRT
2026-07-27,KRT-048,0.0,KRT
2026-07-27,KRT-049,0.0,KRT
2026-07-27,KRT-050,0.0,KRT
2026-07-27,KRT-051,0.0,KRT
2026-07-27,KRT-052,0.0,KRT
2026-07-27,KRT-053,0.0,KRT
2026-07-27,KRT-054,0.0,KRT
2026-07-27,KRT-055,0.0,KRT
2026-07-27,KRT-056,0.0,KRT
2026-07-27,KRT-057,0.0,KRT
2026-07-27,KRT-058,0.0,KRT
2026-07-27,KRT-059,0.0,KRT
2026-07-27,KRT-060,0.0,KRT
2026-07-27,KRT-061,0.0,KRT
2026-07-27,KRT-062,0.0,KRT
2026-07-27,KRT-063,0.0,KRT
2026-07-27,KRT-064,0.0,KRT
2026-07-27,KRT-065,0.0,KRT
2026-07-27,KRT-066,0.0,KRT
2026-07-27,KRT-067,0.0,KRT
2026-07-27,KRT-068,0.0,KRT
2026-07-27,KRT-069,0.0,KRT
2026-07-27,KRT-070,0.0,KRT
2026-07-27,KRT-071,0.0,KRT
2026-07-27,KRT-072,0.0,KRT
2026-07-27,KRT-073,0.0,KRT
2026-07-27,KRT-074,0.0,KRT
2026-07-27,RDM-101,0.0,RDM
2026-07-27,RDM-102,0.0,RDM
2026-07-27,RDM-103,0.0,RDM
2026-07-27,RDM-104,0.0,RDM
2026-07-27,RDM-105,0.0,RDM
2026-07-27,RDM-106,0.0,RDM
2026-07-27,RDM-107,0.0,RDM
2026-07-27,RDM-108,0.0,RDM
2026-07-27,RDM-109,0.0,RDM
2026-07-27,RDM-110,0.0,RDM
2026-07-27,RDM-112,0.0,RDM
2026-07-27,RDM-113,0.0,RDM
2026-07-27,RDM-114,0.0,RDM
2026-07-27,RDM-115,0.0,RDM
2026-07-27,RDM-116,0.0,RDM
2026-07-27,RDM-117,0.0,RDM
2026-07-27,RDM-118,0.0,RDM
2026-07-27,RDM-119,0.0,RDM
2026-07-27,RDM-120,0.0,RDM
2026-07-27,RDM-121,0.0,RDM
2026-07-27,RDM-122,0.0,RDM
2026-07-27,RDM-123,0.0,RDM
2026-07-27,RDM-124,0.0,RDM
2026-07-27,RDM-125,0.0,RDM
2026-07-27,RDM-126,0.0,RDM
2026-07-27,RDM-127,0.0,RDM
2026-07-27,RDM-128,0.0,RDM
2026-07-27,RDM-129,0.0,RDM
2026-07-27,RDM-130,0.0,RDM
2026-07-27,RDM-131,0.0,RDM
2026-07-27,RDM-132,0.0,RDM
2026-07-27,RDM-133,0.0,RDM
2026-07-28,KRT-001,0.0,KRT
2026-07-28,KRT-002,0.0,KRT
2026-07-28,KRT-003,0.0,KRT
2026-07-28,KRT-004,0.0,KRT
2026-07-28,KRT-005,0.0,KRT
2026-07-28,KRT-006,0.0,KRT
2026-07-28,KRT-007,0.0,KRT
2026-07-28,KRT-008,0.0,KRT
2026-07-28,KRT-009,0.0,KRT
2026-07-28,KRT-010,0.0,KRT
2026-07-28,KRT-011,0.0,KRT
2026-07-28,KRT-012,0.0,KRT
2026-07-28,KRT-013,0.0,KRT
2026-07-28,KRT-014,0.0,KRT
2026-07-28,KRT-015,0.0,KRT
2026-07-28,KRT-016,0.0,KRT
2026-07-28,KRT-017,0.0,KRT
2026-07-28,KRT-018,0.0,KRT
2026-07-28,KRT-019,0.0,KRT
2026-07-28,KRT-020,0.0,KRT
2026-07-28,KRT-021,0.0,KRT
2026-07-28,KRT-022,0.0,KRT
2026-07-28,KRT-023,0.0,KRT
2026-07-28,KRT-024,0.0,KRT
2026-07-28,KRT-025,0.0,KRT
2026-07-28,KRT-026,0.0,KRT
2026-07-28,KRT-027,0.0,KRT
2026-07-28,KRT-028,0.0,KRT
2026-07-28,KRT-029,0.0,KRT
2026-07-28,KRT-030,0.0,KRT
2026-07-28,KRT-031,0.0,KRT
2026-07-28,KRT-032,0.0,KRT
2026-07-28,KRT-033,0.0,KRT
2026-07-28,KRT-034,0.0,KRT
2026-07-28,KRT-035,0.0,KRT
2026-07-28,KRT-036,0.0,KRT
2026-07-28,KRT-037,0.0,KRT
2026-07-28,KRT-038,0.0,KRT
2026-07-28,KRT-039,0.0,KRT
2026-07-28,KRT-040,0.0,KRT
2026-07-28,KRT-041,0.0,KRT
2026-07-28,KRT-042,0.0,KRT
2026-07-28,KRT-043,0.0,KRT
2026-07-28,KRT-044,0.0,KRT
2026-07-28,KRT-045,0.0,KRT
2026-07-28,KRT-046,0.0,KRT
2026-07-28,KRT-047,0.0,KRT
2026-07-28,KRT-048,0.0,KRT
2026-07-28,KRT-049,0.0,KRT
2026-07-28,KRT-050,0.0,KRT
2026-07-28,KRT-051,0.0,KRT
2026-07-28,KRT-052,0.0,KRT
2026-07-28,KRT-053,0.0,KRT
2026-07-28,KRT-054,0.0,KRT
2026-07-28,KRT-055,0.0,KRT
2026-07-28,KRT-056,0.0,KRT
2026-07-28,KRT-057,0.0,KRT
2026-07-28,KRT-058,0.0,KRT
2026-07-28,KRT-059,0.0,KRT
2026-07-28,KRT-060,0.0,KRT
2026-07-28,KRT-061,0.0,KRT
2026-07-28,KRT-062,0.0,KRT
2026-07-28,KRT-063,0.0,KRT
2026-07-28,KRT-064,0.0,KRT
2026-07-28,KRT-065,0.0,KRT
2026-07-28,KRT-066,0.0,KRT
2026-07-28,KRT-067,0.0,KRT
2026-07-28,KRT-068,0.0,KRT
2026-07-28,KRT-069,0.0,KRT
2026-07-28,KRT-070,0.0,KRT
2026-07-28,KRT-071,0.0,KRT
2026-07-28,KRT-072,0.0,KRT
2026-07-28,KRT-073,0.0,KRT
2026-07-28,KRT-074,0.0,KRT
2026-07-28,RDM-101,0.0,RDM
2026-07-28,RDM-102,0.0,RDM
2026-07-28,RDM-103,0.0,RDM
2026-07-28,RDM-104,0.0,RDM
2026-07-28,RDM-105,0.0,RDM
2026-07-28,RDM-106,0.0,RDM
2026-07-28,RDM-107,0.0,RDM
2026-07-28,RDM-108,0.0,RDM
2026-07-28,RDM-109,0.0,RDM
2026-07-28,RDM-110,0.0,RDM
2026-07-28,RDM-112,0.0,RDM
2026-07-28,RDM-113,0.0,RDM
2026-07-28,RDM-114,0.0,RDM
2026-07-28,RDM-115,0.0,RDM
2026-07-28,RDM-116,0.0,RDM
2026-07-28,RDM-117,0.0,RDM
2026-07-28,RDM-118,0.0,RDM
2026-07-28,RDM-119,0.0,RDM
2026-07-28,RDM-120,0.0,RDM
2026-07-28,RDM-121,0.0,RDM
2026-07-28,RDM-122,0.0,RDM
2026-07-28,RDM-123,0.0,RDM
2026-07-28,RDM-124,0.0,RDM
2026-07-28,RDM-125,0.0,RDM
2026-07-28,RDM-126,0.0,RDM
2026-07-28,RDM-127,0.0,RDM
2026-07-28,RDM-128,0.0,RDM
2026-07-28,RDM-129,0.0,RDM
2026-07-28,RDM-130,0.0,RDM
2026-07-28,RDM-131,0.0,RDM
2026-07-28,RDM-132,0.0,RDM
2026-07-28,RDM-133,0.0,RDM
2026-07-29,KRT-001,0.0,KRT
2026-07-29,KRT-002,0.0,KRT
2026-07-29,KRT-003,0.0,KRT
2026-07-29,KRT-004,0.0,KRT
2026-07-29,KRT-005,0.0,KRT
2026-07-29,KRT-006,0.0,KRT
2026-07-29,KRT-007,0.0,KRT
2026-07-29,KRT-008,0.0,KRT
2026-07-29,KRT-009,0.0,KRT
2026-07-29,KRT-010,0.0,KRT
2026-07-29,KRT-011,0.0,KRT
2026-07-29,KRT-012,0.0,KRT
2026-07-29,KRT-013,0.0,KRT
2026-07-29,KRT-014,0.0,KRT
2026-07-29,KRT-015,0.0,KRT
2026-07-29,KRT-016,0.0,KRT
2026-07-29,KRT-017,0.0,KRT
2026-07-29,KRT-018,0.0,KRT
2026-07-29,KRT-019,0.0,KRT
2026-07-29,KRT-020,0.0,KRT
2026-07-29,KRT-021,0.0,KRT
2026-07-29,KRT-022,0.0,KRT
2026-07-29,KRT-023,0.0,KRT
2026-07-29,KRT-024,0.0,KRT
2026-07-29,KRT-025,0.0,KRT
2026-07-29,KRT-026,0.0,KRT
2026-07-29,KRT-027,0.0,KRT
2026-07-29,KRT-028,0.0,KRT
2026-07-29,KRT-029,0.0,KRT
2026-07-29,KRT-030,0.0,KRT
2026-07-29,KRT-031,0.0,KRT
2026-07-29,KRT-032,0.0,KRT
2026-07-29,KRT-033,0.0,KRT
2026-07-29,KRT-034,0.0,KRT
2026-07-29,KRT-035,0.0,KRT
2026-07-29,KRT-036,0.0,KRT
2026-07-29,KRT-037,0.0,KRT
2026-07-29,KRT-038,0.0,KRT
2026-07-29,KRT-039,0.0,KRT
2026-07-29,KRT-040,0.0,KRT
2026-07-29,KRT-041,0.0,KRT
2026-07-29,KRT-042,0.0,KRT
2026-07-29,KRT-043,0.0,KRT
2026-07-29,KRT-044,0.0,KRT
2026-07-29,KRT-045,0.0,KRT
2026-07-29,KRT-046,0.0,KRT
2026-07-29,KRT-047,0.0,KRT
2026-07-29,KRT-048,0.0,KRT
2026-07-29,KRT-049,0.0,KRT
2026-07-29,KRT-050,0.0,KRT
2026-07-29,KRT-051,0.0,KRT
2026-07-29,KRT-052,0.0,KRT
2026-07-29,KRT-053,0.0,KRT
2026-07-29,KRT-054,0.0,KRT
2026-07-29,KRT-055,0.0,KRT
2026-07-29,KRT-056,0.0,KRT
2026-07-29,KRT-057,0.0,KRT
2026-07-29,KRT-058,0.0,KRT
2026-07-29,KRT-059,0.0,KRT
2026-07-29,KRT-060,0.0,KRT
2026-07-29,KRT-061,0.0,KRT
2026-07-29,KRT-062,0.0,KRT
2026-07-29,KRT-063,0.0,KRT
2026-07-29,KRT-064,0.0,KRT
2026-07-29,KRT-065,0.0,KRT
2026-07-29,KRT-066,0.0,KRT
2026-07-29,KRT-067,0.0,KRT
2026-07-29,KRT-068,0.0,KRT
2026-07-29,KRT-069,0.0,KRT
2026-07-29,KRT-070,0.0,KRT
2026-07-29,KRT-071,0.0,KRT
2026-07-29,KRT-072,0.0,KRT
2026-07-29,KRT-073,0.0,KRT
2026-07-29,KRT-074,0.0,KRT
2026-07-29,RDM-101,0.0,RDM
2026-07-29,RDM-102,0.0,RDM
2026-07-29,RDM-103,0.0,RDM
2026-07-29,RDM-104,0.0,RDM
2026-07-29,RDM-105,0.0,RDM
2026-07-29,RDM-106,0.0,RDM
2026-07-29,RDM-107,0.0,RDM
2026-07-29,RDM-108,0.0,RDM
2026-07-29,RDM-109,0.0,RDM
2026-07-29,RDM-110,0.0,RDM
2026-07-29,RDM-112,0.0,RDM
2026-07-29,RDM-113,0.0,RDM
2026-07-29,RDM-114,0.0,RDM
2026-07-29,RDM-115,0.0,RDM
2026-07-29,RDM-116,0.0,RDM
2026-07-29,RDM-117,0.0,RDM
2026-07-29,RDM-118,0.0,RDM
2026-07-29,RDM-119,0.0,RDM
2026-07-29,RDM-120,0.0,RDM
2026-07-29,RDM-121,0.0,RDM
2026-07-29,RDM-122,0.0,RDM
2026-07-29,RDM-123,0.0,RDM
2026-07-29,RDM-124,0.0,RDM
2026-07-29,RDM-125,0.0,RDM
2026-07-29,RDM-126,0.0,RDM
2026-07-29,RDM-127,0.0,RDM
2026-07-29,RDM-128,0.0,RDM
2026-07-29,RDM-129,0.0,RDM
2026-07-29,RDM-130,0.0,RDM
2026-07-29,RDM-131,0.0,RDM
2026-07-29,RDM-132,0.0,RDM
2026-07-29,RDM-133,0.0,RDM
2026-07-30,KRT-001,0.0,KRT
2026-07-30,KRT-002,0.0,KRT
2026-07-30,KRT-003,0.0,KRT
2026-07-30,KRT-004,0.0,KRT
2026-07-30,KRT-005,0.0,KRT
2026-07-30,KRT-006,0.0,KRT
2026-07-30,KRT-007,0.0,KRT
2026-07-30,KRT-008,0.0,KRT
2026-07-30,KRT-009,0.0,KRT
2026-07-30,KRT-010,0.0,KRT
2026-07-30,KRT-011,0.0,KRT
2026-07-30,KRT-012,0.0,KRT
2026-07-30,KRT-013,0.0,KRT
2026-07-30,KRT-014,0.0,KRT
2026-07-30,KRT-015,0.0,KRT
2026-07-30,KRT-016,0.0,KRT
2026-07-30,KRT-017,0.0,KRT
2026-07-30,KRT-018,0.0,KRT
2026-07-30,KRT-019,0.0,KRT
2026-07-30,KRT-020,0.0,KRT
2026-07-30,KRT-021,0.0,KRT
2026-07-30,KRT-022,0.0,KRT
2026-07-30,KRT-023,0.0,KRT
2026-07-30,KRT-024,0.0,KRT
2026-07-30,KRT-025,0.0,KRT
2026-07-30,KRT-026,0.0,KRT
2026-07-30,KRT-027,0.0,KRT
2026-07-30,KRT-028,0.0,KRT
2026-07-30,KRT-029,0.0,KRT
2026-07-30,KRT-030,0.0,KRT
2026-07-30,KRT-031,0.0,KRT
2026-07-30,KRT-032,0.0,KRT
2026-07-30,KRT-033,0.0,KRT
2026-07-30,KRT-034,0.0,KRT
2026-07-30,KRT-035,0.0,KRT
2026-07-30,KRT-036,0.0,KRT
2026-07-30,KRT-037,0.0,KRT
2026-07-30,KRT-038,0.0,KRT
2026-07-30,KRT-039,0.0,KRT
2026-07-30,KRT-040,0.0,KRT
2026-07-30,KRT-041,0.0,KRT
2026-07-30,KRT-042,0.0,KRT
2026-07-30,KRT-043,0.0,KRT
2026-07-30,KRT-044,0.0,KRT
2026-07-30,KRT-045,0.0,KRT
2026-07-30,KRT-046,0.0,KRT
2026-07-30,KRT-047,0.0,KRT
2026-07-30,KRT-048,0.0,KRT
2026-07-30,KRT-049,0.0,KRT
2026-07-30,KRT-050,0.0,KRT
2026-07-30,KRT-051,0.0,KRT
2026-07-30,KRT-052,0.0,KRT
2026-07-30,KRT-053,0.0,KRT
2026-07-30,KRT-054,0.0,KRT
2026-07-30,KRT-055,0.0,KRT
2026-07-30,KRT-056,0.0,KRT
2026-07-30,KRT-057,0.0,KRT
2026-07-30,KRT-058,0.0,KRT
2026-07-30,KRT-059,0.0,KRT
2026-07-30,KRT-060,0.0,KRT
2026-07-30,KRT-061,0.0,KRT
2026-07-30,KRT-062,0.0,KRT
2026-07-30,KRT-063,0.0,KRT
2026-07-30,KRT-064,0.0,KRT
2026-07-30,KRT-065,0.0,KRT
2026-07-30,KRT-066,0.0,KRT
2026-07-30,KRT-067,0.0,KRT
2026-07-30,KRT-068,0.0,KRT
2026-07-30,KRT-069,0.0,KRT
2026-07-30,KRT-070,0.0,KRT
2026-07-30,KRT-071,0.0,KRT
2026-07-30,KRT-072,0.0,KRT
2026-07-30,KRT-073,0.0,KRT
2026-07-30,KRT-074,0.0,KRT
2026-07-30,RDM-101,0.0,RDM
2026-07-30,RDM-102,0.0,RDM
2026-07-30,RDM-103,0.0,RDM
2026-07-30,RDM-104,0.0,RDM
2026-07-30,RDM-105,0.0,RDM
2026-07-30,RDM-106,0.0,RDM
2026-07-30,RDM-107,0.0,RDM
2026-07-30,RDM-108,0.0,RDM
2026-07-30,RDM-109,0.0,RDM
2026-07-30,RDM-110,0.0,RDM
2026-07-30,RDM-112,0.0,RDM
2026-07-30,RDM-113,0.0,RDM
2026-07-30,RDM-114,0.0,RDM
2026-07-30,RDM-115,0.0,RDM
2026-07-30,RDM-116,0.0,RDM
2026-07-30,RDM-117,0.0,RDM
2026-07-30,RDM-118,0.0,RDM
2026-07-30,RDM-119,0.0,RDM
2026-07-30,RDM-120,0.0,RDM
2026-07-30,RDM-121,0.0,RDM
2026-07-30,RDM-122,0.0,RDM
2026-07-30,RDM-123,0.0,RDM
2026-07-30,RDM-124,0.0,RDM
2026-07-30,RDM-125,0.0,RDM
2026-07-30,RDM-126,0.0,RDM
2026-07-30,RDM-127,0.0,RDM
2026-07-30,RDM-128,0.0,RDM
2026-07-30,RDM-129,0.0,RDM
2026-07-30,RDM-130,0.0,RDM
2026-07-30,RDM-131,0.0,RDM
2026-07-30,RDM-132,0.0,RDM
2026-07-30,RDM-133,0.0,RDM
2026-07-31,KRT-001,0.0,KRT
2026-07-31,KRT-002,0.0,KRT
2026-07-31,KRT-003,0.0,KRT
2026-07-31,KRT-004,0.0,KRT
2026-07-31,KRT-005,0.0,KRT
2026-07-31,KRT-006,0.0,KRT
2026-07-31,KRT-007,0.0,KRT
2026-07-31,KRT-008,0.0,KRT
2026-07-31,KRT-009,0.0,KRT
2026-07-31,KRT-010,0.0,KRT
2026-07-31,KRT-011,0.0,KRT
2026-07-31,KRT-012,0.0,KRT
2026-07-31,KRT-013,0.0,KRT
2026-07-31,KRT-014,0.0,KRT
2026-07-31,KRT-015,0.0,KRT
2026-07-31,KRT-016,0.0,KRT
2026-07-31,KRT-017,0.0,KRT
2026-07-31,KRT-018,0.0,KRT
2026-07-31,KRT-019,0.0,KRT
2026-07-31,KRT-020,0.0,KRT
2026-07-31,KRT-021,0.0,KRT
2026-07-31,KRT-022,0.0,KRT
2026-07-31,KRT-023,0.0,KRT
2026-07-31,KRT-024,0.0,KRT
2026-07-31,KRT-025,0.0,KRT
2026-07-31,KRT-026,0.0,KRT
2026-07-31,KRT-027,0.0,KRT
2026-07-31,KRT-028,0.0,KRT
2026-07-31,KRT-029,0.0,KRT
2026-07-31,KRT-030,0.0,KRT
2026-07-31,KRT-031,0.0,KRT
2026-07-31,KRT-032,0.0,KRT
2026-07-31,KRT-033,0.0,KRT
2026-07-31,KRT-034,0.0,KRT
2026-07-31,KRT-035,0.0,KRT
2026-07-31,KRT-036,0.0,KRT
2026-07-31,KRT-037,0.0,KRT
2026-07-31,KRT-038,0.0,KRT
2026-07-31,KRT-039,0.0,KRT
2026-07-31,KRT-040,0.0,KRT
2026-07-31,KRT-041,0.0,KRT
2026-07-31,KRT-042,0.0,KRT
2026-07-31,KRT-043,0.0,KRT
2026-07-31,KRT-044,0.0,KRT
2026-07-31,KRT-045,0.0,KRT
2026-07-31,KRT-046,0.0,KRT
2026-07-31,KRT-047,0.0,KRT
2026-07-31,KRT-048,0.0,KRT
2026-07-31,KRT-049,0.0,KRT
2026-07-31,KRT-050,0.0,KRT
2026-07-31,KRT-051,0.0,KRT
2026-07-31,KRT-052,0.0,KRT
2026-07-31,KRT-053,0.0,KRT
2026-07-31,KRT-054,0.0,KRT
2026-07-31,KRT-055,0.0,KRT
2026-07-31,KRT-056,0.0,KRT
2026-07-31,KRT-057,0.0,KRT
2026-07-31,KRT-058,0.0,KRT
2026-07-31,KRT-059,0.0,KRT
2026-07-31,KRT-060,0.0,KRT
2026-07-31,KRT-061,0.0,KRT
2026-07-31,KRT-062,0.0,KRT
2026-07-31,KRT-063,0.0,KRT
2026-07-31,KRT-064,0.0,KRT
2026-07-31,KRT-065,0.0,KRT
2026-07-31,KRT-066,0.0,KRT
2026-07-31,KRT-067,0.0,KRT
2026-07-31,KRT-068,0.0,KRT
2026-07-31,KRT-069,0.0,KRT
2026-07-31,KRT-070,0.0,KRT
2026-07-31,KRT-071,0.0,KRT
2026-07-31,KRT-072,0.0,KRT
2026-07-31,KRT-073,0.0,KRT
2026-07-31,KRT-074,0.0,KRT
2026-07-31,RDM-101,0.0,RDM
2026-07-31,RDM-102,0.0,RDM
2026-07-31,RDM-103,0.0,RDM
2026-07-31,RDM-104,0.0,RDM
2026-07-31,RDM-105,0.0,RDM
2026-07-31,RDM-106,0.0,RDM
2026-07-31,RDM-107,0.0,RDM
2026-07-31,RDM-108,0.0,RDM
2026-07-31,RDM-109,0.0,RDM
2026-07-31,RDM-110,0.0,RDM
2026-07-31,RDM-112,0.0,RDM
2026-07-31,RDM-113,0.0,RDM
2026-07-31,RDM-114,0.0,RDM
2026-07-31,RDM-115,0.0,RDM
2026-07-31,RDM-116,0.0,RDM
2026-07-31,RDM-117,0.0,RDM
2026-07-31,RDM-118,0.0,RDM
2026-07-31,RDM-119,0.0,RDM
2026-07-31,RDM-120,0.0,RDM
2026-07-31,RDM-121,0.0,RDM
2026-07-31,RDM-122,0.0,RDM
2026-07-31,RDM-123,0.0,RDM
2026-07-31,RDM-124,0.0,RDM
2026-07-31,RDM-125,0.0,RDM
2026-07-31,RDM-126,0.0,RDM
2026-07-31,RDM-127,0.0,RDM
2026-07-31,RDM-128,0.0,RDM
2026-07-31,RDM-129,0.0,RDM
2026-07-31,RDM-130,0.0,RDM
2026-07-31,RDM-131,0.0,RDM
2026-07-31,RDM-132,0.0,RDM
2026-07-31,RDM-133,0.0,RDM
2026-08-01,KRT-001,0.0,KRT
2026-08-01,KRT-002,0.0,KRT
2026-08-01,KRT-003,0.0,KRT
2026-08-01,KRT-004,0.0,KRT
2026-08-01,KRT-005,0.0,KRT
2026-08-01,KRT-006,0.0,KRT
2026-08-01,KRT-007,0.0,KRT
2026-08-01,KRT-008,0.0,KRT
2026-08-01,KRT-009,0.0,KRT
2026-08-01,KRT-010,0.0,KRT
2026-08-01,KRT-011,0.0,KRT
2026-08-01,KRT-012,0.0,KRT
2026-08-01,KRT-013,0.0,KRT
2026-08-01,KRT-014,0.0,KRT
2026-08-01,KRT-015,0.0,KRT
2026-08-01,KRT-016,0.0,KRT
2026-08-01,KRT-017,0.0,KRT
2026-08-01,KRT-018,0.0,KRT
2026-08-01,KRT-019,0.0,KRT
2026-08-01,KRT-020,0.0,KRT
2026-08-01,KRT-021,0.0,KRT
2026-08-01,KRT-022,0.0,KRT
2026-08-01,KRT-023,0.0,KRT
2026-08-01,KRT-024,0.0,KRT
2026-08-01,KRT-025,0.0,KRT
2026-08-01,KRT-026,0.0,KRT
2026-08-01,KRT-027,0.0,KRT
2026-08-01,KRT-028,0.0,KRT
2026-08-01,KRT-029,0.0,KRT
2026-08-01,KRT-030,0.0,KRT
2026-08-01,KRT-031,0.0,KRT
2026-08-01,KRT-032,0.0,KRT
2026-08-01,KRT-033,0.0,KRT
2026-08-01,KRT-034,0.0,KRT
2026-08-01,KRT-035,0.0,KRT
2026-08-01,KRT-036,0.0,KRT
2026-08-01,KRT-037,0.0,KRT
2026-08-01,KRT-038,0.0,KRT
2026-08-01,KRT-039,0.0,KRT
2026-08-01,KRT-040,0.0,KRT
2026-08-01,KRT-041,0.0,KRT
2026-08-01,KRT-042,0.0,KRT
2026-08-01,KRT-043,0.0,KRT
2026-08-01,KRT-044,0.0,KRT
2026-08-01,KRT-045,0.0,KRT
2026-08-01,KRT-046,0.0,KRT
2026-08-01,KRT-047,0.0,KRT
2026-08-01,KRT-048,0.0,KRT
2026-08-01,KRT-049,0.0,KRT
2026-08-01,KRT-050,0.0,KRT
2026-08-01,KRT-051,0.0,KRT
2026-08-01,KRT-052,0.0,KRT
2026-08-01,KRT-053,0.0,KRT
2026-08-01,KRT-054,0.0,KRT
2026-08-01,KRT-055,0.0,KRT
2026-08-01,KRT-056,0.0,KRT
2026-08-01,KRT-057,0.0,KRT
2026-08-01,KRT-058,0.0,KRT
2026-08-01,KRT-059,0.0,KRT
2026-08-01,KRT-060,0.0,KRT
2026-08-01,KRT-061,0.0,KRT
2026-08-01,KRT-062,0.0,KRT
2026-08-01,KRT-063,0.0,KRT
2026-08-01,KRT-064,0.0,KRT
2026-08-01,KRT-065,0.0,KRT
2026-08-01,KRT-066,0.0,KRT
2026-08-01,KRT-067,0.0,KRT
2026-08-01,KRT-068,0.0,KRT
2026-08-01,KRT-069,0.0,KRT
2026-08-01,KRT-070,0.0,KRT
2026-08-01,KRT-071,0.0,KRT
2026-08-01,KRT-072,0.0,KRT
2026-08-01,KRT-073,0.0,KRT
2026-08-01,KRT-074,0.0,KRT
2026-08-01,RDM-101,0.0,RDM
2026-08-01,RDM-102,0.0,RDM
2026-08-01,RDM-103,0.0,RDM
2026-08-01,RDM-104,0.0,RDM
2026-08-01,RDM-105,0.0,RDM
2026-08-01,RDM-106,0.0,RDM
2026-08-01,RDM-107,0.0,RDM
2026-08-01,RDM-108,0.0,RDM
2026-08-01,RDM-109,0.0,RDM
2026-08-01,RDM-110,0.0,RDM
2026-08-01,RDM-112,0.0,RDM
2026-08-01,RDM-113,0.0,RDM
2026-08-01,RDM-114,0.0,RDM
2026-08-01,RDM-115,0.0,RDM
2026-08-01,RDM-116,0.0,RDM
2026-08-01,RDM-117,0.0,RDM
2026-08-01,RDM-118,0.0,RDM
2026-08-01,RDM-119,0.0,RDM
2026-08-01,RDM-120,0.0,RDM
2026-08-01,RDM-121,0.0,RDM
2026-08-01,RDM-122,0.0,RDM
2026-08-01,RDM-123,0.0,RDM
2026-08-01,RDM-124,0.0,RDM
2026-08-01,RDM-125,0.0,RDM
2026-08-01,RDM-126,0.0,RDM
2026-08-01,RDM-127,0.0,RDM
2026-08-01,RDM-128,0.0,RDM
2026-08-01,RDM-129,0.0,RDM
2026-08-01,RDM-130,0.0,RDM
2026-08-01,RDM-131,0.0,RDM
2026-08-01,RDM-132,0.0,RDM
2026-08-01,RDM-133,0.0,RDM
2026-08-02,KRT-001,0.0,KRT
2026-08-02,KRT-002,0.0,KRT
2026-08-02,KRT-003,0.0,KRT
2026-08-02,KRT-004,0.0,KRT
2026-08-02,KRT-005,0.0,KRT
2026-08-02,KRT-006,0.0,KRT
2026-08-02,KRT-007,0.0,KRT
2026-08-02,KRT-008,0.0,KRT
2026-08-02,KRT-009,0.0,KRT
2026-08-02,KRT-010,0.0,KRT
2026-08-02,KRT-011,0.0,KRT
2026-08-02,KRT-012,0.0,KRT
2026-08-02,KRT-013,0.0,KRT
2026-08-02,KRT-014,0.0,KRT
2026-08-02,KRT-015,0.0,KRT
2026-08-02,KRT-016,0.0,KRT
2026-08-02,KRT-017,0.0,KRT
2026-08-02,KRT-018,0.0,KRT
2026-08-02,KRT-019,0.0,KRT
2026-08-02,KRT-020,0.0,KRT
2026-08-02,KRT-021,0.0,KRT
2026-08-02,KRT-022,0.0,KRT
2026-08-02,KRT-023,0.0,KRT
2026-08-02,KRT-024,0.0,KRT
2026-08-02,KRT-025,0.0,KRT
2026-08-02,KRT-026,0.0,KRT
2026-08-02,KRT-027,0.0,KRT
2026-08-02,KRT-028,0.0,KRT
2026-08-02,KRT-029,0.0,KRT
2026-08-02,KRT-030,0.0,KRT
2026-08-02,KRT-031,0.0,KRT
2026-08-02,KRT-032,0.0,KRT
2026-08-02,KRT-033,0.0,KRT
2026-08-02,KRT-034,0.0,KRT
2026-08-02,KRT-035,0.0,KRT
2026-08-02,KRT-036,0.0,KRT
2026-08-02,KRT-037,0.0,KRT
2026-08-02,KRT-038,0.0,KRT
2026-08-02,KRT-039,0.0,KRT
2026-08-02,KRT-040,0.0,KRT
2026-08-02,KRT-041,0.0,KRT
2026-08-02,KRT-042,0.0,KRT
2026-08-02,KRT-043,0.0,KRT
2026-08-02,KRT-044,0.0,KRT
2026-08-02,KRT-045,0.0,KRT
2026-08-02,KRT-046,0.0,KRT
2026-08-02,KRT-047,0.0,KRT
2026-08-02,KRT-048,0.0,KRT
2026-08-02,KRT-049,0.0,KRT
2026-08-02,KRT-050,0.0,KRT
2026-08-02,KRT-051,0.0,KRT
2026-08-02,KRT-052,0.0,KRT
2026-08-02,KRT-053,0.0,KRT
2026-08-02,KRT-054,0.0,KRT
2026-08-02,KRT-055,0.0,KRT
2026-08-02,KRT-056,0.0,KRT
2026-08-02,KRT-057,0.0,KRT
2026-08-02,KRT-058,0.0,KRT
2026-08-02,KRT-059,0.0,KRT
2026-08-02,KRT-060,0.0,KRT
2026-08-02,KRT-061,0.0,KRT
2026-08-02,KRT-062,0.0,KRT
2026-08-02,KRT-063,0.0,KRT
2026-08-02,KRT-064,0.0,KRT
2026-08-02,KRT-065,0.0,KRT
2026-08-02,KRT-066,0.0,KRT
2026-08-02,KRT-067,0.0,KRT
2026-08-02,KRT-068,0.0,KRT
2026-08-02,KRT-069,0.0,KRT
2026-08-02,KRT-070,0.0,KRT
2026-08-02,KRT-071,0.0,KRT
2026-08-02,KRT-072,0.0,KRT
2026-08-02,KRT-073,0.0,KRT
2026-08-02,KRT-074,0.0,KRT
2026-08-02,RDM-101,0.0,RDM
2026-08-02,RDM-102,0.0,RDM
2026-08-02,RDM-103,0.0,RDM
2026-08-02,RDM-104,0.0,RDM
2026-08-02,RDM-105,0.0,RDM
2026-08-02,RDM-106,0.0,RDM
2026-08-02,RDM-107,0.0,RDM
2026-08-02,RDM-108,0.0,RDM
2026-08-02,RDM-109,0.0,RDM
2026-08-02,RDM-110,0.0,RDM
2026-08-02,RDM-112,0.0,RDM
2026-08-02,RDM-113,0.0,RDM
2026-08-02,RDM-114,0.0,RDM
2026-08-02,RDM-115,0.0,RDM
2026-08-02,RDM-116,0.0,RDM
2026-08-02,RDM-117,0.0,RDM
2026-08-02,RDM-118,0.0,RDM
2026-08-02,RDM-119,0.0,RDM
2026-08-02,RDM-120,0.0,RDM
2026-08-02,RDM-121,0.0,RDM
2026-08-02,RDM-122,0.0,RDM
2026-08-02,RDM-123,0.0,RDM
2026-08-02,RDM-124,0.0,RDM
2026-08-02,RDM-125,0.0,RDM
2026-08-02,RDM-126,0.0,RDM
2026-08-02,RDM-127,0.0,RDM
2026-08-02,RDM-128,0.0,RDM
2026-08-02,RDM-129,0.0,RDM
2026-08-02,RDM-130,0.0,RDM
2026-08-02,RDM-131,0.0,RDM
2026-08-02,RDM-132,0.0,RDM
2026-08-02,RDM-133,0.0,RDM
2026-08-03,KRT-001,0.0,KRT
2026-08-03,KRT-002,0.0,KRT
2026-08-03,KRT-003,0.0,KRT
2026-08-03,KRT-004,0.0,KRT
2026-08-03,KRT-005,0.0,KRT
2026-08-03,KRT-006,0.0,KRT
2026-08-03,KRT-007,0.0,KRT
2026-08-03,KRT-008,0.0,KRT
2026-08-03,KRT-009,0.0,KRT
2026-08-03,KRT-010,0.0,KRT
2026-08-03,KRT-011,0.0,KRT
2026-08-03,KRT-012,0.0,KRT
2026-08-03,KRT-013,0.0,KRT
2026-08-03,KRT-014,0.0,KRT
2026-08-03,KRT-015,0.0,KRT
2026-08-03,KRT-016,0.0,KRT
2026-08-03,KRT-017,0.0,KRT
2026-08-03,KRT-018,0.0,KRT
2026-08-03,KRT-019,0.0,KRT
2026-08-03,KRT-020,0.0,KRT
2026-08-03,KRT-021,0.0,KRT
2026-08-03,KRT-022,0.0,KRT
2026-08-03,KRT-023,0.0,KRT
2026-08-03,KRT-024,0.0,KRT
2026-08-03,KRT-025,0.0,KRT
2026-08-03,KRT-026,0.0,KRT
2026-08-03,KRT-027,0.0,KRT
2026-08-03,KRT-028,0.0,KRT
2026-08-03,KRT-029,0.0,KRT
2026-08-03,KRT-030,0.0,KRT
2026-08-03,KRT-031,0.0,KRT
2026-08-03,KRT-032,0.0,KRT
2026-08-03,KRT-033,0.0,KRT
2026-08-03,KRT-034,0.0,KRT
2026-08-03,KRT-035,0.0,KRT
2026-08-03,KRT-036,0.0,KRT
2026-08-03,KRT-037,0.0,KRT
2026-08-03,KRT-038,0.0,KRT
2026-08-03,KRT-039,0.0,KRT
2026-08-03,KRT-040,0.0,KRT
2026-08-03,KRT-041,0.0,KRT
2026-08-03,KRT-042,0.0,KRT
2026-08-03,KRT-043,0.0,KRT
2026-08-03,KRT-044,0.0,KRT
2026-08-03,KRT-045,0.0,KRT
2026-08-03,KRT-046,0.0,KRT
2026-08-03,KRT-047,0.0,KRT
2026-08-03,KRT-048,0.0,KRT
2026-08-03,KRT-049,0.0,KRT
2026-08-03,KRT-050,0.0,KRT
2026-08-03,KRT-051,0.0,KRT
2026-08-03,KRT-052,0.0,KRT
2026-08-03,KRT-053,0.0,KRT
2026-08-03,KRT-054,0.0,KRT
2026-08-03,KRT-055,0.0,KRT
2026-08-03,KRT-056,0.0,KRT
2026-08-03,KRT-057,0.0,KRT
2026-08-03,KRT-058,0.0,KRT
2026-08-03,KRT-059,0.0,KRT
2026-08-03,KRT-060,0.0,KRT
2026-08-03,KRT-061,0.0,KRT
2026-08-03,KRT-062,0.0,KRT
2026-08-03,KRT-063,0.0,KRT
2026-08-03,KRT-064,0.0,KRT
2026-08-03,KRT-065,0.0,KRT
2026-08-03,KRT-066,0.0,KRT
2026-08-03,KRT-067,0.0,KRT
2026-08-03,KRT-068,0.0,KRT
2026-08-03,KRT-069,0.0,KRT
2026-08-03,KRT-070,0.0,KRT
2026-08-03,KRT-071,0.0,KRT
2026-08-03,KRT-072,0.0,KRT
2026-08-03,KRT-073,0.0,KRT
2026-08-03,KRT-074,0.0,KRT
2026-08-03,RDM-101,0.0,RDM
2026-08-03,RDM-102,0.0,RDM
2026-08-03,RDM-103,0.0,RDM
2026-08-03,RDM-104,0.0,RDM
2026-08-03,RDM-105,0.0,RDM
2026-08-03,RDM-106,0.0,RDM
2026-08-03,RDM-107,0.0,RDM
2026-08-03,RDM-108,0.0,RDM
2026-08-03,RDM-109,0.0,RDM
2026-08-03,RDM-110,0.0,RDM
2026-08-03,RDM-112,0.0,RDM
2026-08-03,RDM-113,0.0,RDM
2026-08-03,RDM-114,0.0,RDM
2026-08-03,RDM-115,0.0,RDM
2026-08-03,RDM-116,0.0,RDM
2026-08-03,RDM-117,0.0,RDM
2026-08-03,RDM-118,0.0,RDM
2026-08-03,RDM-119,0.0,RDM
2026-08-03,RDM-120,0.0,RDM
2026-08-03,RDM-121,0.0,RDM
2026-08-03,RDM-122,0.0,RDM
2026-08-03,RDM-123,0.0,RDM
2026-08-03,RDM-124,0.0,RDM
2026-08-03,RDM-125,0.0,RDM
2026-08-03,RDM-126,0.0,RDM
2026-08-03,RDM-127,0.0,RDM
2026-08-03,RDM-128,0.0,RDM
2026-08-03,RDM-129,0.0,RDM
2026-08-03,RDM-130,0.0,RDM
2026-08-03,RDM-131,0.0,RDM
2026-08-03,RDM-132,0.0,RDM
2026-08-03,RDM-133,0.0,RDM
2026-08-04,KRT-001,0.0,KRT
2026-08-04,KRT-002,0.0,KRT
2026-08-04,KRT-003,0.0,KRT
2026-08-04,KRT-004,0.0,KRT
2026-08-04,KRT-005,0.0,KRT
2026-08-04,KRT-006,0.0,KRT
2026-08-04,KRT-007,0.0,KRT
2026-08-04,KRT-008,0.0,KRT
2026-08-04,KRT-009,0.0,KRT
2026-08-04,KRT-010,0.0,KRT
2026-08-04,KRT-011,0.0,KRT
2026-08-04,KRT-012,0.0,KRT
2026-08-04,KRT-013,0.0,KRT
2026-08-04,KRT-014,0.0,KRT
2026-08-04,KRT-015,0.0,KRT
2026-08-04,KRT-016,0.0,KRT
2026-08-04,KRT-017,0.0,KRT
2026-08-04,KRT-018,0.0,KRT
2026-08-04,KRT-019,0.0,KRT
2026-08-04,KRT-020,0.0,KRT
2026-08-04,KRT-021,0.0,KRT
2026-08-04,KRT-022,0.0,KRT
2026-08-04,KRT-023,0.0,KRT
2026-08-04,KRT-024,0.0,KRT
2026-08-04,KRT-025,0.0,KRT
2026-08-04,KRT-026,0.0,KRT
2026-08-04,KRT-027,0.0,KRT
2026-08-04,KRT-028,0.0,KRT
2026-08-04,KRT-029,0.0,KRT
2026-08-04,KRT-030,0.0,KRT
2026-08-04,KRT-031,0.0,KRT
2026-08-04,KRT-032,0.0,KRT
2026-08-04,KRT-033,0.0,KRT
2026-08-04,KRT-034,0.0,KRT
2026-08-04,KRT-035,0.0,KRT
2026-08-04,KRT-036,0.0,KRT
2026-08-04,KRT-037,0.0,KRT
2026-08-04,KRT-038,0.0,KRT
2026-08-04,KRT-039,0.0,KRT
2026-08-04,KRT-040,0.0,KRT
2026-08-04,KRT-041,0.0,KRT
2026-08-04,KRT-042,0.0,KRT
2026-08-04,KRT-043,0.0,KRT
2026-08-04,KRT-044,0.0,KRT
2026-08-04,KRT-045,0.0,KRT
2026-08-04,KRT-046,0.0,KRT
2026-08-04,KRT-047,0.0,KRT
2026-08-04,KRT-048,0.0,KRT
2026-08-04,KRT-049,0.0,KRT
2026-08-04,KRT-050,0.0,KRT
2026-08-04,KRT-051,0.0,KRT
2026-08-04,KRT-052,0.0,KRT
2026-08-04,KRT-053,0.0,KRT
2026-08-04,KRT-054,0.0,KRT
2026-08-04,KRT-055,0.0,KRT
2026-08-04,KRT-056,0.0,KRT
2026-08-04,KRT-057,0.0,KRT
2026-08-04,KRT-058,0.0,KRT
2026-08-04,KRT-059,0.0,KRT
2026-08-04,KRT-060,0.0,KRT
2026-08-04,KRT-061,0.0,KRT
2026-08-04,KRT-062,0.0,KRT
2026-08-04,KRT-063,0.0,KRT
2026-08-04,KRT-064,0.0,KRT
2026-08-04,KRT-065,0.0,KRT
2026-08-04,KRT-066,0.0,KRT
2026-08-04,KRT-067,0.0,KRT
2026-08-04,KRT-068,0.0,KRT
2026-08-04,KRT-069,0.0,KRT
2026-08-04,KRT-070,0.0,KRT
2026-08-04,KRT-071,0.0,KRT
2026-08-04,KRT-072,0.0,KRT
2026-08-04,KRT-073,0.0,KRT
2026-08-04,KRT-074,0.0,KRT
2026-08-04,RDM-101,0.0,RDM
2026-08-04,RDM-102,0.0,RDM
2026-08-04,RDM-103,0.0,RDM
2026-08-04,RDM-104,0.0,RDM
2026-08-04,RDM-105,0.0,RDM
2026-08-04,RDM-106,0.0,RDM
2026-08-04,RDM-107,0.0,RDM
2026-08-04,RDM-108,0.0,RDM
2026-08-04,RDM-109,0.0,RDM
2026-08-04,RDM-110,0.0,RDM
2026-08-04,RDM-112,0.0,RDM
2026-08-04,RDM-113,0.0,RDM
2026-08-04,RDM-114,0.0,RDM
2026-08-04,RDM-115,0.0,RDM
2026-08-04,RDM-116,0.0,RDM
2026-08-04,RDM-117,0.0,RDM
2026-08-04,RDM-118,0.0,RDM
2026-08-04,RDM-119,0.0,RDM
2026-08-04,RDM-120,0.0,RDM
2026-08-04,RDM-121,0.0,RDM
2026-08-04,RDM-122,0.0,RDM
2026-08-04,RDM-123,0.0,RDM
2026-08-04,RDM-124,0.0,RDM
2026-08-04,RDM-125,0.0,RDM
2026-08-04,RDM-126,0.0,RDM
2026-08-04,RDM-127,0.0,RDM
2026-08-04,RDM-128,0.0,RDM
2026-08-04,RDM-129,0.0,RDM
2026-08-04,RDM-130,0.0,RDM
2026-08-04,RDM-131,0.0,RDM
2026-08-04,RDM-132,0.0,RDM
2026-08-04,RDM-133,0.0,RDM
2026-08-05,KRT-001,0.0,KRT
2026-08-05,KRT-002,0.0,KRT
2026-08-05,KRT-003,0.0,KRT
2026-08-05,KRT-004,0.0,KRT
2026-08-05,KRT-005,0.0,KRT
2026-08-05,KRT-006,0.0,KRT
2026-08-05,KRT-007,0.0,KRT
2026-08-05,KRT-008,0.0,KRT
2026-08-05,KRT-009,0.0,KRT
2026-08-05,KRT-010,0.0,KRT
2026-08-05,KRT-011,0.0,KRT
2026-08-05,KRT-012,0.0,KRT
2026-08-05,KRT-013,0.0,KRT
2026-08-05,KRT-014,0.0,KRT
2026-08-05,KRT-015,0.0,KRT
2026-08-05,KRT-016,0.0,KRT
2026-08-05,KRT-017,0.0,KRT
2026-08-05,KRT-018,0.0,KRT
2026-08-05,KRT-019,0.0,KRT
2026-08-05,KRT-020,0.0,KRT
2026-08-05,KRT-021,0.0,KRT
2026-08-05,KRT-022,0.0,KRT
2026-08-05,KRT-023,0.0,KRT
2026-08-05,KRT-024,0.0,KRT
2026-08-05,KRT-025,0.0,KRT
2026-08-05,KRT-026,0.0,KRT
2026-08-05,KRT-027,0.0,KRT
2026-08-05,KRT-028,0.0,KRT
2026-08-05,KRT-029,0.0,KRT
2026-08-05,KRT-030,0.0,KRT
2026-08-05,KRT-031,0.0,KRT
2026-08-05,KRT-032,0.0,KRT
2026-08-05,KRT-033,0.0,KRT
2026-08-05,KRT-034,0.0,KRT
2026-08-05,KRT-035,0.0,KRT
2026-08-05,KRT-036,0.0,KRT
2026-08-05,KRT-037,0.0,KRT
2026-08-05,KRT-038,0.0,KRT
2026-08-05,KRT-039,0.0,KRT
2026-08-05,KRT-040,0.0,KRT
2026-08-05,KRT-041,0.0,KRT
2026-08-05,KRT-042,0.0,KRT
2026-08-05,KRT-043,0.0,KRT
2026-08-05,KRT-044,0.0,KRT
2026-08-05,KRT-045,0.0,KRT
2026-08-05,KRT-046,0.0,KRT
2026-08-05,KRT-047,0.0,KRT
2026-08-05,KRT-048,0.0,KRT
2026-08-05,KRT-049,0.0,KRT
2026-08-05,KRT-050,0.0,KRT
2026-08-05,KRT-051,0.0,KRT
2026-08-05,KRT-052,0.0,KRT
2026-08-05,KRT-053,0.0,KRT
2026-08-05,KRT-054,0.0,KRT
2026-08-05,KRT-055,0.0,KRT
2026-08-05,KRT-056,0.0,KRT
2026-08-05,KRT-057,0.0,KRT
2026-08-05,KRT-058,0.0,KRT
2026-08-05,KRT-059,0.0,KRT
2026-08-05,KRT-060,0.0,KRT
2026-08-05,KRT-061,0.0,KRT
2026-08-05,KRT-062,0.0,KRT
2026-08-05,KRT-063,0.0,KRT
2026-08-05,KRT-064,0.0,KRT
2026-08-05,KRT-065,0.0,KRT
2026-08-05,KRT-066,0.0,KRT
2026-08-05,KRT-067,0.0,KRT
2026-08-05,KRT-068,0.0,KRT
2026-08-05,KRT-069,0.0,KRT
2026-08-05,KRT-070,0.0,KRT
2026-08-05,KRT-071,0.0,KRT
2026-08-05,KRT-072,0.0,KRT
2026-08-05,KRT-073,0.0,KRT
2026-08-05,KRT-074,0.0,KRT
2026-08-05,RDM-101,0.0,RDM
2026-08-05,RDM-102,0.0,RDM
2026-08-05,RDM-103,0.0,RDM
2026-08-05,RDM-104,0.0,RDM
2026-08-05,RDM-105,0.0,RDM
2026-08-05,RDM-106,0.0,RDM
2026-08-05,RDM-107,0.0,RDM
2026-08-05,RDM-108,0.0,RDM
2026-08-05,RDM-109,0.0,RDM
2026-08-05,RDM-110,0.0,RDM
2026-08-05,RDM-112,0.0,RDM
2026-08-05,RDM-113,0.0,RDM
2026-08-05,RDM-114,0.0,RDM
2026-08-05,RDM-115,0.0,RDM
2026-08-05,RDM-116,0.0,RDM
2026-08-05,RDM-117,0.0,RDM
2026-08-05,RDM-118,0.0,RDM
2026-08-05,RDM-119,0.0,RDM
2026-08-05,RDM-120,0.0,RDM
2026-08-05,RDM-121,0.0,RDM
2026-08-05,RDM-122,0.0,RDM
2026-08-05,RDM-123,0.0,RDM
2026-08-05,RDM-124,0.0,RDM
2026-08-05,RDM-125,0.0,RDM
2026-08-05,RDM-126,0.0,RDM
2026-08-05,RDM-127,0.0,RDM
2026-08-05,RDM-128,0.0,RDM
2026-08-05,RDM-129,0.0,RDM
2026-08-05,RDM-130,0.0,RDM
2026-08-05,RDM-131,0.0,RDM
2026-08-05,RDM-132,0.0,RDM
2026-08-05,RDM-133,0.0,RDM
2026-08-06,KRT-001,0.0,KRT
2026-08-06,KRT-002,0.0,KRT
2026-08-06,KRT-003,0.0,KRT
2026-08-06,KRT-004,0.0,KRT
2026-08-06,KRT-005,0.0,KRT
2026-08-06,KRT-006,0.0,KRT
2026-08-06,KRT-007,0.0,KRT
2026-08-06,KRT-008,0.0,KRT
2026-08-06,KRT-009,0.0,KRT
2026-08-06,KRT-010,0.76,KRT
2026-08-06,KRT-011,0.25,KRT
2026-08-06,KRT-012,0.0,KRT
2026-08-06,KRT-013,0.0,KRT
2026-08-06,KRT-014,0.0,KRT
2026-08-06,KRT-015,0.0,KRT
2026-08-06,KRT-016,0.0,KRT
2026-08-06,KRT-017,0.0,KRT
2026-08-06,KRT-018,0.0,KRT
2026-08-06,KRT-019,0.0,KRT
2026-08-06,KRT-020,0.0,KRT
2026-08-06,KRT-021,0.0,KRT
2026-08-06,KRT-022,0.0,KRT
2026-08-06,KRT-023,0.51,KRT
2026-08-06,KRT-024,0.0,KRT
2026-08-06,KRT-025,0.0,KRT
2026-08-06,KRT-026,0.0,KRT
2026-08-06,KRT-027,0.0,KRT
2026-08-06,KRT-028,0.0,KRT
2026-08-06,KRT-029,0.51,KRT
2026-08-06,KRT-030,0.0,KRT
2026-08-06,KRT-031,0.0,KRT
2026-08-06,KRT-032,0.0,KRT
2026-08-06,KRT-033,0.0,KRT
2026-08-06,KRT-034,0.0,KRT
2026-08-06,KRT-035,0.0,KRT
2026-08-06,KRT-036,0.0,KRT
2026-08-06,KRT-037,0.0,KRT
2026-08-06,KRT-038,0.0,KRT
2026-08-06,KRT-039,0.0,KRT
2026-08-06,KRT-040,0.0,KRT
2026-08-06,KRT-041,0.0,KRT
2026-08-06,KRT-042,0.0,KRT
2026-08-06,KRT-043,0.0,KRT
2026-08-06,KRT-044,0.0,KRT
2026-08-06,KRT-045,0.0,KRT
2026-08-06,KRT-046,0.0,KRT
2026-08-06,KRT-047,0.0,KRT
2026-08-06,KRT-048,0.0,KRT
2026-08-06,KRT-049,0.0,KRT
2026-08-06,KRT-050,0.0,KRT
2026-08-06,KRT-051,0.25,KRT
2026-08-06,KRT-052,0.0,KRT
2026-08-06,KRT-053,0.0,KRT
2026-08-06,KRT-054,0.0,KRT
2026-08-06,KRT-055,0.0,KRT
2026-08-06,KRT-056,0.0,KRT
2026-08-06,KRT-057,0.0,KRT
2026-08-06,KRT-058,0.0,KRT
2026-08-06,KRT-059,0.0,KRT
2026-08-06,KRT-060,0.0,KRT
2026-08-06,KRT-061,0.0,KRT
2026-08-06,KRT-062,0.0,KRT
2026-08-06,KRT-063,0.0,KRT
2026-08-06,KRT-064,0.0,KRT
2026-08-06,KRT-065,0.0,KRT
2026-08-06,KRT-066,0.0,KRT
2026-08-06,KRT-067,0.0,KRT
2026-08-06,KRT-068,0.0,KRT
2026-08-06,KRT-069,0.0,KRT
2026-08-06,KRT-070,0.0,KRT
2026-08-06,KRT-071,0.0,KRT
2026-08-06,KRT-072,0.0,KRT
2026-08-06,KRT-073,0.0,KRT
2026-08-06,KRT-074,0.0,KRT
2026-08-06,RDM-101,0.0,RDM
2026-08-06,RDM-102,0.0,RDM
2026-08-06,RDM-103,0.0,RDM
2026-08-06,RDM-104,0.0,RDM
2026-08-06,RDM-105,0.0,RDM
2026-08-06,RDM-106,0.0,RDM
2026-08-06,RDM-107,0.0,RDM
2026-08-06,RDM-108,0.0,RDM
2026-08-06,RDM-109,0.0,RDM
2026-08-06,RDM-110,0.0,RDM
2026-08-06,RDM-112,0.0,RDM
2026-08-06,RDM-113,0.0,RDM
2026-08-06,RDM-114,0.0,RDM
2026-08-06,RDM-115,0.0,RDM
2026-08-06,RDM-116,0.76,RDM
2026-08-06,RDM-117,0.0,RDM
2026-08-06,RDM-118,0.0,RDM
2026-08-06,RDM-119,0.0,RDM
2026-08-06,RDM-120,0.0,RDM
2026-08-06,RDM-121,0.0,RDM
2026-08-06,RDM-122,0.0,RDM
2026-08-06,RDM-123,0.0,RDM
2026-08-06,RDM-124,0.0,RDM
2026-08-06,RDM-125,0.0,RDM
2026-08-06,RDM-126,0.0,RDM
2026-08-06,RDM-127,0.0,RDM
2026-08-06,RDM-128,0.0,RDM
2026-08-06,RDM-129,0.0,RDM
2026-08-06,RDM-130,0.0,RDM
2026-08-06,RDM-131,0.51,RDM
2026-08-06,RDM-132,0.0,RDM
2026-08-06,RDM-133,0.0,RDM
2026-08-07,KRT-001,2.54,KRT
2026-08-07,KRT-002,0.0,KRT
2026-08-07,KRT-003,0.0,KRT
2026-08-07,KRT-004,0.0,KRT
2026-08-07,KRT-005,0.0,KRT
2026-08-07,KRT-006,0.0,KRT
2026-08-07,KRT-007,0.0,KRT
2026-08-07,KRT-008,0.0,KRT
2026-08-07,KRT-009,0.0,KRT
2026-08-07,KRT-010,2.29,KRT
2026-08-07,KRT-011,0.0,KRT
2026-08-07,KRT-012,0.0,KRT
2026-08-07,KRT-013,0.25,KRT
2026-08-07,KRT-014,0.25,KRT
2026-08-07,KRT-015,0.0,KRT
2026-08-07,KRT-016,0.0,KRT
2026-08-07,KRT-017,0.0,KRT
2026-08-07,KRT-018,0.0,KRT
2026-08-07,KRT-019,0.0,KRT
2026-08-07,KRT-020,0.0,KRT
2026-08-07,KRT-021,0.0,KRT
2026-08-07,KRT-022,0.0,KRT
2026-08-07,KRT-023,2.03,KRT
2026-08-07,KRT-024,0.0,KRT
2026-08-07,KRT-025,0.0,KRT
2026-08-07,KRT-026,0.0,KRT
2026-08-07,KRT-027,0.0,KRT
2026-08-07,KRT-028,0.0,KRT
2026-08-07,KRT-029,0.25,KRT
2026-08-07,KRT-030,0.0,KRT
2026-08-07,KRT-031,0.0,KRT
2026-08-07,KRT-032,0.0,KRT
2026-08-07,KRT-033,0.0,KRT
2026-08-07,KRT-034,0.0,KRT
2026-08-07,KRT-035,0.0,KRT
2026-08-07,KRT-036,0.0,KRT
2026-08-07,KRT-037,0.0,KRT
2026-08-07,KRT-038,0.0,KRT
2026-08-07,KRT-039,0.0,KRT
2026-08-07,KRT-040,0.0,KRT
2026-08-07,KRT-041,0.0,KRT
2026-08-07,KRT-042,0.0,KRT
2026-08-07,KRT-043,0.0,KRT
2026-08-07,KRT-044,0.0,KRT
2026-08-07,KRT-045,0.0,KRT
2026-08-07,KRT-046,0.0,KRT
2026-08-07,KRT-047,0.0,KRT
2026-08-07,KRT-048,0.0,KRT
2026-08-07,KRT-049,0.0,KRT
2026-08-07,KRT-050,0.0,KRT
2026-08-07,KRT-051,0.0,KRT
2026-08-07,KRT-052,0.0,KRT
2026-08-07,KRT-053,0.0,KRT
2026-08-07,KRT-054,0.0,KRT
2026-08-07,KRT-055,0.0,KRT
2026-08-07,KRT-056,0.0,KRT
2026-08-07,KRT-057,0.0,KRT
2026-08-07,KRT-058,0.0,KRT
2026-08-07,KRT-059,0.0,KRT
2026-08-07,KRT-060,0.0,KRT
2026-08-07,KRT-061,0.0,KRT
2026-08-07,KRT-062,0.0,KRT
2026-08-07,KRT-063,0.0,KRT
2026-08-07,KRT-064,0.0,KRT
2026-08-07,KRT-065,0.0,KRT
2026-08-07,KRT-066,0.0,KRT
2026-08-07,KRT-067,0.0,KRT
2026-08-07,KRT-068,0.0,KRT
2026-08-07,KRT-069,0.0,KRT
2026-08-07,KRT-070,0.0,KRT
2026-08-07,KRT-071,0.0,KRT
2026-08-07,KRT-072,0.0,KRT
2026-08-07,KRT-073,0.0,KRT
2026-08-07,KRT-074,0.0,KRT
2026-08-07,RDM-101,0.0,RDM
2026-08-07,RDM-102,0.0,RDM
2026-08-07,RDM-103,0.0,RDM
2026-08-07,RDM-104,0.0,RDM
2026-08-07,RDM-105,0.0,RDM
2026-08-07,RDM-106,0.0,RDM
2026-08-07,RDM-107,0.0,RDM
2026-08-07,RDM-108,0.0,RDM
2026-08-07,RDM-109,0.0,RDM
2026-08-07,RDM-110,0.0,RDM
2026-08-07,RDM-112,0.0,RDM
2026-08-07,RDM-113,0.0,RDM
2026-08-07,RDM-114,0.0,RDM
2026-08-07,RDM-115,0.0,RDM
2026-08-07,RDM-116,0.0,RDM
2026-08-07,RDM-117,0.0,RDM
2026-08-07,RDM-118,0.0,RDM
2026-08-07,RDM-119,0.0,RDM
2026-08-07,RDM-120,0.0,RDM
2026-08-07,RDM-121,0.0,RDM
2026-08-07,RDM-122,0.0,RDM
2026-08-07,RDM-123,0.0,RDM
2026-08-07,RDM-124,0.0,RDM
2026-08-07,RDM-125,0.0,RDM
2026-08-07,RDM-126,0.0,RDM
2026-08-07,RDM-127,0.0,RDM
2026-08-07,RDM-128,0.0,RDM
2026-08-07,RDM-129,0.0,RDM
2026-08-07,RDM-130,0.0,RDM
2026-08-07,RDM-131,0.51,RDM
2026-08-07,RDM-132,0.0,RDM
2026-08-07,RDM-133,0.0,RDM
2026-08-08,KRT-001,3.3,KRT
2026-08-08,KRT-002,0.0,KRT
2026-08-08,KRT-003,0.0,KRT
2026-08-08,KRT-004,0.0,KRT
2026-08-08,KRT-005,0.0,KRT
2026-08-08,KRT-006,0.0,KRT
2026-08-08,KRT-007,0.0,KRT
2026-08-08,KRT-008,0.0,KRT
2026-08-08,KRT-009,0.0,KRT
2026-08-08,KRT-010,2.29,KRT
2026-08-08,KRT-011,0.0,KRT
2026-08-08,KRT-012,0.0,KRT
2026-08-08,KRT-013,0.25,KRT
2026-08-08,KRT-014,0.0,KRT
2026-08-08,KRT-015,0.0,KRT
2026-08-08,KRT-016,0.0,KRT
2026-08-08,KRT-017,0.0,KRT
2026-08-08,KRT-018,0.0,KRT
2026-08-08,KRT-019,0.0,KRT
2026-08-08,KRT-020,0.0,KRT
2026-08-08,KRT-021,0.0,KRT
2026-08-08,KRT-022,0.0,KRT
2026-08-08,KRT-023,2.79,KRT
2026-08-08,KRT-024,0.0,KRT
2026-08-08,KRT-025,0.0,KRT
2026-08-08,KRT-026,0.0,KRT
2026-08-08,KRT-027,0.0,KRT
2026-08-08,KRT-028,0.0,KRT
2026-08-08,KRT-029,2.03,KRT
2026-08-08,KRT-030,0.0,KRT
2026-08-08,KRT-031,0.0,KRT
2026-08-08,KRT-032,45.21,KRT
2026-08-08,KRT-033,0.0,KRT
2026-08-08,KRT-034,0.0,KRT
2026-08-08,KRT-035,0.0,KRT
2026-08-08,KRT-036,0.0,KRT
2026-08-08,KRT-037,0.0,KRT
2026-08-08,KRT-038,0.0,KRT
2026-08-08,KRT-039,0.0,KRT
2026-08-08,KRT-040,0.0,KRT
2026-08-08,KRT-041,0.0,KRT
2026-08-08,KRT-042,0.0,KRT
2026-08-08,KRT-043,0.0,KRT
2026-08-08,KRT-044,0.0,KRT
2026-08-08,KRT-045,0.0,KRT
2026-08-08,KRT-046,0.0,KRT
2026-08-08,KRT-047,0.0,KRT
2026-08-08,KRT-048,0.0,KRT
2026-08-08,KRT-049,0.0,KRT
2026-08-08,KRT-050,0.0,KRT
2026-08-08,KRT-051,0.0,KRT
2026-08-08,KRT-052,9.4,KRT
2026-08-08,KRT-053,0.0,KRT
2026-08-08,KRT-054,0.0,KRT
2026-08-08,KRT-055,0.0,KRT
2026-08-08,KRT-056,0.0,KRT
2026-08-08,KRT-057,0.0,KRT
2026-08-08,KRT-058,0.0,KRT
2026-08-08,KRT-059,0.0,KRT
2026-08-08,KRT-060,0.0,KRT
2026-08-08,KRT-061,0.0,KRT
2026-08-08,KRT-062,0.0,KRT
2026-08-08,KRT-063,0.0,KRT
2026-08-08,KRT-064,0.0,KRT
2026-08-08,KRT-065,0.0,KRT
2026-08-08,KRT-066,0.0,KRT
2026-08-08,KRT-067,0.0,KRT
2026-08-08,KRT-068,0.0,KRT
2026-08-08,KRT-069,0.0,KRT
2026-08-08,KRT-070,0.0,KRT
2026-08-08,KRT-071,0.0,KRT
2026-08-08,KRT-072,0.0,KRT
2026-08-08,KRT-073,0.0,KRT
2026-08-08,KRT-074,0.51,KRT
2026-08-08,RDM-101,0.0,RDM
2026-08-08,RDM-102,0.0,RDM
2026-08-08,RDM-103,0.0,RDM
2026-08-08,RDM-104,0.0,RDM
2026-08-08,RDM-105,0.0,RDM
2026-08-08,RDM-106,0.0,RDM
2026-08-08,RDM-107,0.0,RDM
2026-08-08,RDM-108,0.0,RDM
2026-08-08,RDM-109,0.0,RDM
2026-08-08,RDM-110,0.0,RDM
2026-08-08,RDM-112,0.0,RDM
2026-08-08,RDM-113,0.0,RDM
2026-08-08,RDM-114,0.0,RDM
2026-08-08,RDM-115,0.0,RDM
2026-08-08,RDM-116,4.83,RDM
2026-08-08,RDM-117,0.0,RDM
2026-08-08,RDM-118,0.0,RDM
2026-08-08,RDM-119,0.0,RDM
2026-08-08,RDM-120,0.0,RDM
2026-08-08,RDM-121,0.0,RDM
2026-08-08,RDM-122,0.0,RDM
2026-08-08,RDM-123,0.0,RDM
2026-08-08,RDM-124,0.0,RDM
2026-08-08,RDM-125,0.0,RDM
2026-08-08,RDM-126,0.0,RDM
2026-08-08,RDM-127,0.0,RDM
2026-08-08,RDM-128,0.0,RDM
2026-08-08,RDM-129,0.0,RDM
2026-08-08,RDM-130,0.0,RDM
2026-08-08,RDM-131,0.0,RDM
2026-08-08,RDM-132,5.7,RDM
2026-08-08,RDM-133,8.13,RDM
2026-08-09,KRT-001,0.0,KRT
2026-08-09,KRT-002,0.0,KRT
2026-08-09,KRT-003,0.0,KRT
2026-08-09,KRT-004,0.25,KRT
2026-08-09,KRT-005,0.25,KRT
2026-08-09,KRT-006,0.0,KRT
2026-08-09,KRT-007,0.0,KRT
2026-08-09,KRT-008,0.0,KRT
2026-08-09,KRT-009,0.0,KRT
2026-08-09,KRT-010,0.0,KRT
2026-08-09,KRT-011,4.32,KRT
2026-08-09,KRT-012,0.25,KRT
2026-08-09,KRT-013,0.0,KRT
2026-08-09,KRT-014,0.0,KRT
2026-08-09,KRT-015,0.0,KRT
2026-08-09,KRT-016,0.0,KRT
2026-08-09,KRT-017,0.0,KRT
2026-08-09,KRT-018,0.0,KRT
2026-08-09,KRT-019,0.0,KRT
2026-08-09,KRT-020,0.0,KRT
2026-08-09,KRT-021,0.0,KRT
2026-08-09,KRT-022,0.0,KRT
2026-08-09,KRT-023,0.0,KRT
2026-08-09,KRT-024,0.0,KRT
2026-08-09,KRT-025,0.25,KRT
2026-08-09,KRT-026,0.0,KRT
2026-08-09,KRT-027,0.0,KRT
2026-08-09,KRT-028,0.0,KRT
2026-08-09,KRT-029,2.03,KRT
2026-08-09,KRT-030,0.0,KRT
2026-08-09,KRT-031,0.0,KRT
2026-08-09,KRT-032,0.0,KRT
2026-08-09,KRT-033,0.0,KRT
2026-08-09,KRT-034,0.0,KRT
2026-08-09,KRT-035,0.0,KRT
2026-08-09,KRT-036,0.0,KRT
2026-08-09,KRT-037,0.0,KRT
2026-08-09,KRT-038,0.0,KRT
2026-08-09,KRT-039,0.0,KRT
2026-08-09,KRT-040,0.0,KRT
2026-08-09,KRT-041,0.0,KRT
2026-08-09,KRT-042,0.0,KRT
2026-08-09,KRT-043,0.0,KRT
2026-08-09,KRT-044,0.0,KRT
2026-08-09,KRT-045,0.0,KRT
2026-08-09,KRT-046,0.0,KRT
2026-08-09,KRT-047,0.0,KRT
2026-08-09,KRT-048,0.0,KRT
2026-08-09,KRT-049,0.0,KRT
2026-08-09,KRT-050,0.0,KRT
2026-08-09,KRT-051,0.0,KRT
2026-08-09,KRT-052,0.0,KRT
2026-08-09,KRT-053,0.0,KRT
2026-08-09,KRT-054,0.0,KRT
2026-08-09,KRT-055,0.0,KRT
2026-08-09,KRT-056,0.0,KRT
2026-08-09,KRT-057,0.0,KRT
2026-08-09,KRT-058,0.0,KRT
2026-08-09,KRT-059,0.0,KRT
2026-08-09,KRT-060,0.0,KRT
2026-08-09,KRT-061,0.0,KRT
2026-08-09,KRT-062,0.0,KRT
2026-08-09,KRT-063,0.0,KRT
2026-08-09,KRT-064,0.0,KRT
2026-08-09,KRT-065,0.0,KRT
2026-08-09,KRT-066,0.0,KRT
2026-08-09,KRT-067,0.0,KRT
2026-08-09,KRT-068,0.0,KRT
2026-08-09,KRT-069,0.0,KRT
2026-08-09,KRT-070,0.0,KRT
2026-08-09,KRT-071,0.0,KRT
2026-08-09,KRT-072,0.0,KRT
2026-08-09,KRT-073,0.0,KRT
2026-08-09,KRT-074,0.0,KRT
2026-08-09,RDM-101,0.0,RDM
2026-08-09,RDM-102,0.0,RDM
2026-08-09,RDM-103,0.0,RDM
2026-08-09,RDM-104,0.0,RDM
2026-08-09,RDM-105,0.0,RDM
2026-08-09,RDM-106,0.0,RDM
2026-08-09,RDM-107,0.0,RDM
2026-08-09,RDM-108,0.0,RDM
2026-08-09,RDM-109,0.0,RDM
2026-08-09,RDM-110,0.0,RDM
2026-08-09,RDM-112,0.0,RDM
2026-08-09,RDM-113,0.0,RDM
2026-08-09,RDM-114,0.0,RDM
2026-08-09,RDM-115,0.0,RDM
2026-08-09,RDM-116,0.0,RDM
2026-08-09,RDM-117,0.0,RDM
2026-08-09,RDM-118,0.0,RDM
2026-08-09,RDM-119,0.0,RDM
2026-08-09,RDM-120,0.0,RDM
2026-08-09,RDM-121,0.0,RDM
2026-08-09,RDM-122,0.0,RDM
2026-08-09,RDM-123,0.0,RDM
2026-08-09,RDM-124,0.0,RDM
2026-08-09,RDM-125,0.0,RDM
2026-08-09,RDM-126,0.0,RDM
2026-08-09,RDM-127,0.0,RDM
2026-08-09,RDM-128,0.0,RDM
2026-08-09,RDM-129,0.0,RDM
2026-08-09,RDM-130,0.0,RDM
2026-08-09,RDM-131,2.03,RDM
2026-08-09,RDM-132,4.8,RDM
2026-08-09,RDM-133,5.33,RDM
2026-08-10,KRT-001,9.4,KRT
2026-08-10,KRT-002,0.0,KRT
2026-08-10,KRT-003,0.0,KRT
2026-08-10,KRT-004,0.0,KRT
2026-08-10,KRT-005,0.0,KRT
2026-08-10,KRT-006,0.0,KRT
2026-08-10,KRT-007,0.0,KRT
2026-08-10,KRT-008,0.0,KRT
2026-08-10,KRT-009,0.0,KRT
2026-08-10,KRT-010,1.02,KRT
2026-08-10,KRT-011,0.0,KRT
2026-08-10,KRT-012,1.27,KRT
2026-08-10,KRT-013,0.0,KRT
2026-08-10,KRT-014,0.0,KRT
2026-08-10,KRT-015,0.0,KRT
2026-08-10,KRT-016,0.0,KRT
2026-08-10,KRT-017,0.0,KRT
2026-08-10,KRT-018,0.0,KRT
2026-08-10,KRT-019,0.0,KRT
2026-08-10,KRT-020,0.0,KRT
2026-08-10,KRT-021,0.0,KRT
2026-08-10,KRT-022,0.0,KRT
2026-08-10,KRT-023,0.0,KRT
2026-08-10,KRT-024,0.0,KRT
2026-08-10,KRT-025,0.0,KRT
2026-08-10,KRT-026,0.0,KRT
2026-08-10,KRT-027,0.0,KRT
2026-08-10,KRT-028,0.0,KRT
2026-08-10,KRT-029,0.0,KRT
2026-08-10,KRT-030,0.0,KRT
2026-08-10,KRT-031,0.0,KRT
2026-08-10,KRT-032,0.0,KRT
2026-08-10,KRT-033,0.0,KRT
2026-08-10,KRT-034,0.0,KRT
2026-08-10,KRT-035,0.0,KRT
2026-08-10,KRT-036,0.0,KRT
2026-08-10,KRT-037,0.0,KRT
2026-08-10,KRT-038,0.0,KRT
2026-08-10,KRT-039,0.0,KRT
2026-08-10,KRT-040,0.0,KRT
2026-08-10,KRT-041,0.0,KRT
2026-08-10,KRT-042,0.0,KRT
2026-08-10,KRT-043,0.0,KRT
2026-08-10,KRT-044,0.0,KRT
2026-08-10,KRT-045,0.0,KRT
2026-08-10,KRT-046,0.0,KRT
2026-08-10,KRT-047,0.0,KRT
2026-08-10,KRT-048,0.0,KRT
2026-08-10,KRT-049,0.0,KRT
2026-08-10,KRT-050,0.0,KRT
2026-08-10,KRT-051,0.25,KRT
2026-08-10,KRT-052,2.54,KRT
2026-08-10,KRT-053,0.0,KRT
2026-08-10,KRT-054,0.0,KRT
2026-08-10,KRT-055,0.0,KRT
2026-08-10,KRT-056,0.0,KRT
2026-08-10,KRT-057,0.0,KRT
2026-08-10,KRT-058,0.0,KRT
2026-08-10,KRT-059,0.0,KRT
2026-08-10,KRT-060,0.0,KRT
2026-08-10,KRT-061,0.0,KRT
2026-08-10,KRT-062,0.0,KRT
2026-08-10,KRT-063,0.0,KRT
2026-08-10,KRT-064,0.0,KRT
2026-08-10,KRT-065,0.0,KRT
2026-08-10,KRT-066,0.0,KRT
2026-08-10,KRT-067,0.0,KRT
2026-08-10,KRT-068,0.0,KRT
2026-08-10,KRT-069,0.0,KRT
2026-08-10,KRT-070,0.0,KRT
2026-08-10,KRT-071,0.0,KRT
2026-08-10,KRT-072,0.0,KRT
2026-08-10,KRT-073,0.0,KRT
2026-08-10,KRT-074,0.0,KRT
2026-08-10,RDM-101,0.0,RDM
2026-08-10,RDM-102,0.0,RDM
2026-08-10,RDM-103,0.0,RDM
2026-08-10,RDM-104,0.0,RDM
2026-08-10,RDM-105,0.0,RDM
2026-08-10,RDM-106,0.0,RDM
2026-08-10,RDM-107,0.0,RDM
2026-08-10,RDM-108,0.0,RDM
2026-08-10,RDM-109,0.0,RDM
2026-08-10,RDM-110,0.0,RDM
2026-08-10,RDM-112,0.0,RDM
2026-08-10,RDM-113,0.0,RDM
2026-08-10,RDM-114,0.0,RDM
2026-08-10,RDM-115,0.0,RDM
2026-08-10,RDM-116,0.0,RDM
2026-08-10,RDM-117,0.0,RDM
2026-08-10,RDM-118,0.0,RDM
2026-08-10,RDM-119,0.0,RDM
2026-08-10,RDM-120,0.0,RDM
2026-08-10,RDM-121,0.0,RDM
2026-08-10,RDM-122,0.0,RDM
2026-08-10,RDM-123,0.0,RDM
2026-08-10,RDM-124,0.0,RDM
2026-08-10,RDM-125,0.0,RDM
2026-08-10,RDM-126,0.0,RDM
2026-08-10,RDM-127,0.0,RDM
2026-08-10,RDM-128,0.0,RDM
2026-08-10,RDM-129,0.0,RDM
2026-08-10,RDM-130,0.51,RDM
2026-08-10,RDM-131,0.0,RDM
2026-08-10,RDM-132,0.0,RDM
2026-08-10,RDM-133,0.51,RDM
2026-08-11,KRT-001,0.0,KRT
2026-08-11,KRT-002,0.0,KRT
2026-08-11,KRT-003,0.0,KRT
2026-08-11,KRT-004,0.0,KRT
2026-08-11,KRT-005,0.0,KRT
2026-08-11,KRT-006,0.0,KRT
2026-08-11,KRT-007,0.0,KRT
2026-08-11,KRT-008,0.0,KRT
2026-08-11,KRT-009,0.0,KRT
2026-08-11,KRT-010,16.0,KRT
2026-08-11,KRT-011,0.0,KRT
2026-08-11,KRT-012,55.37,KRT
2026-08-11,KRT-013,0.0,KRT
2026-08-11,KRT-014,0.0,KRT
2026-08-11,KRT-015,0.0,KRT
2026-08-11,KRT-016,0.0,KRT
2026-08-11,KRT-017,0.0,KRT
2026-08-11,KRT-018,0.0,KRT
2026-08-11,KRT-019,0.0,KRT
2026-08-11,KRT-020,0.0,KRT
2026-08-11,KRT-021,0.0,KRT
2026-08-11,KRT-022,0.0,KRT
2026-08-11,KRT-023,0.0,KRT
2026-08-11,KRT-024,0.0,KRT
2026-08-11,KRT-025,0.25,KRT
2026-08-11,KRT-026,0.0,KRT
2026-08-11,KRT-027,0.0,KRT
2026-08-11,KRT-028,0.0,KRT
2026-08-11,KRT-029,1.02,KRT
2026-08-11,KRT-030,0.0,KRT
2026-08-11,KRT-031,0.0,KRT
2026-08-11,KRT-032,0.0,KRT
2026-08-11,KRT-033,0.0,KRT
2026-08-11,KRT-034,0.0,KRT
2026-08-11,KRT-035,0.0,KRT
2026-08-11,KRT-036,0.0,KRT
2026-08-11,KRT-037,0.0,KRT
2026-08-11,KRT-038,0.0,KRT
2026-08-11,KRT-039,0.0,KRT
2026-08-11,KRT-040,0.0,KRT
2026-08-11,KRT-041,0.0,KRT
2026-08-11,KRT-042,0.0,KRT
2026-08-11,KRT-043,0.0,KRT
2026-08-11,KRT-044,0.0,KRT
2026-08-11,KRT-045,0.0,KRT
2026-08-11,KRT-046,0.0,KRT
2026-08-11,KRT-047,0.0,KRT
2026-08-11,KRT-048,0.0,KRT
2026-08-11,KRT-049,0.0,KRT
2026-08-11,KRT-050,0.0,KRT
2026-08-11,KRT-051,0.0,KRT
2026-08-11,KRT-052,0.0,KRT
2026-08-11,KRT-053,0.0,KRT
2026-08-11,KRT-054,0.0,KRT
2026-08-11,KRT-055,0.0,KRT
2026-08-11,KRT-056,0.0,KRT
2026-08-11,KRT-057,0.0,KRT
2026-08-11,KRT-058,0.0,KRT
2026-08-11,KRT-059,0.0,KRT
2026-08-11,KRT-060,0.0,KRT
2026-08-11,KRT-061,0.0,KRT
2026-08-11,KRT-062,0.0,KRT
2026-08-11,KRT-063,0.0,KRT
2026-08-11,KRT-064,0.0,KRT
2026-08-11,KRT-065,0.0,KRT
2026-08-11,KRT-066,0.0,KRT
2026-08-11,KRT-067,0.0,KRT
2026-08-11,KRT-068,0.0,KRT
2026-08-11,KRT-069,0.0,KRT
2026-08-11,KRT-070,0.0,KRT
2026-08-11,KRT-071,0.0,KRT
2026-08-11,KRT-072,0.0,KRT
2026-08-11,KRT-073,0.0,KRT
2026-08-11,KRT-074,0.0,KRT
2026-08-11,RDM-101,0.0,RDM
2026-08-11,RDM-102,0.0,RDM
2026-08-11,RDM-103,0.0,RDM
2026-08-11,RDM-104,0.0,RDM
2026-08-11,RDM-105,0.0,RDM
2026-08-11,RDM-106,0.0,RDM
2026-08-11,RDM-107,0.0,RDM
2026-08-11,RDM-108,0.0,RDM
2026-08-11,RDM-109,0.0,RDM
2026-08-11,RDM-110,0.0,RDM
2026-08-11,RDM-112,0.0,RDM
2026-08-11,RDM-113,0.0,RDM
2026-08-11,RDM-114,0.0,RDM
2026-08-11,RDM-115,0.0,RDM
2026-08-11,RDM-116,0.25,RDM
2026-08-11,RDM-117,0.0,RDM
2026-08-11,RDM-118,0.0,RDM
2026-08-11,RDM-119,0.0,RDM
2026-08-11,RDM-120,0.0,RDM
2026-08-11,RDM-121,0.0,RDM
2026-08-11,RDM-122,0.0,RDM
2026-08-11,RDM-123,0.0,RDM
2026-08-11,RDM-124,0.0,RDM
2026-08-11,RDM-125,2.1,RDM
2026-08-11,RDM-126,0.0,RDM
2026-08-11,RDM-127,0.0,RDM
2026-08-11,RDM-128,0.0,RDM
2026-08-11,RDM-129,0.0,RDM
2026-08-11,RDM-130,0.0,RDM
2026-08-11,RDM-131,1.27,RDM
2026-08-11,RDM-132,0.0,RDM
2026-08-11,RDM-133,2.79,RDM
2026-08-12,KRT-001,0.0,KRT
2026-08-12,KRT-002,0.0,KRT
2026-08-12,KRT-003,0.0,KRT
2026-08-12,KRT-004,0.0,KRT
2026-08-12,KRT-005,0.0,KRT
2026-08-12,KRT-006,0.0,KRT
2026-08-12,KRT-007,0.0,KRT
2026-08-12,KRT-008,0.0,KRT
2026-08-12,KRT-009,0.0,KRT
2026-08-12,KRT-010,0.0,KRT
2026-08-12,KRT-011,0.0,KRT
2026-08-12,KRT-012,3.05,KRT
2026-08-12,KRT-013,0.76,KRT
2026-08-12,KRT-014,0.25,KRT
2026-08-12,KRT-015,0.0,KRT
2026-08-12,KRT-016,0.0,KRT
2026-08-12,KRT-017,0.0,KRT
2026-08-12,KRT-018,0.0,KRT
2026-08-12,KRT-019,0.0,KRT
2026-08-12,KRT-020,0.0,KRT
2026-08-12,KRT-021,0.0,KRT
2026-08-12,KRT-022,0.0,KRT
2026-08-12,KRT-023,0.0,KRT
2026-08-12,KRT-024,0.0,KRT
2026-08-12,KRT-025,0.51,KRT
2026-08-12,KRT-026,0.0,KRT
2026-08-12,KRT-027,0.0,KRT
2026-08-12,KRT-028,0.0,KRT
2026-08-12,KRT-029,0.25,KRT
2026-08-12,KRT-030,0.0,KRT
2026-08-12,KRT-031,0.0,KRT
2026-08-12,KRT-032,0.0,KRT
2026-08-12,KRT-033,0.0,KRT
2026-08-12,KRT-034,0.0,KRT
2026-08-12,KRT-035,0.0,KRT
2026-08-12,KRT-036,0.0,KRT
2026-08-12,KRT-037,0.0,KRT
2026-08-12,KRT-038,0.0,KRT
2026-08-12,KRT-039,0.0,KRT
2026-08-12,KRT-040,0.0,KRT
2026-08-12,KRT-041,0.0,KRT
2026-08-12,KRT-042,0.0,KRT
2026-08-12,KRT-043,0.0,KRT
2026-08-12,KRT-044,0.0,KRT
2026-08-12,KRT-045,0.0,KRT
2026-08-12,KRT-046,0.25,KRT
2026-08-12,KRT-047,0.0,KRT
2026-08-12,KRT-048,0.0,KRT
2026-08-12,KRT-049,0.0,KRT
2026-08-12,KRT-050,0.0,KRT
2026-08-12,KRT-051,0.0,KRT
2026-08-12,KRT-052,0.0,KRT
2026-08-12,KRT-053,0.0,KRT
2026-08-12,KRT-054,0.0,KRT
2026-08-12,KRT-055,0.0,KRT
2026-08-12,KRT-056,0.0,KRT
2026-08-12,KRT-057,0.0,KRT
2026-08-12,KRT-058,0.0,KRT
2026-08-12,KRT-059,0.0,KRT
2026-08-12,KRT-060,0.0,KRT
2026-08-12,KRT-061,0.0,KRT
2026-08-12,KRT-062,0.0,KRT
2026-08-12,KRT-063,0.0,KRT
2026-08-12,KRT-064,0.0,KRT
2026-08-12,KRT-065,0.0,KRT
2026-08-12,KRT-066,0.0,KRT
2026-08-12,KRT-067,0.0,KRT
2026-08-12,KRT-068,0.0,KRT
2026-08-12,KRT-069,0.0,KRT
2026-08-12,KRT-070,0.0,KRT
2026-08-12,KRT-071,0.0,KRT
2026-08-12,KRT-072,0.0,KRT
2026-08-12,KRT-073,0.0,KRT
2026-08-12,KRT-074,0.25,KRT
2026-08-12,RDM-101,0.0,RDM
2026-08-12,RDM-102,0.0,RDM
2026-08-12,RDM-103,0.0,RDM
2026-08-12,RDM-104,0.0,RDM
2026-08-12,RDM-105,0.0,RDM
2026-08-12,RDM-106,0.0,RDM
2026-08-12,RDM-107,0.0,RDM
2026-08-12,RDM-108,0.0,RDM
2026-08-12,RDM-109,0.0,RDM
2026-08-12,RDM-110,0.0,RDM
2026-08-12,RDM-112,0.0,RDM
2026-08-12,RDM-113,0.0,RDM
2026-08-12,RDM-114,0.0,RDM
2026-08-12,RDM-115,0.0,RDM
2026-08-12,RDM-116,0.0,RDM
2026-08-12,RDM-117,0.0,RDM
2026-08-12,RDM-118,0.0,RDM
2026-08-12,RDM-119,0.0,RDM
2026-08-12,RDM-120,0.0,RDM
2026-08-12,RDM-121,0.0,RDM
2026-08-12,RDM-122,0.0,RDM
2026-08-12,RDM-123,0.0,RDM
2026-08-12,RDM-124,0.0,RDM
2026-08-12,RDM-125,0.0,RDM
2026-08-12,RDM-126,0.0,RDM
2026-08-12,RDM-127,0.0,RDM
2026-08-12,RDM-128,0.0,RDM
2026-08-12,RDM-129,0.0,RDM
2026-08-12,RDM-130,0.0,RDM
2026-08-12,RDM-131,0.0,RDM
2026-08-12,RDM-132,6.0,RDM
2026-08-12,RDM-133,6.1,RDM
2026-08-13,KRT-001,0.0,KRT
2026-08-13,KRT-002,0.0,KRT
2026-08-13,KRT-003,0.0,KRT
2026-08-13,KRT-004,0.0,KRT
2026-08-13,KRT-005,0.0,KRT
2026-08-13,KRT-006,0.0,KRT
2026-08-13,KRT-007,0.25,KRT
2026-08-13,KRT-008,0.0,KRT
2026-08-13,KRT-009,0.25,KRT
2026-08-13,KRT-010,1.27,KRT
2026-08-13,KRT-011,1.78,KRT
2026-08-13,KRT-012,0.0,KRT
2026-08-13,KRT-013,1.78,KRT
2026-08-13,KRT-014,0.51,KRT
2026-08-13,KRT-015,0.0,KRT
2026-08-13,KRT-016,0.0,KRT
2026-08-13,KRT-017,0.0,KRT
2026-08-13,KRT-018,0.0,KRT
2026-08-13,KRT-019,0.0,KRT
2026-08-13,KRT-020,0.0,KRT
2026-08-13,KRT-021,0.0,KRT
2026-08-13,KRT-022,0.0,KRT
2026-08-13,KRT-023,0.0,KRT
2026-08-13,KRT-024,0.0,KRT
2026-08-13,KRT-025,0.0,KRT
2026-08-13,KRT-026,0.0,KRT
2026-08-13,KRT-027,0.0,KRT
2026-08-13,KRT-028,0.0,KRT
2026-08-13,KRT-029,0.25,KRT
2026-08-13,KRT-030,0.0,KRT
2026-08-13,KRT-031,0.0,KRT
2026-08-13,KRT-032,0.0,KRT
2026-08-13,KRT-033,0.0,KRT
2026-08-13,KRT-034,0.0,KRT
2026-08-13,KRT-035,0.0,KRT
2026-08-13,KRT-036,0.0,KRT
2026-08-13,KRT-037,0.0,KRT
2026-08-13,KRT-038,0.0,KRT
2026-08-13,KRT-039,0.0,KRT
2026-08-13,KRT-040,0.0,KRT
2026-08-13,KRT-041,0.0,KRT
2026-08-13,KRT-042,0.0,KRT
2026-08-13,KRT-043,0.0,KRT
2026-08-13,KRT-044,0.0,KRT
2026-08-13,KRT-045,0.0,KRT
2026-08-13,KRT-046,0.0,KRT
2026-08-13,KRT-047,0.0,KRT
2026-08-13,KRT-048,0.0,KRT
2026-08-13,KRT-049,0.0,KRT
2026-08-13,KRT-050,0.0,KRT
2026-08-13,KRT-051,0.0,KRT
2026-08-13,KRT-052,0.0,KRT
2026-08-13,KRT-053,0.0,KRT
2026-08-13,KRT-054,0.0,KRT
2026-08-13,KRT-055,0.0,KRT
2026-08-13,KRT-056,0.0,KRT
2026-08-13,KRT-057,0.0,KRT
2026-08-13,KRT-058,0.0,KRT
2026-08-13,KRT-059,0.0,KRT
2026-08-13,KRT-060,0.0,KRT
2026-08-13,KRT-061,0.0,KRT
2026-08-13,KRT-062,0.0,KRT
2026-08-13,KRT-063,0.0,KRT
2026-08-13,KRT-064,0.0,KRT
2026-08-13,KRT-065,0.0,KRT
2026-08-13,KRT-066,0.0,KRT
2026-08-13,KRT-067,0.0,KRT
2026-08-13,KRT-068,0.0,KRT
2026-08-13,KRT-069,0.0,KRT
2026-08-13,KRT-070,0.0,KRT
2026-08-13,KRT-071,0.0,KRT
2026-08-13,KRT-072,0.0,KRT
2026-08-13,KRT-073,0.0,KRT
2026-08-13,KRT-074,0.0,KRT
2026-08-13,RDM-101,0.0,RDM
2026-08-13,RDM-102,0.0,RDM
2026-08-13,RDM-103,0.0,RDM
2026-08-13,RDM-104,0.0,RDM
2026-08-13,RDM-105,0.0,RDM
2026-08-13,RDM-106,0.0,RDM
2026-08-13,RDM-107,0.0,RDM
2026-08-13,RDM-108,0.0,RDM
2026-08-13,RDM-109,0.0,RDM
2026-08-13,RDM-110,0.0,RDM
2026-08-13,RDM-112,0.0,RDM
2026-08-13,RDM-113,0.0,RDM
2026-08-13,RDM-114,0.0,RDM
2026-08-13,RDM-115,0.0,RDM
2026-08-13,RDM-116,0.0,RDM
2026-08-13,RDM-117,0.0,RDM
2026-08-13,RDM-118,0.0,RDM
2026-08-13,RDM-119,0.0,RDM
2026-08-13,RDM-120,0.0,RDM
2026-08-13,RDM-121,0.0,RDM
2026-08-13,RDM-122,0.0,RDM
2026-08-13,RDM-123,0.0,RDM
2026-08-13,RDM-124,0.0,RDM
2026-08-13,RDM-125,0.0,RDM
2026-08-13,RDM-126,0.0,RDM
2026-08-13,RDM-127,0.0,RDM
2026-08-13,RDM-128,0.0,RDM
2026-08-13,RDM-129,0.0,RDM
2026-08-13,RDM-130,2.29,RDM
2026-08-13,RDM-131,1.27,RDM
2026-08-13,RDM-132,0.0,RDM
2026-08-13,RDM-133,3.56,RDM
2026-08-14,KRT-001,0.0,KRT
2026-08-14,KRT-002,0.0,KRT
2026-08-14,KRT-003,0.0,KRT
2026-08-14,KRT-004,0.0,KRT
2026-08-14,KRT-005,0.0,KRT
2026-08-14,KRT-006,0.0,KRT
2026-08-14,KRT-007,0.0,KRT
2026-08-14,KRT-008,0.0,KRT
2026-08-14,KRT-009,0.0,KRT
2026-08-14,KRT-010,0.51,KRT
2026-08-14,KRT-011,0.0,KRT
2026-08-14,KRT-012,0.0,KRT
2026-08-14,KRT-013,0.51,KRT
2026-08-14,KRT-014,0.0,KRT
2026-08-14,KRT-015,0.0,KRT
2026-08-14,KRT-016,0.0,KRT
2026-08-14,KRT-017,0.0,KRT
2026-08-14,KRT-018,0.0,KRT
2026-08-14,KRT-019,0.0,KRT
2026-08-14,KRT-020,0.0,KRT
2026-08-14,KRT-021,0.0,KRT
2026-08-14,KRT-022,0.0,KRT
2026-08-14,KRT-023,0.0,KRT
2026-08-14,KRT-024,0.0,KRT
2026-08-14,KRT-025,0.0,KRT
2026-08-14,KRT-026,0.0,KRT
2026-08-14,KRT-027,0.0,KRT
2026-08-14,KRT-028,0.0,KRT
2026-08-14,KRT-029,0.0,KRT
2026-08-14,KRT-030,0.0,KRT
2026-08-14,KRT-031,0.0,KRT
2026-08-14,KRT-032,0.0,KRT
2026-08-14,KRT-033,0.0,KRT
2026-08-14,KRT-034,0.0,KRT
2026-08-14,KRT-035,0.0,KRT
2026-08-14,KRT-036,0.0,KRT
2026-08-14,KRT-037,0.0,KRT
2026-08-14,KRT-038,0.0,KRT
2026-08-14,KRT-039,0.0,KRT
2026-08-14,KRT-040,0.0,KRT
2026-08-14,KRT-041,0.0,KRT
2026-08-14,KRT-042,0.0,KRT
2026-08-14,KRT-043,0.0,KRT
2026-08-14,KRT-044,0.25,KRT
2026-08-14,KRT-045,0.0,KRT
2026-08-14,KRT-046,0.0,KRT
2026-08-14,KRT-047,0.0,KRT
2026-08-14,KRT-048,0.0,KRT
2026-08-14,KRT-049,0.0,KRT
2026-08-14,KRT-050,0.0,KRT
2026-08-14,KRT-051,0.0,KRT
2026-08-14,KRT-052,0.0,KRT
2026-08-14,KRT-053,0.0,KRT
2026-08-14,KRT-054,0.0,KRT
2026-08-14,KRT-055,0.0,KRT
2026-08-14,KRT-056,0.0,KRT
2026-08-14,KRT-057,0.0,KRT
2026-08-14,KRT-058,0.0,KRT
2026-08-14,KRT-059,0.0,KRT
2026-08-14,KRT-060,0.0,KRT
2026-08-14,KRT-061,0.0,KRT
2026-08-14,KRT-062,0.0,KRT
2026-08-14,KRT-063,0.0,KRT
2026-08-14,KRT-064,0.0,KRT
2026-08-14,KRT-065,0.0,KRT
2026-08-14,KRT-066,0.0,KRT
2026-08-14,KRT-067,0.0,KRT
2026-08-14,KRT-068,0.0,KRT
2026-08-14,KRT-069,0.0,KRT
2026-08-14,KRT-070,0.0,KRT
2026-08-14,KRT-071,0.0,KRT
2026-08-14,KRT-072,0.0,KRT
2026-08-14,KRT-073,0.0,KRT
2026-08-14,KRT-074,0.0,KRT
2026-08-14,RDM-101,0.0,RDM
2026-08-14,RDM-102,0.0,RDM
2026-08-14,RDM-103,0.0,RDM
2026-08-14,RDM-104,0.0,RDM
2026-08-14,RDM-105,0.0,RDM
2026-08-14,RDM-106,0.0,RDM
2026-08-14,RDM-107,0.0,RDM
2026-08-14,RDM-108,0.0,RDM
2026-08-14,RDM-109,0.0,RDM
2026-08-14,RDM-110,0.0,RDM
2026-08-14,RDM-112,0.0,RDM
2026-08-14,RDM-113,0.0,RDM
2026-08-14,RDM-114,0.0,RDM
2026-08-14,RDM-115,0.0,RDM
2026-08-14,RDM-116,1.02,RDM
2026-08-14,RDM-117,0.0,RDM
2026-08-14,RDM-118,0.0,RDM
2026-08-14,RDM-119,0.0,RDM
2026-08-14,RDM-120,0.0,RDM
2026-08-14,RDM-121,0.0,RDM
2026-08-14,RDM-122,0.0,RDM
2026-08-14,RDM-123,0.0,RDM
2026-08-14,RDM-124,0.0,RDM
2026-08-14,RDM-125,0.0,RDM
2026-08-14,RDM-126,0.0,RDM
2026-08-14,RDM-127,0.0,RDM
2026-08-14,RDM-128,0.0,RDM
2026-08-14,RDM-129,0.0,RDM
2026-08-14,RDM-130,0.0,RDM
2026-08-14,RDM-131,0.0,RDM
2026-08-14,RDM-132,6.3,RDM
2026-08-14,RDM-133,0.25,RDM
2026-08-15,KRT-001,0.0,KRT
2026-08-15,KRT-002,0.0,KRT
2026-08-15,KRT-003,0.0,KRT
2026-08-15,KRT-004,0.0,KRT
2026-08-15,KRT-005,0.0,KRT
2026-08-15,KRT-006,0.0,KRT
2026-08-15,KRT-007,0.0,KRT
2026-08-15,KRT-008,0.0,KRT
2026-08-15,KRT-009,0.0,KRT
2026-08-15,KRT-010,0.0,KRT
2026-08-15,KRT-011,0.0,KRT
2026-08-15,KRT-012,6.6,KRT
2026-08-15,KRT-013,0.0,KRT
2026-08-15,KRT-014,0.0,KRT
2026-08-15,KRT-015,0.0,KRT
2026-08-15,KRT-016,0.0,KRT
2026-08-15,KRT-017,0.0,KRT
2026-08-15,KRT-018,0.0,KRT
2026-08-15,KRT-019,0.0,KRT
2026-08-15,KRT-020,0.0,KRT
2026-08-15,KRT-021,0.0,KRT
2026-08-15,KRT-022,0.0,KRT
2026-08-15,KRT-023,0.0,KRT
2026-08-15,KRT-024,0.0,KRT
2026-08-15,KRT-025,0.51,KRT
2026-08-15,KRT-026,0.0,KRT
2026-08-15,KRT-027,0.0,KRT
2026-08-15,KRT-028,0.0,KRT
2026-08-15,KRT-029,1.52,KRT
2026-08-15,KRT-030,0.0,KRT
2026-08-15,KRT-031,0.0,KRT
2026-08-15,KRT-032,1.52,KRT
2026-08-15,KRT-033,1.27,KRT
2026-08-15,KRT-034,0.0,KRT
2026-08-15,KRT-035,0.0,KRT
2026-08-15,KRT-036,0.0,KRT
2026-08-15,KRT-037,0.0,KRT
2026-08-15,KRT-038,0.0,KRT
2026-08-15,KRT-039,0.0,KRT
2026-08-15,KRT-040,0.0,KRT
2026-08-15,KRT-041,0.0,KRT
2026-08-15,KRT-042,0.0,KRT
2026-08-15,KRT-043,0.0,KRT
2026-08-15,KRT-044,0.0,KRT
2026-08-15,KRT-045,0.0,KRT
2026-08-15,KRT-046,0.0,KRT
2026-08-15,KRT-047,0.0,KRT
2026-08-15,KRT-048,0.0,KRT
2026-08-15,KRT-049,0.0,KRT
2026-08-15,KRT-050,0.0,KRT
2026-08-15,KRT-051,0.0,KRT
2026-08-15,KRT-052,7.87,KRT
2026-08-15,KRT-053,0.0,KRT
2026-08-15,KRT-054,0.0,KRT
2026-08-15,KRT-055,0.0,KRT
2026-08-15,KRT-056,0.0,KRT
2026-08-15,KRT-057,0.0,KRT
2026-08-15,KRT-058,0.0,KRT
2026-08-15,KRT-059,0.0,KRT
2026-08-15,KRT-060,0.0,KRT
2026-08-15,KRT-061,0.0,KRT
2026-08-15,KRT-062,0.0,KRT
2026-08-15,KRT-063,0.0,KRT
2026-08-15,KRT-064,0.0,KRT
2026-08-15,KRT-065,0.0,KRT
2026-08-15,KRT-066,0.0,KRT
2026-08-15,KRT-067,0.0,KRT
2026-08-15,KRT-068,0.0,KRT
2026-08-15,KRT-069,0.0,KRT
2026-08-15,KRT-070,0.0,KRT
2026-08-15,KRT-071,0.0,KRT
2026-08-15,KRT-072,0.0,KRT
2026-08-15,KRT-073,0.0,KRT
2026-08-15,KRT-074,0.0,KRT
2026-08-15,RDM-101,0.0,RDM
2026-08-15,RDM-102,0.0,RDM
2026-08-15,RDM-103,0.0,RDM
2026-08-15,RDM-104,0.0,RDM
2026-08-15,RDM-105,0.0,RDM
2026-08-15,RDM-106,0.0,RDM
2026-08-15,RDM-107,0.0,RDM
2026-08-15,RDM-108,0.0,RDM
2026-08-15,RDM-109,0.0,RDM
2026-08-15,RDM-110,0.0,RDM
2026-08-15,RDM-112,0.0,RDM
2026-08-15,RDM-113,0.0,RDM
2026-08-15,RDM-114,0.0,RDM
2026-08-15,RDM-115,0.0,RDM
2026-08-15,RDM-116,0.0,RDM
2026-08-15,RDM-117,0.0,RDM
2026-08-15,RDM-118,0.0,RDM
2026-08-15,RDM-119,0.0,RDM
2026-08-15,RDM-120,0.0,RDM
2026-08-15,RDM-121,0.0,RDM
2026-08-15,RDM-122,0.0,RDM
2026-08-15,RDM-123,0.0,RDM
2026-08-15,RDM-124,0.0,RDM
2026-08-15,RDM-125,0.3,RDM
2026-08-15,RDM-126,0.0,RDM
2026-08-15,RDM-127,0.0,RDM
2026-08-15,RDM-128,0.0,RDM
2026-08-15,RDM-129,0.0,RDM
2026-08-15,RDM-130,0.0,RDM
2026-08-15,RDM-131,0.25,RDM
2026-08-15,RDM-132,0.0,RDM
2026-08-15,RDM-133,0.0,RDM
2026-08-16,KRT-001,17.53,KRT
2026-08-16,KRT-002,0.0,KRT
2026-08-16,KRT-003,0.0,KRT
2026-08-16,KRT-004,0.0,KRT
2026-08-16,KRT-005,0.0,KRT
2026-08-16,KRT-006,0.0,KRT
2026-08-16,KRT-007,0.0,KRT
2026-08-16,KRT-008,0.0,KRT
2026-08-16,KRT-009,0.0,KRT
2026-08-16,KRT-010,19.56,KRT
2026-08-16,KRT-011,0.0,KRT
2026-08-16,KRT-012,8.13,KRT
2026-08-16,KRT-013,2.03,KRT
2026-08-16,KRT-014,0.0,KRT
2026-08-16,KRT-015,0.0,KRT
2026-08-16,KRT-016,0.0,KRT
2026-08-16,KRT-017,0.0,KRT
2026-08-16,KRT-018,0.0,KRT
2026-08-16,KRT-019,0.0,KRT
2026-08-16,KRT-020,0.0,KRT
2026-08-16,KRT-021,0.0,KRT
2026-08-16,KRT-022,0.0,KRT
2026-08-16,KRT-023,0.0,KRT
2026-08-16,KRT-024,0.0,KRT
2026-08-16,KRT-025,0.0,KRT
2026-08-16,KRT-026,0.0,KRT
2026-08-16,KRT-027,0.0,KRT
2026-08-16,KRT-028,0.0,KRT
2026-08-16,KRT-029,1.52,KRT
2026-08-16,KRT-030,0.0,KRT
2026-08-16,KRT-031,0.0,KRT
2026-08-16,KRT-032,0.0,KRT
2026-08-16,KRT-033,0.0,KRT
2026-08-16,KRT-034,0.0,KRT
2026-08-16,KRT-035,0.0,KRT
2026-08-16,KRT-036,0.0,KRT
2026-08-16,KRT-037,0.0,KRT
2026-08-16,KRT-038,0.0,KRT
2026-08-16,KRT-039,0.0,KRT
2026-08-16,KRT-040,0.0,KRT
2026-08-16,KRT-041,0.0,KRT
2026-08-16,KRT-042,0.0,KRT
2026-08-16,KRT-043,0.0,KRT
2026-08-16,KRT-044,0.0,KRT
2026-08-16,KRT-045,0.0,KRT
2026-08-16,KRT-046,0.0,KRT
2026-08-16,KRT-047,0.0,KRT
2026-08-16,KRT-048,0.0,KRT
2026-08-16,KRT-049,0.0,KRT
2026-08-16,KRT-050,0.0,KRT
2026-08-16,KRT-051,0.0,KRT
2026-08-16,KRT-052,4.32,KRT
2026-08-16,KRT-053,0.0,KRT
2026-08-16,KRT-054,0.0,KRT
2026-08-16,KRT-055,0.0,KRT
2026-08-16,KRT-056,0.0,KRT
2026-08-16,KRT-057,0.0,KRT
2026-08-16,KRT-058,0.0,KRT
2026-08-16,KRT-059,0.0,KRT
2026-08-16,KRT-060,0.0,KRT
2026-08-16,KRT-061,0.0,KRT
2026-08-16,KRT-062,0.0,KRT
2026-08-16,KRT-063,0.0,KRT
2026-08-16,KRT-064,0.0,KRT
2026-08-16,KRT-065,0.0,KRT
2026-08-16,KRT-066,0.0,KRT
2026-08-16,KRT-067,0.0,KRT
2026-08-16,KRT-068,0.0,KRT
2026-08-16,KRT-069,0.0,KRT
2026-08-16,KRT-070,0.0,KRT
2026-08-16,KRT-071,0.0,KRT
2026-08-16,KRT-072,0.0,KRT
2026-08-16,KRT-073,0.0,KRT
2026-08-16,KRT-074,0.0,KRT
2026-08-16,RDM-101,0.0,RDM
2026-08-16,RDM-102,0.0,RDM
2026-08-16,RDM-103,0.0,RDM
2026-08-16,RDM-104,0.0,RDM
2026-08-16,RDM-105,0.0,RDM
2026-08-16,RDM-106,0.0,RDM
2026-08-16,RDM-107,0.0,RDM
2026-08-16,RDM-108,0.0,RDM
2026-08-16,RDM-109,0.0,RDM
2026-08-16,RDM-110,0.0,RDM
2026-08-16,RDM-112,0.0,RDM
2026-08-16,RDM-113,0.0,RDM
2026-08-16,RDM-114,0.0,RDM
2026-08-16,RDM-115,0.0,RDM
2026-08-16,RDM-116,0.0,RDM
2026-08-16,RDM-117,0.0,RDM
2026-08-16,RDM-118,0.0,RDM
2026-08-16,RDM-119,0.0,RDM
2026-08-16,RDM-120,0.0,RDM
2026-08-16,RDM-121,0.0,RDM
2026-08-16,RDM-122,0.0,RDM
2026-08-16,RDM-123,0.0,RDM
2026-08-16,RDM-124,0.0,RDM
2026-08-16,RDM-125,0.0,RDM
2026-08-16,RDM-126,0.0,RDM
2026-08-16,RDM-127,0.0,RDM
2026-08-16,RDM-128,0.0,RDM
2026-08-16,RDM-129,0.0,RDM
2026-08-16,RDM-130,0.76,RDM
2026-08-16,RDM-131,0.76,RDM
2026-08-16,RDM-132,6.9,RDM
2026-08-16,RDM-133,0.0,RDM
2026-08-17,KRT-001,0.0,KRT
2026-08-17,KRT-002,0.0,KRT
2026-08-17,KRT-003,0.0,KRT
2026-08-17,KRT-004,0.0,KRT
2026-08-17,KRT-005,0.0,KRT
2026-08-17,KRT-006,0.0,KRT
2026-08-17,KRT-007,0.0,KRT
2026-08-17,KRT-008,0.0,KRT
2026-08-17,KRT-009,0.0,KRT
2026-08-17,KRT-010,7.62,KRT
2026-08-17,KRT-011,0.0,KRT
2026-08-17,KRT-012,4.57,KRT
2026-08-17,KRT-013,0.25,KRT
2026-08-17,KRT-014,0.0,KRT
2026-08-17,KRT-015,0.0,KRT
2026-08-17,KRT-016,0.0,KRT
2026-08-17,KRT-017,0.0,KRT
2026-08-17,KRT-018,0.0,KRT
2026-08-17,KRT-019,0.0,KRT
2026-08-17,KRT-020,0.0,KRT
2026-08-17,KRT-021,0.0,KRT
2026-08-17,KRT-022,0.0,KRT
2026-08-17,KRT-023,0.0,KRT
2026-08-17,KRT-024,0.0,KRT
2026-08-17,KRT-025,0.0,KRT
2026-08-17,KRT-026,0.0,KRT
2026-08-17,KRT-027,0.0,KRT
2026-08-17,KRT-028,0.0,KRT
2026-08-17,KRT-029,0.25,KRT
2026-08-17,KRT-030,0.0,KRT
2026-08-17,KRT-031,0.0,KRT
2026-08-17,KRT-032,0.0,KRT
2026-08-17,KRT-033,0.0,KRT
2026-08-17,KRT-034,0.0,KRT
2026-08-17,KRT-035,0.0,KRT
2026-08-17,KRT-036,0.0,KRT
2026-08-17,KRT-037,0.0,KRT
2026-08-17,KRT-038,0.0,KRT
2026-08-17,KRT-039,0.0,KRT
2026-08-17,KRT-040,0.0,KRT
2026-08-17,KRT-041,0.0,KRT
2026-08-17,KRT-042,0.0,KRT
2026-08-17,KRT-043,0.0,KRT
2026-08-17,KRT-044,0.0,KRT
2026-08-17,KRT-045,0.0,KRT
2026-08-17,KRT-046,0.25,KRT
2026-08-17,KRT-047,0.0,KRT
2026-08-17,KRT-048,0.0,KRT
2026-08-17,KRT-049,0.0,KRT
2026-08-17,KRT-050,0.0,KRT
2026-08-17,KRT-051,0.0,KRT
2026-08-17,KRT-052,1.27,KRT
2026-08-17,KRT-053,0.0,KRT
2026-08-17,KRT-054,0.0,KRT
2026-08-17,KRT-055,0.0,KRT
2026-08-17,KRT-056,0.0,KRT
2026-08-17,KRT-057,0.0,KRT
2026-08-17,KRT-058,0.0,KRT
2026-08-17,KRT-059,0.0,KRT
2026-08-17,KRT-060,0.0,KRT
2026-08-17,KRT-061,0.0,KRT
2026-08-17,KRT-062,0.0,KRT
2026-08-17,KRT-063,0.0,KRT
2026-08-17,KRT-064,0.0,KRT
2026-08-17,KRT-065,0.0,KRT
2026-08-17,KRT-066,0.0,KRT
2026-08-17,KRT-067,0.0,KRT
2026-08-17,KRT-068,0.0,KRT
2026-08-17,KRT-069,0.0,KRT
2026-08-17,KRT-070,0.0,KRT
2026-08-17,KRT-071,0.0,KRT
2026-08-17,KRT-072,0.0,KRT
2026-08-17,KRT-073,0.0,KRT
2026-08-17,KRT-074,0.0,KRT
2026-08-17,RDM-101,0.0,RDM
2026-08-17,RDM-102,0.0,RDM
2026-08-17,RDM-103,0.0,RDM
2026-08-17,RDM-104,0.0,RDM
2026-08-17,RDM-105,0.0,RDM
2026-08-17,RDM-106,0.0,RDM
2026-08-17,RDM-107,0.0,RDM
2026-08-17,RDM-108,0.0,RDM
2026-08-17,RDM-109,0.0,RDM
2026-08-17,RDM-110,0.0,RDM
2026-08-17,RDM-112,0.0,RDM
2026-08-17,RDM-113,0.0,RDM
2026-08-17,RDM-114,0.0,RDM
2026-08-17,RDM-115,0.0,RDM
2026-08-17,RDM-116,0.0,RDM
2026-08-17,RDM-117,0.0,RDM
2026-08-17,RDM-118,0.0,RDM
2026-08-17,RDM-119,0.0,RDM
2026-08-17,RDM-120,0.0,RDM
2026-08-17,RDM-121,0.0,RDM
2026-08-17,RDM-122,0.0,RDM
2026-08-17,RDM-123,0.0,RDM
2026-08-17,RDM-124,0.0,RDM
2026-08-17,RDM-125,0.9,RDM
2026-08-17,RDM-126,0.0,RDM
2026-08-17,RDM-127,0.0,RDM
2026-08-17,RDM-128,0.0,RDM
2026-08-17,RDM-129,0.0,RDM
2026-08-17,RDM-130,0.0,RDM
2026-08-17,RDM-131,0.0,RDM
2026-08-17,RDM-132,0.0,RDM
2026-08-17,RDM-133,0.0,RDM
